{"trainNumber": "01026", "trainName": "BUI DR SPL", "stationFrom": "BUI", "stationTo": "DR", "trainOwner": "0", "trainRunsOnMon": "N", "trainRunsOnTue": "N", "trainRunsOnWed": "Y", "trainRunsOnThu": "N", "trainRunsOnFri": "Y", "trainRunsOnSat": "N", "trainRunsOnSun": "Y", "timeStamp": "2023-06-19T15:31:14.670", "duration": "0", "stationList": [{"stationCode": "BUI", "stationName": "BALLIA", "arrivalTime": "--", "departureTime": "15:15", "routeNumber": "1", "haltTime": "--", "distance": "0", "dayCount": "1", "stnSerialNumber": "1", "boardingDisabled": "false"}, {"stationCode": "RSR", "stationName": "RASRA", "arrivalTime": "15:50", "departureTime": "15:52", "routeNumber": "1", "haltTime": "02:00", "distance": "33", "dayCount": "1", "stnSerialNumber": "2", "boardingDisabled": "false"}, {"stationCode": "MAU", "stationName": "MAU JN", "arrivalTime": "16:50", "departureTime": "16:55", "routeNumber": "1", "haltTime": "05:00", "distance": "69", "dayCount": "1", "stnSerialNumber": "3", "boardingDisabled": "false"}, {"stationCode": "ARJ", "stationName": "AUNRIHAR JN", "arrivalTime": "18:00", "departureTime": "18:02", "routeNumber": "1", "haltTime": "02:00", "distance": "127", "dayCount": "1", "stnSerialNumber": "4", "boardingDisabled": "false"}, {"stationCode": "BSB", "stationName": "VARANASI JN", "arrivalTime": "18:45", "departureTime": "18:55", "routeNumber": "1", "haltTime": "10:00", "distance": "162", "dayCount": "1", "stnSerialNumber": "5", "boardingDisabled": "false"}, {"stationCode": "BSBS", "stationName": "BANARAS", "arrivalTime": "19:10", "departureTime": "19:15", "routeNumber": "1", "haltTime": "05:00", "distance": "166", "dayCount": "1", "stnSerialNumber": "6", "boardingDisabled": "false"}, {"stationCode": "GYN", "stationName": "GYANPUR ROAD", "arrivalTime": "19:44", "departureTime": "19:47", "routeNumber": "1", "haltTime": "03:00", "distance": "222", "dayCount": "1", "stnSerialNumber": "7", "boardingDisabled": "false"}, {"stationCode": "PRYJ", "stationName": "PRAYAGRAJ JN.", "arrivalTime": "21:35", "departureTime": "21:50", "routeNumber": "1", "haltTime": "15:00", "distance": "286", "dayCount": "1", "stnSerialNumber": "8", "boardingDisabled": "false"}, {"stationCode": "MKP", "stationName": "MANIKPUR", "arrivalTime": "00:55", "departureTime": "00:57", "routeNumber": "1", "haltTime": "02:00", "distance": "387", "dayCount": "2", "stnSerialNumber": "9", "boardingDisabled": "false"}, {"stationCode": "CKTD", "stationName": "CHITRAKUTDHAM K", "arrivalTime": "01:25", "departureTime": "01:27", "routeNumber": "1", "haltTime": "02:00", "distance": "418", "dayCount": "2", "stnSerialNumber": "10", "boardingDisabled": "false"}, {"stationCode": "BNDA", "stationName": "BANDA JN", "arrivalTime": "03:00", "departureTime": "03:02", "routeNumber": "1", "haltTime": "02:00", "distance": "487", "dayCount": "2", "stnSerialNumber": "11", "boardingDisabled": "false"}, {"stationCode": "MBA", "stationName": "MAHOBA JN", "arrivalTime": "04:03", "departureTime": "04:05", "routeNumber": "1", "haltTime": "02:00", "distance": "540", "dayCount": "2", "stnSerialNumber": "12", "boardingDisabled": "false"}, {"stationCode": "KURJ", "stationName": "KHAJURAHO", "arrivalTime": "05:30", "departureTime": "06:10", "routeNumber": "1", "haltTime": "40:00", "distance": "604", "dayCount": "2", "stnSerialNumber": "13", "boardingDisabled": "false"}, {"stationCode": "DAYG", "stationName": "DARIYAGANJ", "arrivalTime": "06:30", "departureTime": "06:32", "routeNumber": "1", "haltTime": "02:00", "distance": "615", "dayCount": "2", "stnSerialNumber": "14", "boardingDisabled": "false"}, {"stationCode": "MCSC", "stationName": "MCS CHHATARPUR", "arrivalTime": "07:00", "departureTime": "07:02", "routeNumber": "1", "haltTime": "02:00", "distance": "635", "dayCount": "2", "stnSerialNumber": "15", "boardingDisabled": "false"}, {"stationCode": "KHGP", "stationName": "KHARGAPUR", "arrivalTime": "07:40", "departureTime": "07:42", "routeNumber": "1", "haltTime": "02:00", "distance": "682", "dayCount": "2", "stnSerialNumber": "16", "boardingDisabled": "false"}, {"stationCode": "TKMG", "stationName": "TIKAMGARH", "arrivalTime": "08:40", "departureTime": "08:42", "routeNumber": "1", "haltTime": "02:00", "distance": "718", "dayCount": "2", "stnSerialNumber": "17", "boardingDisabled": "false"}, {"stationCode": "LAR", "stationName": "LALITPUR JN", "arrivalTime": "10:25", "departureTime": "10:30", "routeNumber": "1", "haltTime": "05:00", "distance": "770", "dayCount": "2", "stnSerialNumber": "18", "boardingDisabled": "false"}, {"stationCode": "BINA", "stationName": "BINA JN", "arrivalTime": "11:40", "departureTime": "11:45", "routeNumber": "1", "haltTime": "05:00", "distance": "833", "dayCount": "2", "stnSerialNumber": "19", "boardingDisabled": "false"}, {"stationCode": "RKMP", "stationName": "RANI KAMALAPATI", "arrivalTime": "13:45", "departureTime": "13:55", "routeNumber": "1", "haltTime": "10:00", "distance": "977", "dayCount": "2", "stnSerialNumber": "20", "boardingDisabled": "false"}, {"stationCode": "ET", "stationName": "ITARSI JN", "arrivalTime": "15:15", "departureTime": "15:25", "routeNumber": "1", "haltTime": "10:00", "distance": "1063", "dayCount": "2", "stnSerialNumber": "21", "boardingDisabled": "false"}, {"stationCode": "HD", "stationName": "HARDA", "arrivalTime": "16:18", "departureTime": "16:20", "routeNumber": "1", "haltTime": "02:00", "distance": "1138", "dayCount": "2", "stnSerialNumber": "22", "boardingDisabled": "false"}, {"stationCode": "BSL", "stationName": "BHUSAVAL JN", "arrivalTime": "20:20", "departureTime": "20:25", "routeNumber": "1", "haltTime": "05:00", "distance": "1369", "dayCount": "2", "stnSerialNumber": "24", "boardingDisabled": "false"}, {"stationCode": "NK", "stationName": "NASHIK ROAD", "arrivalTime": "23:37", "departureTime": "23:40", "routeNumber": "1", "haltTime": "03:00", "distance": "1627", "dayCount": "2", "stnSerialNumber": "25", "boardingDisabled": "false"}, {"stationCode": "KYN", "stationName": "KALYAN JN", "arrivalTime": "02:40", "departureTime": "02:43", "routeNumber": "1", "haltTime": "03:00", "distance": "1760", "dayCount": "3", "stnSerialNumber": "27", "boardingDisabled": "false"}, {"stationCode": "DR", "stationName": "DADAR", "arrivalTime": "03:35", "departureTime": "--", "routeNumber": "1", "haltTime": "--", "distance": "1798", "dayCount": "3", "stnSerialNumber": "28", "boardingDisabled": "false"}]}