{"trainNumber": "01025", "trainName": "DR BALLIA SPL", "stationFrom": "DR", "stationTo": "BUI", "trainOwner": "0", "trainRunsOnMon": "Y", "trainRunsOnTue": "N", "trainRunsOnWed": "Y", "trainRunsOnThu": "N", "trainRunsOnFri": "Y", "trainRunsOnSat": "N", "trainRunsOnSun": "N", "timeStamp": "2023-06-19T15:31:14.669", "duration": "0", "stationList": [{"stationCode": "DR", "stationName": "DADAR", "arrivalTime": "--", "departureTime": "14:05", "routeNumber": "1", "haltTime": "--", "distance": "0", "dayCount": "1", "stnSerialNumber": "1", "boardingDisabled": "false"}, {"stationCode": "KYN", "stationName": "KALYAN JN", "arrivalTime": "14:55", "departureTime": "14:57", "routeNumber": "1", "haltTime": "02:00", "distance": "45", "dayCount": "1", "stnSerialNumber": "2", "boardingDisabled": "false"}, {"stationCode": "NK", "stationName": "NASHIK ROAD", "arrivalTime": "17:28", "departureTime": "17:31", "routeNumber": "1", "haltTime": "03:00", "distance": "179", "dayCount": "1", "stnSerialNumber": "4", "boardingDisabled": "false"}, {"stationCode": "BSL", "stationName": "BHUSAVAL JN", "arrivalTime": "21:05", "departureTime": "21:10", "routeNumber": "1", "haltTime": "05:00", "distance": "436", "dayCount": "1", "stnSerialNumber": "5", "boardingDisabled": "false"}, {"stationCode": "HD", "stationName": "HARDA", "arrivalTime": "01:05", "departureTime": "01:07", "routeNumber": "1", "haltTime": "02:00", "distance": "667", "dayCount": "2", "stnSerialNumber": "6", "boardingDisabled": "false"}, {"stationCode": "ET", "stationName": "ITARSI JN", "arrivalTime": "02:25", "departureTime": "02:35", "routeNumber": "1", "haltTime": "10:00", "distance": "743", "dayCount": "2", "stnSerialNumber": "7", "boardingDisabled": "false"}, {"stationCode": "RKMP", "stationName": "RANI KAMALAPATI", "arrivalTime": "04:00", "departureTime": "04:05", "routeNumber": "1", "haltTime": "05:00", "distance": "835", "dayCount": "2", "stnSerialNumber": "8", "boardingDisabled": "false"}, {"stationCode": "BINA", "stationName": "BINA JN", "arrivalTime": "06:45", "departureTime": "06:50", "routeNumber": "1", "haltTime": "05:00", "distance": "979", "dayCount": "2", "stnSerialNumber": "9", "boardingDisabled": "false"}, {"stationCode": "LAR", "stationName": "LALITPUR JN", "arrivalTime": "07:55", "departureTime": "08:00", "routeNumber": "1", "haltTime": "05:00", "distance": "1042", "dayCount": "2", "stnSerialNumber": "10", "boardingDisabled": "false"}, {"stationCode": "TKMG", "stationName": "TIKAMGARH", "arrivalTime": "08:40", "departureTime": "08:42", "routeNumber": "1", "haltTime": "02:00", "distance": "1094", "dayCount": "2", "stnSerialNumber": "11", "boardingDisabled": "false"}, {"stationCode": "KHGP", "stationName": "KHARGAPUR", "arrivalTime": "09:20", "departureTime": "09:22", "routeNumber": "1", "haltTime": "02:00", "distance": "1130", "dayCount": "2", "stnSerialNumber": "12", "boardingDisabled": "false"}, {"stationCode": "MCSC", "stationName": "MCS CHHATARPUR", "arrivalTime": "10:35", "departureTime": "10:37", "routeNumber": "1", "haltTime": "02:00", "distance": "1177", "dayCount": "2", "stnSerialNumber": "13", "boardingDisabled": "false"}, {"stationCode": "DAYG", "stationName": "DARIYAGANJ", "arrivalTime": "11:13", "departureTime": "11:15", "routeNumber": "1", "haltTime": "02:00", "distance": "1197", "dayCount": "2", "stnSerialNumber": "14", "boardingDisabled": "false"}, {"stationCode": "KURJ", "stationName": "KHAJURAHO", "arrivalTime": "12:10", "departureTime": "12:40", "routeNumber": "1", "haltTime": "30:00", "distance": "1208", "dayCount": "2", "stnSerialNumber": "15", "boardingDisabled": "false"}, {"stationCode": "MBA", "stationName": "MAHOBA JN", "arrivalTime": "13:40", "departureTime": "13:42", "routeNumber": "1", "haltTime": "02:00", "distance": "1271", "dayCount": "2", "stnSerialNumber": "16", "boardingDisabled": "false"}, {"stationCode": "BNDA", "stationName": "BANDA JN", "arrivalTime": "14:45", "departureTime": "14:47", "routeNumber": "1", "haltTime": "02:00", "distance": "1325", "dayCount": "2", "stnSerialNumber": "17", "boardingDisabled": "false"}, {"stationCode": "CKTD", "stationName": "CHITRAKUTDHAM K", "arrivalTime": "16:05", "departureTime": "16:07", "routeNumber": "1", "haltTime": "02:00", "distance": "1394", "dayCount": "2", "stnSerialNumber": "18", "boardingDisabled": "false"}, {"stationCode": "MKP", "stationName": "MANIKPUR", "arrivalTime": "16:48", "departureTime": "16:50", "routeNumber": "1", "haltTime": "02:00", "distance": "1425", "dayCount": "2", "stnSerialNumber": "19", "boardingDisabled": "false"}, {"stationCode": "PRYJ", "stationName": "PRAYAGRAJ JN.", "arrivalTime": "18:50", "departureTime": "19:15", "routeNumber": "1", "haltTime": "25:00", "distance": "1525", "dayCount": "2", "stnSerialNumber": "20", "boardingDisabled": "false"}, {"stationCode": "GYN", "stationName": "GYANPUR ROAD", "arrivalTime": "20:05", "departureTime": "20:08", "routeNumber": "1", "haltTime": "03:00", "distance": "1590", "dayCount": "2", "stnSerialNumber": "21", "boardingDisabled": "false"}, {"stationCode": "BSBS", "stationName": "BANARAS", "arrivalTime": "21:20", "departureTime": "21:25", "routeNumber": "1", "haltTime": "05:00", "distance": "1646", "dayCount": "2", "stnSerialNumber": "22", "boardingDisabled": "false"}, {"stationCode": "BSB", "stationName": "VARANASI JN", "arrivalTime": "21:45", "departureTime": "21:55", "routeNumber": "1", "haltTime": "10:00", "distance": "1650", "dayCount": "2", "stnSerialNumber": "23", "boardingDisabled": "false"}, {"stationCode": "ARJ", "stationName": "AUNRIHAR JN", "arrivalTime": "22:40", "departureTime": "22:42", "routeNumber": "1", "haltTime": "02:00", "distance": "1685", "dayCount": "2", "stnSerialNumber": "24", "boardingDisabled": "false"}, {"stationCode": "MAU", "stationName": "MAU JN", "arrivalTime": "23:45", "departureTime": "23:50", "routeNumber": "1", "haltTime": "05:00", "distance": "1742", "dayCount": "2", "stnSerialNumber": "25", "boardingDisabled": "false"}, {"stationCode": "RSR", "stationName": "RASRA", "arrivalTime": "00:18", "departureTime": "00:20", "routeNumber": "1", "haltTime": "02:00", "distance": "1779", "dayCount": "3", "stnSerialNumber": "26", "boardingDisabled": "false"}, {"stationCode": "BUI", "stationName": "BALLIA", "arrivalTime": "01:45", "departureTime": "--", "routeNumber": "1", "haltTime": "--", "distance": "1811", "dayCount": "3", "stnSerialNumber": "27", "boardingDisabled": "false"}]}