{"trainNumber": "01028", "trainName": "GKP DR SPL", "stationFrom": "GKP", "stationTo": "DR", "trainOwner": "0", "trainRunsOnMon": "Y", "trainRunsOnTue": "Y", "trainRunsOnWed": "N", "trainRunsOnThu": "Y", "trainRunsOnFri": "N", "trainRunsOnSat": "Y", "trainRunsOnSun": "N", "timeStamp": "2023-06-19T15:31:14.737", "duration": "0", "stationList": [{"stationCode": "GKP", "stationName": "GORAKHPUR JN", "arrivalTime": "--", "departureTime": "14:25", "routeNumber": "1", "haltTime": "--", "distance": "0", "dayCount": "1", "stnSerialNumber": "1", "boardingDisabled": "false"}, {"stationCode": "DEOS", "stationName": "DEORIA SADAR", "arrivalTime": "15:22", "departureTime": "15:25", "routeNumber": "1", "haltTime": "03:00", "distance": "50", "dayCount": "1", "stnSerialNumber": "2", "boardingDisabled": "false"}, {"stationCode": "BTT", "stationName": "BHATNI JN", "arrivalTime": "15:46", "departureTime": "15:48", "routeNumber": "1", "haltTime": "02:00", "distance": "71", "dayCount": "1", "stnSerialNumber": "3", "boardingDisabled": "false"}, {"stationCode": "MAU", "stationName": "MAU JN", "arrivalTime": "16:55", "departureTime": "17:00", "routeNumber": "1", "haltTime": "05:00", "distance": "139", "dayCount": "1", "stnSerialNumber": "4", "boardingDisabled": "false"}, {"stationCode": "ARJ", "stationName": "AUNRIHAR JN", "arrivalTime": "18:00", "departureTime": "18:02", "routeNumber": "1", "haltTime": "02:00", "distance": "196", "dayCount": "1", "stnSerialNumber": "5", "boardingDisabled": "false"}, {"stationCode": "BSB", "stationName": "VARANASI JN", "arrivalTime": "18:45", "departureTime": "18:55", "routeNumber": "1", "haltTime": "10:00", "distance": "231", "dayCount": "1", "stnSerialNumber": "6", "boardingDisabled": "false"}, {"stationCode": "BSBS", "stationName": "BANARAS", "arrivalTime": "19:10", "departureTime": "19:15", "routeNumber": "1", "haltTime": "05:00", "distance": "235", "dayCount": "1", "stnSerialNumber": "7", "boardingDisabled": "false"}, {"stationCode": "GYN", "stationName": "GYANPUR ROAD", "arrivalTime": "19:45", "departureTime": "19:47", "routeNumber": "1", "haltTime": "02:00", "distance": "291", "dayCount": "1", "stnSerialNumber": "8", "boardingDisabled": "false"}, {"stationCode": "PRYJ", "stationName": "PRAYAGRAJ JN.", "arrivalTime": "21:35", "departureTime": "21:50", "routeNumber": "1", "haltTime": "15:00", "distance": "356", "dayCount": "1", "stnSerialNumber": "9", "boardingDisabled": "false"}, {"stationCode": "MKP", "stationName": "MANIKPUR", "arrivalTime": "00:55", "departureTime": "00:57", "routeNumber": "1", "haltTime": "02:00", "distance": "456", "dayCount": "2", "stnSerialNumber": "10", "boardingDisabled": "false"}, {"stationCode": "CKTD", "stationName": "CHITRAKUTDHAM K", "arrivalTime": "01:25", "departureTime": "01:27", "routeNumber": "1", "haltTime": "02:00", "distance": "487", "dayCount": "2", "stnSerialNumber": "11", "boardingDisabled": "false"}, {"stationCode": "BNDA", "stationName": "BANDA JN", "arrivalTime": "03:00", "departureTime": "03:02", "routeNumber": "1", "haltTime": "02:00", "distance": "556", "dayCount": "2", "stnSerialNumber": "12", "boardingDisabled": "false"}, {"stationCode": "MBA", "stationName": "MAHOBA JN", "arrivalTime": "04:03", "departureTime": "04:05", "routeNumber": "1", "haltTime": "02:00", "distance": "610", "dayCount": "2", "stnSerialNumber": "13", "boardingDisabled": "false"}, {"stationCode": "KURJ", "stationName": "KHAJURAHO", "arrivalTime": "05:30", "departureTime": "06:10", "routeNumber": "1", "haltTime": "40:00", "distance": "673", "dayCount": "2", "stnSerialNumber": "14", "boardingDisabled": "false"}, {"stationCode": "DAYG", "stationName": "DARIYAGANJ", "arrivalTime": "06:30", "departureTime": "06:32", "routeNumber": "1", "haltTime": "02:00", "distance": "685", "dayCount": "2", "stnSerialNumber": "15", "boardingDisabled": "false"}, {"stationCode": "MCSC", "stationName": "MCS CHHATARPUR", "arrivalTime": "07:00", "departureTime": "07:02", "routeNumber": "1", "haltTime": "02:00", "distance": "704", "dayCount": "2", "stnSerialNumber": "16", "boardingDisabled": "false"}, {"stationCode": "KHGP", "stationName": "KHARGAPUR", "arrivalTime": "07:40", "departureTime": "07:42", "routeNumber": "1", "haltTime": "02:00", "distance": "751", "dayCount": "2", "stnSerialNumber": "17", "boardingDisabled": "false"}, {"stationCode": "TKMG", "stationName": "TIKAMGARH", "arrivalTime": "08:40", "departureTime": "08:42", "routeNumber": "1", "haltTime": "02:00", "distance": "788", "dayCount": "2", "stnSerialNumber": "18", "boardingDisabled": "false"}, {"stationCode": "LAR", "stationName": "LALITPUR JN", "arrivalTime": "10:25", "departureTime": "10:30", "routeNumber": "1", "haltTime": "05:00", "distance": "839", "dayCount": "2", "stnSerialNumber": "19", "boardingDisabled": "false"}, {"stationCode": "BINA", "stationName": "BINA JN", "arrivalTime": "11:40", "departureTime": "11:45", "routeNumber": "1", "haltTime": "05:00", "distance": "902", "dayCount": "2", "stnSerialNumber": "20", "boardingDisabled": "false"}, {"stationCode": "RKMP", "stationName": "RANI KAMALAPATI", "arrivalTime": "13:50", "departureTime": "13:55", "routeNumber": "1", "haltTime": "05:00", "distance": "1046", "dayCount": "2", "stnSerialNumber": "21", "boardingDisabled": "false"}, {"stationCode": "ET", "stationName": "ITARSI JN", "arrivalTime": "15:15", "departureTime": "15:25", "routeNumber": "1", "haltTime": "10:00", "distance": "1132", "dayCount": "2", "stnSerialNumber": "22", "boardingDisabled": "false"}, {"stationCode": "HD", "stationName": "HARDA", "arrivalTime": "16:18", "departureTime": "16:20", "routeNumber": "1", "haltTime": "02:00", "distance": "1207", "dayCount": "2", "stnSerialNumber": "23", "boardingDisabled": "false"}, {"stationCode": "BSL", "stationName": "BHUSAVAL JN", "arrivalTime": "20:20", "departureTime": "20:25", "routeNumber": "1", "haltTime": "05:00", "distance": "1439", "dayCount": "2", "stnSerialNumber": "25", "boardingDisabled": "false"}, {"stationCode": "NK", "stationName": "NASHIK ROAD", "arrivalTime": "23:37", "departureTime": "23:40", "routeNumber": "1", "haltTime": "03:00", "distance": "1696", "dayCount": "2", "stnSerialNumber": "26", "boardingDisabled": "false"}, {"stationCode": "KYN", "stationName": "KALYAN JN", "arrivalTime": "02:40", "departureTime": "02:43", "routeNumber": "1", "haltTime": "03:00", "distance": "1830", "dayCount": "3", "stnSerialNumber": "28", "boardingDisabled": "false"}, {"stationCode": "DR", "stationName": "DADAR", "arrivalTime": "03:30", "departureTime": "--", "routeNumber": "1", "haltTime": "--", "distance": "1867", "dayCount": "3", "stnSerialNumber": "29", "boardingDisabled": "false"}]}