{"trainNumber": "01065", "trainName": "DADAR DHULE SPL", "stationFrom": "DR", "stationTo": "DHI", "trainOwner": "0", "trainRunsOnMon": "Y", "trainRunsOnTue": "N", "trainRunsOnWed": "N", "trainRunsOnThu": "N", "trainRunsOnFri": "Y", "trainRunsOnSat": "N", "trainRunsOnSun": "Y", "timeStamp": "2023-06-19T15:30:50.152", "duration": "0", "stationList": [{"stationCode": "DR", "stationName": "DADAR", "arrivalTime": "--", "departureTime": "16:15", "routeNumber": "1", "haltTime": "--", "distance": "0", "dayCount": "1", "stnSerialNumber": "1", "boardingDisabled": "false"}, {"stationCode": "TNA", "stationName": "THANE", "arrivalTime": "16:40", "departureTime": "16:42", "routeNumber": "1", "haltTime": "02:00", "distance": "25", "dayCount": "1", "stnSerialNumber": "2", "boardingDisabled": "false"}, {"stationCode": "KYN", "stationName": "KALYAN JN", "arrivalTime": "16:55", "departureTime": "16:57", "routeNumber": "1", "haltTime": "02:00", "distance": "45", "dayCount": "1", "stnSerialNumber": "3", "boardingDisabled": "false"}, {"stationCode": "IGP", "stationName": "IGATPURI", "arrivalTime": "18:25", "departureTime": "18:30", "routeNumber": "1", "haltTime": "05:00", "distance": "128", "dayCount": "1", "stnSerialNumber": "5", "boardingDisabled": "false"}, {"stationCode": "NK", "stationName": "NASHIK ROAD", "arrivalTime": "19:08", "departureTime": "19:10", "routeNumber": "1", "haltTime": "02:00", "distance": "179", "dayCount": "1", "stnSerialNumber": "6", "boardingDisabled": "false"}, {"stationCode": "NR", "stationName": "NIPHAD", "arrivalTime": "19:31", "departureTime": "19:32", "routeNumber": "1", "haltTime": "01:00", "distance": "210", "dayCount": "1", "stnSerialNumber": "7", "boardingDisabled": "false"}, {"stationCode": "LS", "stationName": "LASALGAON", "arrivalTime": "19:44", "departureTime": "19:45", "routeNumber": "1", "haltTime": "01:00", "distance": "227", "dayCount": "1", "stnSerialNumber": "8", "boardingDisabled": "false"}, {"stationCode": "MMR", "stationName": "MANMAD JN", "arrivalTime": "20:40", "departureTime": "20:45", "routeNumber": "1", "haltTime": "05:00", "distance": "252", "dayCount": "1", "stnSerialNumber": "9", "boardingDisabled": "false"}, {"stationCode": "NGN", "stationName": "NANDGAON", "arrivalTime": "20:58", "departureTime": "21:00", "routeNumber": "1", "haltTime": "02:00", "distance": "277", "dayCount": "1", "stnSerialNumber": "10", "boardingDisabled": "false"}, {"stationCode": "CSN", "stationName": "CHALISGAON JN", "arrivalTime": "22:05", "departureTime": "22:10", "routeNumber": "1", "haltTime": "05:00", "distance": "319", "dayCount": "1", "stnSerialNumber": "11", "boardingDisabled": "false"}, {"stationCode": "JMD", "stationName": "JAMDHA", "arrivalTime": "22:24", "departureTime": "22:25", "routeNumber": "1", "haltTime": "01:00", "distance": "333", "dayCount": "1", "stnSerialNumber": "12", "boardingDisabled": "false"}, {"stationCode": "SHF", "stationName": "SHIRUD", "arrivalTime": "22:49", "departureTime": "22:50", "routeNumber": "1", "haltTime": "01:00", "distance": "355", "dayCount": "1", "stnSerialNumber": "13", "boardingDisabled": "false"}, {"stationCode": "DHI", "stationName": "DHULE", "arrivalTime": "23:35", "departureTime": "--", "routeNumber": "1", "haltTime": "--", "distance": "375", "dayCount": "1", "stnSerialNumber": "14", "boardingDisabled": "false"}]}