{"trainNumber": "01066", "trainName": "DHULE DADAR SPL", "stationFrom": "DHI", "stationTo": "DR", "trainOwner": "0", "trainRunsOnMon": "Y", "trainRunsOnTue": "Y", "trainRunsOnWed": "N", "trainRunsOnThu": "N", "trainRunsOnFri": "N", "trainRunsOnSat": "Y", "trainRunsOnSun": "N", "timeStamp": "2023-06-19T15:30:50.153", "duration": "0", "stationList": [{"stationCode": "DHI", "stationName": "DHULE", "arrivalTime": "--", "departureTime": "06:30", "routeNumber": "1", "haltTime": "--", "distance": "0", "dayCount": "1", "stnSerialNumber": "1", "boardingDisabled": "false"}, {"stationCode": "SHF", "stationName": "SHIRUD", "arrivalTime": "07:04", "departureTime": "07:05", "routeNumber": "1", "haltTime": "01:00", "distance": "21", "dayCount": "1", "stnSerialNumber": "2", "boardingDisabled": "false"}, {"stationCode": "JMD", "stationName": "JAMDHA", "arrivalTime": "07:19", "departureTime": "07:20", "routeNumber": "1", "haltTime": "01:00", "distance": "43", "dayCount": "1", "stnSerialNumber": "3", "boardingDisabled": "false"}, {"stationCode": "CSN", "stationName": "CHALISGAON JN", "arrivalTime": "07:37", "departureTime": "07:40", "routeNumber": "1", "haltTime": "03:00", "distance": "57", "dayCount": "1", "stnSerialNumber": "4", "boardingDisabled": "false"}, {"stationCode": "NGN", "stationName": "NANDGAON", "arrivalTime": "08:03", "departureTime": "08:05", "routeNumber": "1", "haltTime": "02:00", "distance": "99", "dayCount": "1", "stnSerialNumber": "5", "boardingDisabled": "false"}, {"stationCode": "MMR", "stationName": "MANMAD JN", "arrivalTime": "08:40", "departureTime": "08:45", "routeNumber": "1", "haltTime": "05:00", "distance": "124", "dayCount": "1", "stnSerialNumber": "6", "boardingDisabled": "false"}, {"stationCode": "LS", "stationName": "LASALGAON", "arrivalTime": "09:04", "departureTime": "09:05", "routeNumber": "1", "haltTime": "01:00", "distance": "149", "dayCount": "1", "stnSerialNumber": "7", "boardingDisabled": "false"}, {"stationCode": "NR", "stationName": "NIPHAD", "arrivalTime": "09:17", "departureTime": "09:18", "routeNumber": "1", "haltTime": "01:00", "distance": "166", "dayCount": "1", "stnSerialNumber": "8", "boardingDisabled": "false"}, {"stationCode": "NK", "stationName": "NASHIK ROAD", "arrivalTime": "09:38", "departureTime": "09:40", "routeNumber": "1", "haltTime": "02:00", "distance": "197", "dayCount": "1", "stnSerialNumber": "9", "boardingDisabled": "false"}, {"stationCode": "IGP", "stationName": "IGATPURI", "arrivalTime": "10:30", "departureTime": "10:35", "routeNumber": "1", "haltTime": "05:00", "distance": "248", "dayCount": "1", "stnSerialNumber": "10", "boardingDisabled": "false"}, {"stationCode": "KYN", "stationName": "KALYAN JN", "arrivalTime": "12:23", "departureTime": "12:25", "routeNumber": "1", "haltTime": "02:00", "distance": "331", "dayCount": "1", "stnSerialNumber": "12", "boardingDisabled": "false"}, {"stationCode": "TNA", "stationName": "THANE", "arrivalTime": "12:38", "departureTime": "12:40", "routeNumber": "1", "haltTime": "02:00", "distance": "351", "dayCount": "1", "stnSerialNumber": "13", "boardingDisabled": "false"}, {"stationCode": "DR", "stationName": "DADAR", "arrivalTime": "13:15", "departureTime": "--", "routeNumber": "1", "haltTime": "--", "distance": "375", "dayCount": "1", "stnSerialNumber": "14", "boardingDisabled": "false"}]}