{"trainNumber": "01115", "trainName": "LTT GKP SPL", "stationFrom": "LTT", "stationTo": "GKP", "trainOwner": "0", "trainRunsOnMon": "N", "trainRunsOnTue": "Y", "trainRunsOnWed": "N", "trainRunsOnThu": "N", "trainRunsOnFri": "N", "trainRunsOnSat": "N", "trainRunsOnSun": "N", "timeStamp": "2023-06-19T15:31:21.116", "duration": "0", "stationList": [{"stationCode": "LTT", "stationName": "LOKMANYATILAK T", "arrivalTime": "--", "departureTime": "12:15", "routeNumber": "1", "haltTime": "--", "distance": "0", "dayCount": "1", "stnSerialNumber": "1", "boardingDisabled": "false"}, {"stationCode": "KYN", "stationName": "KALYAN JN", "arrivalTime": "12:57", "departureTime": "13:00", "routeNumber": "1", "haltTime": "03:00", "distance": "38", "dayCount": "1", "stnSerialNumber": "3", "boardingDisabled": "false"}, {"stationCode": "IGP", "stationName": "IGATPURI", "arrivalTime": "14:40", "departureTime": "14:45", "routeNumber": "1", "haltTime": "05:00", "distance": "121", "dayCount": "1", "stnSerialNumber": "4", "boardingDisabled": "false"}, {"stationCode": "NK", "stationName": "NASHIK ROAD", "arrivalTime": "15:30", "departureTime": "15:35", "routeNumber": "1", "haltTime": "05:00", "distance": "172", "dayCount": "1", "stnSerialNumber": "5", "boardingDisabled": "false"}, {"stationCode": "BSL", "stationName": "BHUSAVAL JN", "arrivalTime": "19:25", "departureTime": "19:30", "routeNumber": "1", "haltTime": "05:00", "distance": "429", "dayCount": "1", "stnSerialNumber": "6", "boardingDisabled": "false"}, {"stationCode": "KNW", "stationName": "KHANDWA", "arrivalTime": "21:42", "departureTime": "21:45", "routeNumber": "1", "haltTime": "03:00", "distance": "552", "dayCount": "1", "stnSerialNumber": "7", "boardingDisabled": "false"}, {"stationCode": "ET", "stationName": "ITARSI JN", "arrivalTime": "00:20", "departureTime": "00:30", "routeNumber": "1", "haltTime": "10:00", "distance": "736", "dayCount": "2", "stnSerialNumber": "8", "boardingDisabled": "false"}, {"stationCode": "PPI", "stationName": "PIPARIYA", "arrivalTime": "01:40", "departureTime": "01:42", "routeNumber": "1", "haltTime": "02:00", "distance": "803", "dayCount": "2", "stnSerialNumber": "9", "boardingDisabled": "false"}, {"stationCode": "JBP", "stationName": "JABALPUR", "arrivalTime": "04:30", "departureTime": "04:40", "routeNumber": "1", "haltTime": "10:00", "distance": "981", "dayCount": "2", "stnSerialNumber": "10", "boardingDisabled": "false"}, {"stationCode": "KTE", "stationName": "KATNI", "arrivalTime": "06:00", "departureTime": "06:05", "routeNumber": "1", "haltTime": "05:00", "distance": "1072", "dayCount": "2", "stnSerialNumber": "11", "boardingDisabled": "false"}, {"stationCode": "STA", "stationName": "SATNA", "arrivalTime": "08:25", "departureTime": "08:30", "routeNumber": "1", "haltTime": "05:00", "distance": "1170", "dayCount": "2", "stnSerialNumber": "12", "boardingDisabled": "false"}, {"stationCode": "CKTD", "stationName": "CHITRAKUTDHAM K", "arrivalTime": "10:30", "departureTime": "10:32", "routeNumber": "1", "haltTime": "02:00", "distance": "1271", "dayCount": "2", "stnSerialNumber": "13", "boardingDisabled": "false"}, {"stationCode": "BNDA", "stationName": "BANDA JN", "arrivalTime": "13:15", "departureTime": "13:20", "routeNumber": "1", "haltTime": "05:00", "distance": "1340", "dayCount": "2", "stnSerialNumber": "14", "boardingDisabled": "false"}, {"stationCode": "CNB", "stationName": "KANPUR CENTRAL", "arrivalTime": "19:15", "departureTime": "19:20", "routeNumber": "1", "haltTime": "05:00", "distance": "1485", "dayCount": "2", "stnSerialNumber": "15", "boardingDisabled": "false"}, {"stationCode": "LKO", "stationName": "LUCKNOW NR", "arrivalTime": "20:55", "departureTime": "21:05", "routeNumber": "1", "haltTime": "10:00", "distance": "1558", "dayCount": "2", "stnSerialNumber": "16", "boardingDisabled": "false"}, {"stationCode": "GD", "stationName": "GONDA JN", "arrivalTime": "23:50", "departureTime": "23:55", "routeNumber": "1", "haltTime": "05:00", "distance": "1675", "dayCount": "2", "stnSerialNumber": "18", "boardingDisabled": "false"}, {"stationCode": "BST", "stationName": "BASTI", "arrivalTime": "01:10", "departureTime": "01:15", "routeNumber": "1", "haltTime": "05:00", "distance": "1764", "dayCount": "3", "stnSerialNumber": "19", "boardingDisabled": "false"}, {"stationCode": "GKP", "stationName": "GORAKHPUR JN", "arrivalTime": "02:45", "departureTime": "--", "routeNumber": "1", "haltTime": "--", "distance": "1829", "dayCount": "3", "stnSerialNumber": "20", "boardingDisabled": "false"}]}