{"trainNumber": "01128", "trainName": "BPQ LTT SPL", "stationFrom": "BPQ", "stationTo": "LTT", "trainOwner": "0", "trainRunsOnMon": "N", "trainRunsOnTue": "N", "trainRunsOnWed": "Y", "trainRunsOnThu": "N", "trainRunsOnFri": "N", "trainRunsOnSat": "N", "trainRunsOnSun": "N", "timeStamp": "2023-06-19T15:31:20.169", "duration": "0", "stationList": [{"stationCode": "BPQ", "stationName": "BALHARSHAH", "arrivalTime": "--", "departureTime": "13:40", "routeNumber": "1", "haltTime": "--", "distance": "0", "dayCount": "1", "stnSerialNumber": "1", "boardingDisabled": "false"}, {"stationCode": "CD", "stationName": "CHANDRAPUR", "arrivalTime": "13:55", "departureTime": "13:57", "routeNumber": "1", "haltTime": "02:00", "distance": "14", "dayCount": "1", "stnSerialNumber": "2", "boardingDisabled": "false"}, {"stationCode": "WRR", "stationName": "WARORA", "arrivalTime": "14:30", "departureTime": "14:31", "routeNumber": "1", "haltTime": "01:00", "distance": "61", "dayCount": "1", "stnSerialNumber": "3", "boardingDisabled": "false"}, {"stationCode": "HGT", "stationName": "HINGANGHAT", "arrivalTime": "14:57", "departureTime": "14:58", "routeNumber": "1", "haltTime": "01:00", "distance": "98", "dayCount": "1", "stnSerialNumber": "4", "boardingDisabled": "false"}, {"stationCode": "WR", "stationName": "WARDHA JN", "arrivalTime": "15:41", "departureTime": "15:43", "routeNumber": "1", "haltTime": "02:00", "distance": "133", "dayCount": "1", "stnSerialNumber": "5", "boardingDisabled": "false"}, {"stationCode": "PLO", "stationName": "PULGAON JN", "arrivalTime": "16:04", "departureTime": "16:05", "routeNumber": "1", "haltTime": "01:00", "distance": "162", "dayCount": "1", "stnSerialNumber": "6", "boardingDisabled": "false"}, {"stationCode": "DMN", "stationName": "DHAMANGAON", "arrivalTime": "16:22", "departureTime": "16:23", "routeNumber": "1", "haltTime": "01:00", "distance": "182", "dayCount": "1", "stnSerialNumber": "7", "boardingDisabled": "false"}, {"stationCode": "BD", "stationName": "BADNERA JN", "arrivalTime": "18:27", "departureTime": "18:30", "routeNumber": "1", "haltTime": "03:00", "distance": "228", "dayCount": "1", "stnSerialNumber": "8", "boardingDisabled": "false"}, {"stationCode": "AK", "stationName": "AKOLA JN", "arrivalTime": "19:27", "departureTime": "19:30", "routeNumber": "1", "haltTime": "03:00", "distance": "307", "dayCount": "1", "stnSerialNumber": "9", "boardingDisabled": "false"}, {"stationCode": "MKU", "stationName": "MALKAPUR", "arrivalTime": "20:30", "departureTime": "20:32", "routeNumber": "1", "haltTime": "02:00", "distance": "397", "dayCount": "1", "stnSerialNumber": "10", "boardingDisabled": "false"}, {"stationCode": "BSL", "stationName": "BHUSAVAL JN", "arrivalTime": "21:40", "departureTime": "21:45", "routeNumber": "1", "haltTime": "05:00", "distance": "447", "dayCount": "1", "stnSerialNumber": "11", "boardingDisabled": "false"}, {"stationCode": "NK", "stationName": "NASHIK ROAD", "arrivalTime": "01:47", "departureTime": "01:50", "routeNumber": "1", "haltTime": "03:00", "distance": "704", "dayCount": "2", "stnSerialNumber": "12", "boardingDisabled": "false"}, {"stationCode": "KYN", "stationName": "KALYAN JN", "arrivalTime": "04:22", "departureTime": "04:25", "routeNumber": "1", "haltTime": "03:00", "distance": "838", "dayCount": "2", "stnSerialNumber": "13", "boardingDisabled": "false"}, {"stationCode": "TNA", "stationName": "THANE", "arrivalTime": "04:43", "departureTime": "04:45", "routeNumber": "1", "haltTime": "02:00", "distance": "858", "dayCount": "2", "stnSerialNumber": "14", "boardingDisabled": "false"}, {"stationCode": "LTT", "stationName": "LOKMANYATILAK T", "arrivalTime": "05:30", "departureTime": "--", "routeNumber": "1", "haltTime": "--", "distance": "875", "dayCount": "2", "stnSerialNumber": "15", "boardingDisabled": "false"}]}