{"trainNumber": "01127", "trainName": "LTT BPQ SPL", "stationFrom": "LTT", "stationTo": "BPQ", "trainOwner": "0", "trainRunsOnMon": "N", "trainRunsOnTue": "Y", "trainRunsOnWed": "N", "trainRunsOnThu": "N", "trainRunsOnFri": "N", "trainRunsOnSat": "N", "trainRunsOnSun": "N", "timeStamp": "2023-06-19T15:31:20.171", "duration": "0", "stationList": [{"stationCode": "LTT", "stationName": "LOKMANYATILAK T", "arrivalTime": "--", "departureTime": "21:45", "routeNumber": "1", "haltTime": "--", "distance": "0", "dayCount": "1", "stnSerialNumber": "1", "boardingDisabled": "false"}, {"stationCode": "TNA", "stationName": "THANE", "arrivalTime": "22:03", "departureTime": "22:05", "routeNumber": "1", "haltTime": "02:00", "distance": "18", "dayCount": "1", "stnSerialNumber": "2", "boardingDisabled": "false"}, {"stationCode": "KYN", "stationName": "KALYAN JN", "arrivalTime": "22:22", "departureTime": "22:25", "routeNumber": "1", "haltTime": "03:00", "distance": "38", "dayCount": "1", "stnSerialNumber": "3", "boardingDisabled": "false"}, {"stationCode": "NK", "stationName": "NASHIK ROAD", "arrivalTime": "00:47", "departureTime": "00:50", "routeNumber": "1", "haltTime": "03:00", "distance": "172", "dayCount": "2", "stnSerialNumber": "5", "boardingDisabled": "false"}, {"stationCode": "BSL", "stationName": "BHUSAVAL JN", "arrivalTime": "04:35", "departureTime": "04:40", "routeNumber": "1", "haltTime": "05:00", "distance": "429", "dayCount": "2", "stnSerialNumber": "6", "boardingDisabled": "false"}, {"stationCode": "MKU", "stationName": "MALKAPUR", "arrivalTime": "05:28", "departureTime": "05:30", "routeNumber": "1", "haltTime": "02:00", "distance": "479", "dayCount": "2", "stnSerialNumber": "7", "boardingDisabled": "false"}, {"stationCode": "AK", "stationName": "AKOLA JN", "arrivalTime": "06:52", "departureTime": "06:55", "routeNumber": "1", "haltTime": "03:00", "distance": "569", "dayCount": "2", "stnSerialNumber": "8", "boardingDisabled": "false"}, {"stationCode": "BD", "stationName": "BADNERA JN", "arrivalTime": "08:02", "departureTime": "08:05", "routeNumber": "1", "haltTime": "03:00", "distance": "647", "dayCount": "2", "stnSerialNumber": "9", "boardingDisabled": "false"}, {"stationCode": "DMN", "stationName": "DHAMANGAON", "arrivalTime": "08:39", "departureTime": "08:40", "routeNumber": "1", "haltTime": "01:00", "distance": "693", "dayCount": "2", "stnSerialNumber": "10", "boardingDisabled": "false"}, {"stationCode": "PLO", "stationName": "PULGAON JN", "arrivalTime": "08:55", "departureTime": "08:56", "routeNumber": "1", "haltTime": "01:00", "distance": "713", "dayCount": "2", "stnSerialNumber": "11", "boardingDisabled": "false"}, {"stationCode": "WR", "stationName": "WARDHA JN", "arrivalTime": "09:18", "departureTime": "09:20", "routeNumber": "1", "haltTime": "02:00", "distance": "743", "dayCount": "2", "stnSerialNumber": "12", "boardingDisabled": "false"}, {"stationCode": "HGT", "stationName": "HINGANGHAT", "arrivalTime": "09:50", "departureTime": "09:51", "routeNumber": "1", "haltTime": "01:00", "distance": "777", "dayCount": "2", "stnSerialNumber": "13", "boardingDisabled": "false"}, {"stationCode": "WRR", "stationName": "WARORA", "arrivalTime": "10:19", "departureTime": "10:20", "routeNumber": "1", "haltTime": "01:00", "distance": "815", "dayCount": "2", "stnSerialNumber": "14", "boardingDisabled": "false"}, {"stationCode": "CD", "stationName": "CHANDRAPUR", "arrivalTime": "10:56", "departureTime": "10:58", "routeNumber": "1", "haltTime": "02:00", "distance": "861", "dayCount": "2", "stnSerialNumber": "15", "boardingDisabled": "false"}, {"stationCode": "BPQ", "stationName": "BALHARSHAH", "arrivalTime": "12:10", "departureTime": "--", "routeNumber": "1", "haltTime": "--", "distance": "875", "dayCount": "2", "stnSerialNumber": "16", "boardingDisabled": "false"}]}