{"trainNumber": "01139", "trainName": "NGP MAO SPECIAL", "stationFrom": "NGP", "stationTo": "MAO", "trainOwner": "0", "trainRunsOnMon": "N", "trainRunsOnTue": "N", "trainRunsOnWed": "Y", "trainRunsOnThu": "N", "trainRunsOnFri": "N", "trainRunsOnSat": "Y", "trainRunsOnSun": "N", "timeStamp": "2023-06-19T15:31:19.976", "duration": "0", "stationList": [{"stationCode": "NGP", "stationName": "NAGPUR", "arrivalTime": "--", "departureTime": "15:05", "routeNumber": "1", "haltTime": "--", "distance": "0", "dayCount": "1", "stnSerialNumber": "1", "boardingDisabled": "false"}, {"stationCode": "WR", "stationName": "WARDHA JN", "arrivalTime": "16:10", "departureTime": "16:12", "routeNumber": "1", "haltTime": "02:00", "distance": "79", "dayCount": "1", "stnSerialNumber": "2", "boardingDisabled": "false"}, {"stationCode": "PLO", "stationName": "PULGAON JN", "arrivalTime": "16:31", "departureTime": "16:33", "routeNumber": "1", "haltTime": "02:00", "distance": "109", "dayCount": "1", "stnSerialNumber": "3", "boardingDisabled": "false"}, {"stationCode": "DMN", "stationName": "DHAMANGAON", "arrivalTime": "16:48", "departureTime": "16:50", "routeNumber": "1", "haltTime": "02:00", "distance": "129", "dayCount": "1", "stnSerialNumber": "4", "boardingDisabled": "false"}, {"stationCode": "BD", "stationName": "BADNERA JN", "arrivalTime": "18:00", "departureTime": "18:03", "routeNumber": "1", "haltTime": "03:00", "distance": "175", "dayCount": "1", "stnSerialNumber": "5", "boardingDisabled": "false"}, {"stationCode": "AK", "stationName": "AKOLA JN", "arrivalTime": "19:02", "departureTime": "19:03", "routeNumber": "1", "haltTime": "01:00", "distance": "253", "dayCount": "1", "stnSerialNumber": "6", "boardingDisabled": "false"}, {"stationCode": "SEG", "stationName": "SHEGAON", "arrivalTime": "19:23", "departureTime": "19:25", "routeNumber": "1", "haltTime": "02:00", "distance": "291", "dayCount": "1", "stnSerialNumber": "7", "boardingDisabled": "false"}, {"stationCode": "MKU", "stationName": "MALKAPUR", "arrivalTime": "20:23", "departureTime": "20:25", "routeNumber": "1", "haltTime": "02:00", "distance": "343", "dayCount": "1", "stnSerialNumber": "8", "boardingDisabled": "false"}, {"stationCode": "BSL", "stationName": "BHUSAVAL JN", "arrivalTime": "21:30", "departureTime": "21:35", "routeNumber": "1", "haltTime": "05:00", "distance": "393", "dayCount": "1", "stnSerialNumber": "9", "boardingDisabled": "false"}, {"stationCode": "NK", "stationName": "NASHIK ROAD", "arrivalTime": "00:58", "departureTime": "01:00", "routeNumber": "1", "haltTime": "02:00", "distance": "650", "dayCount": "2", "stnSerialNumber": "10", "boardingDisabled": "false"}, {"stationCode": "IGP", "stationName": "IGATPURI", "arrivalTime": "01:45", "departureTime": "01:50", "routeNumber": "1", "haltTime": "05:00", "distance": "701", "dayCount": "2", "stnSerialNumber": "11", "boardingDisabled": "false"}, {"stationCode": "KYN", "stationName": "KALYAN JN", "arrivalTime": "04:32", "departureTime": "04:35", "routeNumber": "1", "haltTime": "03:00", "distance": "784", "dayCount": "2", "stnSerialNumber": "12", "boardingDisabled": "false"}, {"stationCode": "PNVL", "stationName": "PANVEL", "arrivalTime": "05:35", "departureTime": "05:40", "routeNumber": "1", "haltTime": "05:00", "distance": "821", "dayCount": "2", "stnSerialNumber": "13", "boardingDisabled": "false"}, {"stationCode": "ROHA", "stationName": "ROHA", "arrivalTime": "06:45", "departureTime": "06:50", "routeNumber": "1", "haltTime": "05:00", "distance": "898", "dayCount": "2", "stnSerialNumber": "14", "boardingDisabled": "false"}, {"stationCode": "MNI", "stationName": "MANGAON", "arrivalTime": "07:10", "departureTime": "07:12", "routeNumber": "1", "haltTime": "02:00", "distance": "940", "dayCount": "2", "stnSerialNumber": "15", "boardingDisabled": "false"}, {"stationCode": "KHED", "stationName": "KHED", "arrivalTime": "08:24", "departureTime": "08:26", "routeNumber": "1", "haltTime": "02:00", "distance": "1035", "dayCount": "2", "stnSerialNumber": "17", "boardingDisabled": "false"}, {"stationCode": "CHI", "stationName": "CHIPLUN", "arrivalTime": "08:46", "departureTime": "08:48", "routeNumber": "1", "haltTime": "02:00", "distance": "1077", "dayCount": "2", "stnSerialNumber": "18", "boardingDisabled": "false"}, {"stationCode": "SGR", "stationName": "SANGMESHWAR", "arrivalTime": "09:42", "departureTime": "09:44", "routeNumber": "1", "haltTime": "02:00", "distance": "1136", "dayCount": "2", "stnSerialNumber": "21", "boardingDisabled": "false"}, {"stationCode": "RN", "stationName": "RATNAGIRI", "arrivalTime": "10:35", "departureTime": "10:40", "routeNumber": "1", "haltTime": "05:00", "distance": "1183", "dayCount": "2", "stnSerialNumber": "22", "boardingDisabled": "false"}, {"stationCode": "RAJP", "stationName": "RAJAPUR ROAD", "arrivalTime": "12:00", "departureTime": "12:02", "routeNumber": "1", "haltTime": "02:00", "distance": "1272", "dayCount": "2", "stnSerialNumber": "25", "boardingDisabled": "false"}, {"stationCode": "KKW", "stationName": "KANKAVALI", "arrivalTime": "12:48", "departureTime": "12:50", "routeNumber": "1", "haltTime": "02:00", "distance": "1339", "dayCount": "2", "stnSerialNumber": "28", "boardingDisabled": "false"}, {"stationCode": "KUDL", "stationName": "KUDAL", "arrivalTime": "13:20", "departureTime": "13:22", "routeNumber": "1", "haltTime": "02:00", "distance": "1378", "dayCount": "2", "stnSerialNumber": "30", "boardingDisabled": "false"}, {"stationCode": "THVM", "stationName": "THIVIM", "arrivalTime": "14:40", "departureTime": "14:42", "routeNumber": "1", "haltTime": "02:00", "distance": "1453", "dayCount": "2", "stnSerialNumber": "32", "boardingDisabled": "false"}, {"stationCode": "KRMI", "stationName": "KARMALI", "arrivalTime": "15:10", "departureTime": "15:12", "routeNumber": "1", "haltTime": "02:00", "distance": "1477", "dayCount": "2", "stnSerialNumber": "33", "boardingDisabled": "false"}, {"stationCode": "MAO", "stationName": "MADGAON", "arrivalTime": "17:45", "departureTime": "--", "routeNumber": "1", "haltTime": "--", "distance": "1517", "dayCount": "2", "stnSerialNumber": "34", "boardingDisabled": "false"}]}