{"trainNumber": "01140", "trainName": "MAO NGP SPECIAL", "stationFrom": "MAO", "stationTo": "NGP", "trainOwner": "0", "trainRunsOnMon": "N", "trainRunsOnTue": "N", "trainRunsOnWed": "N", "trainRunsOnThu": "Y", "trainRunsOnFri": "N", "trainRunsOnSat": "N", "trainRunsOnSun": "Y", "timeStamp": "2023-06-19T15:31:20.768", "duration": "0", "stationList": [{"stationCode": "MAO", "stationName": "MADGAON", "arrivalTime": "--", "departureTime": "19:00", "routeNumber": "1", "haltTime": "--", "distance": "0", "dayCount": "1", "stnSerialNumber": "1", "boardingDisabled": "false"}, {"stationCode": "KRMI", "stationName": "KARMALI", "arrivalTime": "19:30", "departureTime": "19:32", "routeNumber": "1", "haltTime": "02:00", "distance": "41", "dayCount": "1", "stnSerialNumber": "2", "boardingDisabled": "false"}, {"stationCode": "THVM", "stationName": "THIVIM", "arrivalTime": "19:50", "departureTime": "19:52", "routeNumber": "1", "haltTime": "02:00", "distance": "65", "dayCount": "1", "stnSerialNumber": "3", "boardingDisabled": "false"}, {"stationCode": "KUDL", "stationName": "KUDAL", "arrivalTime": "20:42", "departureTime": "20:44", "routeNumber": "1", "haltTime": "02:00", "distance": "140", "dayCount": "1", "stnSerialNumber": "5", "boardingDisabled": "false"}, {"stationCode": "KKW", "stationName": "KANKAVALI", "arrivalTime": "21:20", "departureTime": "21:22", "routeNumber": "1", "haltTime": "02:00", "distance": "179", "dayCount": "1", "stnSerialNumber": "7", "boardingDisabled": "false"}, {"stationCode": "RAJP", "stationName": "RAJAPUR ROAD", "arrivalTime": "22:40", "departureTime": "22:42", "routeNumber": "1", "haltTime": "02:00", "distance": "246", "dayCount": "1", "stnSerialNumber": "10", "boardingDisabled": "false"}, {"stationCode": "RN", "stationName": "RATNAGIRI", "arrivalTime": "00:40", "departureTime": "00:45", "routeNumber": "1", "haltTime": "05:00", "distance": "335", "dayCount": "2", "stnSerialNumber": "13", "boardingDisabled": "false"}, {"stationCode": "SGR", "stationName": "SANGMESHWAR", "arrivalTime": "01:18", "departureTime": "01:20", "routeNumber": "1", "haltTime": "02:00", "distance": "382", "dayCount": "2", "stnSerialNumber": "14", "boardingDisabled": "false"}, {"stationCode": "CHI", "stationName": "CHIPLUN", "arrivalTime": "02:10", "departureTime": "02:12", "routeNumber": "1", "haltTime": "02:00", "distance": "441", "dayCount": "2", "stnSerialNumber": "17", "boardingDisabled": "false"}, {"stationCode": "KHED", "stationName": "KHED", "arrivalTime": "02:56", "departureTime": "02:58", "routeNumber": "1", "haltTime": "02:00", "distance": "482", "dayCount": "2", "stnSerialNumber": "18", "boardingDisabled": "false"}, {"stationCode": "MNI", "stationName": "MANGAON", "arrivalTime": "04:20", "departureTime": "04:22", "routeNumber": "1", "haltTime": "02:00", "distance": "578", "dayCount": "2", "stnSerialNumber": "20", "boardingDisabled": "false"}, {"stationCode": "ROHA", "stationName": "ROHA", "arrivalTime": "05:15", "departureTime": "05:20", "routeNumber": "1", "haltTime": "05:00", "distance": "620", "dayCount": "2", "stnSerialNumber": "21", "boardingDisabled": "false"}, {"stationCode": "PNVL", "stationName": "PANVEL", "arrivalTime": "07:00", "departureTime": "07:05", "routeNumber": "1", "haltTime": "05:00", "distance": "697", "dayCount": "2", "stnSerialNumber": "22", "boardingDisabled": "false"}, {"stationCode": "KYN", "stationName": "KALYAN JN", "arrivalTime": "08:17", "departureTime": "08:20", "routeNumber": "1", "haltTime": "03:00", "distance": "734", "dayCount": "2", "stnSerialNumber": "23", "boardingDisabled": "false"}, {"stationCode": "IGP", "stationName": "IGATPURI", "arrivalTime": "10:00", "departureTime": "10:05", "routeNumber": "1", "haltTime": "05:00", "distance": "817", "dayCount": "2", "stnSerialNumber": "24", "boardingDisabled": "false"}, {"stationCode": "NK", "stationName": "NASHIK ROAD", "arrivalTime": "11:08", "departureTime": "11:10", "routeNumber": "1", "haltTime": "02:00", "distance": "868", "dayCount": "2", "stnSerialNumber": "25", "boardingDisabled": "false"}, {"stationCode": "BSL", "stationName": "BHUSAVAL JN", "arrivalTime": "14:35", "departureTime": "14:40", "routeNumber": "1", "haltTime": "05:00", "distance": "1125", "dayCount": "2", "stnSerialNumber": "26", "boardingDisabled": "false"}, {"stationCode": "MKU", "stationName": "MALKAPUR", "arrivalTime": "15:20", "departureTime": "15:22", "routeNumber": "1", "haltTime": "02:00", "distance": "1175", "dayCount": "2", "stnSerialNumber": "27", "boardingDisabled": "false"}, {"stationCode": "SEG", "stationName": "SHEGAON", "arrivalTime": "15:35", "departureTime": "15:37", "routeNumber": "1", "haltTime": "02:00", "distance": "1227", "dayCount": "2", "stnSerialNumber": "28", "boardingDisabled": "false"}, {"stationCode": "AK", "stationName": "AKOLA JN", "arrivalTime": "16:47", "departureTime": "16:50", "routeNumber": "1", "haltTime": "03:00", "distance": "1264", "dayCount": "2", "stnSerialNumber": "29", "boardingDisabled": "false"}, {"stationCode": "BD", "stationName": "BADNERA JN", "arrivalTime": "18:22", "departureTime": "18:25", "routeNumber": "1", "haltTime": "03:00", "distance": "1343", "dayCount": "2", "stnSerialNumber": "30", "boardingDisabled": "false"}, {"stationCode": "DMN", "stationName": "DHAMANGAON", "arrivalTime": "18:50", "departureTime": "18:52", "routeNumber": "1", "haltTime": "02:00", "distance": "1389", "dayCount": "2", "stnSerialNumber": "31", "boardingDisabled": "false"}, {"stationCode": "PLO", "stationName": "PULGAON JN", "arrivalTime": "19:00", "departureTime": "19:02", "routeNumber": "1", "haltTime": "02:00", "distance": "1409", "dayCount": "2", "stnSerialNumber": "32", "boardingDisabled": "false"}, {"stationCode": "WR", "stationName": "WARDHA JN", "arrivalTime": "19:28", "departureTime": "19:30", "routeNumber": "1", "haltTime": "02:00", "distance": "1438", "dayCount": "2", "stnSerialNumber": "33", "boardingDisabled": "false"}, {"stationCode": "NGP", "stationName": "NAGPUR", "arrivalTime": "21:30", "departureTime": "--", "routeNumber": "1", "haltTime": "--", "distance": "1517", "dayCount": "2", "stnSerialNumber": "34", "boardingDisabled": "false"}]}