{"trainNumber": "01423", "trainName": "PUNE MRJ SPL", "stationFrom": "PUNE", "stationTo": "MRJ", "trainOwner": "0", "trainRunsOnMon": "N", "trainRunsOnTue": "Y", "trainRunsOnWed": "N", "trainRunsOnThu": "N", "trainRunsOnFri": "N", "trainRunsOnSat": "N", "trainRunsOnSun": "N", "timeStamp": "2023-06-19T15:30:53.372", "duration": "0", "stationList": [{"stationCode": "PUNE", "stationName": "PUNE JN", "arrivalTime": "--", "departureTime": "08:00", "routeNumber": "1", "haltTime": "--", "distance": "0", "dayCount": "1", "stnSerialNumber": "1", "boardingDisabled": "false"}, {"stationCode": "JJR", "stationName": "JEJURI", "arrivalTime": "08:53", "departureTime": "08:55", "routeNumber": "1", "haltTime": "02:00", "distance": "59", "dayCount": "1", "stnSerialNumber": "2", "boardingDisabled": "false"}, {"stationCode": "LNN", "stationName": "LONAND", "arrivalTime": "09:33", "departureTime": "09:35", "routeNumber": "1", "haltTime": "02:00", "distance": "93", "dayCount": "1", "stnSerialNumber": "3", "boardingDisabled": "false"}, {"stationCode": "STR", "stationName": "SATARA", "arrivalTime": "10:32", "departureTime": "10:35", "routeNumber": "1", "haltTime": "03:00", "distance": "146", "dayCount": "1", "stnSerialNumber": "4", "boardingDisabled": "false"}, {"stationCode": "KRD", "stationName": "KARAD", "arrivalTime": "11:27", "departureTime": "11:30", "routeNumber": "1", "haltTime": "03:00", "distance": "204", "dayCount": "1", "stnSerialNumber": "5", "boardingDisabled": "false"}, {"stationCode": "SLI", "stationName": "SANGLI", "arrivalTime": "12:27", "departureTime": "12:30", "routeNumber": "1", "haltTime": "03:00", "distance": "272", "dayCount": "1", "stnSerialNumber": "6", "boardingDisabled": "false"}, {"stationCode": "MRJ", "stationName": "MIRAJ JN", "arrivalTime": "13:45", "departureTime": "--", "routeNumber": "1", "haltTime": "--", "distance": "279", "dayCount": "1", "stnSerialNumber": "7", "boardingDisabled": "false"}]}