{"trainNumber": "01424", "trainName": "MRJ PUNE SPL", "stationFrom": "MRJ", "stationTo": "PUNE", "trainOwner": "0", "trainRunsOnMon": "N", "trainRunsOnTue": "Y", "trainRunsOnWed": "N", "trainRunsOnThu": "N", "trainRunsOnFri": "N", "trainRunsOnSat": "N", "trainRunsOnSun": "N", "timeStamp": "2023-06-19T15:31:32.257", "duration": "0", "stationList": [{"stationCode": "MRJ", "stationName": "MIRAJ JN", "arrivalTime": "--", "departureTime": "14:25", "routeNumber": "1", "haltTime": "--", "distance": "0", "dayCount": "1", "stnSerialNumber": "1", "boardingDisabled": "false"}, {"stationCode": "SLI", "stationName": "SANGLI", "arrivalTime": "14:37", "departureTime": "14:40", "routeNumber": "1", "haltTime": "03:00", "distance": "8", "dayCount": "1", "stnSerialNumber": "2", "boardingDisabled": "false"}, {"stationCode": "KRD", "stationName": "KARAD", "arrivalTime": "15:27", "departureTime": "15:30", "routeNumber": "1", "haltTime": "03:00", "distance": "76", "dayCount": "1", "stnSerialNumber": "3", "boardingDisabled": "false"}, {"stationCode": "STR", "stationName": "SATARA", "arrivalTime": "16:27", "departureTime": "16:30", "routeNumber": "1", "haltTime": "03:00", "distance": "134", "dayCount": "1", "stnSerialNumber": "4", "boardingDisabled": "false"}, {"stationCode": "LNN", "stationName": "LONAND", "arrivalTime": "17:28", "departureTime": "17:30", "routeNumber": "1", "haltTime": "02:00", "distance": "187", "dayCount": "1", "stnSerialNumber": "5", "boardingDisabled": "false"}, {"stationCode": "JJR", "stationName": "JEJURI", "arrivalTime": "18:05", "departureTime": "18:07", "routeNumber": "1", "haltTime": "02:00", "distance": "221", "dayCount": "1", "stnSerialNumber": "6", "boardingDisabled": "false"}, {"stationCode": "PUNE", "stationName": "PUNE JN", "arrivalTime": "19:40", "departureTime": "--", "routeNumber": "1", "haltTime": "--", "distance": "279", "dayCount": "1", "stnSerialNumber": "7", "boardingDisabled": "false"}]}