{"trainNumber": "01437", "trainName": "SUR TPTY SPECIAL", "stationFrom": "SUR", "stationTo": "TPTY", "trainOwner": "0", "trainRunsOnMon": "N", "trainRunsOnTue": "N", "trainRunsOnWed": "N", "trainRunsOnThu": "Y", "trainRunsOnFri": "N", "trainRunsOnSat": "N", "trainRunsOnSun": "N", "timeStamp": "2023-06-19T15:31:32.032", "duration": "0", "stationList": [{"stationCode": "SUR", "stationName": "SOLAPUR JN", "arrivalTime": "--", "departureTime": "21:40", "routeNumber": "1", "haltTime": "--", "distance": "0", "dayCount": "1", "stnSerialNumber": "1", "boardingDisabled": "false"}, {"stationCode": "KWV", "stationName": "KURDUVADI", "arrivalTime": "23:05", "departureTime": "23:15", "routeNumber": "1", "haltTime": "10:00", "distance": "79", "dayCount": "1", "stnSerialNumber": "2", "boardingDisabled": "false"}, {"stationCode": "BTW", "stationName": "BARSI TOWN", "arrivalTime": "00:15", "departureTime": "00:17", "routeNumber": "1", "haltTime": "02:00", "distance": "116", "dayCount": "2", "stnSerialNumber": "3", "boardingDisabled": "false"}, {"stationCode": "UMD", "stationName": "USMANABAD", "arrivalTime": "00:58", "departureTime": "01:00", "routeNumber": "1", "haltTime": "02:00", "distance": "153", "dayCount": "2", "stnSerialNumber": "4", "boardingDisabled": "false"}, {"stationCode": "LUR", "stationName": "LATUR", "arrivalTime": "02:30", "departureTime": "02:35", "routeNumber": "1", "haltTime": "05:00", "distance": "232", "dayCount": "2", "stnSerialNumber": "5", "boardingDisabled": "false"}, {"stationCode": "LTRR", "stationName": "LATUR ROAD", "arrivalTime": "02:45", "departureTime": "02:50", "routeNumber": "1", "haltTime": "05:00", "distance": "265", "dayCount": "2", "stnSerialNumber": "6", "boardingDisabled": "false"}, {"stationCode": "UDGR", "stationName": "UDGIR", "arrivalTime": "03:34", "departureTime": "03:35", "routeNumber": "1", "haltTime": "01:00", "distance": "298", "dayCount": "2", "stnSerialNumber": "7", "boardingDisabled": "false"}, {"stationCode": "BHLK", "stationName": "BHALKI", "arrivalTime": "04:04", "departureTime": "04:05", "routeNumber": "1", "haltTime": "01:00", "distance": "341", "dayCount": "2", "stnSerialNumber": "8", "boardingDisabled": "false"}, {"stationCode": "BIDR", "stationName": "BIDAR", "arrivalTime": "04:35", "departureTime": "04:55", "routeNumber": "1", "haltTime": "20:00", "distance": "379", "dayCount": "2", "stnSerialNumber": "9", "boardingDisabled": "false"}, {"stationCode": "HMBD", "stationName": "HUMNABAD", "arrivalTime": "05:54", "departureTime": "05:55", "routeNumber": "1", "haltTime": "01:00", "distance": "431", "dayCount": "2", "stnSerialNumber": "10", "boardingDisabled": "false"}, {"stationCode": "KLBG", "stationName": "KALABURAGI", "arrivalTime": "09:30", "departureTime": "09:35", "routeNumber": "1", "haltTime": "05:00", "distance": "504", "dayCount": "2", "stnSerialNumber": "11", "boardingDisabled": "false"}, {"stationCode": "WADI", "stationName": "WADI", "arrivalTime": "10:10", "departureTime": "10:15", "routeNumber": "1", "haltTime": "05:00", "distance": "541", "dayCount": "2", "stnSerialNumber": "12", "boardingDisabled": "false"}, {"stationCode": "YG", "stationName": "YADGIR", "arrivalTime": "10:50", "departureTime": "10:51", "routeNumber": "1", "haltTime": "01:00", "distance": "580", "dayCount": "2", "stnSerialNumber": "13", "boardingDisabled": "false"}, {"stationCode": "RC", "stationName": "RAICHUR", "arrivalTime": "11:20", "departureTime": "11:22", "routeNumber": "1", "haltTime": "02:00", "distance": "648", "dayCount": "2", "stnSerialNumber": "14", "boardingDisabled": "false"}, {"stationCode": "MALM", "stationName": "MANTHRALAYAM RD", "arrivalTime": "12:04", "departureTime": "12:05", "routeNumber": "1", "haltTime": "01:00", "distance": "677", "dayCount": "2", "stnSerialNumber": "15", "boardingDisabled": "false"}, {"stationCode": "AD", "stationName": "ADONI", "arrivalTime": "12:40", "departureTime": "12:41", "routeNumber": "1", "haltTime": "01:00", "distance": "718", "dayCount": "2", "stnSerialNumber": "16", "boardingDisabled": "false"}, {"stationCode": "GTL", "stationName": "GUNTAKAL JN", "arrivalTime": "13:35", "departureTime": "13:40", "routeNumber": "1", "haltTime": "05:00", "distance": "769", "dayCount": "2", "stnSerialNumber": "17", "boardingDisabled": "false"}, {"stationCode": "GY", "stationName": "GOOTY", "arrivalTime": "14:09", "departureTime": "14:10", "routeNumber": "1", "haltTime": "01:00", "distance": "798", "dayCount": "2", "stnSerialNumber": "18", "boardingDisabled": "false"}, {"stationCode": "TU", "stationName": "TADIPATRI", "arrivalTime": "15:09", "departureTime": "15:10", "routeNumber": "1", "haltTime": "01:00", "distance": "846", "dayCount": "2", "stnSerialNumber": "19", "boardingDisabled": "false"}, {"stationCode": "YA", "stationName": "YERRAGUNTLA", "arrivalTime": "16:14", "departureTime": "16:15", "routeNumber": "1", "haltTime": "01:00", "distance": "915", "dayCount": "2", "stnSerialNumber": "20", "boardingDisabled": "false"}, {"stationCode": "HX", "stationName": "CUDDAPAH", "arrivalTime": "16:53", "departureTime": "16:55", "routeNumber": "1", "haltTime": "02:00", "distance": "954", "dayCount": "2", "stnSerialNumber": "21", "boardingDisabled": "false"}, {"stationCode": "RJP", "stationName": "RAZAMPETA", "arrivalTime": "17:45", "departureTime": "17:46", "routeNumber": "1", "haltTime": "01:00", "distance": "1005", "dayCount": "2", "stnSerialNumber": "22", "boardingDisabled": "false"}, {"stationCode": "RU", "stationName": "RENIGUNTA JN", "arrivalTime": "18:58", "departureTime": "19:00", "routeNumber": "1", "haltTime": "02:00", "distance": "1079", "dayCount": "2", "stnSerialNumber": "23", "boardingDisabled": "false"}, {"stationCode": "TPTY", "stationName": "TIRUPATI", "arrivalTime": "19:45", "departureTime": "--", "routeNumber": "1", "haltTime": "--", "distance": "1089", "dayCount": "2", "stnSerialNumber": "24", "boardingDisabled": "false"}]}