{"trainNumber": "01439", "trainName": "PUNE AMI SPECIAL", "stationFrom": "PUNE", "stationTo": "AMI", "trainOwner": "0", "trainRunsOnMon": "N", "trainRunsOnTue": "N", "trainRunsOnWed": "N", "trainRunsOnThu": "N", "trainRunsOnFri": "Y", "trainRunsOnSat": "N", "trainRunsOnSun": "Y", "timeStamp": "2023-06-19T15:31:31.909", "duration": "0", "stationList": [{"stationCode": "PUNE", "stationName": "PUNE JN", "arrivalTime": "--", "departureTime": "22:50", "routeNumber": "1", "haltTime": "--", "distance": "0", "dayCount": "1", "stnSerialNumber": "1", "boardingDisabled": "false"}, {"stationCode": "URI", "stationName": "URULI", "arrivalTime": "23:09", "departureTime": "23:10", "routeNumber": "1", "haltTime": "01:00", "distance": "29", "dayCount": "1", "stnSerialNumber": "2", "boardingDisabled": "false"}, {"stationCode": "KDG", "stationName": "KEDGAON", "arrivalTime": "23:29", "departureTime": "23:30", "routeNumber": "1", "haltTime": "01:00", "distance": "55", "dayCount": "1", "stnSerialNumber": "3", "boardingDisabled": "false"}, {"stationCode": "DD", "stationName": "DAUND JN", "arrivalTime": "00:07", "departureTime": "00:10", "routeNumber": "1", "haltTime": "03:00", "distance": "76", "dayCount": "2", "stnSerialNumber": "4", "boardingDisabled": "false"}, {"stationCode": "JNTR", "stationName": "JINTI ROAD", "arrivalTime": "00:30", "departureTime": "00:31", "routeNumber": "1", "haltTime": "01:00", "distance": "116", "dayCount": "2", "stnSerialNumber": "5", "boardingDisabled": "false"}, {"stationCode": "JEUR", "stationName": "JEUR", "arrivalTime": "00:59", "departureTime": "01:00", "routeNumber": "1", "haltTime": "01:00", "distance": "151", "dayCount": "2", "stnSerialNumber": "6", "boardingDisabled": "false"}, {"stationCode": "KWV", "stationName": "KURDUVADI", "arrivalTime": "01:25", "departureTime": "01:30", "routeNumber": "1", "haltTime": "05:00", "distance": "185", "dayCount": "2", "stnSerialNumber": "7", "boardingDisabled": "false"}, {"stationCode": "BTW", "stationName": "BARSI TOWN", "arrivalTime": "02:04", "departureTime": "02:05", "routeNumber": "1", "haltTime": "01:00", "distance": "222", "dayCount": "2", "stnSerialNumber": "8", "boardingDisabled": "false"}, {"stationCode": "UMD", "stationName": "USMANABAD", "arrivalTime": "03:00", "departureTime": "03:02", "routeNumber": "1", "haltTime": "02:00", "distance": "259", "dayCount": "2", "stnSerialNumber": "9", "boardingDisabled": "false"}, {"stationCode": "LUR", "stationName": "LATUR", "arrivalTime": "05:25", "departureTime": "05:30", "routeNumber": "1", "haltTime": "05:00", "distance": "338", "dayCount": "2", "stnSerialNumber": "10", "boardingDisabled": "false"}, {"stationCode": "LTRR", "stationName": "LATUR ROAD", "arrivalTime": "06:10", "departureTime": "06:20", "routeNumber": "1", "haltTime": "10:00", "distance": "371", "dayCount": "2", "stnSerialNumber": "11", "boardingDisabled": "false"}, {"stationCode": "PRLI", "stationName": "PARLI VAIJNATH", "arrivalTime": "08:05", "departureTime": "08:15", "routeNumber": "1", "haltTime": "10:00", "distance": "434", "dayCount": "2", "stnSerialNumber": "12", "boardingDisabled": "false"}, {"stationCode": "PBN", "stationName": "PARBHANI JN", "arrivalTime": "09:38", "departureTime": "09:40", "routeNumber": "1", "haltTime": "02:00", "distance": "498", "dayCount": "2", "stnSerialNumber": "13", "boardingDisabled": "false"}, {"stationCode": "PAU", "stationName": "PURNA JN", "arrivalTime": "10:30", "departureTime": "10:40", "routeNumber": "1", "haltTime": "10:00", "distance": "526", "dayCount": "2", "stnSerialNumber": "14", "boardingDisabled": "false"}, {"stationCode": "BMF", "stationName": "BASMAT", "arrivalTime": "10:59", "departureTime": "11:00", "routeNumber": "1", "haltTime": "01:00", "distance": "549", "dayCount": "2", "stnSerialNumber": "15", "boardingDisabled": "false"}, {"stationCode": "HNL", "stationName": "HINGOLI DECCAN", "arrivalTime": "11:54", "departureTime": "11:55", "routeNumber": "1", "haltTime": "01:00", "distance": "607", "dayCount": "2", "stnSerialNumber": "16", "boardingDisabled": "false"}, {"stationCode": "WHM", "stationName": "WASHIM", "arrivalTime": "12:54", "departureTime": "12:55", "routeNumber": "1", "haltTime": "01:00", "distance": "654", "dayCount": "2", "stnSerialNumber": "17", "boardingDisabled": "false"}, {"stationCode": "AK", "stationName": "AKOLA JN", "arrivalTime": "14:55", "departureTime": "15:00", "routeNumber": "1", "haltTime": "05:00", "distance": "733", "dayCount": "2", "stnSerialNumber": "18", "boardingDisabled": "false"}, {"stationCode": "MZR", "stationName": "MURTAJAPUR", "arrivalTime": "15:40", "departureTime": "15:42", "routeNumber": "1", "haltTime": "02:00", "distance": "771", "dayCount": "2", "stnSerialNumber": "19", "boardingDisabled": "false"}, {"stationCode": "BD", "stationName": "BADNERA JN", "arrivalTime": "16:52", "departureTime": "16:55", "routeNumber": "1", "haltTime": "03:00", "distance": "812", "dayCount": "2", "stnSerialNumber": "20", "boardingDisabled": "false"}, {"stationCode": "AMI", "stationName": "AMRAVATI", "arrivalTime": "17:30", "departureTime": "--", "routeNumber": "1", "haltTime": "--", "distance": "821", "dayCount": "2", "stnSerialNumber": "21", "boardingDisabled": "false"}]}