{"trainNumber": "01436", "trainName": "LTT SUR SPECIAL", "stationFrom": "LTT", "stationTo": "SUR", "trainOwner": "0", "trainRunsOnMon": "N", "trainRunsOnTue": "N", "trainRunsOnWed": "Y", "trainRunsOnThu": "N", "trainRunsOnFri": "N", "trainRunsOnSat": "N", "trainRunsOnSun": "N", "timeStamp": "2023-06-19T15:31:32.040", "duration": "0", "stationList": [{"stationCode": "LTT", "stationName": "LOKMANYATILAK T", "arrivalTime": "--", "departureTime": "12:50", "routeNumber": "1", "haltTime": "--", "distance": "0", "dayCount": "1", "stnSerialNumber": "1", "boardingDisabled": "false"}, {"stationCode": "TNA", "stationName": "THANE", "arrivalTime": "13:10", "departureTime": "13:13", "routeNumber": "1", "haltTime": "03:00", "distance": "18", "dayCount": "1", "stnSerialNumber": "2", "boardingDisabled": "false"}, {"stationCode": "PNVL", "stationName": "PANVEL", "arrivalTime": "13:40", "departureTime": "13:45", "routeNumber": "1", "haltTime": "05:00", "distance": "53", "dayCount": "1", "stnSerialNumber": "4", "boardingDisabled": "false"}, {"stationCode": "PUNE", "stationName": "PUNE JN", "arrivalTime": "16:50", "departureTime": "16:55", "routeNumber": "1", "haltTime": "05:00", "distance": "173", "dayCount": "1", "stnSerialNumber": "6", "boardingDisabled": "false"}, {"stationCode": "DD", "stationName": "DAUND JN", "arrivalTime": "18:15", "departureTime": "18:20", "routeNumber": "1", "haltTime": "05:00", "distance": "248", "dayCount": "1", "stnSerialNumber": "7", "boardingDisabled": "false"}, {"stationCode": "KWV", "stationName": "KURDUVADI", "arrivalTime": "20:00", "departureTime": "20:05", "routeNumber": "1", "haltTime": "05:00", "distance": "358", "dayCount": "1", "stnSerialNumber": "8", "boardingDisabled": "false"}, {"stationCode": "BTW", "stationName": "BARSI TOWN", "arrivalTime": "20:43", "departureTime": "20:45", "routeNumber": "1", "haltTime": "02:00", "distance": "395", "dayCount": "1", "stnSerialNumber": "9", "boardingDisabled": "false"}, {"stationCode": "UMD", "stationName": "USMANABAD", "arrivalTime": "21:25", "departureTime": "21:28", "routeNumber": "1", "haltTime": "03:00", "distance": "432", "dayCount": "1", "stnSerialNumber": "10", "boardingDisabled": "false"}, {"stationCode": "LUR", "stationName": "LATUR", "arrivalTime": "23:40", "departureTime": "23:45", "routeNumber": "1", "haltTime": "05:00", "distance": "511", "dayCount": "1", "stnSerialNumber": "11", "boardingDisabled": "false"}, {"stationCode": "LTRR", "stationName": "LATUR ROAD", "arrivalTime": "01:30", "departureTime": "01:35", "routeNumber": "1", "haltTime": "05:00", "distance": "543", "dayCount": "2", "stnSerialNumber": "12", "boardingDisabled": "false"}, {"stationCode": "UDGR", "stationName": "UDGIR", "arrivalTime": "02:14", "departureTime": "02:15", "routeNumber": "1", "haltTime": "01:00", "distance": "577", "dayCount": "2", "stnSerialNumber": "13", "boardingDisabled": "false"}, {"stationCode": "BHLK", "stationName": "BHALKI", "arrivalTime": "02:54", "departureTime": "02:55", "routeNumber": "1", "haltTime": "01:00", "distance": "620", "dayCount": "2", "stnSerialNumber": "14", "boardingDisabled": "false"}, {"stationCode": "BIDR", "stationName": "BIDAR", "arrivalTime": "04:00", "departureTime": "04:20", "routeNumber": "1", "haltTime": "20:00", "distance": "657", "dayCount": "2", "stnSerialNumber": "15", "boardingDisabled": "false"}, {"stationCode": "HMBD", "stationName": "HUMNABAD", "arrivalTime": "04:29", "departureTime": "04:30", "routeNumber": "1", "haltTime": "01:00", "distance": "709", "dayCount": "2", "stnSerialNumber": "16", "boardingDisabled": "false"}, {"stationCode": "KLBG", "stationName": "KALABURAGI", "arrivalTime": "06:45", "departureTime": "07:10", "routeNumber": "1", "haltTime": "25:00", "distance": "783", "dayCount": "2", "stnSerialNumber": "17", "boardingDisabled": "false"}, {"stationCode": "GUR", "stationName": "GANAGAPUR ROAD", "arrivalTime": "07:23", "departureTime": "07:25", "routeNumber": "1", "haltTime": "02:00", "distance": "809", "dayCount": "2", "stnSerialNumber": "18", "boardingDisabled": "false"}, {"stationCode": "AKOR", "stationName": "AKALKOT ROAD", "arrivalTime": "08:08", "departureTime": "08:10", "routeNumber": "1", "haltTime": "02:00", "distance": "860", "dayCount": "2", "stnSerialNumber": "19", "boardingDisabled": "false"}, {"stationCode": "SUR", "stationName": "SOLAPUR JN", "arrivalTime": "09:15", "departureTime": "--", "routeNumber": "1", "haltTime": "--", "distance": "896", "dayCount": "2", "stnSerialNumber": "20", "boardingDisabled": "false"}]}