{"trainNumber": "01435", "trainName": "SUR LTT SPECIAL", "stationFrom": "SUR", "stationTo": "LTT", "trainOwner": "0", "trainRunsOnMon": "N", "trainRunsOnTue": "Y", "trainRunsOnWed": "N", "trainRunsOnThu": "N", "trainRunsOnFri": "N", "trainRunsOnSat": "N", "trainRunsOnSun": "N", "timeStamp": "2023-06-19T15:31:32.041", "duration": "0", "stationList": [{"stationCode": "SUR", "stationName": "SOLAPUR JN", "arrivalTime": "--", "departureTime": "09:20", "routeNumber": "1", "haltTime": "--", "distance": "0", "dayCount": "1", "stnSerialNumber": "1", "boardingDisabled": "false"}, {"stationCode": "AKOR", "stationName": "AKALKOT ROAD", "arrivalTime": "09:48", "departureTime": "09:50", "routeNumber": "1", "haltTime": "02:00", "distance": "36", "dayCount": "1", "stnSerialNumber": "2", "boardingDisabled": "false"}, {"stationCode": "GUR", "stationName": "GANAGAPUR ROAD", "arrivalTime": "10:33", "departureTime": "10:35", "routeNumber": "1", "haltTime": "02:00", "distance": "87", "dayCount": "1", "stnSerialNumber": "3", "boardingDisabled": "false"}, {"stationCode": "KLBG", "stationName": "KALABURAGI", "arrivalTime": "11:05", "departureTime": "11:30", "routeNumber": "1", "haltTime": "25:00", "distance": "113", "dayCount": "1", "stnSerialNumber": "4", "boardingDisabled": "false"}, {"stationCode": "HMBD", "stationName": "HUMNABAD", "arrivalTime": "12:39", "departureTime": "12:40", "routeNumber": "1", "haltTime": "01:00", "distance": "187", "dayCount": "1", "stnSerialNumber": "5", "boardingDisabled": "false"}, {"stationCode": "BIDR", "stationName": "BIDAR", "arrivalTime": "14:00", "departureTime": "14:20", "routeNumber": "1", "haltTime": "20:00", "distance": "239", "dayCount": "1", "stnSerialNumber": "6", "boardingDisabled": "false"}, {"stationCode": "BHLK", "stationName": "BHALKI", "arrivalTime": "14:49", "departureTime": "14:50", "routeNumber": "1", "haltTime": "01:00", "distance": "276", "dayCount": "1", "stnSerialNumber": "7", "boardingDisabled": "false"}, {"stationCode": "UDGR", "stationName": "UDGIR", "arrivalTime": "15:24", "departureTime": "15:25", "routeNumber": "1", "haltTime": "01:00", "distance": "320", "dayCount": "1", "stnSerialNumber": "8", "boardingDisabled": "false"}, {"stationCode": "LTRR", "stationName": "LATUR ROAD", "arrivalTime": "16:30", "departureTime": "16:32", "routeNumber": "1", "haltTime": "02:00", "distance": "353", "dayCount": "1", "stnSerialNumber": "9", "boardingDisabled": "false"}, {"stationCode": "LUR", "stationName": "LATUR", "arrivalTime": "17:30", "departureTime": "17:35", "routeNumber": "1", "haltTime": "05:00", "distance": "385", "dayCount": "1", "stnSerialNumber": "10", "boardingDisabled": "false"}, {"stationCode": "UMD", "stationName": "USMANABAD", "arrivalTime": "18:55", "departureTime": "18:58", "routeNumber": "1", "haltTime": "03:00", "distance": "465", "dayCount": "1", "stnSerialNumber": "11", "boardingDisabled": "false"}, {"stationCode": "BTW", "stationName": "BARSI TOWN", "arrivalTime": "19:48", "departureTime": "19:50", "routeNumber": "1", "haltTime": "02:00", "distance": "501", "dayCount": "1", "stnSerialNumber": "12", "boardingDisabled": "false"}, {"stationCode": "KWV", "stationName": "KURDUVADI", "arrivalTime": "20:45", "departureTime": "20:50", "routeNumber": "1", "haltTime": "05:00", "distance": "539", "dayCount": "1", "stnSerialNumber": "13", "boardingDisabled": "false"}, {"stationCode": "DD", "stationName": "DAUND JN", "arrivalTime": "22:55", "departureTime": "23:00", "routeNumber": "1", "haltTime": "05:00", "distance": "648", "dayCount": "1", "stnSerialNumber": "14", "boardingDisabled": "false"}, {"stationCode": "PUNE", "stationName": "PUNE JN", "arrivalTime": "00:20", "departureTime": "00:25", "routeNumber": "1", "haltTime": "05:00", "distance": "723", "dayCount": "2", "stnSerialNumber": "15", "boardingDisabled": "false"}, {"stationCode": "PNVL", "stationName": "PANVEL", "arrivalTime": "02:40", "departureTime": "02:45", "routeNumber": "1", "haltTime": "05:00", "distance": "843", "dayCount": "2", "stnSerialNumber": "17", "boardingDisabled": "false"}, {"stationCode": "TNA", "stationName": "THANE", "arrivalTime": "03:10", "departureTime": "03:13", "routeNumber": "1", "haltTime": "03:00", "distance": "878", "dayCount": "2", "stnSerialNumber": "19", "boardingDisabled": "false"}, {"stationCode": "LTT", "stationName": "LOKMANYATILAK T", "arrivalTime": "03:45", "departureTime": "--", "routeNumber": "1", "haltTime": "--", "distance": "896", "dayCount": "2", "stnSerialNumber": "20", "boardingDisabled": "false"}]}