{"trainNumber": "01438", "trainName": "TPTY  SUR  SPL", "stationFrom": "TPTY", "stationTo": "SUR", "trainOwner": "0", "trainRunsOnMon": "N", "trainRunsOnTue": "N", "trainRunsOnWed": "N", "trainRunsOnThu": "N", "trainRunsOnFri": "Y", "trainRunsOnSat": "N", "trainRunsOnSun": "N", "timeStamp": "2023-06-19T15:31:31.921", "duration": "0", "stationList": [{"stationCode": "TPTY", "stationName": "TIRUPATI", "arrivalTime": "--", "departureTime": "21:10", "routeNumber": "1", "haltTime": "--", "distance": "0", "dayCount": "1", "stnSerialNumber": "1", "boardingDisabled": "false"}, {"stationCode": "RU", "stationName": "RENIGUNTA JN", "arrivalTime": "21:30", "departureTime": "21:32", "routeNumber": "1", "haltTime": "02:00", "distance": "10", "dayCount": "1", "stnSerialNumber": "2", "boardingDisabled": "false"}, {"stationCode": "RJP", "stationName": "RAZAMPETA", "arrivalTime": "22:30", "departureTime": "22:31", "routeNumber": "1", "haltTime": "01:00", "distance": "85", "dayCount": "1", "stnSerialNumber": "3", "boardingDisabled": "false"}, {"stationCode": "HX", "stationName": "CUDDAPAH", "arrivalTime": "23:08", "departureTime": "23:10", "routeNumber": "1", "haltTime": "02:00", "distance": "135", "dayCount": "1", "stnSerialNumber": "4", "boardingDisabled": "false"}, {"stationCode": "YA", "stationName": "YERRAGUNTLA", "arrivalTime": "23:50", "departureTime": "23:51", "routeNumber": "1", "haltTime": "01:00", "distance": "174", "dayCount": "1", "stnSerialNumber": "5", "boardingDisabled": "false"}, {"stationCode": "TU", "stationName": "TADIPATRI", "arrivalTime": "01:10", "departureTime": "01:11", "routeNumber": "1", "haltTime": "01:00", "distance": "244", "dayCount": "2", "stnSerialNumber": "6", "boardingDisabled": "false"}, {"stationCode": "GY", "stationName": "GOOTY", "arrivalTime": "01:30", "departureTime": "01:31", "routeNumber": "1", "haltTime": "01:00", "distance": "292", "dayCount": "2", "stnSerialNumber": "7", "boardingDisabled": "false"}, {"stationCode": "GTL", "stationName": "GUNTAKAL JN", "arrivalTime": "01:55", "departureTime": "02:00", "routeNumber": "1", "haltTime": "05:00", "distance": "320", "dayCount": "2", "stnSerialNumber": "8", "boardingDisabled": "false"}, {"stationCode": "AD", "stationName": "ADONI", "arrivalTime": "02:50", "departureTime": "02:51", "routeNumber": "1", "haltTime": "01:00", "distance": "372", "dayCount": "2", "stnSerialNumber": "9", "boardingDisabled": "false"}, {"stationCode": "MALM", "stationName": "MANTHRALAYAM RD", "arrivalTime": "03:24", "departureTime": "03:25", "routeNumber": "1", "haltTime": "01:00", "distance": "413", "dayCount": "2", "stnSerialNumber": "10", "boardingDisabled": "false"}, {"stationCode": "RC", "stationName": "RAICHUR", "arrivalTime": "03:48", "departureTime": "03:50", "routeNumber": "1", "haltTime": "02:00", "distance": "441", "dayCount": "2", "stnSerialNumber": "11", "boardingDisabled": "false"}, {"stationCode": "YG", "stationName": "YADGIR", "arrivalTime": "04:59", "departureTime": "05:00", "routeNumber": "1", "haltTime": "01:00", "distance": "510", "dayCount": "2", "stnSerialNumber": "12", "boardingDisabled": "false"}, {"stationCode": "WADI", "stationName": "WADI", "arrivalTime": "06:20", "departureTime": "06:25", "routeNumber": "1", "haltTime": "05:00", "distance": "548", "dayCount": "2", "stnSerialNumber": "13", "boardingDisabled": "false"}, {"stationCode": "KLBG", "stationName": "KALABURAGI", "arrivalTime": "06:55", "departureTime": "07:00", "routeNumber": "1", "haltTime": "05:00", "distance": "585", "dayCount": "2", "stnSerialNumber": "14", "boardingDisabled": "false"}, {"stationCode": "HMBD", "stationName": "HUMNABAD", "arrivalTime": "08:14", "departureTime": "08:15", "routeNumber": "1", "haltTime": "01:00", "distance": "658", "dayCount": "2", "stnSerialNumber": "15", "boardingDisabled": "false"}, {"stationCode": "BIDR", "stationName": "BIDAR", "arrivalTime": "10:10", "departureTime": "10:30", "routeNumber": "1", "haltTime": "20:00", "distance": "710", "dayCount": "2", "stnSerialNumber": "16", "boardingDisabled": "false"}, {"stationCode": "BHLK", "stationName": "BHALKI", "arrivalTime": "11:04", "departureTime": "11:05", "routeNumber": "1", "haltTime": "01:00", "distance": "748", "dayCount": "2", "stnSerialNumber": "17", "boardingDisabled": "false"}, {"stationCode": "UDGR", "stationName": "UDGIR", "arrivalTime": "11:44", "departureTime": "11:45", "routeNumber": "1", "haltTime": "01:00", "distance": "791", "dayCount": "2", "stnSerialNumber": "18", "boardingDisabled": "false"}, {"stationCode": "LTRR", "stationName": "LATUR ROAD", "arrivalTime": "12:25", "departureTime": "12:30", "routeNumber": "1", "haltTime": "05:00", "distance": "824", "dayCount": "2", "stnSerialNumber": "19", "boardingDisabled": "false"}, {"stationCode": "LUR", "stationName": "LATUR", "arrivalTime": "13:20", "departureTime": "13:25", "routeNumber": "1", "haltTime": "05:00", "distance": "857", "dayCount": "2", "stnSerialNumber": "20", "boardingDisabled": "false"}, {"stationCode": "UMD", "stationName": "USMANABAD", "arrivalTime": "14:40", "departureTime": "14:50", "routeNumber": "1", "haltTime": "10:00", "distance": "936", "dayCount": "2", "stnSerialNumber": "21", "boardingDisabled": "false"}, {"stationCode": "BTW", "stationName": "BARSI TOWN", "arrivalTime": "15:35", "departureTime": "15:40", "routeNumber": "1", "haltTime": "05:00", "distance": "973", "dayCount": "2", "stnSerialNumber": "22", "boardingDisabled": "false"}, {"stationCode": "KWV", "stationName": "KURDUVADI", "arrivalTime": "16:00", "departureTime": "16:10", "routeNumber": "1", "haltTime": "10:00", "distance": "1010", "dayCount": "2", "stnSerialNumber": "23", "boardingDisabled": "false"}, {"stationCode": "SUR", "stationName": "SOLAPUR JN", "arrivalTime": "19:10", "departureTime": "--", "routeNumber": "1", "haltTime": "--", "distance": "1089", "dayCount": "2", "stnSerialNumber": "24", "boardingDisabled": "false"}]}