{"trainNumber": "01440", "trainName": "AMI PUNE SPECIAL", "stationFrom": "AMI", "stationTo": "PUNE", "trainOwner": "0", "trainRunsOnMon": "Y", "trainRunsOnTue": "N", "trainRunsOnWed": "N", "trainRunsOnThu": "N", "trainRunsOnFri": "N", "trainRunsOnSat": "Y", "trainRunsOnSun": "N", "timeStamp": "2023-06-19T15:31:39.109", "duration": "0", "stationList": [{"stationCode": "AMI", "stationName": "AMRAVATI", "arrivalTime": "--", "departureTime": "19:50", "routeNumber": "1", "haltTime": "--", "distance": "0", "dayCount": "1", "stnSerialNumber": "1", "boardingDisabled": "false"}, {"stationCode": "BD", "stationName": "BADNERA JN", "arrivalTime": "20:07", "departureTime": "20:10", "routeNumber": "1", "haltTime": "03:00", "distance": "10", "dayCount": "1", "stnSerialNumber": "2", "boardingDisabled": "false"}, {"stationCode": "MZR", "stationName": "MURTAJAPUR", "arrivalTime": "20:33", "departureTime": "20:35", "routeNumber": "1", "haltTime": "02:00", "distance": "51", "dayCount": "1", "stnSerialNumber": "3", "boardingDisabled": "false"}, {"stationCode": "AK", "stationName": "AKOLA JN", "arrivalTime": "21:10", "departureTime": "21:30", "routeNumber": "1", "haltTime": "20:00", "distance": "89", "dayCount": "1", "stnSerialNumber": "4", "boardingDisabled": "false"}, {"stationCode": "WHM", "stationName": "WASHIM", "arrivalTime": "22:29", "departureTime": "22:30", "routeNumber": "1", "haltTime": "01:00", "distance": "167", "dayCount": "1", "stnSerialNumber": "5", "boardingDisabled": "false"}, {"stationCode": "HNL", "stationName": "HINGOLI DECCAN", "arrivalTime": "23:29", "departureTime": "23:30", "routeNumber": "1", "haltTime": "01:00", "distance": "215", "dayCount": "1", "stnSerialNumber": "6", "boardingDisabled": "false"}, {"stationCode": "BMF", "stationName": "BASMAT", "arrivalTime": "00:24", "departureTime": "00:25", "routeNumber": "1", "haltTime": "01:00", "distance": "273", "dayCount": "2", "stnSerialNumber": "7", "boardingDisabled": "false"}, {"stationCode": "PAU", "stationName": "PURNA JN", "arrivalTime": "01:20", "departureTime": "01:25", "routeNumber": "1", "haltTime": "05:00", "distance": "295", "dayCount": "2", "stnSerialNumber": "8", "boardingDisabled": "false"}, {"stationCode": "PBN", "stationName": "PARBHANI JN", "arrivalTime": "02:33", "departureTime": "02:35", "routeNumber": "1", "haltTime": "02:00", "distance": "324", "dayCount": "2", "stnSerialNumber": "9", "boardingDisabled": "false"}, {"stationCode": "PRLI", "stationName": "PARLI VAIJNATH", "arrivalTime": "05:20", "departureTime": "05:30", "routeNumber": "1", "haltTime": "10:00", "distance": "388", "dayCount": "2", "stnSerialNumber": "10", "boardingDisabled": "false"}, {"stationCode": "LTRR", "stationName": "LATUR ROAD", "arrivalTime": "07:50", "departureTime": "08:00", "routeNumber": "1", "haltTime": "10:00", "distance": "451", "dayCount": "2", "stnSerialNumber": "11", "boardingDisabled": "false"}, {"stationCode": "LUR", "stationName": "LATUR", "arrivalTime": "08:35", "departureTime": "08:40", "routeNumber": "1", "haltTime": "05:00", "distance": "484", "dayCount": "2", "stnSerialNumber": "12", "boardingDisabled": "false"}, {"stationCode": "UMD", "stationName": "USMANABAD", "arrivalTime": "09:38", "departureTime": "09:40", "routeNumber": "1", "haltTime": "02:00", "distance": "563", "dayCount": "2", "stnSerialNumber": "13", "boardingDisabled": "false"}, {"stationCode": "BTW", "stationName": "BARSI TOWN", "arrivalTime": "10:14", "departureTime": "10:15", "routeNumber": "1", "haltTime": "01:00", "distance": "599", "dayCount": "2", "stnSerialNumber": "14", "boardingDisabled": "false"}, {"stationCode": "KWV", "stationName": "KURDUVADI", "arrivalTime": "11:45", "departureTime": "11:50", "routeNumber": "1", "haltTime": "05:00", "distance": "637", "dayCount": "2", "stnSerialNumber": "15", "boardingDisabled": "false"}, {"stationCode": "JEUR", "stationName": "JEUR", "arrivalTime": "12:39", "departureTime": "12:40", "routeNumber": "1", "haltTime": "01:00", "distance": "671", "dayCount": "2", "stnSerialNumber": "16", "boardingDisabled": "false"}, {"stationCode": "JNTR", "stationName": "JINTI ROAD", "arrivalTime": "13:39", "departureTime": "13:40", "routeNumber": "1", "haltTime": "01:00", "distance": "706", "dayCount": "2", "stnSerialNumber": "17", "boardingDisabled": "false"}, {"stationCode": "DD", "stationName": "DAUND JN", "arrivalTime": "14:47", "departureTime": "14:50", "routeNumber": "1", "haltTime": "03:00", "distance": "746", "dayCount": "2", "stnSerialNumber": "18", "boardingDisabled": "false"}, {"stationCode": "KDG", "stationName": "KEDGAON", "arrivalTime": "15:14", "departureTime": "15:15", "routeNumber": "1", "haltTime": "01:00", "distance": "767", "dayCount": "2", "stnSerialNumber": "19", "boardingDisabled": "false"}, {"stationCode": "URI", "stationName": "URULI", "arrivalTime": "15:28", "departureTime": "15:30", "routeNumber": "1", "haltTime": "02:00", "distance": "793", "dayCount": "2", "stnSerialNumber": "20", "boardingDisabled": "false"}, {"stationCode": "PUNE", "stationName": "PUNE JN", "arrivalTime": "16:20", "departureTime": "--", "routeNumber": "1", "haltTime": "--", "distance": "821", "dayCount": "2", "stnSerialNumber": "21", "boardingDisabled": "false"}]}