{"trainNumber": "01451", "trainName": "AMI PUNE SF SPL", "stationFrom": "AMI", "stationTo": "PUNE", "trainOwner": "0", "trainRunsOnMon": "N", "trainRunsOnTue": "Y", "trainRunsOnWed": "N", "trainRunsOnThu": "N", "trainRunsOnFri": "N", "trainRunsOnSat": "N", "trainRunsOnSun": "N", "timeStamp": "2023-06-19T15:31:38.896", "duration": "0", "stationList": [{"stationCode": "AMI", "stationName": "AMRAVATI", "arrivalTime": "--", "departureTime": "17:55", "routeNumber": "1", "haltTime": "--", "distance": "0", "dayCount": "1", "stnSerialNumber": "1", "boardingDisabled": "false"}, {"stationCode": "BD", "stationName": "BADNERA JN", "arrivalTime": "18:13", "departureTime": "18:15", "routeNumber": "1", "haltTime": "02:00", "distance": "10", "dayCount": "1", "stnSerialNumber": "2", "boardingDisabled": "false"}, {"stationCode": "AK", "stationName": "AKOLA JN", "arrivalTime": "19:13", "departureTime": "19:15", "routeNumber": "1", "haltTime": "02:00", "distance": "89", "dayCount": "1", "stnSerialNumber": "3", "boardingDisabled": "false"}, {"stationCode": "SEG", "stationName": "SHEGAON", "arrivalTime": "19:40", "departureTime": "19:42", "routeNumber": "1", "haltTime": "02:00", "distance": "126", "dayCount": "1", "stnSerialNumber": "4", "boardingDisabled": "false"}, {"stationCode": "BSL", "stationName": "BHUSAVAL JN", "arrivalTime": "21:30", "departureTime": "21:35", "routeNumber": "1", "haltTime": "05:00", "distance": "228", "dayCount": "1", "stnSerialNumber": "6", "boardingDisabled": "false"}, {"stationCode": "MMR", "stationName": "MANMAD JN", "arrivalTime": "00:15", "departureTime": "00:20", "routeNumber": "1", "haltTime": "05:00", "distance": "412", "dayCount": "2", "stnSerialNumber": "7", "boardingDisabled": "false"}, {"stationCode": "KPG", "stationName": "KOPARGAON", "arrivalTime": "01:15", "departureTime": "01:25", "routeNumber": "1", "haltTime": "10:00", "distance": "454", "dayCount": "2", "stnSerialNumber": "9", "boardingDisabled": "false"}, {"stationCode": "ANG", "stationName": "AHMADNAGAR", "arrivalTime": "03:09", "departureTime": "03:12", "routeNumber": "1", "haltTime": "03:00", "distance": "565", "dayCount": "2", "stnSerialNumber": "10", "boardingDisabled": "false"}, {"stationCode": "DDCC", "stationName": "DAUND CHORD LIN", "arrivalTime": "04:48", "departureTime": "04:50", "routeNumber": "1", "haltTime": "02:00", "distance": "647", "dayCount": "2", "stnSerialNumber": "11", "boardingDisabled": "false"}, {"stationCode": "PUNE", "stationName": "PUNE JN", "arrivalTime": "06:30", "departureTime": "--", "routeNumber": "1", "haltTime": "--", "distance": "719", "dayCount": "2", "stnSerialNumber": "12", "boardingDisabled": "false"}]}