{"trainNumber": "01452", "trainName": "PUNE AMI SF SPL", "stationFrom": "PUNE", "stationTo": "AMI", "trainOwner": "0", "trainRunsOnMon": "Y", "trainRunsOnTue": "N", "trainRunsOnWed": "N", "trainRunsOnThu": "N", "trainRunsOnFri": "N", "trainRunsOnSat": "N", "trainRunsOnSun": "N", "timeStamp": "2023-06-19T15:31:38.816", "duration": "0", "stationList": [{"stationCode": "PUNE", "stationName": "PUNE JN", "arrivalTime": "--", "departureTime": "21:55", "routeNumber": "1", "haltTime": "--", "distance": "0", "dayCount": "1", "stnSerialNumber": "1", "boardingDisabled": "false"}, {"stationCode": "DDCC", "stationName": "DAUND CHORD LIN", "arrivalTime": "23:03", "departureTime": "23:05", "routeNumber": "1", "haltTime": "02:00", "distance": "73", "dayCount": "1", "stnSerialNumber": "2", "boardingDisabled": "false"}, {"stationCode": "ANG", "stationName": "AHMADNAGAR", "arrivalTime": "00:32", "departureTime": "00:35", "routeNumber": "1", "haltTime": "03:00", "distance": "155", "dayCount": "2", "stnSerialNumber": "3", "boardingDisabled": "false"}, {"stationCode": "KPG", "stationName": "KOPARGAON", "arrivalTime": "02:20", "departureTime": "02:30", "routeNumber": "1", "haltTime": "10:00", "distance": "266", "dayCount": "2", "stnSerialNumber": "4", "boardingDisabled": "false"}, {"stationCode": "MMR", "stationName": "MANMAD JN", "arrivalTime": "03:35", "departureTime": "03:40", "routeNumber": "1", "haltTime": "05:00", "distance": "308", "dayCount": "2", "stnSerialNumber": "6", "boardingDisabled": "false"}, {"stationCode": "BSL", "stationName": "BHUSAVAL JN", "arrivalTime": "06:10", "departureTime": "06:15", "routeNumber": "1", "haltTime": "05:00", "distance": "492", "dayCount": "2", "stnSerialNumber": "7", "boardingDisabled": "false"}, {"stationCode": "SEG", "stationName": "SHEGAON", "arrivalTime": "07:43", "departureTime": "07:45", "routeNumber": "1", "haltTime": "02:00", "distance": "594", "dayCount": "2", "stnSerialNumber": "9", "boardingDisabled": "false"}, {"stationCode": "AK", "stationName": "AKOLA JN", "arrivalTime": "08:38", "departureTime": "08:40", "routeNumber": "1", "haltTime": "02:00", "distance": "631", "dayCount": "2", "stnSerialNumber": "10", "boardingDisabled": "false"}, {"stationCode": "BD", "stationName": "BADNERA JN", "arrivalTime": "10:03", "departureTime": "10:05", "routeNumber": "1", "haltTime": "02:00", "distance": "710", "dayCount": "2", "stnSerialNumber": "11", "boardingDisabled": "false"}, {"stationCode": "AMI", "stationName": "AMRAVATI", "arrivalTime": "11:00", "departureTime": "--", "routeNumber": "1", "haltTime": "--", "distance": "719", "dayCount": "2", "stnSerialNumber": "12", "boardingDisabled": "false"}]}