{"trainNumber": "01595", "trainName": "KAWR MAO SPL", "stationFrom": "KAWR", "stationTo": "MAO", "trainOwner": "0", "trainRunsOnMon": "Y", "trainRunsOnTue": "Y", "trainRunsOnWed": "Y", "trainRunsOnThu": "Y", "trainRunsOnFri": "Y", "trainRunsOnSat": "Y", "trainRunsOnSun": "Y", "timeStamp": "2023-06-19T15:31:43.700", "duration": "0", "stationList": [{"stationCode": "KAWR", "stationName": "KARWAR", "arrivalTime": "--", "departureTime": "08:35", "routeNumber": "1", "haltTime": "--", "distance": "0", "dayCount": "1", "stnSerialNumber": "1", "boardingDisabled": "false"}, {"stationCode": "CNO", "stationName": "CANCONA", "arrivalTime": "08:46", "departureTime": "08:48", "routeNumber": "1", "haltTime": "02:00", "distance": "37", "dayCount": "1", "stnSerialNumber": "2", "boardingDisabled": "false"}, {"stationCode": "MAO", "stationName": "MADGAON", "arrivalTime": "09:45", "departureTime": "--", "routeNumber": "1", "haltTime": "--", "distance": "82", "dayCount": "1", "stnSerialNumber": "3", "boardingDisabled": "false"}]}