{"trainNumber": "01596", "trainName": "MAO KAWR SPL", "stationFrom": "MAO", "stationTo": "KAWR", "trainOwner": "0", "trainRunsOnMon": "Y", "trainRunsOnTue": "Y", "trainRunsOnWed": "Y", "trainRunsOnThu": "Y", "trainRunsOnFri": "Y", "trainRunsOnSat": "Y", "trainRunsOnSun": "Y", "timeStamp": "2023-06-19T15:31:43.696", "duration": "0", "stationList": [{"stationCode": "MAO", "stationName": "MADGAON", "arrivalTime": "--", "departureTime": "16:30", "routeNumber": "1", "haltTime": "--", "distance": "0", "dayCount": "1", "stnSerialNumber": "1", "boardingDisabled": "false"}, {"stationCode": "CNO", "stationName": "CANCONA", "arrivalTime": "16:58", "departureTime": "17:00", "routeNumber": "1", "haltTime": "02:00", "distance": "46", "dayCount": "1", "stnSerialNumber": "2", "boardingDisabled": "false"}, {"stationCode": "KAWR", "stationName": "KARWAR", "arrivalTime": "17:45", "departureTime": "--", "routeNumber": "1", "haltTime": "--", "distance": "82", "dayCount": "1", "stnSerialNumber": "3", "boardingDisabled": "false"}]}