{"trainNumber": "01665", "trainName": "AGTL FESTIVL SPL", "stationFrom": "RKMP", "stationTo": "AGTL", "trainOwner": "0", "trainRunsOnMon": "N", "trainRunsOnTue": "N", "trainRunsOnWed": "N", "trainRunsOnThu": "Y", "trainRunsOnFri": "N", "trainRunsOnSat": "N", "trainRunsOnSun": "N", "timeStamp": "2023-06-19T15:31:42.545", "duration": "0", "stationList": [{"stationCode": "RKMP", "stationName": "RANI KAMALAPATI", "arrivalTime": "--", "departureTime": "15:30", "routeNumber": "1", "haltTime": "--", "distance": "0", "dayCount": "1", "stnSerialNumber": "1", "boardingDisabled": "false"}, {"stationCode": "NDPM", "stationName": "NARMADAPURAM", "arrivalTime": "16:28", "departureTime": "16:30", "routeNumber": "1", "haltTime": "02:00", "distance": "68", "dayCount": "1", "stnSerialNumber": "2", "boardingDisabled": "false"}, {"stationCode": "ET", "stationName": "ITARSI JN", "arrivalTime": "17:05", "departureTime": "17:25", "routeNumber": "1", "haltTime": "20:00", "distance": "86", "dayCount": "1", "stnSerialNumber": "3", "boardingDisabled": "false"}, {"stationCode": "PPI", "stationName": "PIPARIYA", "arrivalTime": "18:13", "departureTime": "18:15", "routeNumber": "1", "haltTime": "02:00", "distance": "153", "dayCount": "1", "stnSerialNumber": "4", "boardingDisabled": "false"}, {"stationCode": "GAR", "stationName": "GADARWARA", "arrivalTime": "19:13", "departureTime": "19:15", "routeNumber": "1", "haltTime": "02:00", "distance": "203", "dayCount": "1", "stnSerialNumber": "5", "boardingDisabled": "false"}, {"stationCode": "NU", "stationName": "NARSINGHPUR", "arrivalTime": "19:43", "departureTime": "19:45", "routeNumber": "1", "haltTime": "02:00", "distance": "247", "dayCount": "1", "stnSerialNumber": "6", "boardingDisabled": "false"}, {"stationCode": "JBP", "stationName": "JABALPUR", "arrivalTime": "21:15", "departureTime": "21:25", "routeNumber": "1", "haltTime": "10:00", "distance": "331", "dayCount": "1", "stnSerialNumber": "7", "boardingDisabled": "false"}, {"stationCode": "KTE", "stationName": "KATNI", "arrivalTime": "22:50", "departureTime": "22:55", "routeNumber": "1", "haltTime": "05:00", "distance": "422", "dayCount": "1", "stnSerialNumber": "8", "boardingDisabled": "false"}, {"stationCode": "MYR", "stationName": "MAIHAR", "arrivalTime": "23:46", "departureTime": "23:48", "routeNumber": "1", "haltTime": "02:00", "distance": "485", "dayCount": "1", "stnSerialNumber": "9", "boardingDisabled": "false"}, {"stationCode": "STA", "stationName": "SATNA", "arrivalTime": "00:05", "departureTime": "00:15", "routeNumber": "1", "haltTime": "10:00", "distance": "520", "dayCount": "2", "stnSerialNumber": "10", "boardingDisabled": "false"}, {"stationCode": "MKP", "stationName": "MANIKPUR", "arrivalTime": "01:48", "departureTime": "01:50", "routeNumber": "1", "haltTime": "02:00", "distance": "598", "dayCount": "2", "stnSerialNumber": "11", "boardingDisabled": "false"}, {"stationCode": "PCOI", "stationName": "PRAYAGRAJCHEOKI", "arrivalTime": "03:30", "departureTime": "03:35", "routeNumber": "1", "haltTime": "05:00", "distance": "690", "dayCount": "2", "stnSerialNumber": "12", "boardingDisabled": "false"}, {"stationCode": "MZP", "stationName": "MIRZAPUR", "arrivalTime": "04:28", "departureTime": "04:30", "routeNumber": "1", "haltTime": "02:00", "distance": "770", "dayCount": "2", "stnSerialNumber": "13", "boardingDisabled": "false"}, {"stationCode": "DDU", "stationName": "DD UPADHYAYA JN", "arrivalTime": "07:08", "departureTime": "07:18", "routeNumber": "1", "haltTime": "10:00", "distance": "833", "dayCount": "2", "stnSerialNumber": "14", "boardingDisabled": "false"}, {"stationCode": "BXR", "stationName": "BUXAR", "arrivalTime": "08:18", "departureTime": "08:20", "routeNumber": "1", "haltTime": "02:00", "distance": "927", "dayCount": "2", "stnSerialNumber": "15", "boardingDisabled": "false"}, {"stationCode": "ARA", "stationName": "ARA JN", "arrivalTime": "08:58", "departureTime": "09:00", "routeNumber": "1", "haltTime": "02:00", "distance": "996", "dayCount": "2", "stnSerialNumber": "16", "boardingDisabled": "false"}, {"stationCode": "DNR", "stationName": "DANAPUR", "arrivalTime": "09:38", "departureTime": "09:40", "routeNumber": "1", "haltTime": "02:00", "distance": "1035", "dayCount": "2", "stnSerialNumber": "17", "boardingDisabled": "false"}, {"stationCode": "PPTA", "stationName": "PATLIPUTRA", "arrivalTime": "10:00", "departureTime": "10:10", "routeNumber": "1", "haltTime": "10:00", "distance": "1041", "dayCount": "2", "stnSerialNumber": "18", "boardingDisabled": "false"}, {"stationCode": "HJP", "stationName": "HAJIPUR JN", "arrivalTime": "11:05", "departureTime": "11:10", "routeNumber": "1", "haltTime": "05:00", "distance": "1062", "dayCount": "2", "stnSerialNumber": "20", "boardingDisabled": "false"}, {"stationCode": "BJU", "stationName": "BARAUNI JN", "arrivalTime": "12:30", "departureTime": "12:40", "routeNumber": "1", "haltTime": "10:00", "distance": "1150", "dayCount": "2", "stnSerialNumber": "21", "boardingDisabled": "false"}, {"stationCode": "BGS", "stationName": "BEGU SARAI", "arrivalTime": "13:01", "departureTime": "13:03", "routeNumber": "1", "haltTime": "02:00", "distance": "1165", "dayCount": "2", "stnSerialNumber": "22", "boardingDisabled": "false"}, {"stationCode": "KGG", "stationName": "KHAGARIA JN", "arrivalTime": "13:46", "departureTime": "13:48", "routeNumber": "1", "haltTime": "02:00", "distance": "1205", "dayCount": "2", "stnSerialNumber": "23", "boardingDisabled": "false"}, {"stationCode": "NNA", "stationName": "NAUGACHIA", "arrivalTime": "14:46", "departureTime": "14:48", "routeNumber": "1", "haltTime": "02:00", "distance": "1272", "dayCount": "2", "stnSerialNumber": "24", "boardingDisabled": "false"}, {"stationCode": "KIR", "stationName": "KATIHAR JN", "arrivalTime": "16:30", "departureTime": "16:40", "routeNumber": "1", "haltTime": "10:00", "distance": "1329", "dayCount": "2", "stnSerialNumber": "25", "boardingDisabled": "false"}, {"stationCode": "KNE", "stationName": "KISHANGANJ", "arrivalTime": "17:55", "departureTime": "17:57", "routeNumber": "1", "haltTime": "02:00", "distance": "1425", "dayCount": "2", "stnSerialNumber": "26", "boardingDisabled": "false"}, {"stationCode": "NJP", "stationName": "NEW JALPAIGURI", "arrivalTime": "19:40", "departureTime": "19:50", "routeNumber": "1", "haltTime": "10:00", "distance": "1512", "dayCount": "2", "stnSerialNumber": "27", "boardingDisabled": "false"}, {"stationCode": "NCB", "stationName": "NEW COOCH BEHAR", "arrivalTime": "21:25", "departureTime": "21:30", "routeNumber": "1", "haltTime": "05:00", "distance": "1639", "dayCount": "2", "stnSerialNumber": "28", "boardingDisabled": "false"}, {"stationCode": "NBQ", "stationName": "NEW BONGAIGAON", "arrivalTime": "23:40", "departureTime": "23:42", "routeNumber": "1", "haltTime": "02:00", "distance": "1764", "dayCount": "2", "stnSerialNumber": "29", "boardingDisabled": "false"}, {"stationCode": "RNY", "stationName": "RANGIYA JN", "arrivalTime": "01:45", "departureTime": "01:47", "routeNumber": "1", "haltTime": "02:00", "distance": "1873", "dayCount": "3", "stnSerialNumber": "30", "boardingDisabled": "false"}, {"stationCode": "GHY", "stationName": "GUWAHATI", "arrivalTime": "03:45", "departureTime": "04:00", "routeNumber": "1", "haltTime": "15:00", "distance": "1921", "dayCount": "3", "stnSerialNumber": "31", "boardingDisabled": "false"}, {"stationCode": "CPK", "stationName": "CHAPARMUKH JN", "arrivalTime": "05:26", "departureTime": "05:28", "routeNumber": "1", "haltTime": "02:00", "distance": "2012", "dayCount": "3", "stnSerialNumber": "32", "boardingDisabled": "false"}, {"stationCode": "NHLG", "stationName": "NEW HAFLONG", "arrivalTime": "10:20", "departureTime": "10:25", "routeNumber": "1", "haltTime": "05:00", "distance": "2190", "dayCount": "3", "stnSerialNumber": "33", "boardingDisabled": "false"}, {"stationCode": "BPB", "stationName": "BADARPUR JN", "arrivalTime": "13:35", "departureTime": "13:45", "routeNumber": "1", "haltTime": "10:00", "distance": "2261", "dayCount": "3", "stnSerialNumber": "34", "boardingDisabled": "false"}, {"stationCode": "NKMG", "stationName": "NEW KARIMGANJ", "arrivalTime": "14:15", "departureTime": "14:20", "routeNumber": "1", "haltTime": "05:00", "distance": "2278", "dayCount": "3", "stnSerialNumber": "35", "boardingDisabled": "false"}, {"stationCode": "DMR", "stationName": "DHARMANAGAR", "arrivalTime": "15:55", "departureTime": "16:00", "routeNumber": "1", "haltTime": "05:00", "distance": "2342", "dayCount": "3", "stnSerialNumber": "36", "boardingDisabled": "false"}, {"stationCode": "KUGT", "stationName": "KUMARGHAT", "arrivalTime": "16:40", "departureTime": "16:42", "routeNumber": "1", "haltTime": "02:00", "distance": "2374", "dayCount": "3", "stnSerialNumber": "37", "boardingDisabled": "false"}, {"stationCode": "ABSA", "stationName": "AMBASA", "arrivalTime": "17:40", "departureTime": "17:42", "routeNumber": "1", "haltTime": "02:00", "distance": "2414", "dayCount": "3", "stnSerialNumber": "38", "boardingDisabled": "false"}, {"stationCode": "TLMR", "stationName": "TELIAMURA", "arrivalTime": "18:28", "departureTime": "18:30", "routeNumber": "1", "haltTime": "02:00", "distance": "2444", "dayCount": "3", "stnSerialNumber": "39", "boardingDisabled": "false"}, {"stationCode": "AGTL", "stationName": "AGARTALA", "arrivalTime": "19:55", "departureTime": "--", "routeNumber": "1", "haltTime": "--", "distance": "2481", "dayCount": "3", "stnSerialNumber": "40", "boardingDisabled": "false"}]}