{"trainNumber": "01752", "trainName": "PNVL REWA SPL", "stationFrom": "PNVL", "stationTo": "REWA", "trainOwner": "0", "trainRunsOnMon": "N", "trainRunsOnTue": "Y", "trainRunsOnWed": "N", "trainRunsOnThu": "N", "trainRunsOnFri": "N", "trainRunsOnSat": "N", "trainRunsOnSun": "N", "timeStamp": "2023-06-19T15:31:02.264", "duration": "0", "stationList": [{"stationCode": "PNVL", "stationName": "PANVEL", "arrivalTime": "--", "departureTime": "00:45", "routeNumber": "1", "haltTime": "--", "distance": "0", "dayCount": "1", "stnSerialNumber": "1", "boardingDisabled": "false"}, {"stationCode": "KYN", "stationName": "KALYAN JN", "arrivalTime": "01:37", "departureTime": "01:40", "routeNumber": "1", "haltTime": "03:00", "distance": "37", "dayCount": "1", "stnSerialNumber": "2", "boardingDisabled": "false"}, {"stationCode": "NK", "stationName": "NASHIK ROAD", "arrivalTime": "04:17", "departureTime": "04:20", "routeNumber": "1", "haltTime": "03:00", "distance": "171", "dayCount": "1", "stnSerialNumber": "3", "boardingDisabled": "false"}, {"stationCode": "BSL", "stationName": "BHUSAVAL JN", "arrivalTime": "08:10", "departureTime": "08:15", "routeNumber": "1", "haltTime": "05:00", "distance": "428", "dayCount": "1", "stnSerialNumber": "4", "boardingDisabled": "false"}, {"stationCode": "KNW", "stationName": "KHANDWA", "arrivalTime": "10:42", "departureTime": "10:45", "routeNumber": "1", "haltTime": "03:00", "distance": "551", "dayCount": "1", "stnSerialNumber": "5", "boardingDisabled": "false"}, {"stationCode": "HD", "stationName": "HARDA", "arrivalTime": "12:00", "departureTime": "12:02", "routeNumber": "1", "haltTime": "02:00", "distance": "659", "dayCount": "1", "stnSerialNumber": "6", "boardingDisabled": "false"}, {"stationCode": "ET", "stationName": "ITARSI JN", "arrivalTime": "13:05", "departureTime": "13:15", "routeNumber": "1", "haltTime": "10:00", "distance": "735", "dayCount": "1", "stnSerialNumber": "7", "boardingDisabled": "false"}, {"stationCode": "PPI", "stationName": "PIPARIYA", "arrivalTime": "14:15", "departureTime": "14:17", "routeNumber": "1", "haltTime": "02:00", "distance": "802", "dayCount": "1", "stnSerialNumber": "8", "boardingDisabled": "false"}, {"stationCode": "GAR", "stationName": "GADARWARA", "arrivalTime": "14:48", "departureTime": "14:50", "routeNumber": "1", "haltTime": "02:00", "distance": "852", "dayCount": "1", "stnSerialNumber": "9", "boardingDisabled": "false"}, {"stationCode": "NU", "stationName": "NARSINGHPUR", "arrivalTime": "15:25", "departureTime": "15:27", "routeNumber": "1", "haltTime": "02:00", "distance": "896", "dayCount": "1", "stnSerialNumber": "10", "boardingDisabled": "false"}, {"stationCode": "JBP", "stationName": "JABALPUR", "arrivalTime": "16:20", "departureTime": "16:30", "routeNumber": "1", "haltTime": "10:00", "distance": "980", "dayCount": "1", "stnSerialNumber": "11", "boardingDisabled": "false"}, {"stationCode": "KTE", "stationName": "KATNI", "arrivalTime": "17:45", "departureTime": "17:50", "routeNumber": "1", "haltTime": "05:00", "distance": "1071", "dayCount": "1", "stnSerialNumber": "12", "boardingDisabled": "false"}, {"stationCode": "MYR", "stationName": "MAIHAR", "arrivalTime": "18:35", "departureTime": "18:37", "routeNumber": "1", "haltTime": "02:00", "distance": "1134", "dayCount": "1", "stnSerialNumber": "13", "boardingDisabled": "false"}, {"stationCode": "STA", "stationName": "SATNA", "arrivalTime": "19:05", "departureTime": "19:15", "routeNumber": "1", "haltTime": "10:00", "distance": "1169", "dayCount": "1", "stnSerialNumber": "14", "boardingDisabled": "false"}, {"stationCode": "REWA", "stationName": "REWA", "arrivalTime": "20:30", "departureTime": "--", "routeNumber": "1", "haltTime": "--", "distance": "1218", "dayCount": "1", "stnSerialNumber": "15", "boardingDisabled": "false"}]}