{"trainNumber": "01751", "trainName": "REWA PNVL SPL", "stationFrom": "REWA", "stationTo": "PNVL", "trainOwner": "0", "trainRunsOnMon": "Y", "trainRunsOnTue": "N", "trainRunsOnWed": "N", "trainRunsOnThu": "N", "trainRunsOnFri": "N", "trainRunsOnSat": "N", "trainRunsOnSun": "N", "timeStamp": "2023-06-19T15:31:02.267", "duration": "0", "stationList": [{"stationCode": "REWA", "stationName": "REWA", "arrivalTime": "--", "departureTime": "00:30", "routeNumber": "1", "haltTime": "--", "distance": "0", "dayCount": "1", "stnSerialNumber": "1", "boardingDisabled": "false"}, {"stationCode": "STA", "stationName": "SATNA", "arrivalTime": "01:50", "departureTime": "01:55", "routeNumber": "1", "haltTime": "05:00", "distance": "50", "dayCount": "1", "stnSerialNumber": "2", "boardingDisabled": "false"}, {"stationCode": "MYR", "stationName": "MAIHAR", "arrivalTime": "02:23", "departureTime": "02:25", "routeNumber": "1", "haltTime": "02:00", "distance": "85", "dayCount": "1", "stnSerialNumber": "3", "boardingDisabled": "false"}, {"stationCode": "KTE", "stationName": "KATNI", "arrivalTime": "03:50", "departureTime": "03:55", "routeNumber": "1", "haltTime": "05:00", "distance": "148", "dayCount": "1", "stnSerialNumber": "4", "boardingDisabled": "false"}, {"stationCode": "JBP", "stationName": "JABALPUR", "arrivalTime": "06:20", "departureTime": "06:30", "routeNumber": "1", "haltTime": "10:00", "distance": "239", "dayCount": "1", "stnSerialNumber": "5", "boardingDisabled": "false"}, {"stationCode": "NU", "stationName": "NARSINGHPUR", "arrivalTime": "07:43", "departureTime": "07:45", "routeNumber": "1", "haltTime": "02:00", "distance": "323", "dayCount": "1", "stnSerialNumber": "6", "boardingDisabled": "false"}, {"stationCode": "GAR", "stationName": "GADARWARA", "arrivalTime": "08:13", "departureTime": "08:15", "routeNumber": "1", "haltTime": "02:00", "distance": "367", "dayCount": "1", "stnSerialNumber": "7", "boardingDisabled": "false"}, {"stationCode": "PPI", "stationName": "PIPARIYA", "arrivalTime": "08:43", "departureTime": "08:45", "routeNumber": "1", "haltTime": "02:00", "distance": "417", "dayCount": "1", "stnSerialNumber": "8", "boardingDisabled": "false"}, {"stationCode": "ET", "stationName": "ITARSI JN", "arrivalTime": "10:25", "departureTime": "10:35", "routeNumber": "1", "haltTime": "10:00", "distance": "484", "dayCount": "1", "stnSerialNumber": "9", "boardingDisabled": "false"}, {"stationCode": "HD", "stationName": "HARDA", "arrivalTime": "11:20", "departureTime": "11:22", "routeNumber": "1", "haltTime": "02:00", "distance": "559", "dayCount": "1", "stnSerialNumber": "10", "boardingDisabled": "false"}, {"stationCode": "KNW", "stationName": "KHANDWA", "arrivalTime": "13:15", "departureTime": "13:18", "routeNumber": "1", "haltTime": "03:00", "distance": "667", "dayCount": "1", "stnSerialNumber": "11", "boardingDisabled": "false"}, {"stationCode": "BSL", "stationName": "BHUSAVAL JN", "arrivalTime": "15:10", "departureTime": "15:15", "routeNumber": "1", "haltTime": "05:00", "distance": "791", "dayCount": "1", "stnSerialNumber": "12", "boardingDisabled": "false"}, {"stationCode": "NK", "stationName": "NASHIK ROAD", "arrivalTime": "19:10", "departureTime": "19:13", "routeNumber": "1", "haltTime": "03:00", "distance": "1048", "dayCount": "1", "stnSerialNumber": "13", "boardingDisabled": "false"}, {"stationCode": "KYN", "stationName": "KALYAN JN", "arrivalTime": "22:40", "departureTime": "22:43", "routeNumber": "1", "haltTime": "03:00", "distance": "1182", "dayCount": "1", "stnSerialNumber": "14", "boardingDisabled": "false"}, {"stationCode": "PNVL", "stationName": "PANVEL", "arrivalTime": "23:35", "departureTime": "--", "routeNumber": "1", "haltTime": "--", "distance": "1218", "dayCount": "1", "stnSerialNumber": "15", "boardingDisabled": "false"}]}