{"trainNumber": "01906", "trainName": "ADI CNB SF SPL", "stationFrom": "ADI", "stationTo": "CNB", "trainOwner": "0", "trainRunsOnMon": "N", "trainRunsOnTue": "Y", "trainRunsOnWed": "N", "trainRunsOnThu": "N", "trainRunsOnFri": "N", "trainRunsOnSat": "N", "trainRunsOnSun": "N", "timeStamp": "2023-06-19T15:31:12.769", "duration": "0", "stationList": [{"stationCode": "ADI", "stationName": "AHMEDABAD JN", "arrivalTime": "--", "departureTime": "14:40", "routeNumber": "1", "haltTime": "--", "distance": "0", "dayCount": "1", "stnSerialNumber": "1", "boardingDisabled": "false"}, {"stationCode": "ND", "stationName": "NADIAD JN", "arrivalTime": "16:15", "departureTime": "16:17", "routeNumber": "1", "haltTime": "02:00", "distance": "46", "dayCount": "1", "stnSerialNumber": "2", "boardingDisabled": "false"}, {"stationCode": "ANND", "stationName": "ANAND JN", "arrivalTime": "16:32", "departureTime": "16:34", "routeNumber": "1", "haltTime": "02:00", "distance": "64", "dayCount": "1", "stnSerialNumber": "3", "boardingDisabled": "false"}, {"stationCode": "CYI", "stationName": "CHHAYAPURI", "arrivalTime": "17:10", "departureTime": "17:15", "routeNumber": "1", "haltTime": "05:00", "distance": "96", "dayCount": "1", "stnSerialNumber": "4", "boardingDisabled": "false"}, {"stationCode": "RTM", "stationName": "RATLAM JN", "arrivalTime": "20:45", "departureTime": "20:50", "routeNumber": "1", "haltTime": "05:00", "distance": "350", "dayCount": "1", "stnSerialNumber": "6", "boardingDisabled": "false"}, {"stationCode": "KOTA", "stationName": "KOTA JN", "arrivalTime": "00:40", "departureTime": "00:45", "routeNumber": "1", "haltTime": "05:00", "distance": "617", "dayCount": "2", "stnSerialNumber": "8", "boardingDisabled": "false"}, {"stationCode": "GGC", "stationName": "GANGAPUR CITY", "arrivalTime": "02:55", "departureTime": "03:00", "routeNumber": "1", "haltTime": "05:00", "distance": "788", "dayCount": "2", "stnSerialNumber": "9", "boardingDisabled": "false"}, {"stationCode": "HAN", "stationName": "HINDAUN CITY", "arrivalTime": "03:34", "departureTime": "03:36", "routeNumber": "1", "haltTime": "02:00", "distance": "832", "dayCount": "2", "stnSerialNumber": "10", "boardingDisabled": "false"}, {"stationCode": "BXN", "stationName": "BAYANA JN", "arrivalTime": "04:25", "departureTime": "04:27", "routeNumber": "1", "haltTime": "02:00", "distance": "865", "dayCount": "2", "stnSerialNumber": "11", "boardingDisabled": "false"}, {"stationCode": "RBS", "stationName": "RUPBAS", "arrivalTime": "04:55", "departureTime": "04:57", "routeNumber": "1", "haltTime": "02:00", "distance": "899", "dayCount": "2", "stnSerialNumber": "12", "boardingDisabled": "false"}, {"stationCode": "FTS", "stationName": "FATEHPUR SIKRI", "arrivalTime": "05:13", "departureTime": "05:15", "routeNumber": "1", "haltTime": "02:00", "distance": "913", "dayCount": "2", "stnSerialNumber": "13", "boardingDisabled": "false"}, {"stationCode": "AF", "stationName": "AGRA FORT", "arrivalTime": "06:00", "departureTime": "06:05", "routeNumber": "1", "haltTime": "05:00", "distance": "950", "dayCount": "2", "stnSerialNumber": "14", "boardingDisabled": "false"}, {"stationCode": "TDL", "stationName": "TUNDLA JN", "arrivalTime": "08:05", "departureTime": "08:10", "routeNumber": "1", "haltTime": "05:00", "distance": "972", "dayCount": "2", "stnSerialNumber": "15", "boardingDisabled": "false"}, {"stationCode": "ETW", "stationName": "ETAWAH JN", "arrivalTime": "09:15", "departureTime": "09:17", "routeNumber": "1", "haltTime": "02:00", "distance": "1064", "dayCount": "2", "stnSerialNumber": "16", "boardingDisabled": "false"}, {"stationCode": "CNB", "stationName": "KANPUR CENTRAL", "arrivalTime": "11:55", "departureTime": "--", "routeNumber": "1", "haltTime": "--", "distance": "1203", "dayCount": "2", "stnSerialNumber": "17", "boardingDisabled": "false"}]}