{"trainNumber": "01905", "trainName": "ADI FESTIVAL SPL", "stationFrom": "CNB", "stationTo": "ADI", "trainOwner": "0", "trainRunsOnMon": "Y", "trainRunsOnTue": "N", "trainRunsOnWed": "N", "trainRunsOnThu": "N", "trainRunsOnFri": "N", "trainRunsOnSat": "N", "trainRunsOnSun": "N", "timeStamp": "2023-06-19T15:31:12.768", "duration": "0", "stationList": [{"stationCode": "CNB", "stationName": "KANPUR CENTRAL", "arrivalTime": "--", "departureTime": "15:35", "routeNumber": "1", "haltTime": "--", "distance": "0", "dayCount": "1", "stnSerialNumber": "1", "boardingDisabled": "false"}, {"stationCode": "ETW", "stationName": "ETAWAH JN", "arrivalTime": "17:13", "departureTime": "17:15", "routeNumber": "1", "haltTime": "02:00", "distance": "140", "dayCount": "1", "stnSerialNumber": "2", "boardingDisabled": "false"}, {"stationCode": "TDL", "stationName": "TUNDLA JN", "arrivalTime": "19:00", "departureTime": "19:05", "routeNumber": "1", "haltTime": "05:00", "distance": "232", "dayCount": "1", "stnSerialNumber": "3", "boardingDisabled": "false"}, {"stationCode": "AF", "stationName": "AGRA FORT", "arrivalTime": "20:10", "departureTime": "20:15", "routeNumber": "1", "haltTime": "05:00", "distance": "254", "dayCount": "1", "stnSerialNumber": "4", "boardingDisabled": "false"}, {"stationCode": "FTS", "stationName": "FATEHPUR SIKRI", "arrivalTime": "20:58", "departureTime": "21:00", "routeNumber": "1", "haltTime": "02:00", "distance": "290", "dayCount": "1", "stnSerialNumber": "5", "boardingDisabled": "false"}, {"stationCode": "RBS", "stationName": "RUPBAS", "arrivalTime": "21:13", "departureTime": "21:15", "routeNumber": "1", "haltTime": "02:00", "distance": "305", "dayCount": "1", "stnSerialNumber": "6", "boardingDisabled": "false"}, {"stationCode": "BXN", "stationName": "BAYANA JN", "arrivalTime": "22:15", "departureTime": "22:17", "routeNumber": "1", "haltTime": "02:00", "distance": "339", "dayCount": "1", "stnSerialNumber": "7", "boardingDisabled": "false"}, {"stationCode": "HAN", "stationName": "HINDAUN CITY", "arrivalTime": "22:40", "departureTime": "22:42", "routeNumber": "1", "haltTime": "02:00", "distance": "372", "dayCount": "1", "stnSerialNumber": "8", "boardingDisabled": "false"}, {"stationCode": "GGC", "stationName": "GANGAPUR CITY", "arrivalTime": "23:15", "departureTime": "23:20", "routeNumber": "1", "haltTime": "05:00", "distance": "416", "dayCount": "1", "stnSerialNumber": "9", "boardingDisabled": "false"}, {"stationCode": "KOTA", "stationName": "KOTA JN", "arrivalTime": "01:25", "departureTime": "01:35", "routeNumber": "1", "haltTime": "10:00", "distance": "587", "dayCount": "2", "stnSerialNumber": "10", "boardingDisabled": "false"}, {"stationCode": "RTM", "stationName": "RATLAM JN", "arrivalTime": "05:30", "departureTime": "05:35", "routeNumber": "1", "haltTime": "05:00", "distance": "854", "dayCount": "2", "stnSerialNumber": "12", "boardingDisabled": "false"}, {"stationCode": "CYI", "stationName": "CHHAYAPURI", "arrivalTime": "08:55", "departureTime": "09:00", "routeNumber": "1", "haltTime": "05:00", "distance": "1107", "dayCount": "2", "stnSerialNumber": "14", "boardingDisabled": "false"}, {"stationCode": "ANND", "stationName": "ANAND JN", "arrivalTime": "09:38", "departureTime": "09:40", "routeNumber": "1", "haltTime": "02:00", "distance": "1139", "dayCount": "2", "stnSerialNumber": "15", "boardingDisabled": "false"}, {"stationCode": "ND", "stationName": "NADIAD JN", "arrivalTime": "09:55", "departureTime": "09:57", "routeNumber": "1", "haltTime": "02:00", "distance": "1158", "dayCount": "2", "stnSerialNumber": "16", "boardingDisabled": "false"}, {"stationCode": "ADI", "stationName": "AHMEDABAD JN", "arrivalTime": "11:00", "departureTime": "--", "routeNumber": "1", "haltTime": "--", "distance": "1203", "dayCount": "2", "stnSerialNumber": "18", "boardingDisabled": "false"}]}