{"trainNumber": "01921", "trainName": "PUNE VGLB SF SPL", "stationFrom": "PUNE", "stationTo": "VGLJ", "trainOwner": "0", "trainRunsOnMon": "N", "trainRunsOnTue": "N", "trainRunsOnWed": "N", "trainRunsOnThu": "Y", "trainRunsOnFri": "N", "trainRunsOnSat": "N", "trainRunsOnSun": "N", "timeStamp": "2023-06-19T15:31:11.264", "duration": "0", "stationList": [{"stationCode": "PUNE", "stationName": "PUNE JN", "arrivalTime": "--", "departureTime": "15:15", "routeNumber": "1", "haltTime": "--", "distance": "0", "dayCount": "1", "stnSerialNumber": "1", "boardingDisabled": "false"}, {"stationCode": "DDCC", "stationName": "DAUND CHORD LIN", "arrivalTime": "16:13", "departureTime": "16:15", "routeNumber": "1", "haltTime": "02:00", "distance": "73", "dayCount": "1", "stnSerialNumber": "2", "boardingDisabled": "false"}, {"stationCode": "ANG", "stationName": "AHMADNAGAR", "arrivalTime": "17:17", "departureTime": "17:20", "routeNumber": "1", "haltTime": "03:00", "distance": "155", "dayCount": "1", "stnSerialNumber": "3", "boardingDisabled": "false"}, {"stationCode": "KPG", "stationName": "KOPARGAON", "arrivalTime": "18:58", "departureTime": "19:00", "routeNumber": "1", "haltTime": "02:00", "distance": "266", "dayCount": "1", "stnSerialNumber": "4", "boardingDisabled": "false"}, {"stationCode": "MMR", "stationName": "MANMAD JN", "arrivalTime": "20:15", "departureTime": "20:20", "routeNumber": "1", "haltTime": "05:00", "distance": "308", "dayCount": "1", "stnSerialNumber": "6", "boardingDisabled": "false"}, {"stationCode": "BSL", "stationName": "BHUSAVAL JN", "arrivalTime": "22:40", "departureTime": "22:45", "routeNumber": "1", "haltTime": "05:00", "distance": "492", "dayCount": "1", "stnSerialNumber": "7", "boardingDisabled": "false"}, {"stationCode": "KNW", "stationName": "KHANDWA", "arrivalTime": "00:37", "departureTime": "00:40", "routeNumber": "1", "haltTime": "03:00", "distance": "615", "dayCount": "2", "stnSerialNumber": "8", "boardingDisabled": "false"}, {"stationCode": "ET", "stationName": "ITARSI JN", "arrivalTime": "03:05", "departureTime": "03:10", "routeNumber": "1", "haltTime": "05:00", "distance": "799", "dayCount": "2", "stnSerialNumber": "9", "boardingDisabled": "false"}, {"stationCode": "NDPM", "stationName": "NARMADAPURAM", "arrivalTime": "03:28", "departureTime": "03:30", "routeNumber": "1", "haltTime": "02:00", "distance": "816", "dayCount": "2", "stnSerialNumber": "10", "boardingDisabled": "false"}, {"stationCode": "BPL", "stationName": "BHOPAL  JN", "arrivalTime": "04:50", "departureTime": "05:00", "routeNumber": "1", "haltTime": "10:00", "distance": "897", "dayCount": "2", "stnSerialNumber": "11", "boardingDisabled": "false"}, {"stationCode": "BHS", "stationName": "VIDISHA", "arrivalTime": "05:40", "departureTime": "05:42", "routeNumber": "1", "haltTime": "02:00", "distance": "950", "dayCount": "2", "stnSerialNumber": "12", "boardingDisabled": "false"}, {"stationCode": "BINA", "stationName": "BINA JN", "arrivalTime": "07:05", "departureTime": "07:10", "routeNumber": "1", "haltTime": "05:00", "distance": "1035", "dayCount": "2", "stnSerialNumber": "13", "boardingDisabled": "false"}, {"stationCode": "LAR", "stationName": "LALITPUR JN", "arrivalTime": "08:05", "departureTime": "08:07", "routeNumber": "1", "haltTime": "02:00", "distance": "1098", "dayCount": "2", "stnSerialNumber": "14", "boardingDisabled": "false"}, {"stationCode": "VGLJ", "stationName": "V LAKSHMIBAIJHS", "arrivalTime": "09:35", "departureTime": "--", "routeNumber": "1", "haltTime": "--", "distance": "1188", "dayCount": "2", "stnSerialNumber": "15", "boardingDisabled": "false"}]}