{"trainNumber": "01922", "trainName": "VGLB PUNE SPL", "stationFrom": "VGLJ", "stationTo": "PUNE", "trainOwner": "0", "trainRunsOnMon": "N", "trainRunsOnTue": "N", "trainRunsOnWed": "Y", "trainRunsOnThu": "N", "trainRunsOnFri": "N", "trainRunsOnSat": "N", "trainRunsOnSun": "N", "timeStamp": "2023-06-19T15:31:11.249", "duration": "0", "stationList": [{"stationCode": "VGLJ", "stationName": "V LAKSHMIBAIJHS", "arrivalTime": "--", "departureTime": "12:50", "routeNumber": "1", "haltTime": "--", "distance": "0", "dayCount": "1", "stnSerialNumber": "1", "boardingDisabled": "false"}, {"stationCode": "LAR", "stationName": "LALITPUR JN", "arrivalTime": "13:53", "departureTime": "13:55", "routeNumber": "1", "haltTime": "02:00", "distance": "90", "dayCount": "1", "stnSerialNumber": "2", "boardingDisabled": "false"}, {"stationCode": "BINA", "stationName": "BINA JN", "arrivalTime": "15:35", "departureTime": "15:40", "routeNumber": "1", "haltTime": "05:00", "distance": "153", "dayCount": "1", "stnSerialNumber": "3", "boardingDisabled": "false"}, {"stationCode": "BHS", "stationName": "VIDISHA", "arrivalTime": "16:40", "departureTime": "16:42", "routeNumber": "1", "haltTime": "02:00", "distance": "238", "dayCount": "1", "stnSerialNumber": "4", "boardingDisabled": "false"}, {"stationCode": "BPL", "stationName": "BHOPAL  JN", "arrivalTime": "17:30", "departureTime": "17:40", "routeNumber": "1", "haltTime": "10:00", "distance": "291", "dayCount": "1", "stnSerialNumber": "5", "boardingDisabled": "false"}, {"stationCode": "NDPM", "stationName": "NARMADAPURAM", "arrivalTime": "18:57", "departureTime": "18:59", "routeNumber": "1", "haltTime": "02:00", "distance": "365", "dayCount": "1", "stnSerialNumber": "6", "boardingDisabled": "false"}, {"stationCode": "ET", "stationName": "ITARSI JN", "arrivalTime": "19:25", "departureTime": "19:30", "routeNumber": "1", "haltTime": "05:00", "distance": "383", "dayCount": "1", "stnSerialNumber": "7", "boardingDisabled": "false"}, {"stationCode": "KNW", "stationName": "KHANDWA", "arrivalTime": "22:20", "departureTime": "22:23", "routeNumber": "1", "haltTime": "03:00", "distance": "567", "dayCount": "1", "stnSerialNumber": "8", "boardingDisabled": "false"}, {"stationCode": "BSL", "stationName": "BHUSAVAL JN", "arrivalTime": "00:10", "departureTime": "00:15", "routeNumber": "1", "haltTime": "05:00", "distance": "690", "dayCount": "2", "stnSerialNumber": "9", "boardingDisabled": "false"}, {"stationCode": "MMR", "stationName": "MANMAD JN", "arrivalTime": "03:55", "departureTime": "04:00", "routeNumber": "1", "haltTime": "05:00", "distance": "874", "dayCount": "2", "stnSerialNumber": "10", "boardingDisabled": "false"}, {"stationCode": "KPG", "stationName": "KOPARGAON", "arrivalTime": "04:58", "departureTime": "05:00", "routeNumber": "1", "haltTime": "02:00", "distance": "916", "dayCount": "2", "stnSerialNumber": "12", "boardingDisabled": "false"}, {"stationCode": "ANG", "stationName": "AHMADNAGAR", "arrivalTime": "06:52", "departureTime": "06:55", "routeNumber": "1", "haltTime": "03:00", "distance": "1027", "dayCount": "2", "stnSerialNumber": "13", "boardingDisabled": "false"}, {"stationCode": "DDCC", "stationName": "DAUND CHORD LIN", "arrivalTime": "10:03", "departureTime": "10:05", "routeNumber": "1", "haltTime": "02:00", "distance": "1108", "dayCount": "2", "stnSerialNumber": "14", "boardingDisabled": "false"}, {"stationCode": "PUNE", "stationName": "PUNE JN", "arrivalTime": "11:35", "departureTime": "--", "routeNumber": "1", "haltTime": "--", "distance": "1181", "dayCount": "2", "stnSerialNumber": "15", "boardingDisabled": "false"}]}