{"trainNumber": "02024", "trainName": "PNBE HWH SF SPL", "stationFrom": "PNBE", "stationTo": "HWH", "trainOwner": "0", "trainRunsOnMon": "N", "trainRunsOnTue": "N", "trainRunsOnWed": "N", "trainRunsOnThu": "N", "trainRunsOnFri": "N", "trainRunsOnSat": "N", "trainRunsOnSun": "Y", "timeStamp": "2023-06-19T15:30:57.948", "duration": "0", "stationList": [{"stationCode": "PNBE", "stationName": "PATNA JN", "arrivalTime": "--", "departureTime": "05:30", "routeNumber": "1", "haltTime": "--", "distance": "0", "dayCount": "1", "stnSerialNumber": "1", "boardingDisabled": "false"}, {"stationCode": "PNC", "stationName": "PATNA SAHEB", "arrivalTime": "05:43", "departureTime": "05:45", "routeNumber": "1", "haltTime": "02:00", "distance": "10", "dayCount": "1", "stnSerialNumber": "2", "boardingDisabled": "false"}, {"stationCode": "BKP", "stationName": "BAKHTIYARPUR JN", "arrivalTime": "06:08", "departureTime": "06:10", "routeNumber": "1", "haltTime": "02:00", "distance": "46", "dayCount": "1", "stnSerialNumber": "3", "boardingDisabled": "false"}, {"stationCode": "BARH", "stationName": "BARH", "arrivalTime": "06:20", "departureTime": "06:22", "routeNumber": "1", "haltTime": "02:00", "distance": "64", "dayCount": "1", "stnSerialNumber": "4", "boardingDisabled": "false"}, {"stationCode": "MKA", "stationName": "MOKAMEH JN", "arrivalTime": "06:45", "departureTime": "06:47", "routeNumber": "1", "haltTime": "02:00", "distance": "90", "dayCount": "1", "stnSerialNumber": "5", "boardingDisabled": "false"}, {"stationCode": "HTZ", "stationName": "HATHIDAH JN", "arrivalTime": "06:52", "departureTime": "06:54", "routeNumber": "1", "haltTime": "02:00", "distance": "97", "dayCount": "1", "stnSerialNumber": "6", "boardingDisabled": "false"}, {"stationCode": "LKR", "stationName": "LUCKEESARAI JN", "arrivalTime": "07:13", "departureTime": "07:15", "routeNumber": "1", "haltTime": "02:00", "distance": "123", "dayCount": "1", "stnSerialNumber": "7", "boardingDisabled": "false"}, {"stationCode": "JMU", "stationName": "JAMUI", "arrivalTime": "07:36", "departureTime": "07:38", "routeNumber": "1", "haltTime": "02:00", "distance": "152", "dayCount": "1", "stnSerialNumber": "8", "boardingDisabled": "false"}, {"stationCode": "JAJ", "stationName": "JHAJHA", "arrivalTime": "08:21", "departureTime": "08:26", "routeNumber": "1", "haltTime": "05:00", "distance": "178", "dayCount": "1", "stnSerialNumber": "9", "boardingDisabled": "false"}, {"stationCode": "JSME", "stationName": "JASIDIH JN", "arrivalTime": "08:59", "departureTime": "09:02", "routeNumber": "1", "haltTime": "03:00", "distance": "222", "dayCount": "1", "stnSerialNumber": "10", "boardingDisabled": "false"}, {"stationCode": "MDP", "stationName": "MADHUPUR JN", "arrivalTime": "09:20", "departureTime": "09:22", "routeNumber": "1", "haltTime": "02:00", "distance": "251", "dayCount": "1", "stnSerialNumber": "11", "boardingDisabled": "false"}, {"stationCode": "JMT", "stationName": "JAMTARA", "arrivalTime": "09:52", "departureTime": "09:53", "routeNumber": "1", "haltTime": "01:00", "distance": "293", "dayCount": "1", "stnSerialNumber": "12", "boardingDisabled": "false"}, {"stationCode": "CRJ", "stationName": "CHITTARANJAN", "arrivalTime": "10:06", "departureTime": "10:07", "routeNumber": "1", "haltTime": "01:00", "distance": "307", "dayCount": "1", "stnSerialNumber": "13", "boardingDisabled": "false"}, {"stationCode": "ASN", "stationName": "ASANSOL JN", "arrivalTime": "10:39", "departureTime": "10:43", "routeNumber": "1", "haltTime": "04:00", "distance": "332", "dayCount": "1", "stnSerialNumber": "14", "boardingDisabled": "false"}, {"stationCode": "DGR", "stationName": "DURGAPUR", "arrivalTime": "11:15", "departureTime": "11:17", "routeNumber": "1", "haltTime": "02:00", "distance": "374", "dayCount": "1", "stnSerialNumber": "15", "boardingDisabled": "false"}, {"stationCode": "HWH", "stationName": "HOWRAH JN", "arrivalTime": "13:25", "departureTime": "--", "routeNumber": "1", "haltTime": "--", "distance": "532", "dayCount": "1", "stnSerialNumber": "17", "boardingDisabled": "false"}]}