{"trainNumber": "02023", "trainName": "HWH PNBE SPL", "stationFrom": "HWH", "stationTo": "PNBE", "trainOwner": "0", "trainRunsOnMon": "N", "trainRunsOnTue": "N", "trainRunsOnWed": "N", "trainRunsOnThu": "N", "trainRunsOnFri": "N", "trainRunsOnSat": "N", "trainRunsOnSun": "Y", "timeStamp": "2023-06-19T15:30:58.012", "duration": "0", "stationList": [{"stationCode": "HWH", "stationName": "HOWRAH JN", "arrivalTime": "--", "departureTime": "14:15", "routeNumber": "1", "haltTime": "--", "distance": "0", "dayCount": "1", "stnSerialNumber": "1", "boardingDisabled": "false"}, {"stationCode": "DGR", "stationName": "DURGAPUR", "arrivalTime": "16:08", "departureTime": "16:09", "routeNumber": "1", "haltTime": "01:00", "distance": "158", "dayCount": "1", "stnSerialNumber": "3", "boardingDisabled": "false"}, {"stationCode": "ASN", "stationName": "ASANSOL JN", "arrivalTime": "16:40", "departureTime": "16:44", "routeNumber": "1", "haltTime": "04:00", "distance": "200", "dayCount": "1", "stnSerialNumber": "4", "boardingDisabled": "false"}, {"stationCode": "CRJ", "stationName": "CHITTARANJAN", "arrivalTime": "17:14", "departureTime": "17:15", "routeNumber": "1", "haltTime": "01:00", "distance": "225", "dayCount": "1", "stnSerialNumber": "5", "boardingDisabled": "false"}, {"stationCode": "JMT", "stationName": "JAMTARA", "arrivalTime": "17:30", "departureTime": "17:31", "routeNumber": "1", "haltTime": "01:00", "distance": "240", "dayCount": "1", "stnSerialNumber": "6", "boardingDisabled": "false"}, {"stationCode": "MDP", "stationName": "MADHUPUR JN", "arrivalTime": "18:01", "departureTime": "18:03", "routeNumber": "1", "haltTime": "02:00", "distance": "282", "dayCount": "1", "stnSerialNumber": "7", "boardingDisabled": "false"}, {"stationCode": "JSME", "stationName": "JASIDIH JN", "arrivalTime": "18:26", "departureTime": "18:29", "routeNumber": "1", "haltTime": "03:00", "distance": "311", "dayCount": "1", "stnSerialNumber": "8", "boardingDisabled": "false"}, {"stationCode": "JAJ", "stationName": "JHAJHA", "arrivalTime": "19:30", "departureTime": "19:35", "routeNumber": "1", "haltTime": "05:00", "distance": "355", "dayCount": "1", "stnSerialNumber": "9", "boardingDisabled": "false"}, {"stationCode": "JMU", "stationName": "JAMUI", "arrivalTime": "19:50", "departureTime": "19:52", "routeNumber": "1", "haltTime": "02:00", "distance": "381", "dayCount": "1", "stnSerialNumber": "10", "boardingDisabled": "false"}, {"stationCode": "LKR", "stationName": "LUCKEESARAI JN", "arrivalTime": "20:18", "departureTime": "20:20", "routeNumber": "1", "haltTime": "02:00", "distance": "410", "dayCount": "1", "stnSerialNumber": "11", "boardingDisabled": "false"}, {"stationCode": "HTZ", "stationName": "HATHIDAH JN", "arrivalTime": "20:38", "departureTime": "20:40", "routeNumber": "1", "haltTime": "02:00", "distance": "435", "dayCount": "1", "stnSerialNumber": "12", "boardingDisabled": "false"}, {"stationCode": "MKA", "stationName": "MOKAMEH JN", "arrivalTime": "20:52", "departureTime": "20:54", "routeNumber": "1", "haltTime": "02:00", "distance": "443", "dayCount": "1", "stnSerialNumber": "13", "boardingDisabled": "false"}, {"stationCode": "BARH", "stationName": "BARH", "arrivalTime": "21:10", "departureTime": "21:12", "routeNumber": "1", "haltTime": "02:00", "distance": "468", "dayCount": "1", "stnSerialNumber": "14", "boardingDisabled": "false"}, {"stationCode": "BKP", "stationName": "BAKHTIYARPUR JN", "arrivalTime": "21:30", "departureTime": "21:32", "routeNumber": "1", "haltTime": "02:00", "distance": "486", "dayCount": "1", "stnSerialNumber": "15", "boardingDisabled": "false"}, {"stationCode": "PNC", "stationName": "PATNA SAHEB", "arrivalTime": "22:03", "departureTime": "22:05", "routeNumber": "1", "haltTime": "02:00", "distance": "522", "dayCount": "1", "stnSerialNumber": "16", "boardingDisabled": "false"}, {"stationCode": "PNBE", "stationName": "PATNA JN", "arrivalTime": "22:30", "departureTime": "--", "routeNumber": "1", "haltTime": "--", "distance": "532", "dayCount": "1", "stnSerialNumber": "17", "boardingDisabled": "false"}]}