{"trainNumber": "02101", "trainName": "CSMT MANMAD SPL", "stationFrom": "CSMT", "stationTo": "MMR", "trainOwner": "0", "trainRunsOnMon": "Y", "trainRunsOnTue": "Y", "trainRunsOnWed": "Y", "trainRunsOnThu": "N", "trainRunsOnFri": "Y", "trainRunsOnSat": "Y", "trainRunsOnSun": "Y", "timeStamp": "2023-06-19T15:30:16.748", "duration": "0", "stationList": [{"stationCode": "DR", "stationName": "DADAR", "arrivalTime": "16:13", "departureTime": "16:15", "routeNumber": "1", "haltTime": "02:00", "distance": "9", "dayCount": "1", "stnSerialNumber": "2", "boardingDisabled": "false"}, {"stationCode": "TNA", "stationName": "THANE", "arrivalTime": "16:40", "departureTime": "16:42", "routeNumber": "1", "haltTime": "02:00", "distance": "34", "dayCount": "1", "stnSerialNumber": "3", "boardingDisabled": "false"}, {"stationCode": "KYN", "stationName": "KALYAN JN", "arrivalTime": "16:55", "departureTime": "16:57", "routeNumber": "1", "haltTime": "02:00", "distance": "54", "dayCount": "1", "stnSerialNumber": "4", "boardingDisabled": "false"}, {"stationCode": "IGP", "stationName": "IGATPURI", "arrivalTime": "18:27", "departureTime": "18:30", "routeNumber": "1", "haltTime": "03:00", "distance": "137", "dayCount": "1", "stnSerialNumber": "6", "boardingDisabled": "false"}, {"stationCode": "NK", "stationName": "NASHIK ROAD", "arrivalTime": "19:08", "departureTime": "19:10", "routeNumber": "1", "haltTime": "02:00", "distance": "188", "dayCount": "1", "stnSerialNumber": "7", "boardingDisabled": "false"}, {"stationCode": "NR", "stationName": "NIPHAD", "arrivalTime": "19:31", "departureTime": "19:32", "routeNumber": "1", "haltTime": "01:00", "distance": "219", "dayCount": "1", "stnSerialNumber": "8", "boardingDisabled": "false"}, {"stationCode": "LS", "stationName": "LASALGAON", "arrivalTime": "19:44", "departureTime": "19:45", "routeNumber": "1", "haltTime": "01:00", "distance": "236", "dayCount": "1", "stnSerialNumber": "9", "boardingDisabled": "false"}, {"stationCode": "MMR", "stationName": "MANMAD JN", "arrivalTime": "20:40", "departureTime": "--", "routeNumber": "1", "haltTime": "--", "distance": "261", "dayCount": "1", "stnSerialNumber": "10", "boardingDisabled": "false"}]}