{"trainNumber": "02102", "trainName": "MANMAD CSMT SPL", "stationFrom": "MMR", "stationTo": "CSMT", "trainOwner": "0", "trainRunsOnMon": "Y", "trainRunsOnTue": "Y", "trainRunsOnWed": "Y", "trainRunsOnThu": "N", "trainRunsOnFri": "Y", "trainRunsOnSat": "Y", "trainRunsOnSun": "Y", "timeStamp": "2023-06-19T15:30:16.737", "duration": "0", "stationList": [{"stationCode": "MMR", "stationName": "MANMAD JN", "arrivalTime": "--", "departureTime": "08:45", "routeNumber": "1", "haltTime": "--", "distance": "0", "dayCount": "1", "stnSerialNumber": "1", "boardingDisabled": "false"}, {"stationCode": "LS", "stationName": "LASALGAON", "arrivalTime": "09:04", "departureTime": "09:05", "routeNumber": "1", "haltTime": "01:00", "distance": "25", "dayCount": "1", "stnSerialNumber": "2", "boardingDisabled": "false"}, {"stationCode": "NR", "stationName": "NIPHAD", "arrivalTime": "09:17", "departureTime": "09:18", "routeNumber": "1", "haltTime": "01:00", "distance": "42", "dayCount": "1", "stnSerialNumber": "3", "boardingDisabled": "false"}, {"stationCode": "NK", "stationName": "NASHIK ROAD", "arrivalTime": "09:38", "departureTime": "09:40", "routeNumber": "1", "haltTime": "02:00", "distance": "74", "dayCount": "1", "stnSerialNumber": "4", "boardingDisabled": "false"}, {"stationCode": "IGP", "stationName": "IGATPURI", "arrivalTime": "10:32", "departureTime": "10:35", "routeNumber": "1", "haltTime": "03:00", "distance": "124", "dayCount": "1", "stnSerialNumber": "5", "boardingDisabled": "false"}, {"stationCode": "KYN", "stationName": "KALYAN JN", "arrivalTime": "12:23", "departureTime": "12:25", "routeNumber": "1", "haltTime": "02:00", "distance": "207", "dayCount": "1", "stnSerialNumber": "7", "boardingDisabled": "false"}, {"stationCode": "TNA", "stationName": "THANE", "arrivalTime": "12:38", "departureTime": "12:40", "routeNumber": "1", "haltTime": "02:00", "distance": "228", "dayCount": "1", "stnSerialNumber": "8", "boardingDisabled": "false"}, {"stationCode": "DR", "stationName": "DADAR", "arrivalTime": "13:15", "departureTime": "13:16", "routeNumber": "1", "haltTime": "01:00", "distance": "252", "dayCount": "1", "stnSerialNumber": "9", "boardingDisabled": "false"}]}