{"trainNumber": "02131", "trainName": "PUNE JBP SF SPL", "stationFrom": "PUNE", "stationTo": "JBP", "trainOwner": "0", "trainRunsOnMon": "Y", "trainRunsOnTue": "N", "trainRunsOnWed": "N", "trainRunsOnThu": "N", "trainRunsOnFri": "N", "trainRunsOnSat": "N", "trainRunsOnSun": "N", "timeStamp": "2023-06-19T15:31:05.471", "duration": "0", "stationList": [{"stationCode": "PUNE", "stationName": "PUNE JN", "arrivalTime": "--", "departureTime": "11:30", "routeNumber": "1", "haltTime": "--", "distance": "0", "dayCount": "1", "stnSerialNumber": "1", "boardingDisabled": "false"}, {"stationCode": "DDCC", "stationName": "DAUND CHORD LIN", "arrivalTime": "12:38", "departureTime": "12:40", "routeNumber": "1", "haltTime": "02:00", "distance": "73", "dayCount": "1", "stnSerialNumber": "2", "boardingDisabled": "false"}, {"stationCode": "ANG", "stationName": "AHMADNAGAR", "arrivalTime": "14:02", "departureTime": "14:05", "routeNumber": "1", "haltTime": "03:00", "distance": "155", "dayCount": "1", "stnSerialNumber": "3", "boardingDisabled": "false"}, {"stationCode": "BAP", "stationName": "BELAPUR", "arrivalTime": "15:10", "departureTime": "15:12", "routeNumber": "1", "haltTime": "02:00", "distance": "222", "dayCount": "1", "stnSerialNumber": "4", "boardingDisabled": "false"}, {"stationCode": "KPG", "stationName": "KOPARGAON", "arrivalTime": "15:48", "departureTime": "15:50", "routeNumber": "1", "haltTime": "02:00", "distance": "266", "dayCount": "1", "stnSerialNumber": "5", "boardingDisabled": "false"}, {"stationCode": "MMR", "stationName": "MANMAD JN", "arrivalTime": "17:20", "departureTime": "17:25", "routeNumber": "1", "haltTime": "05:00", "distance": "308", "dayCount": "1", "stnSerialNumber": "7", "boardingDisabled": "false"}, {"stationCode": "BSL", "stationName": "BHUSAVAL JN", "arrivalTime": "19:45", "departureTime": "19:50", "routeNumber": "1", "haltTime": "05:00", "distance": "492", "dayCount": "1", "stnSerialNumber": "8", "boardingDisabled": "false"}, {"stationCode": "HD", "stationName": "HARDA", "arrivalTime": "00:25", "departureTime": "00:27", "routeNumber": "1", "haltTime": "02:00", "distance": "723", "dayCount": "2", "stnSerialNumber": "10", "boardingDisabled": "false"}, {"stationCode": "ET", "stationName": "ITARSI JN", "arrivalTime": "02:00", "departureTime": "02:10", "routeNumber": "1", "haltTime": "10:00", "distance": "799", "dayCount": "2", "stnSerialNumber": "11", "boardingDisabled": "false"}, {"stationCode": "PPI", "stationName": "PIPARIYA", "arrivalTime": "03:18", "departureTime": "03:20", "routeNumber": "1", "haltTime": "02:00", "distance": "866", "dayCount": "2", "stnSerialNumber": "12", "boardingDisabled": "false"}, {"stationCode": "NU", "stationName": "NARSINGHPUR", "arrivalTime": "04:28", "departureTime": "04:30", "routeNumber": "1", "haltTime": "02:00", "distance": "960", "dayCount": "2", "stnSerialNumber": "13", "boardingDisabled": "false"}, {"stationCode": "MML", "stationName": "MADAN MAHAL", "arrivalTime": "05:38", "departureTime": "05:40", "routeNumber": "1", "haltTime": "02:00", "distance": "1040", "dayCount": "2", "stnSerialNumber": "14", "boardingDisabled": "false"}, {"stationCode": "JBP", "stationName": "JABALPUR", "arrivalTime": "06:00", "departureTime": "--", "routeNumber": "1", "haltTime": "--", "distance": "1044", "dayCount": "2", "stnSerialNumber": "15", "boardingDisabled": "false"}]}