{"trainNumber": "02134", "trainName": "BDTS FESTIVL SPL", "stationFrom": "JBP", "stationTo": "BDTS", "trainOwner": "0", "trainRunsOnMon": "N", "trainRunsOnTue": "N", "trainRunsOnWed": "N", "trainRunsOnThu": "N", "trainRunsOnFri": "Y", "trainRunsOnSat": "N", "trainRunsOnSun": "N", "timeStamp": "2023-06-19T15:31:05.396", "duration": "0", "stationList": [{"stationCode": "JBP", "stationName": "JABALPUR", "arrivalTime": "--", "departureTime": "17:00", "routeNumber": "1", "haltTime": "--", "distance": "0", "dayCount": "1", "stnSerialNumber": "1", "boardingDisabled": "false"}, {"stationCode": "NU", "stationName": "NARSINGHPUR", "arrivalTime": "18:03", "departureTime": "18:05", "routeNumber": "1", "haltTime": "02:00", "distance": "85", "dayCount": "1", "stnSerialNumber": "2", "boardingDisabled": "false"}, {"stationCode": "PPI", "stationName": "PIPARIYA", "arrivalTime": "19:04", "departureTime": "19:06", "routeNumber": "1", "haltTime": "02:00", "distance": "178", "dayCount": "1", "stnSerialNumber": "3", "boardingDisabled": "false"}, {"stationCode": "ET", "stationName": "ITARSI JN", "arrivalTime": "20:30", "departureTime": "20:45", "routeNumber": "1", "haltTime": "15:00", "distance": "246", "dayCount": "1", "stnSerialNumber": "4", "boardingDisabled": "false"}, {"stationCode": "NDPM", "stationName": "NARMADAPURAM", "arrivalTime": "21:05", "departureTime": "21:07", "routeNumber": "1", "haltTime": "02:00", "distance": "263", "dayCount": "1", "stnSerialNumber": "5", "boardingDisabled": "false"}, {"stationCode": "BPL", "stationName": "BHOPAL  JN", "arrivalTime": "22:25", "departureTime": "22:35", "routeNumber": "1", "haltTime": "10:00", "distance": "344", "dayCount": "1", "stnSerialNumber": "6", "boardingDisabled": "false"}, {"stationCode": "SHRN", "stationName": "S HIRDARAMNAGAR", "arrivalTime": "23:00", "departureTime": "23:05", "routeNumber": "1", "haltTime": "05:00", "distance": "354", "dayCount": "1", "stnSerialNumber": "7", "boardingDisabled": "false"}, {"stationCode": "UJN", "stationName": "UJJAIN JN", "arrivalTime": "01:40", "departureTime": "01:45", "routeNumber": "1", "haltTime": "05:00", "distance": "527", "dayCount": "2", "stnSerialNumber": "8", "boardingDisabled": "false"}, {"stationCode": "RTM", "stationName": "RATLAM JN", "arrivalTime": "03:50", "departureTime": "03:55", "routeNumber": "1", "haltTime": "05:00", "distance": "624", "dayCount": "2", "stnSerialNumber": "9", "boardingDisabled": "false"}, {"stationCode": "BRC", "stationName": "VADODARA JN", "arrivalTime": "08:00", "departureTime": "08:10", "routeNumber": "1", "haltTime": "10:00", "distance": "885", "dayCount": "2", "stnSerialNumber": "10", "boardingDisabled": "false"}, {"stationCode": "ST", "stationName": "SURAT", "arrivalTime": "10:17", "departureTime": "10:22", "routeNumber": "1", "haltTime": "05:00", "distance": "1014", "dayCount": "2", "stnSerialNumber": "11", "boardingDisabled": "false"}, {"stationCode": "VAPI", "stationName": "VAPI", "arrivalTime": "11:34", "departureTime": "11:36", "routeNumber": "1", "haltTime": "02:00", "distance": "1107", "dayCount": "2", "stnSerialNumber": "12", "boardingDisabled": "false"}, {"stationCode": "BVI", "stationName": "BORIVALI", "arrivalTime": "13:07", "departureTime": "13:10", "routeNumber": "1", "haltTime": "03:00", "distance": "1247", "dayCount": "2", "stnSerialNumber": "13", "boardingDisabled": "false"}, {"stationCode": "BDTS", "stationName": "BANDRA TERMINUS", "arrivalTime": "14:10", "departureTime": "--", "routeNumber": "1", "haltTime": "--", "distance": "1266", "dayCount": "2", "stnSerialNumber": "14", "boardingDisabled": "false"}]}{"trainNumber": "02134", "trainName": "BDTS FESTIVL SPL", "stationFrom": "JBP", "stationTo": "BDTS", "trainOwner": "0", "trainRunsOnMon": "N", "trainRunsOnTue": "N", "trainRunsOnWed": "N", "trainRunsOnThu": "N", "trainRunsOnFri": "Y", "trainRunsOnSat": "N", "trainRunsOnSun": "N", "timeStamp": "2023-06-19T15:31:52.249", "duration": "0", "stationList": [{"stationCode": "JBP", "stationName": "JABALPUR", "arrivalTime": "--", "departureTime": "17:00", "routeNumber": "1", "haltTime": "--", "distance": "0", "dayCount": "1", "stnSerialNumber": "1", "boardingDisabled": "false"}, {"stationCode": "NU", "stationName": "NARSINGHPUR", "arrivalTime": "18:03", "departureTime": "18:05", "routeNumber": "1", "haltTime": "02:00", "distance": "85", "dayCount": "1", "stnSerialNumber": "2", "boardingDisabled": "false"}, {"stationCode": "PPI", "stationName": "PIPARIYA", "arrivalTime": "19:04", "departureTime": "19:06", "routeNumber": "1", "haltTime": "02:00", "distance": "178", "dayCount": "1", "stnSerialNumber": "3", "boardingDisabled": "false"}, {"stationCode": "ET", "stationName": "ITARSI JN", "arrivalTime": "20:30", "departureTime": "20:45", "routeNumber": "1", "haltTime": "15:00", "distance": "246", "dayCount": "1", "stnSerialNumber": "4", "boardingDisabled": "false"}, {"stationCode": "NDPM", "stationName": "NARMADAPURAM", "arrivalTime": "21:05", "departureTime": "21:07", "routeNumber": "1", "haltTime": "02:00", "distance": "263", "dayCount": "1", "stnSerialNumber": "5", "boardingDisabled": "false"}, {"stationCode": "BPL", "stationName": "BHOPAL  JN", "arrivalTime": "22:25", "departureTime": "22:35", "routeNumber": "1", "haltTime": "10:00", "distance": "344", "dayCount": "1", "stnSerialNumber": "6", "boardingDisabled": "false"}, {"stationCode": "SHRN", "stationName": "S HIRDARAMNAGAR", "arrivalTime": "23:00", "departureTime": "23:05", "routeNumber": "1", "haltTime": "05:00", "distance": "354", "dayCount": "1", "stnSerialNumber": "7", "boardingDisabled": "false"}, {"stationCode": "UJN", "stationName": "UJJAIN JN", "arrivalTime": "01:40", "departureTime": "01:45", "routeNumber": "1", "haltTime": "05:00", "distance": "527", "dayCount": "2", "stnSerialNumber": "8", "boardingDisabled": "false"}, {"stationCode": "RTM", "stationName": "RATLAM JN", "arrivalTime": "03:50", "departureTime": "03:55", "routeNumber": "1", "haltTime": "05:00", "distance": "624", "dayCount": "2", "stnSerialNumber": "9", "boardingDisabled": "false"}, {"stationCode": "BRC", "stationName": "VADODARA JN", "arrivalTime": "08:00", "departureTime": "08:10", "routeNumber": "1", "haltTime": "10:00", "distance": "885", "dayCount": "2", "stnSerialNumber": "10", "boardingDisabled": "false"}, {"stationCode": "ST", "stationName": "SURAT", "arrivalTime": "10:17", "departureTime": "10:22", "routeNumber": "1", "haltTime": "05:00", "distance": "1014", "dayCount": "2", "stnSerialNumber": "11", "boardingDisabled": "false"}, {"stationCode": "VAPI", "stationName": "VAPI", "arrivalTime": "11:34", "departureTime": "11:36", "routeNumber": "1", "haltTime": "02:00", "distance": "1107", "dayCount": "2", "stnSerialNumber": "12", "boardingDisabled": "false"}, {"stationCode": "BVI", "stationName": "BORIVALI", "arrivalTime": "13:07", "departureTime": "13:10", "routeNumber": "1", "haltTime": "03:00", "distance": "1247", "dayCount": "2", "stnSerialNumber": "13", "boardingDisabled": "false"}, {"stationCode": "BDTS", "stationName": "BANDRA TERMINUS", "arrivalTime": "14:10", "departureTime": "--", "routeNumber": "1", "haltTime": "--", "distance": "1266", "dayCount": "2", "stnSerialNumber": "14", "boardingDisabled": "false"}]}