{"trainNumber": "02186", "trainName": "REWA RKMP SPL", "stationFrom": "REWA", "stationTo": "RKMP", "trainOwner": "0", "trainRunsOnMon": "N", "trainRunsOnTue": "N", "trainRunsOnWed": "N", "trainRunsOnThu": "N", "trainRunsOnFri": "N", "trainRunsOnSat": "Y", "trainRunsOnSun": "N", "timeStamp": "2023-06-19T15:31:04.524", "duration": "0", "stationList": [{"stationCode": "REWA", "stationName": "REWA", "arrivalTime": "--", "departureTime": "12:30", "routeNumber": "1", "haltTime": "--", "distance": "0", "dayCount": "1", "stnSerialNumber": "1", "boardingDisabled": "false"}, {"stationCode": "STA", "stationName": "SATNA", "arrivalTime": "13:20", "departureTime": "13:25", "routeNumber": "1", "haltTime": "05:00", "distance": "50", "dayCount": "1", "stnSerialNumber": "2", "boardingDisabled": "false"}, {"stationCode": "MYR", "stationName": "MAIHAR", "arrivalTime": "13:50", "departureTime": "13:52", "routeNumber": "1", "haltTime": "02:00", "distance": "85", "dayCount": "1", "stnSerialNumber": "3", "boardingDisabled": "false"}, {"stationCode": "KMZ", "stationName": "KATNI MURWARA", "arrivalTime": "14:50", "departureTime": "14:55", "routeNumber": "1", "haltTime": "05:00", "distance": "150", "dayCount": "1", "stnSerialNumber": "4", "boardingDisabled": "false"}, {"stationCode": "DMO", "stationName": "DAMOH", "arrivalTime": "16:10", "departureTime": "16:15", "routeNumber": "1", "haltTime": "05:00", "distance": "259", "dayCount": "1", "stnSerialNumber": "5", "boardingDisabled": "false"}, {"stationCode": "SGO", "stationName": "SAUGOR", "arrivalTime": "17:15", "departureTime": "17:20", "routeNumber": "1", "haltTime": "05:00", "distance": "336", "dayCount": "1", "stnSerialNumber": "6", "boardingDisabled": "false"}, {"stationCode": "BINA", "stationName": "BINA JN", "arrivalTime": "18:45", "departureTime": "18:50", "routeNumber": "1", "haltTime": "05:00", "distance": "411", "dayCount": "1", "stnSerialNumber": "7", "boardingDisabled": "false"}, {"stationCode": "BHS", "stationName": "VIDISHA", "arrivalTime": "19:50", "departureTime": "19:52", "routeNumber": "1", "haltTime": "02:00", "distance": "496", "dayCount": "1", "stnSerialNumber": "8", "boardingDisabled": "false"}, {"stationCode": "RKMP", "stationName": "RANI KAMALAPATI", "arrivalTime": "21:15", "departureTime": "--", "routeNumber": "1", "haltTime": "--", "distance": "555", "dayCount": "1", "stnSerialNumber": "9", "boardingDisabled": "false"}]}