{"trainNumber": "02187", "trainName": "REWA CSMT SPL", "stationFrom": "REWA", "stationTo": "CSMT", "trainOwner": "0", "trainRunsOnMon": "N", "trainRunsOnTue": "N", "trainRunsOnWed": "N", "trainRunsOnThu": "Y", "trainRunsOnFri": "N", "trainRunsOnSat": "N", "trainRunsOnSun": "N", "timeStamp": "2023-06-19T15:31:04.477", "duration": "0", "stationList": [{"stationCode": "REWA", "stationName": "REWA", "arrivalTime": "--", "departureTime": "16:00", "routeNumber": "1", "haltTime": "--", "distance": "0", "dayCount": "1", "stnSerialNumber": "1", "boardingDisabled": "false"}, {"stationCode": "STA", "stationName": "SATNA", "arrivalTime": "16:55", "departureTime": "17:00", "routeNumber": "1", "haltTime": "05:00", "distance": "50", "dayCount": "1", "stnSerialNumber": "2", "boardingDisabled": "false"}, {"stationCode": "MYR", "stationName": "MAIHAR", "arrivalTime": "17:25", "departureTime": "17:27", "routeNumber": "1", "haltTime": "02:00", "distance": "85", "dayCount": "1", "stnSerialNumber": "3", "boardingDisabled": "false"}, {"stationCode": "KTE", "stationName": "KATNI", "arrivalTime": "18:15", "departureTime": "18:20", "routeNumber": "1", "haltTime": "05:00", "distance": "148", "dayCount": "1", "stnSerialNumber": "4", "boardingDisabled": "false"}, {"stationCode": "JBP", "stationName": "JABALPUR", "arrivalTime": "19:40", "departureTime": "19:50", "routeNumber": "1", "haltTime": "10:00", "distance": "239", "dayCount": "1", "stnSerialNumber": "5", "boardingDisabled": "false"}, {"stationCode": "NU", "stationName": "NARSINGHPUR", "arrivalTime": "20:48", "departureTime": "20:50", "routeNumber": "1", "haltTime": "02:00", "distance": "323", "dayCount": "1", "stnSerialNumber": "6", "boardingDisabled": "false"}, {"stationCode": "GAR", "stationName": "GADARWARA", "arrivalTime": "21:18", "departureTime": "21:20", "routeNumber": "1", "haltTime": "02:00", "distance": "367", "dayCount": "1", "stnSerialNumber": "7", "boardingDisabled": "false"}, {"stationCode": "PPI", "stationName": "PIPARIYA", "arrivalTime": "21:53", "departureTime": "21:55", "routeNumber": "1", "haltTime": "02:00", "distance": "417", "dayCount": "1", "stnSerialNumber": "8", "boardingDisabled": "false"}, {"stationCode": "ET", "stationName": "ITARSI JN", "arrivalTime": "23:20", "departureTime": "23:30", "routeNumber": "1", "haltTime": "10:00", "distance": "484", "dayCount": "1", "stnSerialNumber": "9", "boardingDisabled": "false"}, {"stationCode": "HD", "stationName": "HARDA", "arrivalTime": "00:22", "departureTime": "00:24", "routeNumber": "1", "haltTime": "02:00", "distance": "559", "dayCount": "2", "stnSerialNumber": "10", "boardingDisabled": "false"}, {"stationCode": "KNW", "stationName": "KHANDWA", "arrivalTime": "02:05", "departureTime": "02:07", "routeNumber": "1", "haltTime": "02:00", "distance": "667", "dayCount": "2", "stnSerialNumber": "11", "boardingDisabled": "false"}, {"stationCode": "BSL", "stationName": "BHUSAVAL JN", "arrivalTime": "04:00", "departureTime": "04:05", "routeNumber": "1", "haltTime": "05:00", "distance": "791", "dayCount": "2", "stnSerialNumber": "12", "boardingDisabled": "false"}, {"stationCode": "MMR", "stationName": "MANMAD JN", "arrivalTime": "06:53", "departureTime": "06:55", "routeNumber": "1", "haltTime": "02:00", "distance": "975", "dayCount": "2", "stnSerialNumber": "13", "boardingDisabled": "false"}, {"stationCode": "NK", "stationName": "NASHIK ROAD", "arrivalTime": "07:52", "departureTime": "07:55", "routeNumber": "1", "haltTime": "03:00", "distance": "1048", "dayCount": "2", "stnSerialNumber": "14", "boardingDisabled": "false"}, {"stationCode": "KYN", "stationName": "KALYAN JN", "arrivalTime": "11:00", "departureTime": "11:03", "routeNumber": "1", "haltTime": "03:00", "distance": "1182", "dayCount": "2", "stnSerialNumber": "15", "boardingDisabled": "false"}, {"stationCode": "DR", "stationName": "DADAR", "arrivalTime": "11:57", "departureTime": "12:00", "routeNumber": "1", "haltTime": "03:00", "distance": "1226", "dayCount": "2", "stnSerialNumber": "16", "boardingDisabled": "false"}, {"stationCode": "CSMT", "stationName": "C SHIVAJI MAH T", "arrivalTime": "12:20", "departureTime": "--", "routeNumber": "1", "haltTime": "--", "distance": "1235", "dayCount": "2", "stnSerialNumber": "17", "boardingDisabled": "false"}]}