{"trainNumber": "02199", "trainName": "VGLB BDTS FEST", "stationFrom": "VGLJ", "stationTo": "BDTS", "trainOwner": "0", "trainRunsOnMon": "N", "trainRunsOnTue": "N", "trainRunsOnWed": "N", "trainRunsOnThu": "Y", "trainRunsOnFri": "N", "trainRunsOnSat": "N", "trainRunsOnSun": "N", "timeStamp": "2023-06-19T15:31:05.036", "duration": "0", "stationList": [{"stationCode": "VGLJ", "stationName": "V LAKSHMIBAIJHS", "arrivalTime": "--", "departureTime": "16:50", "routeNumber": "1", "haltTime": "--", "distance": "0", "dayCount": "1", "stnSerialNumber": "1", "boardingDisabled": "false"}, {"stationCode": "DAA", "stationName": "DATIA", "arrivalTime": "17:12", "departureTime": "17:14", "routeNumber": "1", "haltTime": "02:00", "distance": "25", "dayCount": "1", "stnSerialNumber": "2", "boardingDisabled": "false"}, {"stationCode": "DBA", "stationName": "DABRA", "arrivalTime": "17:36", "departureTime": "17:38", "routeNumber": "1", "haltTime": "02:00", "distance": "56", "dayCount": "1", "stnSerialNumber": "3", "boardingDisabled": "false"}, {"stationCode": "GWL", "stationName": "GWALIOR", "arrivalTime": "18:30", "departureTime": "18:55", "routeNumber": "1", "haltTime": "25:00", "distance": "98", "dayCount": "1", "stnSerialNumber": "4", "boardingDisabled": "false"}, {"stationCode": "SVPI", "stationName": "SHIVPURI", "arrivalTime": "20:43", "departureTime": "20:45", "routeNumber": "1", "haltTime": "02:00", "distance": "223", "dayCount": "1", "stnSerialNumber": "5", "boardingDisabled": "false"}, {"stationCode": "GUNA", "stationName": "GUNA", "arrivalTime": "22:55", "departureTime": "23:05", "routeNumber": "1", "haltTime": "10:00", "distance": "325", "dayCount": "1", "stnSerialNumber": "6", "boardingDisabled": "false"}, {"stationCode": "RTA", "stationName": "RUTHIYAI", "arrivalTime": "23:33", "departureTime": "23:35", "routeNumber": "1", "haltTime": "02:00", "distance": "346", "dayCount": "1", "stnSerialNumber": "7", "boardingDisabled": "false"}, {"stationCode": "CBK", "stationName": "CHACHAURA BNGJ", "arrivalTime": "00:08", "departureTime": "00:10", "routeNumber": "1", "haltTime": "02:00", "distance": "392", "dayCount": "2", "stnSerialNumber": "8", "boardingDisabled": "false"}, {"stationCode": "BRRG", "stationName": "BIYAVRA RAJGARH", "arrivalTime": "00:53", "departureTime": "00:55", "routeNumber": "1", "haltTime": "02:00", "distance": "422", "dayCount": "2", "stnSerialNumber": "9", "boardingDisabled": "false"}, {"stationCode": "MKC", "stationName": "MAKSI", "arrivalTime": "03:05", "departureTime": "03:07", "routeNumber": "1", "haltTime": "02:00", "distance": "539", "dayCount": "2", "stnSerialNumber": "11", "boardingDisabled": "false"}, {"stationCode": "UJN", "stationName": "UJJAIN JN", "arrivalTime": "03:50", "departureTime": "04:00", "routeNumber": "1", "haltTime": "10:00", "distance": "580", "dayCount": "2", "stnSerialNumber": "12", "boardingDisabled": "false"}, {"stationCode": "NAD", "stationName": "NAGDA JN", "arrivalTime": "05:08", "departureTime": "05:10", "routeNumber": "1", "haltTime": "02:00", "distance": "635", "dayCount": "2", "stnSerialNumber": "13", "boardingDisabled": "false"}, {"stationCode": "RTM", "stationName": "RATLAM JN", "arrivalTime": "06:05", "departureTime": "06:15", "routeNumber": "1", "haltTime": "10:00", "distance": "676", "dayCount": "2", "stnSerialNumber": "14", "boardingDisabled": "false"}, {"stationCode": "DHD", "stationName": "DAHOD", "arrivalTime": "07:39", "departureTime": "07:41", "routeNumber": "1", "haltTime": "02:00", "distance": "790", "dayCount": "2", "stnSerialNumber": "15", "boardingDisabled": "false"}, {"stationCode": "GDA", "stationName": "GODHRA JN", "arrivalTime": "08:55", "departureTime": "08:57", "routeNumber": "1", "haltTime": "02:00", "distance": "864", "dayCount": "2", "stnSerialNumber": "16", "boardingDisabled": "false"}, {"stationCode": "BRC", "stationName": "VADODARA JN", "arrivalTime": "10:10", "departureTime": "10:20", "routeNumber": "1", "haltTime": "10:00", "distance": "938", "dayCount": "2", "stnSerialNumber": "17", "boardingDisabled": "false"}, {"stationCode": "BH", "stationName": "BHARUCH JN", "arrivalTime": "11:26", "departureTime": "11:28", "routeNumber": "1", "haltTime": "02:00", "distance": "1008", "dayCount": "2", "stnSerialNumber": "18", "boardingDisabled": "false"}, {"stationCode": "ST", "stationName": "SURAT", "arrivalTime": "12:25", "departureTime": "12:30", "routeNumber": "1", "haltTime": "05:00", "distance": "1067", "dayCount": "2", "stnSerialNumber": "19", "boardingDisabled": "false"}, {"stationCode": "VAPI", "stationName": "VAPI", "arrivalTime": "13:38", "departureTime": "13:40", "routeNumber": "1", "haltTime": "02:00", "distance": "1159", "dayCount": "2", "stnSerialNumber": "20", "boardingDisabled": "false"}, {"stationCode": "BVI", "stationName": "BORIVALI", "arrivalTime": "15:14", "departureTime": "15:17", "routeNumber": "1", "haltTime": "03:00", "distance": "1300", "dayCount": "2", "stnSerialNumber": "21", "boardingDisabled": "false"}, {"stationCode": "BDTS", "stationName": "BANDRA TERMINUS", "arrivalTime": "16:00", "departureTime": "--", "routeNumber": "1", "haltTime": "--", "distance": "1318", "dayCount": "2", "stnSerialNumber": "22", "boardingDisabled": "false"}]}