{"trainNumber": "02197", "trainName": "CBE JBP SF SPL", "stationFrom": "CBE", "stationTo": "JBP", "trainOwner": "0", "trainRunsOnMon": "Y", "trainRunsOnTue": "N", "trainRunsOnWed": "N", "trainRunsOnThu": "N", "trainRunsOnFri": "N", "trainRunsOnSat": "N", "trainRunsOnSun": "N", "timeStamp": "2023-06-19T15:30:48.479", "duration": "0", "stationList": [{"stationCode": "CBE", "stationName": "COIMBATORE JN", "arrivalTime": "--", "departureTime": "15:25", "routeNumber": "1", "haltTime": "--", "distance": "0", "dayCount": "1", "stnSerialNumber": "1", "boardingDisabled": "false"}, {"stationCode": "PGT", "stationName": "PALAKKAD JN", "arrivalTime": "16:30", "departureTime": "16:35", "routeNumber": "1", "haltTime": "05:00", "distance": "55", "dayCount": "1", "stnSerialNumber": "2", "boardingDisabled": "false"}, {"stationCode": "SRR", "stationName": "SHORANUR JN", "arrivalTime": "17:15", "departureTime": "17:20", "routeNumber": "1", "haltTime": "05:00", "distance": "99", "dayCount": "1", "stnSerialNumber": "3", "boardingDisabled": "false"}, {"stationCode": "TIR", "stationName": "TIRUR", "arrivalTime": "17:58", "departureTime": "18:00", "routeNumber": "1", "haltTime": "02:00", "distance": "144", "dayCount": "1", "stnSerialNumber": "4", "boardingDisabled": "false"}, {"stationCode": "CLT", "stationName": "KOZHIKKODE", "arrivalTime": "18:25", "departureTime": "18:30", "routeNumber": "1", "haltTime": "05:00", "distance": "185", "dayCount": "1", "stnSerialNumber": "5", "boardingDisabled": "false"}, {"stationCode": "BDJ", "stationName": "VADAKARA", "arrivalTime": "19:02", "departureTime": "19:04", "routeNumber": "1", "haltTime": "02:00", "distance": "231", "dayCount": "1", "stnSerialNumber": "6", "boardingDisabled": "false"}, {"stationCode": "CAN", "stationName": "KANNUR", "arrivalTime": "19:45", "departureTime": "19:50", "routeNumber": "1", "haltTime": "05:00", "distance": "274", "dayCount": "1", "stnSerialNumber": "7", "boardingDisabled": "false"}, {"stationCode": "KGQ", "stationName": "KASARAGOD", "arrivalTime": "20:53", "departureTime": "20:55", "routeNumber": "1", "haltTime": "02:00", "distance": "360", "dayCount": "1", "stnSerialNumber": "8", "boardingDisabled": "false"}, {"stationCode": "MAJN", "stationName": "MANGALURU JN", "arrivalTime": "23:00", "departureTime": "23:10", "routeNumber": "1", "haltTime": "10:00", "distance": "411", "dayCount": "1", "stnSerialNumber": "9", "boardingDisabled": "false"}, {"stationCode": "MULK", "stationName": "MULKI", "arrivalTime": "01:02", "departureTime": "01:04", "routeNumber": "1", "haltTime": "02:00", "distance": "447", "dayCount": "2", "stnSerialNumber": "10", "boardingDisabled": "false"}, {"stationCode": "UD", "stationName": "UDUPI", "arrivalTime": "01:34", "departureTime": "01:36", "routeNumber": "1", "haltTime": "02:00", "distance": "493", "dayCount": "2", "stnSerialNumber": "11", "boardingDisabled": "false"}, {"stationCode": "KUDA", "stationName": "KUNDAPURA", "arrivalTime": "02:00", "departureTime": "02:02", "routeNumber": "1", "haltTime": "02:00", "distance": "537", "dayCount": "2", "stnSerialNumber": "12", "boardingDisabled": "false"}, {"stationCode": "BYNR", "stationName": "MOOKAMBIKA ROAD", "arrivalTime": "02:26", "departureTime": "02:28", "routeNumber": "1", "haltTime": "02:00", "distance": "584", "dayCount": "2", "stnSerialNumber": "13", "boardingDisabled": "false"}, {"stationCode": "KT", "stationName": "KUMTA", "arrivalTime": "03:30", "departureTime": "03:32", "routeNumber": "1", "haltTime": "02:00", "distance": "683", "dayCount": "2", "stnSerialNumber": "14", "boardingDisabled": "false"}, {"stationCode": "KAWR", "stationName": "KARWAR", "arrivalTime": "04:30", "departureTime": "04:32", "routeNumber": "1", "haltTime": "02:00", "distance": "760", "dayCount": "2", "stnSerialNumber": "15", "boardingDisabled": "false"}, {"stationCode": "MAO", "stationName": "MADGAON", "arrivalTime": "05:45", "departureTime": "05:55", "routeNumber": "1", "haltTime": "10:00", "distance": "842", "dayCount": "2", "stnSerialNumber": "16", "boardingDisabled": "false"}, {"stationCode": "THVM", "stationName": "THIVIM", "arrivalTime": "06:36", "departureTime": "06:38", "routeNumber": "1", "haltTime": "02:00", "distance": "906", "dayCount": "2", "stnSerialNumber": "17", "boardingDisabled": "false"}, {"stationCode": "KUDL", "stationName": "KUDAL", "arrivalTime": "07:28", "departureTime": "07:30", "routeNumber": "1", "haltTime": "02:00", "distance": "981", "dayCount": "2", "stnSerialNumber": "18", "boardingDisabled": "false"}, {"stationCode": "KKW", "stationName": "KANKAVALI", "arrivalTime": "08:35", "departureTime": "08:37", "routeNumber": "1", "haltTime": "02:00", "distance": "1020", "dayCount": "2", "stnSerialNumber": "19", "boardingDisabled": "false"}, {"stationCode": "RN", "stationName": "RATNAGIRI", "arrivalTime": "10:50", "departureTime": "10:55", "routeNumber": "1", "haltTime": "05:00", "distance": "1176", "dayCount": "2", "stnSerialNumber": "20", "boardingDisabled": "false"}, {"stationCode": "CHI", "stationName": "CHIPLUN", "arrivalTime": "13:00", "departureTime": "13:02", "routeNumber": "1", "haltTime": "02:00", "distance": "1282", "dayCount": "2", "stnSerialNumber": "21", "boardingDisabled": "false"}, {"stationCode": "KHED", "stationName": "KHED", "arrivalTime": "13:30", "departureTime": "13:32", "routeNumber": "1", "haltTime": "02:00", "distance": "1324", "dayCount": "2", "stnSerialNumber": "22", "boardingDisabled": "false"}, {"stationCode": "ROHA", "stationName": "ROHA", "arrivalTime": "15:50", "departureTime": "15:55", "routeNumber": "1", "haltTime": "05:00", "distance": "1461", "dayCount": "2", "stnSerialNumber": "23", "boardingDisabled": "false"}, {"stationCode": "PNVL", "stationName": "PANVEL", "arrivalTime": "16:50", "departureTime": "16:55", "routeNumber": "1", "haltTime": "05:00", "distance": "1539", "dayCount": "2", "stnSerialNumber": "24", "boardingDisabled": "false"}, {"stationCode": "NK", "stationName": "NASHIK ROAD", "arrivalTime": "20:40", "departureTime": "20:45", "routeNumber": "1", "haltTime": "05:00", "distance": "1709", "dayCount": "2", "stnSerialNumber": "25", "boardingDisabled": "false"}, {"stationCode": "BSL", "stationName": "BHUSAVAL JN", "arrivalTime": "00:25", "departureTime": "00:30", "routeNumber": "1", "haltTime": "05:00", "distance": "1966", "dayCount": "3", "stnSerialNumber": "26", "boardingDisabled": "false"}, {"stationCode": "KNW", "stationName": "KHANDWA", "arrivalTime": "02:37", "departureTime": "02:40", "routeNumber": "1", "haltTime": "03:00", "distance": "2089", "dayCount": "3", "stnSerialNumber": "27", "boardingDisabled": "false"}, {"stationCode": "HD", "stationName": "HARDA", "arrivalTime": "03:53", "departureTime": "03:55", "routeNumber": "1", "haltTime": "02:00", "distance": "2197", "dayCount": "3", "stnSerialNumber": "28", "boardingDisabled": "false"}, {"stationCode": "ET", "stationName": "ITARSI JN", "arrivalTime": "05:05", "departureTime": "05:15", "routeNumber": "1", "haltTime": "10:00", "distance": "2273", "dayCount": "3", "stnSerialNumber": "29", "boardingDisabled": "false"}, {"stationCode": "PPI", "stationName": "PIPARIYA", "arrivalTime": "06:15", "departureTime": "06:17", "routeNumber": "1", "haltTime": "02:00", "distance": "2340", "dayCount": "3", "stnSerialNumber": "30", "boardingDisabled": "false"}, {"stationCode": "GAR", "stationName": "GADARWARA", "arrivalTime": "06:50", "departureTime": "06:52", "routeNumber": "1", "haltTime": "02:00", "distance": "2390", "dayCount": "3", "stnSerialNumber": "31", "boardingDisabled": "false"}, {"stationCode": "NU", "stationName": "NARSINGHPUR", "arrivalTime": "07:23", "departureTime": "07:25", "routeNumber": "1", "haltTime": "02:00", "distance": "2434", "dayCount": "3", "stnSerialNumber": "32", "boardingDisabled": "false"}, {"stationCode": "JBP", "stationName": "JABALPUR", "arrivalTime": "08:45", "departureTime": "--", "routeNumber": "1", "haltTime": "--", "distance": "2518", "dayCount": "3", "stnSerialNumber": "33", "boardingDisabled": "false"}]}