{"trainNumber": "02198", "trainName": "JBP CBE SPECIAL", "stationFrom": "JBP", "stationTo": "CBE", "trainOwner": "0", "trainRunsOnMon": "N", "trainRunsOnTue": "N", "trainRunsOnWed": "N", "trainRunsOnThu": "N", "trainRunsOnFri": "Y", "trainRunsOnSat": "N", "trainRunsOnSun": "N", "timeStamp": "2023-06-19T15:31:05.037", "duration": "0", "stationList": [{"stationCode": "JBP", "stationName": "JABALPUR", "arrivalTime": "--", "departureTime": "23:50", "routeNumber": "1", "haltTime": "--", "distance": "0", "dayCount": "1", "stnSerialNumber": "1", "boardingDisabled": "false"}, {"stationCode": "NU", "stationName": "NARSINGHPUR", "arrivalTime": "00:53", "departureTime": "00:55", "routeNumber": "1", "haltTime": "02:00", "distance": "85", "dayCount": "2", "stnSerialNumber": "2", "boardingDisabled": "false"}, {"stationCode": "GAR", "stationName": "GADARWARA", "arrivalTime": "01:28", "departureTime": "01:30", "routeNumber": "1", "haltTime": "02:00", "distance": "129", "dayCount": "2", "stnSerialNumber": "3", "boardingDisabled": "false"}, {"stationCode": "PPI", "stationName": "PIPARIYA", "arrivalTime": "02:03", "departureTime": "02:05", "routeNumber": "1", "haltTime": "02:00", "distance": "178", "dayCount": "2", "stnSerialNumber": "4", "boardingDisabled": "false"}, {"stationCode": "ET", "stationName": "ITARSI JN", "arrivalTime": "03:35", "departureTime": "03:45", "routeNumber": "1", "haltTime": "10:00", "distance": "246", "dayCount": "2", "stnSerialNumber": "5", "boardingDisabled": "false"}, {"stationCode": "HD", "stationName": "HARDA", "arrivalTime": "04:45", "departureTime": "04:47", "routeNumber": "1", "haltTime": "02:00", "distance": "321", "dayCount": "2", "stnSerialNumber": "6", "boardingDisabled": "false"}, {"stationCode": "KNW", "stationName": "KHANDWA", "arrivalTime": "06:45", "departureTime": "06:48", "routeNumber": "1", "haltTime": "03:00", "distance": "429", "dayCount": "2", "stnSerialNumber": "7", "boardingDisabled": "false"}, {"stationCode": "BSL", "stationName": "BHUSAVAL JN", "arrivalTime": "08:30", "departureTime": "08:35", "routeNumber": "1", "haltTime": "05:00", "distance": "553", "dayCount": "2", "stnSerialNumber": "8", "boardingDisabled": "false"}, {"stationCode": "NK", "stationName": "NASHIK ROAD", "arrivalTime": "11:47", "departureTime": "11:50", "routeNumber": "1", "haltTime": "03:00", "distance": "810", "dayCount": "2", "stnSerialNumber": "9", "boardingDisabled": "false"}, {"stationCode": "PNVL", "stationName": "PANVEL", "arrivalTime": "15:20", "departureTime": "15:25", "routeNumber": "1", "haltTime": "05:00", "distance": "980", "dayCount": "2", "stnSerialNumber": "11", "boardingDisabled": "false"}, {"stationCode": "ROHA", "stationName": "ROHA", "arrivalTime": "16:45", "departureTime": "16:50", "routeNumber": "1", "haltTime": "05:00", "distance": "1057", "dayCount": "2", "stnSerialNumber": "12", "boardingDisabled": "false"}, {"stationCode": "KHED", "stationName": "KHED", "arrivalTime": "18:18", "departureTime": "18:20", "routeNumber": "1", "haltTime": "02:00", "distance": "1195", "dayCount": "2", "stnSerialNumber": "13", "boardingDisabled": "false"}, {"stationCode": "CHI", "stationName": "CHIPLUN", "arrivalTime": "18:52", "departureTime": "18:54", "routeNumber": "1", "haltTime": "02:00", "distance": "1236", "dayCount": "2", "stnSerialNumber": "14", "boardingDisabled": "false"}, {"stationCode": "RN", "stationName": "RATNAGIRI", "arrivalTime": "20:35", "departureTime": "20:40", "routeNumber": "1", "haltTime": "05:00", "distance": "1342", "dayCount": "2", "stnSerialNumber": "15", "boardingDisabled": "false"}, {"stationCode": "KKW", "stationName": "KANKAVALI", "arrivalTime": "22:50", "departureTime": "22:52", "routeNumber": "1", "haltTime": "02:00", "distance": "1498", "dayCount": "2", "stnSerialNumber": "16", "boardingDisabled": "false"}, {"stationCode": "KUDL", "stationName": "KUDAL", "arrivalTime": "23:20", "departureTime": "23:22", "routeNumber": "1", "haltTime": "02:00", "distance": "1537", "dayCount": "2", "stnSerialNumber": "17", "boardingDisabled": "false"}, {"stationCode": "THVM", "stationName": "THIVIM", "arrivalTime": "00:30", "departureTime": "00:32", "routeNumber": "1", "haltTime": "02:00", "distance": "1612", "dayCount": "3", "stnSerialNumber": "18", "boardingDisabled": "false"}, {"stationCode": "MAO", "stationName": "MADGAON", "arrivalTime": "01:35", "departureTime": "01:45", "routeNumber": "1", "haltTime": "10:00", "distance": "1677", "dayCount": "3", "stnSerialNumber": "19", "boardingDisabled": "false"}, {"stationCode": "KAWR", "stationName": "KARWAR", "arrivalTime": "02:50", "departureTime": "02:52", "routeNumber": "1", "haltTime": "02:00", "distance": "1759", "dayCount": "3", "stnSerialNumber": "20", "boardingDisabled": "false"}, {"stationCode": "KT", "stationName": "KUMTA", "arrivalTime": "03:50", "departureTime": "03:52", "routeNumber": "1", "haltTime": "02:00", "distance": "1836", "dayCount": "3", "stnSerialNumber": "21", "boardingDisabled": "false"}, {"stationCode": "BYNR", "stationName": "MOOKAMBIKA ROAD", "arrivalTime": "05:00", "departureTime": "05:02", "routeNumber": "1", "haltTime": "02:00", "distance": "1934", "dayCount": "3", "stnSerialNumber": "22", "boardingDisabled": "false"}, {"stationCode": "KUDA", "stationName": "KUNDAPURA", "arrivalTime": "05:50", "departureTime": "05:52", "routeNumber": "1", "haltTime": "02:00", "distance": "1981", "dayCount": "3", "stnSerialNumber": "23", "boardingDisabled": "false"}, {"stationCode": "UD", "stationName": "UDUPI", "arrivalTime": "06:50", "departureTime": "06:52", "routeNumber": "1", "haltTime": "02:00", "distance": "2026", "dayCount": "3", "stnSerialNumber": "24", "boardingDisabled": "false"}, {"stationCode": "MULK", "stationName": "MULKI", "arrivalTime": "07:50", "departureTime": "07:52", "routeNumber": "1", "haltTime": "02:00", "distance": "2072", "dayCount": "3", "stnSerialNumber": "25", "boardingDisabled": "false"}, {"stationCode": "MAJN", "stationName": "MANGALURU JN", "arrivalTime": "09:20", "departureTime": "09:30", "routeNumber": "1", "haltTime": "10:00", "distance": "2107", "dayCount": "3", "stnSerialNumber": "27", "boardingDisabled": "false"}, {"stationCode": "KGQ", "stationName": "KASARAGOD", "arrivalTime": "10:13", "departureTime": "10:15", "routeNumber": "1", "haltTime": "02:00", "distance": "2159", "dayCount": "3", "stnSerialNumber": "28", "boardingDisabled": "false"}, {"stationCode": "CAN", "stationName": "KANNUR", "arrivalTime": "11:35", "departureTime": "11:40", "routeNumber": "1", "haltTime": "05:00", "distance": "2244", "dayCount": "3", "stnSerialNumber": "31", "boardingDisabled": "false"}, {"stationCode": "BDJ", "stationName": "VADAKARA", "arrivalTime": "12:14", "departureTime": "12:16", "routeNumber": "1", "haltTime": "02:00", "distance": "2287", "dayCount": "3", "stnSerialNumber": "33", "boardingDisabled": "false"}, {"stationCode": "CLT", "stationName": "KOZHIKKODE", "arrivalTime": "13:02", "departureTime": "13:05", "routeNumber": "1", "haltTime": "03:00", "distance": "2333", "dayCount": "3", "stnSerialNumber": "34", "boardingDisabled": "false"}, {"stationCode": "TIR", "stationName": "TIRUR", "arrivalTime": "13:38", "departureTime": "13:40", "routeNumber": "1", "haltTime": "02:00", "distance": "2374", "dayCount": "3", "stnSerialNumber": "35", "boardingDisabled": "false"}, {"stationCode": "SRR", "stationName": "SHORANUR JN", "arrivalTime": "14:25", "departureTime": "14:30", "routeNumber": "1", "haltTime": "05:00", "distance": "2419", "dayCount": "3", "stnSerialNumber": "36", "boardingDisabled": "false"}, {"stationCode": "PGT", "stationName": "PALAKKAD JN", "arrivalTime": "15:15", "departureTime": "15:20", "routeNumber": "1", "haltTime": "05:00", "distance": "2463", "dayCount": "3", "stnSerialNumber": "37", "boardingDisabled": "false"}, {"stationCode": "CBE", "stationName": "COIMBATORE JN", "arrivalTime": "17:10", "departureTime": "--", "routeNumber": "1", "haltTime": "--", "distance": "2518", "dayCount": "3", "stnSerialNumber": "39", "boardingDisabled": "false"}]}