{"trainNumber": "02200", "trainName": "BDTS VGLB SPL", "stationFrom": "BDTS", "stationTo": "VGLJ", "trainOwner": "0", "trainRunsOnMon": "N", "trainRunsOnTue": "N", "trainRunsOnWed": "N", "trainRunsOnThu": "N", "trainRunsOnFri": "N", "trainRunsOnSat": "Y", "trainRunsOnSun": "N", "timeStamp": "2023-06-19T15:31:09.186", "duration": "0", "stationList": [{"stationCode": "BDTS", "stationName": "BANDRA TERMINUS", "arrivalTime": "--", "departureTime": "05:10", "routeNumber": "1", "haltTime": "--", "distance": "0", "dayCount": "1", "stnSerialNumber": "1", "boardingDisabled": "false"}, {"stationCode": "BVI", "stationName": "BORIVALI", "arrivalTime": "05:30", "departureTime": "05:33", "routeNumber": "1", "haltTime": "03:00", "distance": "19", "dayCount": "1", "stnSerialNumber": "2", "boardingDisabled": "false"}, {"stationCode": "VAPI", "stationName": "VAPI", "arrivalTime": "07:12", "departureTime": "07:14", "routeNumber": "1", "haltTime": "02:00", "distance": "159", "dayCount": "1", "stnSerialNumber": "3", "boardingDisabled": "false"}, {"stationCode": "ST", "stationName": "SURAT", "arrivalTime": "08:32", "departureTime": "08:37", "routeNumber": "1", "haltTime": "05:00", "distance": "252", "dayCount": "1", "stnSerialNumber": "4", "boardingDisabled": "false"}, {"stationCode": "BH", "stationName": "BHARUCH JN", "arrivalTime": "09:19", "departureTime": "09:21", "routeNumber": "1", "haltTime": "02:00", "distance": "311", "dayCount": "1", "stnSerialNumber": "5", "boardingDisabled": "false"}, {"stationCode": "BRC", "stationName": "VADODARA JN", "arrivalTime": "10:21", "departureTime": "10:31", "routeNumber": "1", "haltTime": "10:00", "distance": "381", "dayCount": "1", "stnSerialNumber": "6", "boardingDisabled": "false"}, {"stationCode": "GDA", "stationName": "GODHRA JN", "arrivalTime": "11:53", "departureTime": "11:55", "routeNumber": "1", "haltTime": "02:00", "distance": "455", "dayCount": "1", "stnSerialNumber": "7", "boardingDisabled": "false"}, {"stationCode": "DHD", "stationName": "DAHOD", "arrivalTime": "12:43", "departureTime": "12:45", "routeNumber": "1", "haltTime": "02:00", "distance": "529", "dayCount": "1", "stnSerialNumber": "8", "boardingDisabled": "false"}, {"stationCode": "RTM", "stationName": "RATLAM JN", "arrivalTime": "14:30", "departureTime": "14:40", "routeNumber": "1", "haltTime": "10:00", "distance": "642", "dayCount": "1", "stnSerialNumber": "9", "boardingDisabled": "false"}, {"stationCode": "NAD", "stationName": "NAGDA JN", "arrivalTime": "15:43", "departureTime": "15:45", "routeNumber": "1", "haltTime": "02:00", "distance": "684", "dayCount": "1", "stnSerialNumber": "10", "boardingDisabled": "false"}, {"stationCode": "UJN", "stationName": "UJJAIN JN", "arrivalTime": "16:55", "departureTime": "17:10", "routeNumber": "1", "haltTime": "15:00", "distance": "739", "dayCount": "1", "stnSerialNumber": "11", "boardingDisabled": "false"}, {"stationCode": "MKC", "stationName": "MAKSI", "arrivalTime": "18:00", "departureTime": "18:02", "routeNumber": "1", "haltTime": "02:00", "distance": "780", "dayCount": "1", "stnSerialNumber": "12", "boardingDisabled": "false"}, {"stationCode": "BRRG", "stationName": "BIYAVRA RAJGARH", "arrivalTime": "19:43", "departureTime": "19:45", "routeNumber": "1", "haltTime": "02:00", "distance": "896", "dayCount": "1", "stnSerialNumber": "14", "boardingDisabled": "false"}, {"stationCode": "CBK", "stationName": "CHACHAURA BNGJ", "arrivalTime": "20:13", "departureTime": "20:15", "routeNumber": "1", "haltTime": "02:00", "distance": "927", "dayCount": "1", "stnSerialNumber": "15", "boardingDisabled": "false"}, {"stationCode": "RTA", "stationName": "RUTHIYAI", "arrivalTime": "21:13", "departureTime": "21:15", "routeNumber": "1", "haltTime": "02:00", "distance": "973", "dayCount": "1", "stnSerialNumber": "16", "boardingDisabled": "false"}, {"stationCode": "GUNA", "stationName": "GUNA", "arrivalTime": "21:40", "departureTime": "21:50", "routeNumber": "1", "haltTime": "10:00", "distance": "994", "dayCount": "1", "stnSerialNumber": "17", "boardingDisabled": "false"}, {"stationCode": "SVPI", "stationName": "SHIVPURI", "arrivalTime": "00:03", "departureTime": "00:05", "routeNumber": "1", "haltTime": "02:00", "distance": "1096", "dayCount": "2", "stnSerialNumber": "18", "boardingDisabled": "false"}, {"stationCode": "GWL", "stationName": "GWALIOR", "arrivalTime": "02:30", "departureTime": "02:50", "routeNumber": "1", "haltTime": "20:00", "distance": "1221", "dayCount": "2", "stnSerialNumber": "19", "boardingDisabled": "false"}, {"stationCode": "DBA", "stationName": "DABRA", "arrivalTime": "03:28", "departureTime": "03:30", "routeNumber": "1", "haltTime": "02:00", "distance": "1263", "dayCount": "2", "stnSerialNumber": "20", "boardingDisabled": "false"}, {"stationCode": "DAA", "stationName": "DATIA", "arrivalTime": "04:08", "departureTime": "04:10", "routeNumber": "1", "haltTime": "02:00", "distance": "1294", "dayCount": "2", "stnSerialNumber": "21", "boardingDisabled": "false"}, {"stationCode": "VGLJ", "stationName": "V LAKSHMIBAIJHS", "arrivalTime": "05:00", "departureTime": "--", "routeNumber": "1", "haltTime": "--", "distance": "1318", "dayCount": "2", "stnSerialNumber": "22", "boardingDisabled": "false"}]}