{"trainNumber": "02249", "trainName": "PNBE ANVT SF SPL", "stationFrom": "PNBE", "stationTo": "ANVT", "trainOwner": "0", "trainRunsOnMon": "Y", "trainRunsOnTue": "N", "trainRunsOnWed": "N", "trainRunsOnThu": "N", "trainRunsOnFri": "N", "trainRunsOnSat": "Y", "trainRunsOnSun": "N", "timeStamp": "2023-06-19T15:30:55.880", "duration": "0", "stationList": [{"stationCode": "PNBE", "stationName": "PATNA JN", "arrivalTime": "--", "departureTime": "09:00", "routeNumber": "1", "haltTime": "--", "distance": "0", "dayCount": "1", "stnSerialNumber": "1", "boardingDisabled": "false"}, {"stationCode": "ARA", "stationName": "ARA JN", "arrivalTime": "09:40", "departureTime": "09:42", "routeNumber": "1", "haltTime": "02:00", "distance": "50", "dayCount": "1", "stnSerialNumber": "2", "boardingDisabled": "false"}, {"stationCode": "BXR", "stationName": "BUXAR", "arrivalTime": "10:30", "departureTime": "10:32", "routeNumber": "1", "haltTime": "02:00", "distance": "118", "dayCount": "1", "stnSerialNumber": "3", "boardingDisabled": "false"}, {"stationCode": "DDU", "stationName": "DD UPADHYAYA JN", "arrivalTime": "11:37", "departureTime": "11:47", "routeNumber": "1", "haltTime": "10:00", "distance": "212", "dayCount": "1", "stnSerialNumber": "4", "boardingDisabled": "false"}, {"stationCode": "PRYJ", "stationName": "PRAYAGRAJ JN.", "arrivalTime": "13:37", "departureTime": "13:39", "routeNumber": "1", "haltTime": "02:00", "distance": "365", "dayCount": "1", "stnSerialNumber": "6", "boardingDisabled": "false"}, {"stationCode": "CNB", "stationName": "KANPUR CENTRAL", "arrivalTime": "15:45", "departureTime": "15:50", "routeNumber": "1", "haltTime": "05:00", "distance": "560", "dayCount": "1", "stnSerialNumber": "7", "boardingDisabled": "false"}, {"stationCode": "ANVT", "stationName": "ANAND VIHAR TRM", "arrivalTime": "20:55", "departureTime": "--", "routeNumber": "1", "haltTime": "--", "distance": "987", "dayCount": "1", "stnSerialNumber": "8", "boardingDisabled": "false"}]}