{"trainNumber": "02250", "trainName": "ANVT PNBE SF SPL", "stationFrom": "ANVT", "stationTo": "PNBE", "trainOwner": "0", "trainRunsOnMon": "N", "trainRunsOnTue": "N", "trainRunsOnWed": "N", "trainRunsOnThu": "N", "trainRunsOnFri": "Y", "trainRunsOnSat": "N", "trainRunsOnSun": "Y", "timeStamp": "2023-06-19T15:30:58.457", "duration": "0", "stationList": [{"stationCode": "ANVT", "stationName": "ANAND VIHAR TRM", "arrivalTime": "--", "departureTime": "19:10", "routeNumber": "1", "haltTime": "--", "distance": "0", "dayCount": "1", "stnSerialNumber": "1", "boardingDisabled": "false"}, {"stationCode": "CNB", "stationName": "KANPUR CENTRAL", "arrivalTime": "00:02", "departureTime": "00:07", "routeNumber": "1", "haltTime": "05:00", "distance": "428", "dayCount": "2", "stnSerialNumber": "2", "boardingDisabled": "false"}, {"stationCode": "PRYJ", "stationName": "PRAYAGRAJ JN.", "arrivalTime": "02:13", "departureTime": "02:15", "routeNumber": "1", "haltTime": "02:00", "distance": "623", "dayCount": "2", "stnSerialNumber": "3", "boardingDisabled": "false"}, {"stationCode": "DDU", "stationName": "DD UPADHYAYA JN", "arrivalTime": "04:30", "departureTime": "04:40", "routeNumber": "1", "haltTime": "10:00", "distance": "764", "dayCount": "2", "stnSerialNumber": "4", "boardingDisabled": "false"}, {"stationCode": "BXR", "stationName": "BUXAR", "arrivalTime": "05:45", "departureTime": "05:47", "routeNumber": "1", "haltTime": "02:00", "distance": "858", "dayCount": "2", "stnSerialNumber": "5", "boardingDisabled": "false"}, {"stationCode": "ARA", "stationName": "ARA JN", "arrivalTime": "06:35", "departureTime": "06:37", "routeNumber": "1", "haltTime": "02:00", "distance": "927", "dayCount": "2", "stnSerialNumber": "6", "boardingDisabled": "false"}, {"stationCode": "PNBE", "stationName": "PATNA JN", "arrivalTime": "07:30", "departureTime": "--", "routeNumber": "1", "haltTime": "--", "distance": "976", "dayCount": "2", "stnSerialNumber": "7", "boardingDisabled": "false"}]}