{"trainNumber": "02391", "trainName": "PNBE ANVT SF SPL", "stationFrom": "PNBE", "stationTo": "ANVT", "trainOwner": "0", "trainRunsOnMon": "N", "trainRunsOnTue": "N", "trainRunsOnWed": "N", "trainRunsOnThu": "N", "trainRunsOnFri": "N", "trainRunsOnSat": "Y", "trainRunsOnSun": "N", "timeStamp": "2023-06-19T15:30:50.127", "duration": "0", "stationList": [{"stationCode": "PNBE", "stationName": "PATNA JN", "arrivalTime": "--", "departureTime": "22:20", "routeNumber": "1", "haltTime": "--", "distance": "0", "dayCount": "1", "stnSerialNumber": "1", "boardingDisabled": "false"}, {"stationCode": "DNR", "stationName": "DANAPUR", "arrivalTime": "22:43", "departureTime": "22:45", "routeNumber": "1", "haltTime": "02:00", "distance": "10", "dayCount": "1", "stnSerialNumber": "2", "boardingDisabled": "false"}, {"stationCode": "ARA", "stationName": "ARA JN", "arrivalTime": "23:15", "departureTime": "23:17", "routeNumber": "1", "haltTime": "02:00", "distance": "50", "dayCount": "1", "stnSerialNumber": "3", "boardingDisabled": "false"}, {"stationCode": "BXR", "stationName": "BUXAR", "arrivalTime": "00:15", "departureTime": "00:17", "routeNumber": "1", "haltTime": "02:00", "distance": "118", "dayCount": "2", "stnSerialNumber": "4", "boardingDisabled": "false"}, {"stationCode": "DDU", "stationName": "DD UPADHYAYA JN", "arrivalTime": "02:10", "departureTime": "02:20", "routeNumber": "1", "haltTime": "10:00", "distance": "212", "dayCount": "2", "stnSerialNumber": "5", "boardingDisabled": "false"}, {"stationCode": "PRYJ", "stationName": "PRAYAGRAJ JN.", "arrivalTime": "05:10", "departureTime": "05:15", "routeNumber": "1", "haltTime": "05:00", "distance": "365", "dayCount": "2", "stnSerialNumber": "7", "boardingDisabled": "false"}, {"stationCode": "CNB", "stationName": "KANPUR CENTRAL", "arrivalTime": "07:35", "departureTime": "07:45", "routeNumber": "1", "haltTime": "10:00", "distance": "560", "dayCount": "2", "stnSerialNumber": "8", "boardingDisabled": "false"}, {"stationCode": "ANVT", "stationName": "ANAND VIHAR TRM", "arrivalTime": "15:00", "departureTime": "--", "routeNumber": "1", "haltTime": "--", "distance": "987", "dayCount": "2", "stnSerialNumber": "9", "boardingDisabled": "false"}]}