{"trainNumber": "02501", "trainName": "KOAA AGTL SPL", "stationFrom": "KOAA", "stationTo": "AGTL", "trainOwner": "0", "trainRunsOnMon": "N", "trainRunsOnTue": "N", "trainRunsOnWed": "N", "trainRunsOnThu": "N", "trainRunsOnFri": "N", "trainRunsOnSat": "N", "trainRunsOnSun": "Y", "timeStamp": "2023-06-19T15:30:52.557", "duration": "0", "stationList": [{"stationCode": "KOAA", "stationName": "KOLKATA", "arrivalTime": "--", "departureTime": "21:40", "routeNumber": "1", "haltTime": "--", "distance": "0", "dayCount": "1", "stnSerialNumber": "1", "boardingDisabled": "false"}, {"stationCode": "BDC", "stationName": "BANDEL JN", "arrivalTime": "22:50", "departureTime": "22:52", "routeNumber": "1", "haltTime": "02:00", "distance": "43", "dayCount": "1", "stnSerialNumber": "2", "boardingDisabled": "false"}, {"stationCode": "NDAE", "stationName": "NABADWIP DHAM", "arrivalTime": "23:46", "departureTime": "23:48", "routeNumber": "1", "haltTime": "02:00", "distance": "108", "dayCount": "1", "stnSerialNumber": "3", "boardingDisabled": "false"}, {"stationCode": "KWAE", "stationName": "KATWA", "arrivalTime": "00:24", "departureTime": "00:26", "routeNumber": "1", "haltTime": "02:00", "distance": "148", "dayCount": "2", "stnSerialNumber": "4", "boardingDisabled": "false"}, {"stationCode": "AZ", "stationName": "AZIMGANJ JN", "arrivalTime": "01:46", "departureTime": "01:51", "routeNumber": "1", "haltTime": "05:00", "distance": "220", "dayCount": "2", "stnSerialNumber": "5", "boardingDisabled": "false"}, {"stationCode": "JRLE", "stationName": "JANGIPUR ROAD", "arrivalTime": "02:39", "departureTime": "02:40", "routeNumber": "1", "haltTime": "01:00", "distance": "255", "dayCount": "2", "stnSerialNumber": "6", "boardingDisabled": "false"}, {"stationCode": "MLDT", "stationName": "MALDA TOWN", "arrivalTime": "04:00", "departureTime": "04:10", "routeNumber": "1", "haltTime": "10:00", "distance": "335", "dayCount": "2", "stnSerialNumber": "7", "boardingDisabled": "false"}, {"stationCode": "KNE", "stationName": "KISHANGANJ", "arrivalTime": "06:05", "departureTime": "06:07", "routeNumber": "1", "haltTime": "02:00", "distance": "480", "dayCount": "2", "stnSerialNumber": "8", "boardingDisabled": "false"}, {"stationCode": "NJP", "stationName": "NEW JALPAIGURI", "arrivalTime": "07:50", "departureTime": "08:00", "routeNumber": "1", "haltTime": "10:00", "distance": "567", "dayCount": "2", "stnSerialNumber": "9", "boardingDisabled": "false"}, {"stationCode": "NCB", "stationName": "NEW COOCH BEHAR", "arrivalTime": "09:45", "departureTime": "09:47", "routeNumber": "1", "haltTime": "02:00", "distance": "694", "dayCount": "2", "stnSerialNumber": "10", "boardingDisabled": "false"}, {"stationCode": "NOQ", "stationName": "NEW ALIPURDUAR", "arrivalTime": "10:24", "departureTime": "10:26", "routeNumber": "1", "haltTime": "02:00", "distance": "712", "dayCount": "2", "stnSerialNumber": "11", "boardingDisabled": "false"}, {"stationCode": "KOJ", "stationName": "KOKRAJHAR", "arrivalTime": "11:22", "departureTime": "11:24", "routeNumber": "1", "haltTime": "02:00", "distance": "791", "dayCount": "2", "stnSerialNumber": "12", "boardingDisabled": "false"}, {"stationCode": "NBQ", "stationName": "NEW BONGAIGAON", "arrivalTime": "12:25", "departureTime": "12:27", "routeNumber": "1", "haltTime": "02:00", "distance": "819", "dayCount": "2", "stnSerialNumber": "13", "boardingDisabled": "false"}, {"stationCode": "GLPT", "stationName": "GOALPARA TOWN", "arrivalTime": "13:13", "departureTime": "13:15", "routeNumber": "1", "haltTime": "02:00", "distance": "899", "dayCount": "2", "stnSerialNumber": "14", "boardingDisabled": "false"}, {"stationCode": "GHY", "stationName": "GUWAHATI", "arrivalTime": "16:05", "departureTime": "16:15", "routeNumber": "1", "haltTime": "10:00", "distance": "1027", "dayCount": "2", "stnSerialNumber": "15", "boardingDisabled": "false"}, {"stationCode": "MYD", "stationName": "MANDERDISA", "arrivalTime": "19:20", "departureTime": "19:30", "routeNumber": "1", "haltTime": "10:00", "distance": "1208", "dayCount": "2", "stnSerialNumber": "16", "boardingDisabled": "false"}, {"stationCode": "NHLG", "stationName": "NEW HAFLONG", "arrivalTime": "22:08", "departureTime": "22:10", "routeNumber": "1", "haltTime": "02:00", "distance": "1296", "dayCount": "2", "stnSerialNumber": "17", "boardingDisabled": "false"}, {"stationCode": "BPB", "stationName": "BADARPUR JN", "arrivalTime": "00:30", "departureTime": "00:40", "routeNumber": "1", "haltTime": "10:00", "distance": "1367", "dayCount": "3", "stnSerialNumber": "18", "boardingDisabled": "false"}, {"stationCode": "NKMG", "stationName": "NEW KARIMGANJ", "arrivalTime": "00:58", "departureTime": "01:00", "routeNumber": "1", "haltTime": "02:00", "distance": "1384", "dayCount": "3", "stnSerialNumber": "19", "boardingDisabled": "false"}, {"stationCode": "DMR", "stationName": "DHARMANAGAR", "arrivalTime": "02:13", "departureTime": "02:15", "routeNumber": "1", "haltTime": "02:00", "distance": "1448", "dayCount": "3", "stnSerialNumber": "20", "boardingDisabled": "false"}, {"stationCode": "AGTL", "stationName": "AGARTALA", "arrivalTime": "05:15", "departureTime": "--", "routeNumber": "1", "haltTime": "--", "distance": "1588", "dayCount": "3", "stnSerialNumber": "21", "boardingDisabled": "false"}]}