{"trainNumber": "02518", "trainName": "GHY KOAA SPECIAL", "stationFrom": "GHY", "stationTo": "KOAA", "trainOwner": "0", "trainRunsOnMon": "N", "trainRunsOnTue": "N", "trainRunsOnWed": "N", "trainRunsOnThu": "N", "trainRunsOnFri": "N", "trainRunsOnSat": "Y", "trainRunsOnSun": "N", "timeStamp": "2023-06-19T15:30:53.307", "duration": "0", "stationList": [{"stationCode": "GHY", "stationName": "GUWAHATI", "arrivalTime": "--", "departureTime": "21:00", "routeNumber": "1", "haltTime": "--", "distance": "0", "dayCount": "1", "stnSerialNumber": "1", "boardingDisabled": "false"}, {"stationCode": "GLPT", "stationName": "GOALPARA TOWN", "arrivalTime": "22:48", "departureTime": "22:50", "routeNumber": "1", "haltTime": "02:00", "distance": "129", "dayCount": "1", "stnSerialNumber": "2", "boardingDisabled": "false"}, {"stationCode": "NBQ", "stationName": "NEW BONGAIGAON", "arrivalTime": "00:03", "departureTime": "00:05", "routeNumber": "1", "haltTime": "02:00", "distance": "209", "dayCount": "2", "stnSerialNumber": "3", "boardingDisabled": "false"}, {"stationCode": "KOJ", "stationName": "KOKRAJHAR", "arrivalTime": "00:32", "departureTime": "00:34", "routeNumber": "1", "haltTime": "02:00", "distance": "237", "dayCount": "2", "stnSerialNumber": "4", "boardingDisabled": "false"}, {"stationCode": "NOQ", "stationName": "NEW ALIPURDUAR", "arrivalTime": "01:28", "departureTime": "01:30", "routeNumber": "1", "haltTime": "02:00", "distance": "316", "dayCount": "2", "stnSerialNumber": "5", "boardingDisabled": "false"}, {"stationCode": "NCB", "stationName": "NEW COOCH BEHAR", "arrivalTime": "01:53", "departureTime": "01:55", "routeNumber": "1", "haltTime": "02:00", "distance": "334", "dayCount": "2", "stnSerialNumber": "6", "boardingDisabled": "false"}, {"stationCode": "NJP", "stationName": "NEW JALPAIGURI", "arrivalTime": "04:30", "departureTime": "04:40", "routeNumber": "1", "haltTime": "10:00", "distance": "460", "dayCount": "2", "stnSerialNumber": "7", "boardingDisabled": "false"}, {"stationCode": "KNE", "stationName": "KISHANGANJ", "arrivalTime": "05:45", "departureTime": "05:47", "routeNumber": "1", "haltTime": "02:00", "distance": "547", "dayCount": "2", "stnSerialNumber": "8", "boardingDisabled": "false"}, {"stationCode": "MLDT", "stationName": "MALDA TOWN", "arrivalTime": "08:15", "departureTime": "08:25", "routeNumber": "1", "haltTime": "10:00", "distance": "693", "dayCount": "2", "stnSerialNumber": "9", "boardingDisabled": "false"}, {"stationCode": "JRLE", "stationName": "JANGIPUR ROAD", "arrivalTime": "09:35", "departureTime": "09:36", "routeNumber": "1", "haltTime": "01:00", "distance": "772", "dayCount": "2", "stnSerialNumber": "10", "boardingDisabled": "false"}, {"stationCode": "AZ", "stationName": "AZIMGANJ JN", "arrivalTime": "10:21", "departureTime": "10:23", "routeNumber": "1", "haltTime": "02:00", "distance": "807", "dayCount": "2", "stnSerialNumber": "11", "boardingDisabled": "false"}, {"stationCode": "KWAE", "stationName": "KATWA", "arrivalTime": "11:41", "departureTime": "11:43", "routeNumber": "1", "haltTime": "02:00", "distance": "880", "dayCount": "2", "stnSerialNumber": "12", "boardingDisabled": "false"}, {"stationCode": "NDAE", "stationName": "NABADWIP DHAM", "arrivalTime": "12:17", "departureTime": "12:19", "routeNumber": "1", "haltTime": "02:00", "distance": "919", "dayCount": "2", "stnSerialNumber": "13", "boardingDisabled": "false"}, {"stationCode": "BDC", "stationName": "BANDEL JN", "arrivalTime": "13:31", "departureTime": "13:33", "routeNumber": "1", "haltTime": "02:00", "distance": "985", "dayCount": "2", "stnSerialNumber": "14", "boardingDisabled": "false"}, {"stationCode": "KOAA", "stationName": "KOLKATA", "arrivalTime": "15:00", "departureTime": "--", "routeNumber": "1", "haltTime": "--", "distance": "1027", "dayCount": "2", "stnSerialNumber": "15", "boardingDisabled": "false"}]}