{"trainNumber": "02540", "trainName": "DJ KGN SLIP TRN", "stationFrom": "DJ", "stationTo": "KGN", "trainOwner": "0", "trainRunsOnMon": "Y", "trainRunsOnTue": "Y", "trainRunsOnWed": "Y", "trainRunsOnThu": "Y", "trainRunsOnFri": "Y", "trainRunsOnSat": "Y", "trainRunsOnSun": "Y", "timeStamp": "2023-06-19T15:31:27.663", "duration": "0", "stationList": [{"stationCode": "DJ", "stationName": "DARJEELING", "arrivalTime": "--", "departureTime": "09:00", "routeNumber": "1", "haltTime": "--", "distance": "0", "dayCount": "1", "stnSerialNumber": "1", "boardingDisabled": "false"}, {"stationCode": "KGN", "stationName": "KURSEONG", "arrivalTime": "11:30", "departureTime": "--", "routeNumber": "1", "haltTime": "--", "distance": "31", "dayCount": "1", "stnSerialNumber": "5", "boardingDisabled": "false"}]}