{"trainNumber": "02541", "trainName": "KGN DJ SLIP TRN", "stationFrom": "KGN", "stationTo": "DJ", "trainOwner": "0", "trainRunsOnMon": "Y", "trainRunsOnTue": "Y", "trainRunsOnWed": "Y", "trainRunsOnThu": "Y", "trainRunsOnFri": "Y", "trainRunsOnSat": "Y", "trainRunsOnSun": "Y", "timeStamp": "2023-06-19T15:31:27.596", "duration": "0", "stationList": [{"stationCode": "KGN", "stationName": "KURSEONG", "arrivalTime": "--", "departureTime": "14:45", "routeNumber": "1", "haltTime": "--", "distance": "0", "dayCount": "1", "stnSerialNumber": "1", "boardingDisabled": "false"}, {"stationCode": "DJ", "stationName": "DARJEELING", "arrivalTime": "17:30", "departureTime": "--", "routeNumber": "1", "haltTime": "--", "distance": "31", "dayCount": "1", "stnSerialNumber": "5", "boardingDisabled": "false"}]}