{"trainNumber": "02550", "trainName": "JOYRIDE SPECIAL", "stationFrom": "DJ", "stationTo": "DJRZ", "trainOwner": "0", "trainRunsOnMon": "Y", "trainRunsOnTue": "Y", "trainRunsOnWed": "Y", "trainRunsOnThu": "Y", "trainRunsOnFri": "Y", "trainRunsOnSat": "Y", "trainRunsOnSun": "Y", "timeStamp": "2023-06-19T15:31:28.467", "duration": "0", "stationList": [{"stationCode": "DJ", "stationName": "DARJEELING", "arrivalTime": "--", "departureTime": "15:30", "routeNumber": "1", "haltTime": "--", "distance": "0", "dayCount": "1", "stnSerialNumber": "1", "boardingDisabled": "false"}, {"stationCode": "GHUM", "stationName": "GHUM", "arrivalTime": "16:15", "departureTime": "16:35", "routeNumber": "1", "haltTime": "20:00", "distance": "7", "dayCount": "1", "stnSerialNumber": "2", "boardingDisabled": "false"}, {"stationCode": "DJRZ", "stationName": "TO DARJEELING", "arrivalTime": "17:05", "departureTime": "--", "routeNumber": "1", "haltTime": "--", "distance": "13", "dayCount": "1", "stnSerialNumber": "3", "boardingDisabled": "false"}]}