{"trainNumber": "02563", "trainName": "BJU NDLS SPL", "stationFrom": "BJU", "stationTo": "NDLS", "trainOwner": "0", "trainRunsOnMon": "Y", "trainRunsOnTue": "Y", "trainRunsOnWed": "Y", "trainRunsOnThu": "Y", "trainRunsOnFri": "Y", "trainRunsOnSat": "Y", "trainRunsOnSun": "Y", "timeStamp": "2023-06-19T15:31:28.048", "duration": "0", "stationList": [{"stationCode": "BJU", "stationName": "BARAUNI JN", "arrivalTime": "--", "departureTime": "07:40", "routeNumber": "1", "haltTime": "--", "distance": "0", "dayCount": "1", "stnSerialNumber": "1", "boardingDisabled": "false"}, {"stationCode": "MFP", "stationName": "MUZAFFARPUR JN", "arrivalTime": "09:30", "departureTime": "09:35", "routeNumber": "1", "haltTime": "05:00", "distance": "103", "dayCount": "1", "stnSerialNumber": "2", "boardingDisabled": "false"}, {"stationCode": "CPR", "stationName": "CHHAPRA", "arrivalTime": "12:12", "departureTime": "12:17", "routeNumber": "1", "haltTime": "05:00", "distance": "216", "dayCount": "1", "stnSerialNumber": "3", "boardingDisabled": "false"}, {"stationCode": "GKP", "stationName": "GORAKHPUR JN", "arrivalTime": "15:05", "departureTime": "15:15", "routeNumber": "1", "haltTime": "10:00", "distance": "396", "dayCount": "1", "stnSerialNumber": "4", "boardingDisabled": "false"}, {"stationCode": "ASH", "stationName": "AISHBAGH", "arrivalTime": "20:15", "departureTime": "20:25", "routeNumber": "1", "haltTime": "10:00", "distance": "669", "dayCount": "1", "stnSerialNumber": "6", "boardingDisabled": "false"}, {"stationCode": "CNB", "stationName": "KANPUR CENTRAL", "arrivalTime": "22:00", "departureTime": "22:10", "routeNumber": "1", "haltTime": "10:00", "distance": "742", "dayCount": "1", "stnSerialNumber": "7", "boardingDisabled": "false"}, {"stationCode": "NDLS", "stationName": "NEW DELHI", "arrivalTime": "05:10", "departureTime": "--", "routeNumber": "1", "haltTime": "--", "distance": "1182", "dayCount": "2", "stnSerialNumber": "9", "boardingDisabled": "false"}]}