{"trainNumber": "02564", "trainName": "NDLS BJU SPL", "stationFrom": "NDLS", "stationTo": "BJU", "trainOwner": "0", "trainRunsOnMon": "Y", "trainRunsOnTue": "Y", "trainRunsOnWed": "Y", "trainRunsOnThu": "Y", "trainRunsOnFri": "Y", "trainRunsOnSat": "Y", "trainRunsOnSun": "Y", "timeStamp": "2023-06-19T15:31:28.008", "duration": "0", "stationList": [{"stationCode": "NDLS", "stationName": "NEW DELHI", "arrivalTime": "--", "departureTime": "17:55", "routeNumber": "1", "haltTime": "--", "distance": "0", "dayCount": "1", "stnSerialNumber": "1", "boardingDisabled": "false"}, {"stationCode": "CNB", "stationName": "KANPUR CENTRAL", "arrivalTime": "23:50", "departureTime": "23:55", "routeNumber": "1", "haltTime": "05:00", "distance": "440", "dayCount": "1", "stnSerialNumber": "3", "boardingDisabled": "false"}, {"stationCode": "ASH", "stationName": "AISHBAGH", "arrivalTime": "01:25", "departureTime": "01:35", "routeNumber": "1", "haltTime": "10:00", "distance": "512", "dayCount": "2", "stnSerialNumber": "4", "boardingDisabled": "false"}, {"stationCode": "GKP", "stationName": "GORAKHPUR JN", "arrivalTime": "06:35", "departureTime": "06:50", "routeNumber": "1", "haltTime": "15:00", "distance": "785", "dayCount": "2", "stnSerialNumber": "6", "boardingDisabled": "false"}, {"stationCode": "CPR", "stationName": "CHHAPRA", "arrivalTime": "10:10", "departureTime": "10:15", "routeNumber": "1", "haltTime": "05:00", "distance": "965", "dayCount": "2", "stnSerialNumber": "7", "boardingDisabled": "false"}, {"stationCode": "MFP", "stationName": "MUZAFFARPUR JN", "arrivalTime": "12:45", "departureTime": "12:50", "routeNumber": "1", "haltTime": "05:00", "distance": "1078", "dayCount": "2", "stnSerialNumber": "8", "boardingDisabled": "false"}, {"stationCode": "BJU", "stationName": "BARAUNI JN", "arrivalTime": "15:10", "departureTime": "--", "routeNumber": "1", "haltTime": "--", "distance": "1181", "dayCount": "2", "stnSerialNumber": "9", "boardingDisabled": "false"}]}