{"trainNumber": "02569", "trainName": "DBG NDLS SPL", "stationFrom": "DBG", "stationTo": "NDLS", "trainOwner": "0", "trainRunsOnMon": "Y", "trainRunsOnTue": "Y", "trainRunsOnWed": "Y", "trainRunsOnThu": "Y", "trainRunsOnFri": "Y", "trainRunsOnSat": "Y", "trainRunsOnSun": "Y", "timeStamp": "2023-06-19T15:31:28.076", "duration": "0", "stationList": [{"stationCode": "DBG", "stationName": "DARBHANGA JN", "arrivalTime": "--", "departureTime": "06:30", "routeNumber": "1", "haltTime": "--", "distance": "0", "dayCount": "1", "stnSerialNumber": "1", "boardingDisabled": "false"}, {"stationCode": "SPJ", "stationName": "SAMASTIPUR JN", "arrivalTime": "07:50", "departureTime": "08:15", "routeNumber": "1", "haltTime": "25:00", "distance": "38", "dayCount": "1", "stnSerialNumber": "2", "boardingDisabled": "false"}, {"stationCode": "MFP", "stationName": "MUZAFFARPUR JN", "arrivalTime": "09:05", "departureTime": "09:10", "routeNumber": "1", "haltTime": "05:00", "distance": "90", "dayCount": "1", "stnSerialNumber": "3", "boardingDisabled": "false"}, {"stationCode": "CPR", "stationName": "CHHAPRA", "arrivalTime": "11:27", "departureTime": "11:32", "routeNumber": "1", "haltTime": "05:00", "distance": "203", "dayCount": "1", "stnSerialNumber": "4", "boardingDisabled": "false"}, {"stationCode": "GKP", "stationName": "GORAKHPUR JN", "arrivalTime": "14:20", "departureTime": "14:30", "routeNumber": "1", "haltTime": "10:00", "distance": "383", "dayCount": "1", "stnSerialNumber": "5", "boardingDisabled": "false"}, {"stationCode": "ASH", "stationName": "AISHBAGH", "arrivalTime": "19:55", "departureTime": "20:05", "routeNumber": "1", "haltTime": "10:00", "distance": "655", "dayCount": "1", "stnSerialNumber": "7", "boardingDisabled": "false"}, {"stationCode": "CNB", "stationName": "KANPUR CENTRAL", "arrivalTime": "21:35", "departureTime": "21:40", "routeNumber": "1", "haltTime": "05:00", "distance": "728", "dayCount": "1", "stnSerialNumber": "8", "boardingDisabled": "false"}, {"stationCode": "NDLS", "stationName": "NEW DELHI", "arrivalTime": "04:00", "departureTime": "--", "routeNumber": "1", "haltTime": "--", "distance": "1167", "dayCount": "2", "stnSerialNumber": "10", "boardingDisabled": "false"}]}