{"trainNumber": "02570", "trainName": "NDLS DBG SF SPL", "stationFrom": "NDLS", "stationTo": "DBG", "trainOwner": "0", "trainRunsOnMon": "Y", "trainRunsOnTue": "Y", "trainRunsOnWed": "Y", "trainRunsOnThu": "Y", "trainRunsOnFri": "Y", "trainRunsOnSat": "Y", "trainRunsOnSun": "Y", "timeStamp": "2023-06-19T15:31:26.900", "duration": "0", "stationList": [{"stationCode": "NDLS", "stationName": "NEW DELHI", "arrivalTime": "--", "departureTime": "12:15", "routeNumber": "1", "haltTime": "--", "distance": "0", "dayCount": "1", "stnSerialNumber": "1", "boardingDisabled": "false"}, {"stationCode": "CNB", "stationName": "KANPUR CENTRAL", "arrivalTime": "18:15", "departureTime": "18:20", "routeNumber": "1", "haltTime": "05:00", "distance": "440", "dayCount": "1", "stnSerialNumber": "3", "boardingDisabled": "false"}, {"stationCode": "ASH", "stationName": "AISHBAGH", "arrivalTime": "19:40", "departureTime": "19:50", "routeNumber": "1", "haltTime": "10:00", "distance": "512", "dayCount": "1", "stnSerialNumber": "4", "boardingDisabled": "false"}, {"stationCode": "GKP", "stationName": "GORAKHPUR JN", "arrivalTime": "00:45", "departureTime": "00:55", "routeNumber": "1", "haltTime": "10:00", "distance": "785", "dayCount": "2", "stnSerialNumber": "6", "boardingDisabled": "false"}, {"stationCode": "CPR", "stationName": "CHHAPRA", "arrivalTime": "04:30", "departureTime": "04:35", "routeNumber": "1", "haltTime": "05:00", "distance": "965", "dayCount": "2", "stnSerialNumber": "7", "boardingDisabled": "false"}, {"stationCode": "MFP", "stationName": "MUZAFFARPUR JN", "arrivalTime": "06:50", "departureTime": "06:55", "routeNumber": "1", "haltTime": "05:00", "distance": "1078", "dayCount": "2", "stnSerialNumber": "8", "boardingDisabled": "false"}, {"stationCode": "SPJ", "stationName": "SAMASTIPUR JN", "arrivalTime": "08:05", "departureTime": "08:35", "routeNumber": "1", "haltTime": "30:00", "distance": "1130", "dayCount": "2", "stnSerialNumber": "9", "boardingDisabled": "false"}, {"stationCode": "DBG", "stationName": "DARBHANGA JN", "arrivalTime": "10:00", "departureTime": "--", "routeNumber": "1", "haltTime": "--", "distance": "1167", "dayCount": "2", "stnSerialNumber": "10", "boardingDisabled": "false"}]}