{"trainNumber": "02576", "trainName": "HYB FEST SPL", "stationFrom": "GKP", "stationTo": "HYB", "trainOwner": "0", "trainRunsOnMon": "N", "trainRunsOnTue": "N", "trainRunsOnWed": "N", "trainRunsOnThu": "N", "trainRunsOnFri": "N", "trainRunsOnSat": "N", "trainRunsOnSun": "Y", "timeStamp": "2023-06-19T15:31:26.794", "duration": "0", "stationList": [{"stationCode": "GKP", "stationName": "GORAKHPUR JN", "arrivalTime": "--", "departureTime": "08:30", "routeNumber": "1", "haltTime": "--", "distance": "0", "dayCount": "1", "stnSerialNumber": "1", "boardingDisabled": "false"}, {"stationCode": "GD", "stationName": "GONDA JN", "arrivalTime": "11:00", "departureTime": "11:05", "routeNumber": "1", "haltTime": "05:00", "distance": "154", "dayCount": "1", "stnSerialNumber": "2", "boardingDisabled": "false"}, {"stationCode": "BBK", "stationName": "BARABANKI JN", "arrivalTime": "12:15", "departureTime": "12:20", "routeNumber": "1", "haltTime": "05:00", "distance": "243", "dayCount": "1", "stnSerialNumber": "3", "boardingDisabled": "false"}, {"stationCode": "GTNR", "stationName": "GOMATI NAGAR", "arrivalTime": "12:51", "departureTime": "12:53", "routeNumber": "1", "haltTime": "02:00", "distance": "263", "dayCount": "1", "stnSerialNumber": "4", "boardingDisabled": "false"}, {"stationCode": "LC", "stationName": "LUCKNOW CITY", "arrivalTime": "13:07", "departureTime": "13:12", "routeNumber": "1", "haltTime": "05:00", "distance": "274", "dayCount": "1", "stnSerialNumber": "5", "boardingDisabled": "false"}, {"stationCode": "ASH", "stationName": "AISHBAGH", "arrivalTime": "13:28", "departureTime": "13:38", "routeNumber": "1", "haltTime": "10:00", "distance": "276", "dayCount": "1", "stnSerialNumber": "6", "boardingDisabled": "false"}, {"stationCode": "CNB", "stationName": "KANPUR CENTRAL", "arrivalTime": "15:05", "departureTime": "15:10", "routeNumber": "1", "haltTime": "05:00", "distance": "349", "dayCount": "1", "stnSerialNumber": "7", "boardingDisabled": "false"}, {"stationCode": "PHN", "stationName": "POKHRAYAN", "arrivalTime": "16:10", "departureTime": "16:12", "routeNumber": "1", "haltTime": "02:00", "distance": "409", "dayCount": "1", "stnSerialNumber": "8", "boardingDisabled": "false"}, {"stationCode": "ORAI", "stationName": "ORAI", "arrivalTime": "16:35", "departureTime": "16:37", "routeNumber": "1", "haltTime": "02:00", "distance": "456", "dayCount": "1", "stnSerialNumber": "9", "boardingDisabled": "false"}, {"stationCode": "VGLJ", "stationName": "V LAKSHMIBAIJHS", "arrivalTime": "18:35", "departureTime": "18:45", "routeNumber": "1", "haltTime": "10:00", "distance": "570", "dayCount": "1", "stnSerialNumber": "10", "boardingDisabled": "false"}, {"stationCode": "BINA", "stationName": "BINA JN", "arrivalTime": "21:10", "departureTime": "21:15", "routeNumber": "1", "haltTime": "05:00", "distance": "723", "dayCount": "1", "stnSerialNumber": "11", "boardingDisabled": "false"}, {"stationCode": "BPL", "stationName": "BHOPAL  JN", "arrivalTime": "23:00", "departureTime": "23:05", "routeNumber": "1", "haltTime": "05:00", "distance": "861", "dayCount": "1", "stnSerialNumber": "12", "boardingDisabled": "false"}, {"stationCode": "ET", "stationName": "ITARSI JN", "arrivalTime": "00:40", "departureTime": "00:50", "routeNumber": "1", "haltTime": "10:00", "distance": "953", "dayCount": "2", "stnSerialNumber": "13", "boardingDisabled": "false"}, {"stationCode": "NGP", "stationName": "NAGPUR", "arrivalTime": "06:40", "departureTime": "06:45", "routeNumber": "1", "haltTime": "05:00", "distance": "1250", "dayCount": "2", "stnSerialNumber": "14", "boardingDisabled": "false"}, {"stationCode": "BPQ", "stationName": "BALHARSHAH", "arrivalTime": "10:00", "departureTime": "10:05", "routeNumber": "1", "haltTime": "05:00", "distance": "1461", "dayCount": "2", "stnSerialNumber": "15", "boardingDisabled": "false"}, {"stationCode": "MCI", "stationName": "MANCHIRYAL", "arrivalTime": "11:30", "departureTime": "11:32", "routeNumber": "1", "haltTime": "02:00", "distance": "1589", "dayCount": "2", "stnSerialNumber": "16", "boardingDisabled": "false"}, {"stationCode": "PDPL", "stationName": "PEDDAPALLI JN", "arrivalTime": "11:58", "departureTime": "11:59", "routeNumber": "1", "haltTime": "01:00", "distance": "1620", "dayCount": "2", "stnSerialNumber": "17", "boardingDisabled": "false"}, {"stationCode": "KZJ", "stationName": "KAZIPET JN", "arrivalTime": "13:15", "departureTime": "13:17", "routeNumber": "1", "haltTime": "02:00", "distance": "1695", "dayCount": "2", "stnSerialNumber": "18", "boardingDisabled": "false"}, {"stationCode": "SC", "stationName": "SECUNDERABAD JN", "arrivalTime": "15:00", "departureTime": "15:05", "routeNumber": "1", "haltTime": "05:00", "distance": "1827", "dayCount": "2", "stnSerialNumber": "19", "boardingDisabled": "false"}, {"stationCode": "HYB", "stationName": "HYDERABAD DECAN", "arrivalTime": "16:20", "departureTime": "--", "routeNumber": "1", "haltTime": "--", "distance": "1837", "dayCount": "2", "stnSerialNumber": "20", "boardingDisabled": "false"}]}