{"trainNumber": "02809", "trainName": "BBS TPTY SPL", "stationFrom": "BBS", "stationTo": "TPTY", "trainOwner": "0", "trainRunsOnMon": "N", "trainRunsOnTue": "N", "trainRunsOnWed": "N", "trainRunsOnThu": "N", "trainRunsOnFri": "N", "trainRunsOnSat": "Y", "trainRunsOnSun": "N", "timeStamp": "2023-06-19T15:30:07.574", "duration": "0", "stationList": [{"stationCode": "BBS", "stationName": "BHUBANESWAR", "arrivalTime": "--", "departureTime": "13:30", "routeNumber": "1", "haltTime": "--", "distance": "0", "dayCount": "1", "stnSerialNumber": "1", "boardingDisabled": "false"}, {"stationCode": "KUR", "stationName": "KHURDA ROAD JN", "arrivalTime": "13:55", "departureTime": "14:00", "routeNumber": "1", "haltTime": "05:00", "distance": "20", "dayCount": "1", "stnSerialNumber": "2", "boardingDisabled": "false"}, {"stationCode": "BALU", "stationName": "BALUGAON", "arrivalTime": "14:50", "departureTime": "14:52", "routeNumber": "1", "haltTime": "02:00", "distance": "90", "dayCount": "1", "stnSerialNumber": "3", "boardingDisabled": "false"}, {"stationCode": "BAM", "stationName": "BRAHMAPUR", "arrivalTime": "15:50", "departureTime": "15:55", "routeNumber": "1", "haltTime": "05:00", "distance": "166", "dayCount": "1", "stnSerialNumber": "4", "boardingDisabled": "false"}, {"stationCode": "PSA", "stationName": "PALASA", "arrivalTime": "16:40", "departureTime": "16:42", "routeNumber": "1", "haltTime": "02:00", "distance": "240", "dayCount": "1", "stnSerialNumber": "5", "boardingDisabled": "false"}, {"stationCode": "CHE", "stationName": "SRIKAKULAM ROAD", "arrivalTime": "17:35", "departureTime": "17:40", "routeNumber": "1", "haltTime": "05:00", "distance": "313", "dayCount": "1", "stnSerialNumber": "6", "boardingDisabled": "false"}, {"stationCode": "VZM", "stationName": "VIZIANAGRAM JN", "arrivalTime": "18:30", "departureTime": "18:40", "routeNumber": "1", "haltTime": "10:00", "distance": "382", "dayCount": "1", "stnSerialNumber": "7", "boardingDisabled": "false"}, {"stationCode": "DVD", "stationName": "DUVVADA", "arrivalTime": "19:35", "departureTime": "19:37", "routeNumber": "1", "haltTime": "02:00", "distance": "447", "dayCount": "1", "stnSerialNumber": "8", "boardingDisabled": "false"}, {"stationCode": "ANV", "stationName": "ANNAVARAM", "arrivalTime": "20:34", "departureTime": "20:35", "routeNumber": "1", "haltTime": "01:00", "distance": "543", "dayCount": "1", "stnSerialNumber": "9", "boardingDisabled": "false"}, {"stationCode": "SLO", "stationName": "SAMALKOT JN", "arrivalTime": "20:58", "departureTime": "21:00", "routeNumber": "1", "haltTime": "02:00", "distance": "580", "dayCount": "1", "stnSerialNumber": "10", "boardingDisabled": "false"}, {"stationCode": "RJY", "stationName": "RAJAHMUNDRY", "arrivalTime": "21:43", "departureTime": "21:45", "routeNumber": "1", "haltTime": "02:00", "distance": "630", "dayCount": "1", "stnSerialNumber": "11", "boardingDisabled": "false"}, {"stationCode": "NDD", "stationName": "NIDADAVOLU JN", "arrivalTime": "22:18", "departureTime": "22:20", "routeNumber": "1", "haltTime": "02:00", "distance": "653", "dayCount": "1", "stnSerialNumber": "12", "boardingDisabled": "false"}, {"stationCode": "TNKU", "stationName": "TANUKU", "arrivalTime": "22:44", "departureTime": "22:45", "routeNumber": "1", "haltTime": "01:00", "distance": "670", "dayCount": "1", "stnSerialNumber": "13", "boardingDisabled": "false"}, {"stationCode": "BVRT", "stationName": "BHIMAVARAM TOWN", "arrivalTime": "23:29", "departureTime": "23:30", "routeNumber": "1", "haltTime": "01:00", "distance": "700", "dayCount": "1", "stnSerialNumber": "14", "boardingDisabled": "false"}, {"stationCode": "AKVD", "stationName": "AKIVIDU", "arrivalTime": "23:49", "departureTime": "23:50", "routeNumber": "1", "haltTime": "01:00", "distance": "718", "dayCount": "1", "stnSerialNumber": "15", "boardingDisabled": "false"}, {"stationCode": "KKLR", "stationName": "KAIKALUR", "arrivalTime": "23:54", "departureTime": "23:55", "routeNumber": "1", "haltTime": "01:00", "distance": "735", "dayCount": "1", "stnSerialNumber": "16", "boardingDisabled": "false"}, {"stationCode": "GDV", "stationName": "GUDIVADA JN", "arrivalTime": "00:29", "departureTime": "00:30", "routeNumber": "1", "haltTime": "01:00", "distance": "764", "dayCount": "2", "stnSerialNumber": "17", "boardingDisabled": "false"}, {"stationCode": "BZA", "stationName": "VIJAYAWADA JN", "arrivalTime": "02:10", "departureTime": "02:20", "routeNumber": "1", "haltTime": "10:00", "distance": "808", "dayCount": "2", "stnSerialNumber": "18", "boardingDisabled": "false"}, {"stationCode": "OGL", "stationName": "ONGOLE", "arrivalTime": "04:34", "departureTime": "04:35", "routeNumber": "1", "haltTime": "01:00", "distance": "946", "dayCount": "2", "stnSerialNumber": "19", "boardingDisabled": "false"}, {"stationCode": "NLR", "stationName": "NELLORE", "arrivalTime": "05:54", "departureTime": "05:55", "routeNumber": "1", "haltTime": "01:00", "distance": "1062", "dayCount": "2", "stnSerialNumber": "20", "boardingDisabled": "false"}, {"stationCode": "GDR", "stationName": "GUDUR JN", "arrivalTime": "06:23", "departureTime": "06:25", "routeNumber": "1", "haltTime": "02:00", "distance": "1100", "dayCount": "2", "stnSerialNumber": "21", "boardingDisabled": "false"}, {"stationCode": "RU", "stationName": "RENIGUNTA JN", "arrivalTime": "08:43", "departureTime": "08:45", "routeNumber": "1", "haltTime": "02:00", "distance": "1183", "dayCount": "2", "stnSerialNumber": "22", "boardingDisabled": "false"}, {"stationCode": "TPTY", "stationName": "TIRUPATI", "arrivalTime": "10:30", "departureTime": "--", "routeNumber": "1", "haltTime": "--", "distance": "1193", "dayCount": "2", "stnSerialNumber": "23", "boardingDisabled": "false"}]}