{"trainNumber": "02838", "trainName": "PURI SRC SPL", "stationFrom": "PURI", "stationTo": "SRC", "trainOwner": "0", "trainRunsOnMon": "N", "trainRunsOnTue": "N", "trainRunsOnWed": "N", "trainRunsOnThu": "N", "trainRunsOnFri": "N", "trainRunsOnSat": "Y", "trainRunsOnSun": "N", "timeStamp": "2023-06-19T15:30:16.275", "duration": "0", "stationList": [{"stationCode": "PURI", "stationName": "PURI", "arrivalTime": "--", "departureTime": "19:20", "routeNumber": "1", "haltTime": "--", "distance": "0", "dayCount": "1", "stnSerialNumber": "1", "boardingDisabled": "false"}, {"stationCode": "KUR", "stationName": "KHURDA ROAD JN", "arrivalTime": "20:10", "departureTime": "20:15", "routeNumber": "1", "haltTime": "05:00", "distance": "44", "dayCount": "1", "stnSerialNumber": "2", "boardingDisabled": "false"}, {"stationCode": "BBS", "stationName": "BHUBANESWAR", "arrivalTime": "20:45", "departureTime": "20:50", "routeNumber": "1", "haltTime": "05:00", "distance": "63", "dayCount": "1", "stnSerialNumber": "3", "boardingDisabled": "false"}, {"stationCode": "CTC", "stationName": "CUTTACK", "arrivalTime": "21:25", "departureTime": "21:30", "routeNumber": "1", "haltTime": "05:00", "distance": "91", "dayCount": "1", "stnSerialNumber": "4", "boardingDisabled": "false"}, {"stationCode": "JJKR", "stationName": "JAJPUR K ROAD", "arrivalTime": "22:20", "departureTime": "22:22", "routeNumber": "1", "haltTime": "02:00", "distance": "163", "dayCount": "1", "stnSerialNumber": "5", "boardingDisabled": "false"}, {"stationCode": "BHC", "stationName": "BHADRAK", "arrivalTime": "23:10", "departureTime": "23:12", "routeNumber": "1", "haltTime": "02:00", "distance": "206", "dayCount": "1", "stnSerialNumber": "6", "boardingDisabled": "false"}, {"stationCode": "BLS", "stationName": "BALASORE", "arrivalTime": "00:03", "departureTime": "00:05", "routeNumber": "1", "haltTime": "02:00", "distance": "268", "dayCount": "2", "stnSerialNumber": "7", "boardingDisabled": "false"}, {"stationCode": "KGP", "stationName": "KHARAGPUR JN", "arrivalTime": "01:40", "departureTime": "01:45", "routeNumber": "1", "haltTime": "05:00", "distance": "387", "dayCount": "2", "stnSerialNumber": "8", "boardingDisabled": "false"}, {"stationCode": "SRC", "stationName": "SANTRAGACHI JN", "arrivalTime": "04:00", "departureTime": "--", "routeNumber": "1", "haltTime": "--", "distance": "494", "dayCount": "2", "stnSerialNumber": "9", "boardingDisabled": "false"}]}