{"trainNumber": "02837", "trainName": "SRC PURI SPL", "stationFrom": "SRC", "stationTo": "PURI", "trainOwner": "0", "trainRunsOnMon": "N", "trainRunsOnTue": "N", "trainRunsOnWed": "N", "trainRunsOnThu": "N", "trainRunsOnFri": "Y", "trainRunsOnSat": "N", "trainRunsOnSun": "N", "timeStamp": "2023-06-19T15:31:37.568", "duration": "0", "stationList": [{"stationCode": "SRC", "stationName": "SANTRAGACHI JN", "arrivalTime": "--", "departureTime": "20:35", "routeNumber": "1", "haltTime": "--", "distance": "0", "dayCount": "1", "stnSerialNumber": "1", "boardingDisabled": "false"}, {"stationCode": "KGP", "stationName": "KHARAGPUR JN", "arrivalTime": "22:10", "departureTime": "22:15", "routeNumber": "1", "haltTime": "05:00", "distance": "108", "dayCount": "1", "stnSerialNumber": "2", "boardingDisabled": "false"}, {"stationCode": "BLS", "stationName": "BALASORE", "arrivalTime": "23:38", "departureTime": "23:40", "routeNumber": "1", "haltTime": "02:00", "distance": "227", "dayCount": "1", "stnSerialNumber": "3", "boardingDisabled": "false"}, {"stationCode": "BHC", "stationName": "BHADRAK", "arrivalTime": "00:28", "departureTime": "00:30", "routeNumber": "1", "haltTime": "02:00", "distance": "289", "dayCount": "2", "stnSerialNumber": "4", "boardingDisabled": "false"}, {"stationCode": "JJKR", "stationName": "JAJPUR K ROAD", "arrivalTime": "00:58", "departureTime": "01:00", "routeNumber": "1", "haltTime": "02:00", "distance": "332", "dayCount": "2", "stnSerialNumber": "5", "boardingDisabled": "false"}, {"stationCode": "CTC", "stationName": "CUTTACK", "arrivalTime": "02:00", "departureTime": "02:05", "routeNumber": "1", "haltTime": "05:00", "distance": "404", "dayCount": "2", "stnSerialNumber": "6", "boardingDisabled": "false"}, {"stationCode": "BBS", "stationName": "BHUBANESWAR", "arrivalTime": "03:05", "departureTime": "03:10", "routeNumber": "1", "haltTime": "05:00", "distance": "432", "dayCount": "2", "stnSerialNumber": "7", "boardingDisabled": "false"}, {"stationCode": "KUR", "stationName": "KHURDA ROAD JN", "arrivalTime": "03:35", "departureTime": "03:40", "routeNumber": "1", "haltTime": "05:00", "distance": "451", "dayCount": "2", "stnSerialNumber": "8", "boardingDisabled": "false"}, {"stationCode": "PURI", "stationName": "PURI", "arrivalTime": "04:30", "departureTime": "--", "routeNumber": "1", "haltTime": "--", "distance": "494", "dayCount": "2", "stnSerialNumber": "9", "boardingDisabled": "false"}]}