{"trainNumber": "02832", "trainName": "BBS DHN SPL", "stationFrom": "BBS", "stationTo": "DHN", "trainOwner": "0", "trainRunsOnMon": "Y", "trainRunsOnTue": "Y", "trainRunsOnWed": "Y", "trainRunsOnThu": "Y", "trainRunsOnFri": "Y", "trainRunsOnSat": "Y", "trainRunsOnSun": "Y", "timeStamp": "2023-06-19T15:30:16.346", "duration": "0", "stationList": [{"stationCode": "BBS", "stationName": "BHUBANESWAR", "arrivalTime": "--", "departureTime": "20:25", "routeNumber": "1", "haltTime": "--", "distance": "0", "dayCount": "1", "stnSerialNumber": "1", "boardingDisabled": "false"}, {"stationCode": "CTC", "stationName": "CUTTACK", "arrivalTime": "20:55", "departureTime": "21:00", "routeNumber": "1", "haltTime": "05:00", "distance": "28", "dayCount": "1", "stnSerialNumber": "2", "boardingDisabled": "false"}, {"stationCode": "DNKL", "stationName": "DHENKANAL", "arrivalTime": "21:57", "departureTime": "21:59", "routeNumber": "1", "haltTime": "02:00", "distance": "84", "dayCount": "1", "stnSerialNumber": "3", "boardingDisabled": "false"}, {"stationCode": "TLHD", "stationName": "TALCHER ROAD", "arrivalTime": "22:42", "departureTime": "22:44", "routeNumber": "1", "haltTime": "02:00", "distance": "133", "dayCount": "1", "stnSerialNumber": "4", "boardingDisabled": "false"}, {"stationCode": "ANGL", "stationName": "ANGUL", "arrivalTime": "22:45", "departureTime": "22:47", "routeNumber": "1", "haltTime": "02:00", "distance": "145", "dayCount": "1", "stnSerialNumber": "5", "boardingDisabled": "false"}, {"stationCode": "SBPY", "stationName": "SAMBALPUR CITY", "arrivalTime": "01:07", "departureTime": "01:12", "routeNumber": "1", "haltTime": "05:00", "distance": "295", "dayCount": "2", "stnSerialNumber": "6", "boardingDisabled": "false"}, {"stationCode": "JSG", "stationName": "JHARSUGUDA JN", "arrivalTime": "02:20", "departureTime": "02:25", "routeNumber": "1", "haltTime": "05:00", "distance": "340", "dayCount": "2", "stnSerialNumber": "7", "boardingDisabled": "false"}, {"stationCode": "ROU", "stationName": "ROURKELA", "arrivalTime": "03:40", "departureTime": "03:45", "routeNumber": "1", "haltTime": "05:00", "distance": "441", "dayCount": "2", "stnSerialNumber": "8", "boardingDisabled": "false"}, {"stationCode": "HTE", "stationName": "HATIA", "arrivalTime": "06:10", "departureTime": "06:15", "routeNumber": "1", "haltTime": "05:00", "distance": "608", "dayCount": "2", "stnSerialNumber": "9", "boardingDisabled": "false"}, {"stationCode": "RNC", "stationName": "RANCHI", "arrivalTime": "06:30", "departureTime": "06:35", "routeNumber": "1", "haltTime": "05:00", "distance": "615", "dayCount": "2", "stnSerialNumber": "10", "boardingDisabled": "false"}, {"stationCode": "MURI", "stationName": "MURI", "arrivalTime": "07:42", "departureTime": "07:44", "routeNumber": "1", "haltTime": "02:00", "distance": "677", "dayCount": "2", "stnSerialNumber": "11", "boardingDisabled": "false"}, {"stationCode": "BKSC", "stationName": "BOKARO STL CITY", "arrivalTime": "08:55", "departureTime": "09:00", "routeNumber": "1", "haltTime": "05:00", "distance": "729", "dayCount": "2", "stnSerialNumber": "12", "boardingDisabled": "false"}, {"stationCode": "DHN", "stationName": "DHANBAD JN", "arrivalTime": "10:55", "departureTime": "--", "routeNumber": "1", "haltTime": "--", "distance": "779", "dayCount": "2", "stnSerialNumber": "13", "boardingDisabled": "false"}]}