{"trainNumber": "02847", "trainName": "SRC DGHA SPL", "stationFrom": "SRC", "stationTo": "DGHA", "trainOwner": "0", "trainRunsOnMon": "N", "trainRunsOnTue": "N", "trainRunsOnWed": "N", "trainRunsOnThu": "N", "trainRunsOnFri": "N", "trainRunsOnSat": "Y", "trainRunsOnSun": "N", "timeStamp": "2023-06-19T15:31:37.420", "duration": "0", "stationList": [{"stationCode": "SRC", "stationName": "SANTRAGACHI JN", "arrivalTime": "--", "departureTime": "09:10", "routeNumber": "1", "haltTime": "--", "distance": "0", "dayCount": "1", "stnSerialNumber": "1", "boardingDisabled": "false"}, {"stationCode": "ULB", "stationName": "ULUBARIA", "arrivalTime": "09:33", "departureTime": "09:35", "routeNumber": "1", "haltTime": "02:00", "distance": "25", "dayCount": "1", "stnSerialNumber": "2", "boardingDisabled": "false"}, {"stationCode": "BZN", "stationName": "BAGNAN", "arrivalTime": "09:50", "departureTime": "09:52", "routeNumber": "1", "haltTime": "02:00", "distance": "38", "dayCount": "1", "stnSerialNumber": "3", "boardingDisabled": "false"}, {"stationCode": "MCA", "stationName": "MECHEDA", "arrivalTime": "10:06", "departureTime": "10:08", "routeNumber": "1", "haltTime": "02:00", "distance": "51", "dayCount": "1", "stnSerialNumber": "4", "boardingDisabled": "false"}, {"stationCode": "TMZ", "stationName": "TAMLUK", "arrivalTime": "10:46", "departureTime": "10:48", "routeNumber": "1", "haltTime": "02:00", "distance": "85", "dayCount": "1", "stnSerialNumber": "5", "boardingDisabled": "false"}, {"stationCode": "KATI", "stationName": "KANTHI P H", "arrivalTime": "11:44", "departureTime": "11:46", "routeNumber": "1", "haltTime": "02:00", "distance": "146", "dayCount": "1", "stnSerialNumber": "6", "boardingDisabled": "false"}, {"stationCode": "DGHA", "stationName": "DIGHA", "arrivalTime": "12:45", "departureTime": "--", "routeNumber": "1", "haltTime": "--", "distance": "178", "dayCount": "1", "stnSerialNumber": "7", "boardingDisabled": "false"}]}