{"trainNumber": "02848", "trainName": "DGHA SRC SPL", "stationFrom": "DGHA", "stationTo": "SRC", "trainOwner": "0", "trainRunsOnMon": "N", "trainRunsOnTue": "N", "trainRunsOnWed": "N", "trainRunsOnThu": "N", "trainRunsOnFri": "N", "trainRunsOnSat": "Y", "trainRunsOnSun": "N", "timeStamp": "2023-06-19T15:31:37.391", "duration": "0", "stationList": [{"stationCode": "DGHA", "stationName": "DIGHA", "arrivalTime": "--", "departureTime": "16:30", "routeNumber": "1", "haltTime": "--", "distance": "0", "dayCount": "1", "stnSerialNumber": "1", "boardingDisabled": "false"}, {"stationCode": "KATI", "stationName": "KANTHI P H", "arrivalTime": "17:02", "departureTime": "17:04", "routeNumber": "1", "haltTime": "02:00", "distance": "33", "dayCount": "1", "stnSerialNumber": "2", "boardingDisabled": "false"}, {"stationCode": "TMZ", "stationName": "TAMLUK", "arrivalTime": "18:03", "departureTime": "18:05", "routeNumber": "1", "haltTime": "02:00", "distance": "94", "dayCount": "1", "stnSerialNumber": "3", "boardingDisabled": "false"}, {"stationCode": "MCA", "stationName": "MECHEDA", "arrivalTime": "18:45", "departureTime": "18:47", "routeNumber": "1", "haltTime": "02:00", "distance": "127", "dayCount": "1", "stnSerialNumber": "4", "boardingDisabled": "false"}, {"stationCode": "BZN", "stationName": "BAGNAN", "arrivalTime": "19:03", "departureTime": "19:05", "routeNumber": "1", "haltTime": "02:00", "distance": "141", "dayCount": "1", "stnSerialNumber": "5", "boardingDisabled": "false"}, {"stationCode": "ULB", "stationName": "ULUBARIA", "arrivalTime": "19:20", "departureTime": "19:22", "routeNumber": "1", "haltTime": "02:00", "distance": "154", "dayCount": "1", "stnSerialNumber": "6", "boardingDisabled": "false"}, {"stationCode": "SRC", "stationName": "SANTRAGACHI JN", "arrivalTime": "20:00", "departureTime": "--", "routeNumber": "1", "haltTime": "--", "distance": "178", "dayCount": "1", "stnSerialNumber": "7", "boardingDisabled": "false"}]}