{"trainNumber": "02898", "trainName": "DGHA SRC SPL", "stationFrom": "DGHA", "stationTo": "SRC", "trainOwner": "0", "trainRunsOnMon": "N", "trainRunsOnTue": "N", "trainRunsOnWed": "N", "trainRunsOnThu": "N", "trainRunsOnFri": "N", "trainRunsOnSat": "N", "trainRunsOnSun": "Y", "timeStamp": "2023-06-19T15:31:43.447", "duration": "0", "stationList": [{"stationCode": "DGHA", "stationName": "DIGHA", "arrivalTime": "--", "departureTime": "13:10", "routeNumber": "1", "haltTime": "--", "distance": "0", "dayCount": "1", "stnSerialNumber": "1", "boardingDisabled": "false"}, {"stationCode": "KATI", "stationName": "KANTHI P H", "arrivalTime": "13:41", "departureTime": "13:43", "routeNumber": "1", "haltTime": "02:00", "distance": "33", "dayCount": "1", "stnSerialNumber": "2", "boardingDisabled": "false"}, {"stationCode": "TMZ", "stationName": "TAMLUK", "arrivalTime": "14:38", "departureTime": "14:40", "routeNumber": "1", "haltTime": "02:00", "distance": "94", "dayCount": "1", "stnSerialNumber": "3", "boardingDisabled": "false"}, {"stationCode": "MCA", "stationName": "MECHEDA", "arrivalTime": "15:24", "departureTime": "15:26", "routeNumber": "1", "haltTime": "02:00", "distance": "127", "dayCount": "1", "stnSerialNumber": "4", "boardingDisabled": "false"}, {"stationCode": "BZN", "stationName": "BAGNAN", "arrivalTime": "15:42", "departureTime": "15:44", "routeNumber": "1", "haltTime": "02:00", "distance": "141", "dayCount": "1", "stnSerialNumber": "5", "boardingDisabled": "false"}, {"stationCode": "ULB", "stationName": "ULUBARIA", "arrivalTime": "16:00", "departureTime": "16:02", "routeNumber": "1", "haltTime": "02:00", "distance": "154", "dayCount": "1", "stnSerialNumber": "6", "boardingDisabled": "false"}, {"stationCode": "SRC", "stationName": "SANTRAGACHI JN", "arrivalTime": "16:50", "departureTime": "--", "routeNumber": "1", "haltTime": "--", "distance": "178", "dayCount": "1", "stnSerialNumber": "7", "boardingDisabled": "false"}]}