{"trainNumber": "03027", "trainName": "HWH NJP SPECIAL", "stationFrom": "HWH", "stationTo": "NJP", "trainOwner": "0", "trainRunsOnMon": "N", "trainRunsOnTue": "N", "trainRunsOnWed": "Y", "trainRunsOnThu": "N", "trainRunsOnFri": "N", "trainRunsOnSat": "N", "trainRunsOnSun": "N", "timeStamp": "2023-06-19T15:30:41.006", "duration": "0", "stationList": [{"stationCode": "HWH", "stationName": "HOWRAH JN", "arrivalTime": "--", "departureTime": "23:40", "routeNumber": "1", "haltTime": "--", "distance": "0", "dayCount": "1", "stnSerialNumber": "1", "boardingDisabled": "false"}, {"stationCode": "BDC", "stationName": "BANDEL JN", "arrivalTime": "00:33", "departureTime": "00:35", "routeNumber": "1", "haltTime": "02:00", "distance": "40", "dayCount": "2", "stnSerialNumber": "2", "boardingDisabled": "false"}, {"stationCode": "KWAE", "stationName": "KATWA", "arrivalTime": "02:10", "departureTime": "02:12", "routeNumber": "1", "haltTime": "02:00", "distance": "144", "dayCount": "2", "stnSerialNumber": "3", "boardingDisabled": "false"}, {"stationCode": "AZ", "stationName": "AZIMGANJ JN", "arrivalTime": "03:40", "departureTime": "03:45", "routeNumber": "1", "haltTime": "05:00", "distance": "217", "dayCount": "2", "stnSerialNumber": "4", "boardingDisabled": "false"}, {"stationCode": "JRLE", "stationName": "JANGIPUR ROAD", "arrivalTime": "04:23", "departureTime": "04:24", "routeNumber": "1", "haltTime": "01:00", "distance": "252", "dayCount": "2", "stnSerialNumber": "5", "boardingDisabled": "false"}, {"stationCode": "MLDT", "stationName": "MALDA TOWN", "arrivalTime": "06:25", "departureTime": "06:30", "routeNumber": "1", "haltTime": "05:00", "distance": "332", "dayCount": "2", "stnSerialNumber": "6", "boardingDisabled": "false"}, {"stationCode": "BOE", "stationName": "BARSOI JN", "arrivalTime": "07:35", "departureTime": "07:37", "routeNumber": "1", "haltTime": "02:00", "distance": "420", "dayCount": "2", "stnSerialNumber": "7", "boardingDisabled": "false"}, {"stationCode": "KNE", "stationName": "KISHANGANJ", "arrivalTime": "08:25", "departureTime": "08:27", "routeNumber": "1", "haltTime": "02:00", "distance": "477", "dayCount": "2", "stnSerialNumber": "8", "boardingDisabled": "false"}, {"stationCode": "AUB", "stationName": "ALUABARI ROAD", "arrivalTime": "08:53", "departureTime": "08:55", "routeNumber": "1", "haltTime": "02:00", "distance": "508", "dayCount": "2", "stnSerialNumber": "9", "boardingDisabled": "false"}, {"stationCode": "NJP", "stationName": "NEW JALPAIGURI", "arrivalTime": "10:45", "departureTime": "--", "routeNumber": "1", "haltTime": "--", "distance": "564", "dayCount": "2", "stnSerialNumber": "10", "boardingDisabled": "false"}]}