{"trainNumber": "03047", "trainName": "HWH RPH SPL", "stationFrom": "HWH", "stationTo": "RPH", "trainOwner": "0", "trainRunsOnMon": "Y", "trainRunsOnTue": "Y", "trainRunsOnWed": "Y", "trainRunsOnThu": "Y", "trainRunsOnFri": "Y", "trainRunsOnSat": "Y", "trainRunsOnSun": "Y", "timeStamp": "2023-06-19T15:30:48.398", "duration": "0", "stationList": [{"stationCode": "HWH", "stationName": "HOWRAH JN", "arrivalTime": "--", "departureTime": "16:35", "routeNumber": "1", "haltTime": "--", "distance": "0", "dayCount": "1", "stnSerialNumber": "1", "boardingDisabled": "false"}, {"stationCode": "CGR", "stationName": "CHANDAN NAGAR", "arrivalTime": "17:13", "departureTime": "17:14", "routeNumber": "1", "haltTime": "01:00", "distance": "33", "dayCount": "1", "stnSerialNumber": "2", "boardingDisabled": "false"}, {"stationCode": "CNS", "stationName": "CHUCHURA", "arrivalTime": "17:19", "departureTime": "17:20", "routeNumber": "1", "haltTime": "01:00", "distance": "36", "dayCount": "1", "stnSerialNumber": "3", "boardingDisabled": "false"}, {"stationCode": "BDC", "stationName": "BANDEL JN", "arrivalTime": "17:29", "departureTime": "17:31", "routeNumber": "1", "haltTime": "02:00", "distance": "40", "dayCount": "1", "stnSerialNumber": "4", "boardingDisabled": "false"}, {"stationCode": "BWN", "stationName": "BARDDHAMAN JN", "arrivalTime": "18:31", "departureTime": "18:33", "routeNumber": "1", "haltTime": "02:00", "distance": "107", "dayCount": "1", "stnSerialNumber": "5", "boardingDisabled": "false"}, {"stationCode": "TIT", "stationName": "TALIT", "arrivalTime": "18:42", "departureTime": "18:43", "routeNumber": "1", "haltTime": "01:00", "distance": "114", "dayCount": "1", "stnSerialNumber": "6", "boardingDisabled": "false"}, {"stationCode": "KAN", "stationName": "KHANA JN", "arrivalTime": "18:50", "departureTime": "18:51", "routeNumber": "1", "haltTime": "01:00", "distance": "120", "dayCount": "1", "stnSerialNumber": "7", "boardingDisabled": "false"}, {"stationCode": "JTL", "stationName": "JHAPATER DHAL", "arrivalTime": "19:00", "departureTime": "19:01", "routeNumber": "1", "haltTime": "01:00", "distance": "125", "dayCount": "1", "stnSerialNumber": "8", "boardingDisabled": "false"}, {"stationCode": "BPS", "stationName": "BANPAS", "arrivalTime": "19:08", "departureTime": "19:09", "routeNumber": "1", "haltTime": "01:00", "distance": "130", "dayCount": "1", "stnSerialNumber": "9", "boardingDisabled": "false"}, {"stationCode": "NRX", "stationName": "NOADAR DHAL", "arrivalTime": "19:16", "departureTime": "19:17", "routeNumber": "1", "haltTime": "01:00", "distance": "135", "dayCount": "1", "stnSerialNumber": "10", "boardingDisabled": "false"}, {"stationCode": "GKH", "stationName": "GUSKARA", "arrivalTime": "19:24", "departureTime": "19:25", "routeNumber": "1", "haltTime": "01:00", "distance": "140", "dayCount": "1", "stnSerialNumber": "11", "boardingDisabled": "false"}, {"stationCode": "PCQ", "stationName": "PICHKURIRDHAL", "arrivalTime": "19:32", "departureTime": "19:33", "routeNumber": "1", "haltTime": "01:00", "distance": "146", "dayCount": "1", "stnSerialNumber": "12", "boardingDisabled": "false"}, {"stationCode": "BDH", "stationName": "BHEDIA", "arrivalTime": "19:39", "departureTime": "19:40", "routeNumber": "1", "haltTime": "01:00", "distance": "151", "dayCount": "1", "stnSerialNumber": "13", "boardingDisabled": "false"}, {"stationCode": "BHP", "stationName": "BOLPUR S NIKTN", "arrivalTime": "19:47", "departureTime": "19:49", "routeNumber": "1", "haltTime": "02:00", "distance": "159", "dayCount": "1", "stnSerialNumber": "14", "boardingDisabled": "false"}, {"stationCode": "PNE", "stationName": "PRANTIK", "arrivalTime": "19:59", "departureTime": "20:00", "routeNumber": "1", "haltTime": "01:00", "distance": "163", "dayCount": "1", "stnSerialNumber": "15", "boardingDisabled": "false"}, {"stationCode": "KPLE", "stationName": "KOPAI", "arrivalTime": "20:09", "departureTime": "20:10", "routeNumber": "1", "haltTime": "01:00", "distance": "169", "dayCount": "1", "stnSerialNumber": "16", "boardingDisabled": "false"}, {"stationCode": "AMP", "stationName": "AHMADPUR JN", "arrivalTime": "20:19", "departureTime": "20:20", "routeNumber": "1", "haltTime": "01:00", "distance": "178", "dayCount": "1", "stnSerialNumber": "17", "boardingDisabled": "false"}, {"stationCode": "BSLE", "stationName": "BATASPUR", "arrivalTime": "20:28", "departureTime": "20:29", "routeNumber": "1", "haltTime": "01:00", "distance": "184", "dayCount": "1", "stnSerialNumber": "18", "boardingDisabled": "false"}, {"stationCode": "SNT", "stationName": "SAINTHIA", "arrivalTime": "20:36", "departureTime": "20:37", "routeNumber": "1", "haltTime": "01:00", "distance": "191", "dayCount": "1", "stnSerialNumber": "19", "boardingDisabled": "false"}, {"stationCode": "GHLE", "stationName": "GADADHARPUR", "arrivalTime": "20:44", "departureTime": "20:45", "routeNumber": "1", "haltTime": "01:00", "distance": "198", "dayCount": "1", "stnSerialNumber": "20", "boardingDisabled": "false"}, {"stationCode": "MLV", "stationName": "MALLARPUR", "arrivalTime": "20:52", "departureTime": "20:53", "routeNumber": "1", "haltTime": "01:00", "distance": "207", "dayCount": "1", "stnSerialNumber": "21", "boardingDisabled": "false"}, {"stationCode": "TPF", "stationName": "TARAPITH ROAD", "arrivalTime": "20:57", "departureTime": "20:58", "routeNumber": "1", "haltTime": "01:00", "distance": "213", "dayCount": "1", "stnSerialNumber": "22", "boardingDisabled": "false"}, {"stationCode": "RPH", "stationName": "RAMPUR HAT", "arrivalTime": "21:25", "departureTime": "--", "routeNumber": "1", "haltTime": "--", "distance": "219", "dayCount": "1", "stnSerialNumber": "23", "boardingDisabled": "false"}]}