{"trainNumber": "03043", "trainName": "HWH RXL  SPL", "stationFrom": "HWH", "stationTo": "RXL", "trainOwner": "0", "trainRunsOnMon": "N", "trainRunsOnTue": "N", "trainRunsOnWed": "N", "trainRunsOnThu": "N", "trainRunsOnFri": "N", "trainRunsOnSat": "Y", "trainRunsOnSun": "N", "timeStamp": "2023-06-19T15:30:48.416", "duration": "0", "stationList": [{"stationCode": "HWH", "stationName": "HOWRAH JN", "arrivalTime": "--", "departureTime": "23:00", "routeNumber": "1", "haltTime": "--", "distance": "0", "dayCount": "1", "stnSerialNumber": "1", "boardingDisabled": "false"}, {"stationCode": "BDC", "stationName": "BANDEL JN", "arrivalTime": "23:51", "departureTime": "23:53", "routeNumber": "1", "haltTime": "02:00", "distance": "40", "dayCount": "1", "stnSerialNumber": "2", "boardingDisabled": "false"}, {"stationCode": "BWN", "stationName": "BARDDHAMAN JN", "arrivalTime": "01:14", "departureTime": "01:16", "routeNumber": "1", "haltTime": "02:00", "distance": "107", "dayCount": "2", "stnSerialNumber": "3", "boardingDisabled": "false"}, {"stationCode": "DGR", "stationName": "DURGAPUR", "arrivalTime": "02:06", "departureTime": "02:08", "routeNumber": "1", "haltTime": "02:00", "distance": "171", "dayCount": "2", "stnSerialNumber": "4", "boardingDisabled": "false"}, {"stationCode": "ASN", "stationName": "ASANSOL JN", "arrivalTime": "02:37", "departureTime": "02:42", "routeNumber": "1", "haltTime": "05:00", "distance": "213", "dayCount": "2", "stnSerialNumber": "5", "boardingDisabled": "false"}, {"stationCode": "CRJ", "stationName": "CHITTARANJAN", "arrivalTime": "03:07", "departureTime": "03:09", "routeNumber": "1", "haltTime": "02:00", "distance": "238", "dayCount": "2", "stnSerialNumber": "6", "boardingDisabled": "false"}, {"stationCode": "MDP", "stationName": "MADHUPUR JN", "arrivalTime": "03:53", "departureTime": "03:55", "routeNumber": "1", "haltTime": "02:00", "distance": "294", "dayCount": "2", "stnSerialNumber": "7", "boardingDisabled": "false"}, {"stationCode": "JSME", "stationName": "JASIDIH JN", "arrivalTime": "04:48", "departureTime": "04:50", "routeNumber": "1", "haltTime": "02:00", "distance": "323", "dayCount": "2", "stnSerialNumber": "8", "boardingDisabled": "false"}, {"stationCode": "JAJ", "stationName": "JHAJHA", "arrivalTime": "06:40", "departureTime": "06:45", "routeNumber": "1", "haltTime": "05:00", "distance": "367", "dayCount": "2", "stnSerialNumber": "9", "boardingDisabled": "false"}, {"stationCode": "KIUL", "stationName": "KIUL JN", "arrivalTime": "07:30", "departureTime": "07:32", "routeNumber": "1", "haltTime": "02:00", "distance": "421", "dayCount": "2", "stnSerialNumber": "10", "boardingDisabled": "false"}, {"stationCode": "BJU", "stationName": "BARAUNI JN", "arrivalTime": "08:40", "departureTime": "08:50", "routeNumber": "1", "haltTime": "10:00", "distance": "460", "dayCount": "2", "stnSerialNumber": "11", "boardingDisabled": "false"}, {"stationCode": "SPJ", "stationName": "SAMASTIPUR JN", "arrivalTime": "09:45", "departureTime": "09:50", "routeNumber": "1", "haltTime": "05:00", "distance": "511", "dayCount": "2", "stnSerialNumber": "12", "boardingDisabled": "false"}, {"stationCode": "DBG", "stationName": "DARBHANGA JN", "arrivalTime": "10:55", "departureTime": "11:00", "routeNumber": "1", "haltTime": "05:00", "distance": "548", "dayCount": "2", "stnSerialNumber": "13", "boardingDisabled": "false"}, {"stationCode": "JNR", "stationName": "JANAKPUR ROAD", "arrivalTime": "11:40", "departureTime": "11:42", "routeNumber": "1", "haltTime": "02:00", "distance": "591", "dayCount": "2", "stnSerialNumber": "14", "boardingDisabled": "false"}, {"stationCode": "SMI", "stationName": "SITAMARHI", "arrivalTime": "12:15", "departureTime": "12:20", "routeNumber": "1", "haltTime": "05:00", "distance": "616", "dayCount": "2", "stnSerialNumber": "15", "boardingDisabled": "false"}, {"stationCode": "BGU", "stationName": "BAIRAGNIA", "arrivalTime": "12:58", "departureTime": "13:00", "routeNumber": "1", "haltTime": "02:00", "distance": "645", "dayCount": "2", "stnSerialNumber": "16", "boardingDisabled": "false"}, {"stationCode": "RXL", "stationName": "RAXAUL JN", "arrivalTime": "14:15", "departureTime": "--", "routeNumber": "1", "haltTime": "--", "distance": "699", "dayCount": "2", "stnSerialNumber": "17", "boardingDisabled": "false"}]}