{"trainNumber": "03044", "trainName": "RXL HWH  SPL", "stationFrom": "RXL", "stationTo": "HWH", "trainOwner": "0", "trainRunsOnMon": "N", "trainRunsOnTue": "N", "trainRunsOnWed": "N", "trainRunsOnThu": "N", "trainRunsOnFri": "N", "trainRunsOnSat": "N", "trainRunsOnSun": "Y", "timeStamp": "2023-06-19T15:30:48.466", "duration": "0", "stationList": [{"stationCode": "RXL", "stationName": "RAXAUL JN", "arrivalTime": "--", "departureTime": "16:55", "routeNumber": "1", "haltTime": "--", "distance": "0", "dayCount": "1", "stnSerialNumber": "1", "boardingDisabled": "false"}, {"stationCode": "BGU", "stationName": "BAIRAGNIA", "arrivalTime": "17:45", "departureTime": "17:47", "routeNumber": "1", "haltTime": "02:00", "distance": "54", "dayCount": "1", "stnSerialNumber": "2", "boardingDisabled": "false"}, {"stationCode": "SMI", "stationName": "SITAMARHI", "arrivalTime": "18:25", "departureTime": "18:30", "routeNumber": "1", "haltTime": "05:00", "distance": "83", "dayCount": "1", "stnSerialNumber": "3", "boardingDisabled": "false"}, {"stationCode": "JNR", "stationName": "JANAKPUR ROAD", "arrivalTime": "18:55", "departureTime": "18:57", "routeNumber": "1", "haltTime": "02:00", "distance": "108", "dayCount": "1", "stnSerialNumber": "4", "boardingDisabled": "false"}, {"stationCode": "DBG", "stationName": "DARBHANGA JN", "arrivalTime": "19:55", "departureTime": "20:00", "routeNumber": "1", "haltTime": "05:00", "distance": "151", "dayCount": "1", "stnSerialNumber": "5", "boardingDisabled": "false"}, {"stationCode": "SPJ", "stationName": "SAMASTIPUR JN", "arrivalTime": "21:20", "departureTime": "21:25", "routeNumber": "1", "haltTime": "05:00", "distance": "188", "dayCount": "1", "stnSerialNumber": "6", "boardingDisabled": "false"}, {"stationCode": "BJU", "stationName": "BARAUNI JN", "arrivalTime": "22:15", "departureTime": "22:25", "routeNumber": "1", "haltTime": "10:00", "distance": "239", "dayCount": "1", "stnSerialNumber": "7", "boardingDisabled": "false"}, {"stationCode": "KIUL", "stationName": "KIUL JN", "arrivalTime": "23:50", "departureTime": "23:52", "routeNumber": "1", "haltTime": "02:00", "distance": "278", "dayCount": "1", "stnSerialNumber": "8", "boardingDisabled": "false"}, {"stationCode": "JAJ", "stationName": "JHAJHA", "arrivalTime": "01:35", "departureTime": "01:40", "routeNumber": "1", "haltTime": "05:00", "distance": "332", "dayCount": "2", "stnSerialNumber": "9", "boardingDisabled": "false"}, {"stationCode": "JSME", "stationName": "JASIDIH JN", "arrivalTime": "02:12", "departureTime": "02:14", "routeNumber": "1", "haltTime": "02:00", "distance": "376", "dayCount": "2", "stnSerialNumber": "10", "boardingDisabled": "false"}, {"stationCode": "MDP", "stationName": "MADHUPUR JN", "arrivalTime": "02:39", "departureTime": "02:41", "routeNumber": "1", "haltTime": "02:00", "distance": "405", "dayCount": "2", "stnSerialNumber": "11", "boardingDisabled": "false"}, {"stationCode": "CRJ", "stationName": "CHITTARANJAN", "arrivalTime": "03:25", "departureTime": "03:27", "routeNumber": "1", "haltTime": "02:00", "distance": "462", "dayCount": "2", "stnSerialNumber": "12", "boardingDisabled": "false"}, {"stationCode": "ASN", "stationName": "ASANSOL JN", "arrivalTime": "04:40", "departureTime": "04:45", "routeNumber": "1", "haltTime": "05:00", "distance": "486", "dayCount": "2", "stnSerialNumber": "13", "boardingDisabled": "false"}, {"stationCode": "DGR", "stationName": "DURGAPUR", "arrivalTime": "05:20", "departureTime": "05:22", "routeNumber": "1", "haltTime": "02:00", "distance": "529", "dayCount": "2", "stnSerialNumber": "14", "boardingDisabled": "false"}, {"stationCode": "BWN", "stationName": "BARDDHAMAN JN", "arrivalTime": "06:34", "departureTime": "06:36", "routeNumber": "1", "haltTime": "02:00", "distance": "592", "dayCount": "2", "stnSerialNumber": "15", "boardingDisabled": "false"}, {"stationCode": "BDC", "stationName": "BANDEL JN", "arrivalTime": "07:46", "departureTime": "07:48", "routeNumber": "1", "haltTime": "02:00", "distance": "659", "dayCount": "2", "stnSerialNumber": "16", "boardingDisabled": "false"}, {"stationCode": "HWH", "stationName": "HOWRAH JN", "arrivalTime": "08:50", "departureTime": "--", "routeNumber": "1", "haltTime": "--", "distance": "699", "dayCount": "2", "stnSerialNumber": "17", "boardingDisabled": "false"}]}