{"trainNumber": "03048", "trainName": "RPH HWH SPL", "stationFrom": "RPH", "stationTo": "HWH", "trainOwner": "0", "trainRunsOnMon": "Y", "trainRunsOnTue": "Y", "trainRunsOnWed": "Y", "trainRunsOnThu": "Y", "trainRunsOnFri": "Y", "trainRunsOnSat": "Y", "trainRunsOnSun": "Y", "timeStamp": "2023-06-19T15:30:48.410", "duration": "0", "stationList": [{"stationCode": "RPH", "stationName": "RAMPUR HAT", "arrivalTime": "--", "departureTime": "05:10", "routeNumber": "1", "haltTime": "--", "distance": "0", "dayCount": "1", "stnSerialNumber": "1", "boardingDisabled": "false"}, {"stationCode": "TPF", "stationName": "TARAPITH ROAD", "arrivalTime": "05:17", "departureTime": "05:18", "routeNumber": "1", "haltTime": "01:00", "distance": "7", "dayCount": "1", "stnSerialNumber": "2", "boardingDisabled": "false"}, {"stationCode": "MLV", "stationName": "MALLARPUR", "arrivalTime": "05:25", "departureTime": "05:26", "routeNumber": "1", "haltTime": "01:00", "distance": "13", "dayCount": "1", "stnSerialNumber": "3", "boardingDisabled": "false"}, {"stationCode": "GHLE", "stationName": "GADADHARPUR", "arrivalTime": "05:33", "departureTime": "05:34", "routeNumber": "1", "haltTime": "01:00", "distance": "21", "dayCount": "1", "stnSerialNumber": "4", "boardingDisabled": "false"}, {"stationCode": "SNT", "stationName": "SAINTHIA", "arrivalTime": "05:42", "departureTime": "05:43", "routeNumber": "1", "haltTime": "01:00", "distance": "28", "dayCount": "1", "stnSerialNumber": "5", "boardingDisabled": "false"}, {"stationCode": "BSLE", "stationName": "BATASPUR", "arrivalTime": "05:52", "departureTime": "05:53", "routeNumber": "1", "haltTime": "01:00", "distance": "36", "dayCount": "1", "stnSerialNumber": "6", "boardingDisabled": "false"}, {"stationCode": "AMP", "stationName": "AHMADPUR JN", "arrivalTime": "05:59", "departureTime": "06:00", "routeNumber": "1", "haltTime": "01:00", "distance": "42", "dayCount": "1", "stnSerialNumber": "7", "boardingDisabled": "false"}, {"stationCode": "KPLE", "stationName": "KOPAI", "arrivalTime": "06:08", "departureTime": "06:09", "routeNumber": "1", "haltTime": "01:00", "distance": "50", "dayCount": "1", "stnSerialNumber": "8", "boardingDisabled": "false"}, {"stationCode": "PNE", "stationName": "PRANTIK", "arrivalTime": "06:17", "departureTime": "06:18", "routeNumber": "1", "haltTime": "01:00", "distance": "57", "dayCount": "1", "stnSerialNumber": "9", "boardingDisabled": "false"}, {"stationCode": "BHP", "stationName": "BOLPUR S NIKTN", "arrivalTime": "06:25", "departureTime": "06:27", "routeNumber": "1", "haltTime": "02:00", "distance": "61", "dayCount": "1", "stnSerialNumber": "10", "boardingDisabled": "false"}, {"stationCode": "BDH", "stationName": "BHEDIA", "arrivalTime": "06:36", "departureTime": "06:37", "routeNumber": "1", "haltTime": "01:00", "distance": "69", "dayCount": "1", "stnSerialNumber": "11", "boardingDisabled": "false"}, {"stationCode": "PCQ", "stationName": "PICHKURIRDHAL", "arrivalTime": "06:43", "departureTime": "06:44", "routeNumber": "1", "haltTime": "01:00", "distance": "74", "dayCount": "1", "stnSerialNumber": "12", "boardingDisabled": "false"}, {"stationCode": "GKH", "stationName": "GUSKARA", "arrivalTime": "06:50", "departureTime": "06:51", "routeNumber": "1", "haltTime": "01:00", "distance": "80", "dayCount": "1", "stnSerialNumber": "13", "boardingDisabled": "false"}, {"stationCode": "NRX", "stationName": "NOADAR DHAL", "arrivalTime": "06:57", "departureTime": "06:58", "routeNumber": "1", "haltTime": "01:00", "distance": "85", "dayCount": "1", "stnSerialNumber": "14", "boardingDisabled": "false"}, {"stationCode": "BPS", "stationName": "BANPAS", "arrivalTime": "07:03", "departureTime": "07:04", "routeNumber": "1", "haltTime": "01:00", "distance": "90", "dayCount": "1", "stnSerialNumber": "15", "boardingDisabled": "false"}, {"stationCode": "JTL", "stationName": "JHAPATER DHAL", "arrivalTime": "07:09", "departureTime": "07:10", "routeNumber": "1", "haltTime": "01:00", "distance": "95", "dayCount": "1", "stnSerialNumber": "16", "boardingDisabled": "false"}, {"stationCode": "KAN", "stationName": "KHANA JN", "arrivalTime": "07:36", "departureTime": "07:37", "routeNumber": "1", "haltTime": "01:00", "distance": "99", "dayCount": "1", "stnSerialNumber": "17", "boardingDisabled": "false"}, {"stationCode": "TIT", "stationName": "TALIT", "arrivalTime": "07:43", "departureTime": "07:44", "routeNumber": "1", "haltTime": "01:00", "distance": "105", "dayCount": "1", "stnSerialNumber": "18", "boardingDisabled": "false"}, {"stationCode": "BWN", "stationName": "BARDDHAMAN JN", "arrivalTime": "07:51", "departureTime": "07:53", "routeNumber": "1", "haltTime": "02:00", "distance": "112", "dayCount": "1", "stnSerialNumber": "19", "boardingDisabled": "false"}, {"stationCode": "BDC", "stationName": "BANDEL JN", "arrivalTime": "09:00", "departureTime": "09:02", "routeNumber": "1", "haltTime": "02:00", "distance": "180", "dayCount": "1", "stnSerialNumber": "20", "boardingDisabled": "false"}, {"stationCode": "CNS", "stationName": "CHUCHURA", "arrivalTime": "09:10", "departureTime": "09:11", "routeNumber": "1", "haltTime": "01:00", "distance": "183", "dayCount": "1", "stnSerialNumber": "21", "boardingDisabled": "false"}, {"stationCode": "CGR", "stationName": "CHANDAN NAGAR", "arrivalTime": "09:17", "departureTime": "09:18", "routeNumber": "1", "haltTime": "01:00", "distance": "187", "dayCount": "1", "stnSerialNumber": "22", "boardingDisabled": "false"}, {"stationCode": "HWH", "stationName": "HOWRAH JN", "arrivalTime": "10:10", "departureTime": "--", "routeNumber": "1", "haltTime": "--", "distance": "219", "dayCount": "1", "stnSerialNumber": "23", "boardingDisabled": "false"}]}