{"trainNumber": "03101", "trainName": "KOAA PURI SPL", "stationFrom": "KOAA", "stationTo": "PURI", "trainOwner": "0", "trainRunsOnMon": "N", "trainRunsOnTue": "N", "trainRunsOnWed": "N", "trainRunsOnThu": "N", "trainRunsOnFri": "N", "trainRunsOnSat": "N", "trainRunsOnSun": "Y", "timeStamp": "2023-06-19T15:30:58.464", "duration": "0", "stationList": [{"stationCode": "KOAA", "stationName": "KOLKATA", "arrivalTime": "--", "departureTime": "23:40", "routeNumber": "1", "haltTime": "--", "distance": "0", "dayCount": "1", "stnSerialNumber": "1", "boardingDisabled": "false"}, {"stationCode": "ADL", "stationName": "ANDUL", "arrivalTime": "01:00", "departureTime": "01:05", "routeNumber": "1", "haltTime": "05:00", "distance": "29", "dayCount": "2", "stnSerialNumber": "3", "boardingDisabled": "false"}, {"stationCode": "KGP", "stationName": "KHARAGPUR JN", "arrivalTime": "02:35", "departureTime": "02:40", "routeNumber": "1", "haltTime": "05:00", "distance": "132", "dayCount": "2", "stnSerialNumber": "4", "boardingDisabled": "false"}, {"stationCode": "BLS", "stationName": "BALASORE", "arrivalTime": "04:00", "departureTime": "04:02", "routeNumber": "1", "haltTime": "02:00", "distance": "250", "dayCount": "2", "stnSerialNumber": "5", "boardingDisabled": "false"}, {"stationCode": "BHC", "stationName": "BHADRAK", "arrivalTime": "05:02", "departureTime": "05:04", "routeNumber": "1", "haltTime": "02:00", "distance": "312", "dayCount": "2", "stnSerialNumber": "6", "boardingDisabled": "false"}, {"stationCode": "JJKR", "stationName": "JAJPUR K ROAD", "arrivalTime": "05:35", "departureTime": "05:37", "routeNumber": "1", "haltTime": "02:00", "distance": "356", "dayCount": "2", "stnSerialNumber": "7", "boardingDisabled": "false"}, {"stationCode": "CTC", "stationName": "CUTTACK", "arrivalTime": "06:55", "departureTime": "07:00", "routeNumber": "1", "haltTime": "05:00", "distance": "428", "dayCount": "2", "stnSerialNumber": "8", "boardingDisabled": "false"}, {"stationCode": "BBS", "stationName": "BHUBANESWAR", "arrivalTime": "07:40", "departureTime": "07:45", "routeNumber": "1", "haltTime": "05:00", "distance": "455", "dayCount": "2", "stnSerialNumber": "9", "boardingDisabled": "false"}, {"stationCode": "KUR", "stationName": "KHURDA ROAD JN", "arrivalTime": "08:20", "departureTime": "08:25", "routeNumber": "1", "haltTime": "05:00", "distance": "475", "dayCount": "2", "stnSerialNumber": "10", "boardingDisabled": "false"}, {"stationCode": "PURI", "stationName": "PURI", "arrivalTime": "09:35", "departureTime": "--", "routeNumber": "1", "haltTime": "--", "distance": "518", "dayCount": "2", "stnSerialNumber": "11", "boardingDisabled": "false"}]}