{"trainNumber": "03102", "trainName": "PURI KOAA SPL", "stationFrom": "PURI", "stationTo": "KOAA", "trainOwner": "0", "trainRunsOnMon": "Y", "trainRunsOnTue": "N", "trainRunsOnWed": "N", "trainRunsOnThu": "N", "trainRunsOnFri": "N", "trainRunsOnSat": "N", "trainRunsOnSun": "N", "timeStamp": "2023-06-19T15:30:58.388", "duration": "0", "stationList": [{"stationCode": "PURI", "stationName": "PURI", "arrivalTime": "--", "departureTime": "15:50", "routeNumber": "1", "haltTime": "--", "distance": "0", "dayCount": "1", "stnSerialNumber": "1", "boardingDisabled": "false"}, {"stationCode": "KUR", "stationName": "KHURDA ROAD JN", "arrivalTime": "16:35", "departureTime": "16:40", "routeNumber": "1", "haltTime": "05:00", "distance": "44", "dayCount": "1", "stnSerialNumber": "2", "boardingDisabled": "false"}, {"stationCode": "BBS", "stationName": "BHUBANESWAR", "arrivalTime": "17:05", "departureTime": "17:10", "routeNumber": "1", "haltTime": "05:00", "distance": "63", "dayCount": "1", "stnSerialNumber": "3", "boardingDisabled": "false"}, {"stationCode": "CTC", "stationName": "CUTTACK", "arrivalTime": "17:40", "departureTime": "17:45", "routeNumber": "1", "haltTime": "05:00", "distance": "91", "dayCount": "1", "stnSerialNumber": "4", "boardingDisabled": "false"}, {"stationCode": "JJKR", "stationName": "JAJPUR K ROAD", "arrivalTime": "19:10", "departureTime": "19:12", "routeNumber": "1", "haltTime": "02:00", "distance": "163", "dayCount": "1", "stnSerialNumber": "5", "boardingDisabled": "false"}, {"stationCode": "BHC", "stationName": "BHADRAK", "arrivalTime": "19:45", "departureTime": "19:47", "routeNumber": "1", "haltTime": "02:00", "distance": "206", "dayCount": "1", "stnSerialNumber": "6", "boardingDisabled": "false"}, {"stationCode": "BLS", "stationName": "BALASORE", "arrivalTime": "20:43", "departureTime": "20:45", "routeNumber": "1", "haltTime": "02:00", "distance": "268", "dayCount": "1", "stnSerialNumber": "7", "boardingDisabled": "false"}, {"stationCode": "KGP", "stationName": "KHARAGPUR JN", "arrivalTime": "22:25", "departureTime": "22:30", "routeNumber": "1", "haltTime": "05:00", "distance": "387", "dayCount": "1", "stnSerialNumber": "8", "boardingDisabled": "false"}, {"stationCode": "ADL", "stationName": "ANDUL", "arrivalTime": "23:45", "departureTime": "23:50", "routeNumber": "1", "haltTime": "05:00", "distance": "490", "dayCount": "1", "stnSerialNumber": "9", "boardingDisabled": "false"}, {"stationCode": "KOAA", "stationName": "KOLKATA", "arrivalTime": "02:00", "departureTime": "--", "routeNumber": "1", "haltTime": "--", "distance": "518", "dayCount": "2", "stnSerialNumber": "11", "boardingDisabled": "false"}]}