{"trainNumber": "03104", "trainName": "NJP SDAH SPL", "stationFrom": "NJP", "stationTo": "SDAH", "trainOwner": "0", "trainRunsOnMon": "N", "trainRunsOnTue": "N", "trainRunsOnWed": "N", "trainRunsOnThu": "N", "trainRunsOnFri": "N", "trainRunsOnSat": "N", "trainRunsOnSun": "Y", "timeStamp": "2023-06-19T15:30:58.396", "duration": "0", "stationList": [{"stationCode": "NJP", "stationName": "NEW JALPAIGURI", "arrivalTime": "--", "departureTime": "12:15", "routeNumber": "1", "haltTime": "--", "distance": "0", "dayCount": "1", "stnSerialNumber": "1", "boardingDisabled": "false"}, {"stationCode": "AUB", "stationName": "ALUABARI ROAD", "arrivalTime": "12:58", "departureTime": "13:00", "routeNumber": "1", "haltTime": "02:00", "distance": "57", "dayCount": "1", "stnSerialNumber": "2", "boardingDisabled": "false"}, {"stationCode": "KNE", "stationName": "KISHANGANJ", "arrivalTime": "13:25", "departureTime": "13:27", "routeNumber": "1", "haltTime": "02:00", "distance": "88", "dayCount": "1", "stnSerialNumber": "3", "boardingDisabled": "false"}, {"stationCode": "BOE", "stationName": "BARSOI JN", "arrivalTime": "14:08", "departureTime": "14:10", "routeNumber": "1", "haltTime": "02:00", "distance": "145", "dayCount": "1", "stnSerialNumber": "4", "boardingDisabled": "false"}, {"stationCode": "MLDT", "stationName": "MALDA TOWN", "arrivalTime": "16:40", "departureTime": "16:45", "routeNumber": "1", "haltTime": "05:00", "distance": "233", "dayCount": "1", "stnSerialNumber": "5", "boardingDisabled": "false"}, {"stationCode": "JRLE", "stationName": "JANGIPUR ROAD", "arrivalTime": "18:17", "departureTime": "18:18", "routeNumber": "1", "haltTime": "01:00", "distance": "312", "dayCount": "1", "stnSerialNumber": "6", "boardingDisabled": "false"}, {"stationCode": "AZ", "stationName": "AZIMGANJ JN", "arrivalTime": "19:05", "departureTime": "19:10", "routeNumber": "1", "haltTime": "05:00", "distance": "348", "dayCount": "1", "stnSerialNumber": "7", "boardingDisabled": "false"}, {"stationCode": "KWAE", "stationName": "KATWA", "arrivalTime": "20:18", "departureTime": "20:20", "routeNumber": "1", "haltTime": "02:00", "distance": "420", "dayCount": "1", "stnSerialNumber": "8", "boardingDisabled": "false"}, {"stationCode": "BDC", "stationName": "BANDEL JN", "arrivalTime": "22:18", "departureTime": "22:20", "routeNumber": "1", "haltTime": "02:00", "distance": "525", "dayCount": "1", "stnSerialNumber": "9", "boardingDisabled": "false"}, {"stationCode": "NH", "stationName": "NAIHATI JN", "arrivalTime": "22:44", "departureTime": "22:46", "routeNumber": "1", "haltTime": "02:00", "distance": "534", "dayCount": "1", "stnSerialNumber": "10", "boardingDisabled": "false"}, {"stationCode": "SDAH", "stationName": "SEALDAH", "arrivalTime": "23:50", "departureTime": "--", "routeNumber": "1", "haltTime": "--", "distance": "571", "dayCount": "1", "stnSerialNumber": "11", "boardingDisabled": "false"}]}