{"trainNumber": "03103", "trainName": "SDAH NJP  SPL", "stationFrom": "SDAH", "stationTo": "NJP", "trainOwner": "0", "trainRunsOnMon": "N", "trainRunsOnTue": "N", "trainRunsOnWed": "N", "trainRunsOnThu": "N", "trainRunsOnFri": "N", "trainRunsOnSat": "Y", "trainRunsOnSun": "N", "timeStamp": "2023-06-19T15:30:58.402", "duration": "0", "stationList": [{"stationCode": "SDAH", "stationName": "SEALDAH", "arrivalTime": "--", "departureTime": "23:40", "routeNumber": "1", "haltTime": "--", "distance": "0", "dayCount": "1", "stnSerialNumber": "1", "boardingDisabled": "false"}, {"stationCode": "NH", "stationName": "NAIHATI JN", "arrivalTime": "00:34", "departureTime": "00:36", "routeNumber": "1", "haltTime": "02:00", "distance": "38", "dayCount": "2", "stnSerialNumber": "2", "boardingDisabled": "false"}, {"stationCode": "BDC", "stationName": "BANDEL JN", "arrivalTime": "01:03", "departureTime": "01:04", "routeNumber": "1", "haltTime": "01:00", "distance": "47", "dayCount": "2", "stnSerialNumber": "3", "boardingDisabled": "false"}, {"stationCode": "KWAE", "stationName": "KATWA", "arrivalTime": "02:38", "departureTime": "02:40", "routeNumber": "1", "haltTime": "02:00", "distance": "152", "dayCount": "2", "stnSerialNumber": "4", "boardingDisabled": "false"}, {"stationCode": "AZ", "stationName": "AZIMGANJ JN", "arrivalTime": "04:00", "departureTime": "04:05", "routeNumber": "1", "haltTime": "05:00", "distance": "224", "dayCount": "2", "stnSerialNumber": "5", "boardingDisabled": "false"}, {"stationCode": "JRLE", "stationName": "JANGIPUR ROAD", "arrivalTime": "04:53", "departureTime": "04:54", "routeNumber": "1", "haltTime": "01:00", "distance": "259", "dayCount": "2", "stnSerialNumber": "6", "boardingDisabled": "false"}, {"stationCode": "MLDT", "stationName": "MALDA TOWN", "arrivalTime": "06:25", "departureTime": "06:30", "routeNumber": "1", "haltTime": "05:00", "distance": "339", "dayCount": "2", "stnSerialNumber": "7", "boardingDisabled": "false"}, {"stationCode": "BOE", "stationName": "BARSOI JN", "arrivalTime": "07:35", "departureTime": "07:37", "routeNumber": "1", "haltTime": "02:00", "distance": "427", "dayCount": "2", "stnSerialNumber": "8", "boardingDisabled": "false"}, {"stationCode": "KNE", "stationName": "KISHANGANJ", "arrivalTime": "08:25", "departureTime": "08:27", "routeNumber": "1", "haltTime": "02:00", "distance": "484", "dayCount": "2", "stnSerialNumber": "9", "boardingDisabled": "false"}, {"stationCode": "AUB", "stationName": "ALUABARI ROAD", "arrivalTime": "08:53", "departureTime": "08:55", "routeNumber": "1", "haltTime": "02:00", "distance": "515", "dayCount": "2", "stnSerialNumber": "10", "boardingDisabled": "false"}, {"stationCode": "NJP", "stationName": "NEW JALPAIGURI", "arrivalTime": "10:45", "departureTime": "--", "routeNumber": "1", "haltTime": "--", "distance": "571", "dayCount": "2", "stnSerialNumber": "11", "boardingDisabled": "false"}]}