{"trainNumber": "03172", "trainName": "LGL SDAH PASS", "stationFrom": "LGL", "stationTo": "SDAH", "trainOwner": "0", "trainRunsOnMon": "Y", "trainRunsOnTue": "Y", "trainRunsOnWed": "Y", "trainRunsOnThu": "Y", "trainRunsOnFri": "Y", "trainRunsOnSat": "Y", "trainRunsOnSun": "Y", "timeStamp": "2023-06-19T15:30:57.745", "duration": "0", "stationList": [{"stationCode": "LGL", "stationName": "LALGOLA", "arrivalTime": "--", "departureTime": "22:15", "routeNumber": "1", "haltTime": "--", "distance": "0", "dayCount": "1", "stnSerialNumber": "1", "boardingDisabled": "false"}, {"stationCode": "KRP", "stationName": "KRISHNAPUR", "arrivalTime": "22:19", "departureTime": "22:23", "routeNumber": "1", "haltTime": "04:00", "distance": "2", "dayCount": "1", "stnSerialNumber": "2", "boardingDisabled": "false"}, {"stationCode": "PRTL", "stationName": "PIRTALA", "arrivalTime": "22:28", "departureTime": "22:29", "routeNumber": "1", "haltTime": "01:00", "distance": "8", "dayCount": "1", "stnSerialNumber": "3", "boardingDisabled": "false"}, {"stationCode": "BQG", "stationName": "BHAGWANGOLA", "arrivalTime": "22:34", "departureTime": "22:35", "routeNumber": "1", "haltTime": "01:00", "distance": "12", "dayCount": "1", "stnSerialNumber": "4", "boardingDisabled": "false"}, {"stationCode": "SBNM", "stationName": "SUBARNAMRIGI", "arrivalTime": "22:42", "departureTime": "22:43", "routeNumber": "1", "haltTime": "01:00", "distance": "19", "dayCount": "1", "stnSerialNumber": "5", "boardingDisabled": "false"}, {"stationCode": "JJG", "stationName": "JIAGANJ", "arrivalTime": "22:48", "departureTime": "22:49", "routeNumber": "1", "haltTime": "01:00", "distance": "23", "dayCount": "1", "stnSerialNumber": "6", "boardingDisabled": "false"}, {"stationCode": "MBB", "stationName": "MURSHIDABAD", "arrivalTime": "22:57", "departureTime": "22:59", "routeNumber": "1", "haltTime": "02:00", "distance": "31", "dayCount": "1", "stnSerialNumber": "7", "boardingDisabled": "false"}, {"stationCode": "CSZ", "stationName": "COSSIMBAZAR", "arrivalTime": "23:07", "departureTime": "23:08", "routeNumber": "1", "haltTime": "01:00", "distance": "38", "dayCount": "1", "stnSerialNumber": "8", "boardingDisabled": "false"}, {"stationCode": "BPC", "stationName": "BERHAMPORE CRT", "arrivalTime": "23:15", "departureTime": "23:18", "routeNumber": "1", "haltTime": "03:00", "distance": "42", "dayCount": "1", "stnSerialNumber": "9", "boardingDisabled": "false"}, {"stationCode": "SGV", "stationName": "SARAGCHNI", "arrivalTime": "23:28", "departureTime": "23:29", "routeNumber": "1", "haltTime": "01:00", "distance": "50", "dayCount": "1", "stnSerialNumber": "10", "boardingDisabled": "false"}, {"stationCode": "BFT", "stationName": "BHABTA", "arrivalTime": "23:34", "departureTime": "23:35", "routeNumber": "1", "haltTime": "01:00", "distance": "54", "dayCount": "1", "stnSerialNumber": "11", "boardingDisabled": "false"}, {"stationCode": "BEB", "stationName": "BELDANGA", "arrivalTime": "23:40", "departureTime": "23:42", "routeNumber": "1", "haltTime": "02:00", "distance": "60", "dayCount": "1", "stnSerialNumber": "12", "boardingDisabled": "false"}, {"stationCode": "REJ", "stationName": "REJINAGAR", "arrivalTime": "23:51", "departureTime": "23:53", "routeNumber": "1", "haltTime": "02:00", "distance": "69", "dayCount": "1", "stnSerialNumber": "13", "boardingDisabled": "false"}, {"stationCode": "PLY", "stationName": "PLASSEY", "arrivalTime": "00:01", "departureTime": "00:03", "routeNumber": "1", "haltTime": "02:00", "distance": "78", "dayCount": "2", "stnSerialNumber": "14", "boardingDisabled": "false"}, {"stationCode": "PCX", "stationName": "PAGLA CHANDI", "arrivalTime": "00:10", "departureTime": "00:11", "routeNumber": "1", "haltTime": "01:00", "distance": "84", "dayCount": "2", "stnSerialNumber": "15", "boardingDisabled": "false"}, {"stationCode": "DEB", "stationName": "DEBAGRAM", "arrivalTime": "00:15", "departureTime": "00:17", "routeNumber": "1", "haltTime": "02:00", "distance": "88", "dayCount": "2", "stnSerialNumber": "16", "boardingDisabled": "false"}, {"stationCode": "SVH", "stationName": "SONADANGA", "arrivalTime": "00:25", "departureTime": "00:26", "routeNumber": "1", "haltTime": "01:00", "distance": "96", "dayCount": "2", "stnSerialNumber": "17", "boardingDisabled": "false"}, {"stationCode": "BTY", "stationName": "BETHUADAHARI", "arrivalTime": "00:30", "departureTime": "00:32", "routeNumber": "1", "haltTime": "02:00", "distance": "100", "dayCount": "2", "stnSerialNumber": "18", "boardingDisabled": "false"}, {"stationCode": "MGM", "stationName": "MURAGACHA", "arrivalTime": "00:42", "departureTime": "00:43", "routeNumber": "1", "haltTime": "01:00", "distance": "110", "dayCount": "2", "stnSerialNumber": "19", "boardingDisabled": "false"}, {"stationCode": "DHU", "stationName": "DHUBULIA", "arrivalTime": "00:48", "departureTime": "00:50", "routeNumber": "1", "haltTime": "02:00", "distance": "116", "dayCount": "2", "stnSerialNumber": "20", "boardingDisabled": "false"}, {"stationCode": "KNJ", "stationName": "KRISHNGR CTY JN", "arrivalTime": "01:23", "departureTime": "01:25", "routeNumber": "1", "haltTime": "02:00", "distance": "128", "dayCount": "2", "stnSerialNumber": "21", "boardingDisabled": "false"}, {"stationCode": "BDZ", "stationName": "BADKULLA", "arrivalTime": "01:39", "departureTime": "01:40", "routeNumber": "1", "haltTime": "01:00", "distance": "138", "dayCount": "2", "stnSerialNumber": "22", "boardingDisabled": "false"}, {"stationCode": "THP", "stationName": "TAHERPUR", "arrivalTime": "01:46", "departureTime": "01:47", "routeNumber": "1", "haltTime": "01:00", "distance": "143", "dayCount": "2", "stnSerialNumber": "23", "boardingDisabled": "false"}, {"stationCode": "BIJ", "stationName": "BIRNAGAR", "arrivalTime": "01:51", "departureTime": "01:52", "routeNumber": "1", "haltTime": "01:00", "distance": "146", "dayCount": "2", "stnSerialNumber": "24", "boardingDisabled": "false"}, {"stationCode": "RHA", "stationName": "RANAGHAT JN", "arrivalTime": "02:11", "departureTime": "02:19", "routeNumber": "1", "haltTime": "08:00", "distance": "154", "dayCount": "2", "stnSerialNumber": "25", "boardingDisabled": "false"}, {"stationCode": "PDX", "stationName": "PAYRADANGA", "arrivalTime": "02:25", "departureTime": "02:26", "routeNumber": "1", "haltTime": "01:00", "distance": "160", "dayCount": "2", "stnSerialNumber": "26", "boardingDisabled": "false"}, {"stationCode": "CDH", "stationName": "CHAKDAHA", "arrivalTime": "02:32", "departureTime": "02:33", "routeNumber": "1", "haltTime": "01:00", "distance": "166", "dayCount": "2", "stnSerialNumber": "27", "boardingDisabled": "false"}, {"stationCode": "SMX", "stationName": "SIMURALI", "arrivalTime": "02:38", "departureTime": "02:39", "routeNumber": "1", "haltTime": "01:00", "distance": "170", "dayCount": "2", "stnSerialNumber": "28", "boardingDisabled": "false"}, {"stationCode": "MPJ", "stationName": "MADANPUR", "arrivalTime": "02:44", "departureTime": "02:45", "routeNumber": "1", "haltTime": "01:00", "distance": "175", "dayCount": "2", "stnSerialNumber": "29", "boardingDisabled": "false"}, {"stationCode": "KYI", "stationName": "KALYANI", "arrivalTime": "02:51", "departureTime": "02:52", "routeNumber": "1", "haltTime": "01:00", "distance": "179", "dayCount": "2", "stnSerialNumber": "30", "boardingDisabled": "false"}, {"stationCode": "KPA", "stationName": "KANCHRAPARA", "arrivalTime": "02:56", "departureTime": "03:00", "routeNumber": "1", "haltTime": "04:00", "distance": "182", "dayCount": "2", "stnSerialNumber": "31", "boardingDisabled": "false"}, {"stationCode": "HLR", "stationName": "HALISAHAR", "arrivalTime": "03:05", "departureTime": "03:06", "routeNumber": "1", "haltTime": "01:00", "distance": "186", "dayCount": "2", "stnSerialNumber": "32", "boardingDisabled": "false"}, {"stationCode": "NH", "stationName": "NAIHATI JN", "arrivalTime": "03:15", "departureTime": "03:20", "routeNumber": "1", "haltTime": "05:00", "distance": "190", "dayCount": "2", "stnSerialNumber": "33", "boardingDisabled": "false"}, {"stationCode": "BP", "stationName": "BARRACKPORE", "arrivalTime": "03:37", "departureTime": "03:38", "routeNumber": "1", "haltTime": "01:00", "distance": "205", "dayCount": "2", "stnSerialNumber": "34", "boardingDisabled": "false"}, {"stationCode": "SEP", "stationName": "SODPUR", "arrivalTime": "03:50", "departureTime": "03:51", "routeNumber": "1", "haltTime": "01:00", "distance": "212", "dayCount": "2", "stnSerialNumber": "35", "boardingDisabled": "false"}, {"stationCode": "BLH", "stationName": "BELGHARIA", "arrivalTime": "03:57", "departureTime": "03:58", "routeNumber": "1", "haltTime": "01:00", "distance": "216", "dayCount": "2", "stnSerialNumber": "36", "boardingDisabled": "false"}, {"stationCode": "DDJ", "stationName": "DUM DUM", "arrivalTime": "04:06", "departureTime": "04:08", "routeNumber": "1", "haltTime": "02:00", "distance": "221", "dayCount": "2", "stnSerialNumber": "37", "boardingDisabled": "false"}, {"stationCode": "SDAH", "stationName": "SEALDAH", "arrivalTime": "04:30", "departureTime": "--", "routeNumber": "1", "haltTime": "--", "distance": "227", "dayCount": "2", "stnSerialNumber": "38", "boardingDisabled": "false"}]}