{"trainNumber": "03183", "trainName": "SDAH LGL PGR", "stationFrom": "SDAH", "stationTo": "LGL", "trainOwner": "0", "trainRunsOnMon": "Y", "trainRunsOnTue": "Y", "trainRunsOnWed": "Y", "trainRunsOnThu": "Y", "trainRunsOnFri": "Y", "trainRunsOnSat": "Y", "trainRunsOnSun": "Y", "timeStamp": "2023-06-19T15:31:30.860", "duration": "0", "stationList": [{"stationCode": "SDAH", "stationName": "SEALDAH", "arrivalTime": "--", "departureTime": "12:40", "routeNumber": "1", "haltTime": "--", "distance": "0", "dayCount": "1", "stnSerialNumber": "1", "boardingDisabled": "false"}, {"stationCode": "DDJ", "stationName": "DUM DUM", "arrivalTime": "12:53", "departureTime": "12:54", "routeNumber": "1", "haltTime": "01:00", "distance": "7", "dayCount": "1", "stnSerialNumber": "2", "boardingDisabled": "false"}, {"stationCode": "BP", "stationName": "BARRACKPORE", "arrivalTime": "13:08", "departureTime": "13:09", "routeNumber": "1", "haltTime": "01:00", "distance": "23", "dayCount": "1", "stnSerialNumber": "3", "boardingDisabled": "false"}, {"stationCode": "NH", "stationName": "NAIHATI JN", "arrivalTime": "13:37", "departureTime": "13:39", "routeNumber": "1", "haltTime": "02:00", "distance": "38", "dayCount": "1", "stnSerialNumber": "4", "boardingDisabled": "false"}, {"stationCode": "KPA", "stationName": "KANCHRAPARA", "arrivalTime": "13:46", "departureTime": "13:47", "routeNumber": "1", "haltTime": "01:00", "distance": "46", "dayCount": "1", "stnSerialNumber": "5", "boardingDisabled": "false"}, {"stationCode": "KYI", "stationName": "KALYANI", "arrivalTime": "13:52", "departureTime": "13:53", "routeNumber": "1", "haltTime": "01:00", "distance": "49", "dayCount": "1", "stnSerialNumber": "6", "boardingDisabled": "false"}, {"stationCode": "CDH", "stationName": "CHAKDAHA", "arrivalTime": "14:07", "departureTime": "14:08", "routeNumber": "1", "haltTime": "01:00", "distance": "62", "dayCount": "1", "stnSerialNumber": "7", "boardingDisabled": "false"}, {"stationCode": "RHA", "stationName": "RANAGHAT JN", "arrivalTime": "14:24", "departureTime": "14:26", "routeNumber": "1", "haltTime": "02:00", "distance": "74", "dayCount": "1", "stnSerialNumber": "8", "boardingDisabled": "false"}, {"stationCode": "KLNP", "stationName": "KALINARYNPUR JN", "arrivalTime": "14:31", "departureTime": "14:32", "routeNumber": "1", "haltTime": "01:00", "distance": "78", "dayCount": "1", "stnSerialNumber": "9", "boardingDisabled": "false"}, {"stationCode": "BIJ", "stationName": "BIRNAGAR", "arrivalTime": "14:37", "departureTime": "14:38", "routeNumber": "1", "haltTime": "01:00", "distance": "82", "dayCount": "1", "stnSerialNumber": "10", "boardingDisabled": "false"}, {"stationCode": "THP", "stationName": "TAHERPUR", "arrivalTime": "14:43", "departureTime": "14:44", "routeNumber": "1", "haltTime": "01:00", "distance": "85", "dayCount": "1", "stnSerialNumber": "11", "boardingDisabled": "false"}, {"stationCode": "BDZ", "stationName": "BADKULLA", "arrivalTime": "14:50", "departureTime": "14:51", "routeNumber": "1", "haltTime": "01:00", "distance": "90", "dayCount": "1", "stnSerialNumber": "12", "boardingDisabled": "false"}, {"stationCode": "KNJ", "stationName": "KRISHNGR CTY JN", "arrivalTime": "15:11", "departureTime": "15:13", "routeNumber": "1", "haltTime": "02:00", "distance": "100", "dayCount": "1", "stnSerialNumber": "13", "boardingDisabled": "false"}, {"stationCode": "BPD", "stationName": "BAHADURPUR", "arrivalTime": "15:21", "departureTime": "15:22", "routeNumber": "1", "haltTime": "01:00", "distance": "107", "dayCount": "1", "stnSerialNumber": "14", "boardingDisabled": "false"}, {"stationCode": "DHU", "stationName": "DHUBULIA", "arrivalTime": "15:28", "departureTime": "15:29", "routeNumber": "1", "haltTime": "01:00", "distance": "112", "dayCount": "1", "stnSerialNumber": "15", "boardingDisabled": "false"}, {"stationCode": "MGM", "stationName": "MURAGACHA", "arrivalTime": "15:35", "departureTime": "15:36", "routeNumber": "1", "haltTime": "01:00", "distance": "118", "dayCount": "1", "stnSerialNumber": "16", "boardingDisabled": "false"}, {"stationCode": "BTY", "stationName": "BETHUADAHARI", "arrivalTime": "15:45", "departureTime": "15:46", "routeNumber": "1", "haltTime": "01:00", "distance": "128", "dayCount": "1", "stnSerialNumber": "17", "boardingDisabled": "false"}, {"stationCode": "SVH", "stationName": "SONADANGA", "arrivalTime": "15:51", "departureTime": "15:52", "routeNumber": "1", "haltTime": "01:00", "distance": "132", "dayCount": "1", "stnSerialNumber": "18", "boardingDisabled": "false"}, {"stationCode": "DEB", "stationName": "DEBAGRAM", "arrivalTime": "15:59", "departureTime": "16:00", "routeNumber": "1", "haltTime": "01:00", "distance": "140", "dayCount": "1", "stnSerialNumber": "19", "boardingDisabled": "false"}, {"stationCode": "PCX", "stationName": "PAGLA CHANDI", "arrivalTime": "16:05", "departureTime": "16:06", "routeNumber": "1", "haltTime": "01:00", "distance": "144", "dayCount": "1", "stnSerialNumber": "20", "boardingDisabled": "false"}, {"stationCode": "PLY", "stationName": "PLASSEY", "arrivalTime": "16:12", "departureTime": "16:13", "routeNumber": "1", "haltTime": "01:00", "distance": "150", "dayCount": "1", "stnSerialNumber": "21", "boardingDisabled": "false"}, {"stationCode": "SRJN", "stationName": "SIRAJNAGAR  H", "arrivalTime": "16:18", "departureTime": "16:19", "routeNumber": "1", "haltTime": "01:00", "distance": "155", "dayCount": "1", "stnSerialNumber": "22", "boardingDisabled": "false"}, {"stationCode": "REJ", "stationName": "REJINAGAR", "arrivalTime": "16:24", "departureTime": "16:25", "routeNumber": "1", "haltTime": "01:00", "distance": "159", "dayCount": "1", "stnSerialNumber": "23", "boardingDisabled": "false"}, {"stationCode": "BEB", "stationName": "BELDANGA", "arrivalTime": "16:33", "departureTime": "16:34", "routeNumber": "1", "haltTime": "01:00", "distance": "168", "dayCount": "1", "stnSerialNumber": "24", "boardingDisabled": "false"}, {"stationCode": "BFT", "stationName": "BHABTA", "arrivalTime": "16:40", "departureTime": "16:41", "routeNumber": "1", "haltTime": "01:00", "distance": "174", "dayCount": "1", "stnSerialNumber": "25", "boardingDisabled": "false"}, {"stationCode": "SGV", "stationName": "SARAGCHNI", "arrivalTime": "16:46", "departureTime": "16:47", "routeNumber": "1", "haltTime": "01:00", "distance": "177", "dayCount": "1", "stnSerialNumber": "26", "boardingDisabled": "false"}, {"stationCode": "BPC", "stationName": "BERHAMPORE CRT", "arrivalTime": "17:06", "departureTime": "17:08", "routeNumber": "1", "haltTime": "02:00", "distance": "186", "dayCount": "1", "stnSerialNumber": "27", "boardingDisabled": "false"}, {"stationCode": "CSZ", "stationName": "COSSIMBAZAR", "arrivalTime": "17:14", "departureTime": "17:15", "routeNumber": "1", "haltTime": "01:00", "distance": "190", "dayCount": "1", "stnSerialNumber": "28", "boardingDisabled": "false"}, {"stationCode": "MBB", "stationName": "MURSHIDABAD", "arrivalTime": "17:22", "departureTime": "17:23", "routeNumber": "1", "haltTime": "01:00", "distance": "197", "dayCount": "1", "stnSerialNumber": "29", "boardingDisabled": "false"}, {"stationCode": "JJG", "stationName": "JIAGANJ", "arrivalTime": "17:30", "departureTime": "17:31", "routeNumber": "1", "haltTime": "01:00", "distance": "204", "dayCount": "1", "stnSerialNumber": "30", "boardingDisabled": "false"}, {"stationCode": "SBNM", "stationName": "SUBARNAMRIGI", "arrivalTime": "17:37", "departureTime": "17:38", "routeNumber": "1", "haltTime": "01:00", "distance": "209", "dayCount": "1", "stnSerialNumber": "31", "boardingDisabled": "false"}, {"stationCode": "BQG", "stationName": "BHAGWANGOLA", "arrivalTime": "17:45", "departureTime": "17:46", "routeNumber": "1", "haltTime": "01:00", "distance": "216", "dayCount": "1", "stnSerialNumber": "32", "boardingDisabled": "false"}, {"stationCode": "PRTL", "stationName": "PIRTALA", "arrivalTime": "17:51", "departureTime": "17:52", "routeNumber": "1", "haltTime": "01:00", "distance": "220", "dayCount": "1", "stnSerialNumber": "33", "boardingDisabled": "false"}, {"stationCode": "KRP", "stationName": "KRISHNAPUR", "arrivalTime": "17:58", "departureTime": "17:59", "routeNumber": "1", "haltTime": "01:00", "distance": "226", "dayCount": "1", "stnSerialNumber": "34", "boardingDisabled": "false"}, {"stationCode": "LGL", "stationName": "LALGOLA", "arrivalTime": "18:15", "departureTime": "--", "routeNumber": "1", "haltTime": "--", "distance": "227", "dayCount": "1", "stnSerialNumber": "35", "boardingDisabled": "false"}]}