{"trainNumber": "03190", "trainName": "LGL SDAH SPL", "stationFrom": "LGL", "stationTo": "SDAH", "trainOwner": "0", "trainRunsOnMon": "Y", "trainRunsOnTue": "Y", "trainRunsOnWed": "Y", "trainRunsOnThu": "Y", "trainRunsOnFri": "Y", "trainRunsOnSat": "Y", "trainRunsOnSun": "Y", "timeStamp": "2023-06-19T15:31:30.740", "duration": "0", "stationList": [{"stationCode": "LGL", "stationName": "LALGOLA", "arrivalTime": "--", "departureTime": "09:15", "routeNumber": "1", "haltTime": "--", "distance": "0", "dayCount": "1", "stnSerialNumber": "1", "boardingDisabled": "false"}, {"stationCode": "KRP", "stationName": "KRISHNAPUR", "arrivalTime": "09:19", "departureTime": "09:21", "routeNumber": "1", "haltTime": "02:00", "distance": "2", "dayCount": "1", "stnSerialNumber": "2", "boardingDisabled": "false"}, {"stationCode": "PRTL", "stationName": "PIRTALA", "arrivalTime": "09:27", "departureTime": "09:28", "routeNumber": "1", "haltTime": "01:00", "distance": "8", "dayCount": "1", "stnSerialNumber": "3", "boardingDisabled": "false"}, {"stationCode": "BQG", "stationName": "BHAGWANGOLA", "arrivalTime": "09:33", "departureTime": "09:35", "routeNumber": "1", "haltTime": "02:00", "distance": "12", "dayCount": "1", "stnSerialNumber": "4", "boardingDisabled": "false"}, {"stationCode": "SBNM", "stationName": "SUBARNAMRIGI", "arrivalTime": "09:42", "departureTime": "09:43", "routeNumber": "1", "haltTime": "01:00", "distance": "19", "dayCount": "1", "stnSerialNumber": "5", "boardingDisabled": "false"}, {"stationCode": "JJG", "stationName": "JIAGANJ", "arrivalTime": "09:49", "departureTime": "09:50", "routeNumber": "1", "haltTime": "01:00", "distance": "23", "dayCount": "1", "stnSerialNumber": "6", "boardingDisabled": "false"}, {"stationCode": "MBB", "stationName": "MURSHIDABAD", "arrivalTime": "09:58", "departureTime": "10:00", "routeNumber": "1", "haltTime": "02:00", "distance": "31", "dayCount": "1", "stnSerialNumber": "7", "boardingDisabled": "false"}, {"stationCode": "CSZ", "stationName": "COSSIMBAZAR", "arrivalTime": "10:07", "departureTime": "10:08", "routeNumber": "1", "haltTime": "01:00", "distance": "38", "dayCount": "1", "stnSerialNumber": "8", "boardingDisabled": "false"}, {"stationCode": "BPC", "stationName": "BERHAMPORE CRT", "arrivalTime": "10:19", "departureTime": "10:21", "routeNumber": "1", "haltTime": "02:00", "distance": "42", "dayCount": "1", "stnSerialNumber": "9", "boardingDisabled": "false"}, {"stationCode": "NBPH", "stationName": "NEW BALARAMPUR", "arrivalTime": "10:27", "departureTime": "10:28", "routeNumber": "1", "haltTime": "01:00", "distance": "47", "dayCount": "1", "stnSerialNumber": "10", "boardingDisabled": "false"}, {"stationCode": "SGV", "stationName": "SARAGCHNI", "arrivalTime": "10:33", "departureTime": "10:34", "routeNumber": "1", "haltTime": "01:00", "distance": "50", "dayCount": "1", "stnSerialNumber": "11", "boardingDisabled": "false"}, {"stationCode": "BFT", "stationName": "BHABTA", "arrivalTime": "10:39", "departureTime": "10:40", "routeNumber": "1", "haltTime": "01:00", "distance": "54", "dayCount": "1", "stnSerialNumber": "12", "boardingDisabled": "false"}, {"stationCode": "BEB", "stationName": "BELDANGA", "arrivalTime": "10:46", "departureTime": "10:47", "routeNumber": "1", "haltTime": "01:00", "distance": "60", "dayCount": "1", "stnSerialNumber": "13", "boardingDisabled": "false"}, {"stationCode": "REJ", "stationName": "REJINAGAR", "arrivalTime": "10:56", "departureTime": "10:57", "routeNumber": "1", "haltTime": "01:00", "distance": "69", "dayCount": "1", "stnSerialNumber": "14", "boardingDisabled": "false"}, {"stationCode": "SRJN", "stationName": "SIRAJNAGAR  H", "arrivalTime": "11:02", "departureTime": "11:03", "routeNumber": "1", "haltTime": "01:00", "distance": "73", "dayCount": "1", "stnSerialNumber": "15", "boardingDisabled": "false"}, {"stationCode": "PLY", "stationName": "PLASSEY", "arrivalTime": "11:09", "departureTime": "11:10", "routeNumber": "1", "haltTime": "01:00", "distance": "78", "dayCount": "1", "stnSerialNumber": "16", "boardingDisabled": "false"}, {"stationCode": "PCX", "stationName": "PAGLA CHANDI", "arrivalTime": "11:16", "departureTime": "11:17", "routeNumber": "1", "haltTime": "01:00", "distance": "84", "dayCount": "1", "stnSerialNumber": "17", "boardingDisabled": "false"}, {"stationCode": "DEB", "stationName": "DEBAGRAM", "arrivalTime": "11:23", "departureTime": "11:24", "routeNumber": "1", "haltTime": "01:00", "distance": "88", "dayCount": "1", "stnSerialNumber": "18", "boardingDisabled": "false"}, {"stationCode": "SVH", "stationName": "SONADANGA", "arrivalTime": "11:32", "departureTime": "11:33", "routeNumber": "1", "haltTime": "01:00", "distance": "96", "dayCount": "1", "stnSerialNumber": "19", "boardingDisabled": "false"}, {"stationCode": "BTY", "stationName": "BETHUADAHARI", "arrivalTime": "11:38", "departureTime": "11:39", "routeNumber": "1", "haltTime": "01:00", "distance": "100", "dayCount": "1", "stnSerialNumber": "20", "boardingDisabled": "false"}, {"stationCode": "MGM", "stationName": "MURAGACHA", "arrivalTime": "11:48", "departureTime": "11:49", "routeNumber": "1", "haltTime": "01:00", "distance": "110", "dayCount": "1", "stnSerialNumber": "21", "boardingDisabled": "false"}, {"stationCode": "DHU", "stationName": "DHUBULIA", "arrivalTime": "11:55", "departureTime": "11:56", "routeNumber": "1", "haltTime": "01:00", "distance": "116", "dayCount": "1", "stnSerialNumber": "22", "boardingDisabled": "false"}, {"stationCode": "BPD", "stationName": "BAHADURPUR", "arrivalTime": "12:02", "departureTime": "12:03", "routeNumber": "1", "haltTime": "01:00", "distance": "121", "dayCount": "1", "stnSerialNumber": "23", "boardingDisabled": "false"}, {"stationCode": "KNJ", "stationName": "KRISHNGR CTY JN", "arrivalTime": "12:25", "departureTime": "12:28", "routeNumber": "1", "haltTime": "03:00", "distance": "128", "dayCount": "1", "stnSerialNumber": "24", "boardingDisabled": "false"}, {"stationCode": "BDZ", "stationName": "BADKULLA", "arrivalTime": "12:37", "departureTime": "12:38", "routeNumber": "1", "haltTime": "01:00", "distance": "138", "dayCount": "1", "stnSerialNumber": "25", "boardingDisabled": "false"}, {"stationCode": "THP", "stationName": "TAHERPUR", "arrivalTime": "12:44", "departureTime": "12:45", "routeNumber": "1", "haltTime": "01:00", "distance": "143", "dayCount": "1", "stnSerialNumber": "26", "boardingDisabled": "false"}, {"stationCode": "BIJ", "stationName": "BIRNAGAR", "arrivalTime": "12:49", "departureTime": "12:53", "routeNumber": "1", "haltTime": "04:00", "distance": "146", "dayCount": "1", "stnSerialNumber": "27", "boardingDisabled": "false"}, {"stationCode": "KLNP", "stationName": "KALINARYNPUR JN", "arrivalTime": "13:05", "departureTime": "13:06", "routeNumber": "1", "haltTime": "01:00", "distance": "150", "dayCount": "1", "stnSerialNumber": "28", "boardingDisabled": "false"}, {"stationCode": "RHA", "stationName": "RANAGHAT JN", "arrivalTime": "13:15", "departureTime": "13:17", "routeNumber": "1", "haltTime": "02:00", "distance": "154", "dayCount": "1", "stnSerialNumber": "29", "boardingDisabled": "false"}, {"stationCode": "CDH", "stationName": "CHAKDAHA", "arrivalTime": "13:27", "departureTime": "13:28", "routeNumber": "1", "haltTime": "01:00", "distance": "166", "dayCount": "1", "stnSerialNumber": "30", "boardingDisabled": "false"}, {"stationCode": "KYI", "stationName": "KALYANI", "arrivalTime": "13:43", "departureTime": "13:44", "routeNumber": "1", "haltTime": "01:00", "distance": "179", "dayCount": "1", "stnSerialNumber": "31", "boardingDisabled": "false"}, {"stationCode": "KPA", "stationName": "KANCHRAPARA", "arrivalTime": "13:48", "departureTime": "13:49", "routeNumber": "1", "haltTime": "01:00", "distance": "182", "dayCount": "1", "stnSerialNumber": "32", "boardingDisabled": "false"}, {"stationCode": "NH", "stationName": "NAIHATI JN", "arrivalTime": "14:02", "departureTime": "14:05", "routeNumber": "1", "haltTime": "03:00", "distance": "190", "dayCount": "1", "stnSerialNumber": "33", "boardingDisabled": "false"}, {"stationCode": "BP", "stationName": "BARRACKPORE", "arrivalTime": "14:25", "departureTime": "14:27", "routeNumber": "1", "haltTime": "02:00", "distance": "205", "dayCount": "1", "stnSerialNumber": "34", "boardingDisabled": "false"}, {"stationCode": "DDJ", "stationName": "DUM DUM", "arrivalTime": "14:49", "departureTime": "14:50", "routeNumber": "1", "haltTime": "01:00", "distance": "221", "dayCount": "1", "stnSerialNumber": "35", "boardingDisabled": "false"}, {"stationCode": "SDAH", "stationName": "SEALDAH", "arrivalTime": "15:10", "departureTime": "--", "routeNumber": "1", "haltTime": "--", "distance": "227", "dayCount": "1", "stnSerialNumber": "36", "boardingDisabled": "false"}]}