{"trainNumber": "03191", "trainName": "SDAH LGL SPL", "stationFrom": "SDAH", "stationTo": "LGL", "trainOwner": "0", "trainRunsOnMon": "Y", "trainRunsOnTue": "Y", "trainRunsOnWed": "Y", "trainRunsOnThu": "Y", "trainRunsOnFri": "Y", "trainRunsOnSat": "Y", "trainRunsOnSun": "Y", "timeStamp": "2023-06-19T15:31:30.761", "duration": "0", "stationList": [{"stationCode": "SDAH", "stationName": "SEALDAH", "arrivalTime": "--", "departureTime": "23:30", "routeNumber": "1", "haltTime": "--", "distance": "0", "dayCount": "1", "stnSerialNumber": "1", "boardingDisabled": "false"}, {"stationCode": "DDJ", "stationName": "DUM DUM", "arrivalTime": "23:43", "departureTime": "23:44", "routeNumber": "1", "haltTime": "01:00", "distance": "7", "dayCount": "1", "stnSerialNumber": "2", "boardingDisabled": "false"}, {"stationCode": "BP", "stationName": "BARRACKPORE", "arrivalTime": "23:58", "departureTime": "23:59", "routeNumber": "1", "haltTime": "01:00", "distance": "23", "dayCount": "1", "stnSerialNumber": "3", "boardingDisabled": "false"}, {"stationCode": "NH", "stationName": "NAIHATI JN", "arrivalTime": "00:21", "departureTime": "00:23", "routeNumber": "1", "haltTime": "02:00", "distance": "38", "dayCount": "2", "stnSerialNumber": "4", "boardingDisabled": "false"}, {"stationCode": "HLR", "stationName": "HALISAHAR", "arrivalTime": "00:27", "departureTime": "00:28", "routeNumber": "1", "haltTime": "01:00", "distance": "42", "dayCount": "2", "stnSerialNumber": "5", "boardingDisabled": "false"}, {"stationCode": "KPA", "stationName": "KANCHRAPARA", "arrivalTime": "00:32", "departureTime": "00:33", "routeNumber": "1", "haltTime": "01:00", "distance": "46", "dayCount": "2", "stnSerialNumber": "6", "boardingDisabled": "false"}, {"stationCode": "KYI", "stationName": "KALYANI", "arrivalTime": "00:38", "departureTime": "00:39", "routeNumber": "1", "haltTime": "01:00", "distance": "49", "dayCount": "2", "stnSerialNumber": "7", "boardingDisabled": "false"}, {"stationCode": "CDH", "stationName": "CHAKDAHA", "arrivalTime": "00:53", "departureTime": "00:54", "routeNumber": "1", "haltTime": "01:00", "distance": "62", "dayCount": "2", "stnSerialNumber": "8", "boardingDisabled": "false"}, {"stationCode": "RHA", "stationName": "RANAGHAT JN", "arrivalTime": "01:12", "departureTime": "01:14", "routeNumber": "1", "haltTime": "02:00", "distance": "74", "dayCount": "2", "stnSerialNumber": "9", "boardingDisabled": "false"}, {"stationCode": "KLNP", "stationName": "KALINARYNPUR JN", "arrivalTime": "01:20", "departureTime": "01:21", "routeNumber": "1", "haltTime": "01:00", "distance": "78", "dayCount": "2", "stnSerialNumber": "10", "boardingDisabled": "false"}, {"stationCode": "BIJ", "stationName": "BIRNAGAR", "arrivalTime": "01:26", "departureTime": "01:27", "routeNumber": "1", "haltTime": "01:00", "distance": "82", "dayCount": "2", "stnSerialNumber": "11", "boardingDisabled": "false"}, {"stationCode": "THP", "stationName": "TAHERPUR", "arrivalTime": "01:32", "departureTime": "01:33", "routeNumber": "1", "haltTime": "01:00", "distance": "85", "dayCount": "2", "stnSerialNumber": "12", "boardingDisabled": "false"}, {"stationCode": "BDZ", "stationName": "BADKULLA", "arrivalTime": "01:39", "departureTime": "01:40", "routeNumber": "1", "haltTime": "01:00", "distance": "90", "dayCount": "2", "stnSerialNumber": "13", "boardingDisabled": "false"}, {"stationCode": "KNJ", "stationName": "KRISHNGR CTY JN", "arrivalTime": "02:02", "departureTime": "02:07", "routeNumber": "1", "haltTime": "05:00", "distance": "100", "dayCount": "2", "stnSerialNumber": "14", "boardingDisabled": "false"}, {"stationCode": "BPD", "stationName": "BAHADURPUR", "arrivalTime": "02:13", "departureTime": "02:14", "routeNumber": "1", "haltTime": "01:00", "distance": "107", "dayCount": "2", "stnSerialNumber": "15", "boardingDisabled": "false"}, {"stationCode": "DHU", "stationName": "DHUBULIA", "arrivalTime": "02:20", "departureTime": "02:21", "routeNumber": "1", "haltTime": "01:00", "distance": "112", "dayCount": "2", "stnSerialNumber": "16", "boardingDisabled": "false"}, {"stationCode": "MGM", "stationName": "MURAGACHA", "arrivalTime": "02:27", "departureTime": "02:28", "routeNumber": "1", "haltTime": "01:00", "distance": "118", "dayCount": "2", "stnSerialNumber": "17", "boardingDisabled": "false"}, {"stationCode": "BTY", "stationName": "BETHUADAHARI", "arrivalTime": "02:37", "departureTime": "02:38", "routeNumber": "1", "haltTime": "01:00", "distance": "128", "dayCount": "2", "stnSerialNumber": "18", "boardingDisabled": "false"}, {"stationCode": "SVH", "stationName": "SONADANGA", "arrivalTime": "02:43", "departureTime": "02:44", "routeNumber": "1", "haltTime": "01:00", "distance": "132", "dayCount": "2", "stnSerialNumber": "19", "boardingDisabled": "false"}, {"stationCode": "DEB", "stationName": "DEBAGRAM", "arrivalTime": "02:51", "departureTime": "02:52", "routeNumber": "1", "haltTime": "01:00", "distance": "140", "dayCount": "2", "stnSerialNumber": "20", "boardingDisabled": "false"}, {"stationCode": "PCX", "stationName": "PAGLA CHANDI", "arrivalTime": "02:57", "departureTime": "02:58", "routeNumber": "1", "haltTime": "01:00", "distance": "144", "dayCount": "2", "stnSerialNumber": "21", "boardingDisabled": "false"}, {"stationCode": "PLY", "stationName": "PLASSEY", "arrivalTime": "03:04", "departureTime": "03:05", "routeNumber": "1", "haltTime": "01:00", "distance": "150", "dayCount": "2", "stnSerialNumber": "22", "boardingDisabled": "false"}, {"stationCode": "REJ", "stationName": "REJINAGAR", "arrivalTime": "03:13", "departureTime": "03:14", "routeNumber": "1", "haltTime": "01:00", "distance": "159", "dayCount": "2", "stnSerialNumber": "23", "boardingDisabled": "false"}, {"stationCode": "BEB", "stationName": "BELDANGA", "arrivalTime": "03:22", "departureTime": "03:23", "routeNumber": "1", "haltTime": "01:00", "distance": "168", "dayCount": "2", "stnSerialNumber": "24", "boardingDisabled": "false"}, {"stationCode": "BFT", "stationName": "BHABTA", "arrivalTime": "03:29", "departureTime": "03:30", "routeNumber": "1", "haltTime": "01:00", "distance": "174", "dayCount": "2", "stnSerialNumber": "25", "boardingDisabled": "false"}, {"stationCode": "SGV", "stationName": "SARAGCHNI", "arrivalTime": "03:35", "departureTime": "03:36", "routeNumber": "1", "haltTime": "01:00", "distance": "177", "dayCount": "2", "stnSerialNumber": "26", "boardingDisabled": "false"}, {"stationCode": "BPC", "stationName": "BERHAMPORE CRT", "arrivalTime": "03:53", "departureTime": "03:54", "routeNumber": "1", "haltTime": "01:00", "distance": "186", "dayCount": "2", "stnSerialNumber": "27", "boardingDisabled": "false"}, {"stationCode": "CSZ", "stationName": "COSSIMBAZAR", "arrivalTime": "03:59", "departureTime": "04:00", "routeNumber": "1", "haltTime": "01:00", "distance": "190", "dayCount": "2", "stnSerialNumber": "28", "boardingDisabled": "false"}, {"stationCode": "MBB", "stationName": "MURSHIDABAD", "arrivalTime": "04:07", "departureTime": "04:08", "routeNumber": "1", "haltTime": "01:00", "distance": "197", "dayCount": "2", "stnSerialNumber": "29", "boardingDisabled": "false"}, {"stationCode": "JJG", "stationName": "JIAGANJ", "arrivalTime": "04:15", "departureTime": "04:16", "routeNumber": "1", "haltTime": "01:00", "distance": "204", "dayCount": "2", "stnSerialNumber": "30", "boardingDisabled": "false"}, {"stationCode": "BQG", "stationName": "BHAGWANGOLA", "arrivalTime": "04:26", "departureTime": "04:27", "routeNumber": "1", "haltTime": "01:00", "distance": "216", "dayCount": "2", "stnSerialNumber": "31", "boardingDisabled": "false"}, {"stationCode": "PRTL", "stationName": "PIRTALA", "arrivalTime": "04:32", "departureTime": "04:33", "routeNumber": "1", "haltTime": "01:00", "distance": "220", "dayCount": "2", "stnSerialNumber": "32", "boardingDisabled": "false"}, {"stationCode": "KRP", "stationName": "KRISHNAPUR", "arrivalTime": "04:39", "departureTime": "04:40", "routeNumber": "1", "haltTime": "01:00", "distance": "226", "dayCount": "2", "stnSerialNumber": "33", "boardingDisabled": "false"}, {"stationCode": "LGL", "stationName": "LALGOLA", "arrivalTime": "04:55", "departureTime": "--", "routeNumber": "1", "haltTime": "--", "distance": "227", "dayCount": "2", "stnSerialNumber": "34", "boardingDisabled": "false"}]}