{"trainNumber": "03219", "trainName": "PPTA GTNR SPL", "stationFrom": "PPTA", "stationTo": "GTNR", "trainOwner": "0", "trainRunsOnMon": "N", "trainRunsOnTue": "N", "trainRunsOnWed": "N", "trainRunsOnThu": "N", "trainRunsOnFri": "Y", "trainRunsOnSat": "N", "trainRunsOnSun": "N", "timeStamp": "2023-06-19T15:30:17.718", "duration": "0", "stationList": [{"stationCode": "PPTA", "stationName": "PATLIPUTRA", "arrivalTime": "--", "departureTime": "19:40", "routeNumber": "1", "haltTime": "--", "distance": "0", "dayCount": "1", "stnSerialNumber": "1", "boardingDisabled": "false"}, {"stationCode": "SEE", "stationName": "SONPUR JN", "arrivalTime": "20:10", "departureTime": "20:12", "routeNumber": "1", "haltTime": "02:00", "distance": "16", "dayCount": "1", "stnSerialNumber": "3", "boardingDisabled": "false"}, {"stationCode": "HJP", "stationName": "HAJIPUR JN", "arrivalTime": "20:22", "departureTime": "20:27", "routeNumber": "1", "haltTime": "05:00", "distance": "21", "dayCount": "1", "stnSerialNumber": "4", "boardingDisabled": "false"}, {"stationCode": "MFP", "stationName": "MUZAFFARPUR JN", "arrivalTime": "21:15", "departureTime": "21:40", "routeNumber": "1", "haltTime": "25:00", "distance": "75", "dayCount": "1", "stnSerialNumber": "5", "boardingDisabled": "false"}, {"stationCode": "CAA", "stationName": "CHAKIA", "arrivalTime": "22:15", "departureTime": "22:17", "routeNumber": "1", "haltTime": "02:00", "distance": "123", "dayCount": "1", "stnSerialNumber": "6", "boardingDisabled": "false"}, {"stationCode": "BMKI", "stationName": "BAPUDM MOTIHARI", "arrivalTime": "22:45", "departureTime": "22:50", "routeNumber": "1", "haltTime": "05:00", "distance": "154", "dayCount": "1", "stnSerialNumber": "7", "boardingDisabled": "false"}, {"stationCode": "BTH", "stationName": "BETTIAH", "arrivalTime": "23:20", "departureTime": "23:22", "routeNumber": "1", "haltTime": "02:00", "distance": "198", "dayCount": "1", "stnSerialNumber": "8", "boardingDisabled": "false"}, {"stationCode": "NKE", "stationName": "NARKATIAGANJ JN", "arrivalTime": "23:50", "departureTime": "23:55", "routeNumber": "1", "haltTime": "05:00", "distance": "234", "dayCount": "1", "stnSerialNumber": "9", "boardingDisabled": "false"}, {"stationCode": "VKNR", "stationName": "VALMIKINAGAR RD", "arrivalTime": "00:38", "departureTime": "00:40", "routeNumber": "1", "haltTime": "02:00", "distance": "285", "dayCount": "2", "stnSerialNumber": "10", "boardingDisabled": "false"}, {"stationCode": "SBZ", "stationName": "SISWA BAZAR", "arrivalTime": "01:23", "departureTime": "01:25", "routeNumber": "1", "haltTime": "02:00", "distance": "319", "dayCount": "2", "stnSerialNumber": "12", "boardingDisabled": "false"}, {"stationCode": "CPJ", "stationName": "KAPTANGANJ JN", "arrivalTime": "01:45", "departureTime": "01:50", "routeNumber": "1", "haltTime": "05:00", "distance": "345", "dayCount": "2", "stnSerialNumber": "13", "boardingDisabled": "false"}, {"stationCode": "GKP", "stationName": "GORAKHPUR JN", "arrivalTime": "02:50", "departureTime": "03:00", "routeNumber": "1", "haltTime": "10:00", "distance": "384", "dayCount": "2", "stnSerialNumber": "14", "boardingDisabled": "false"}, {"stationCode": "KLD", "stationName": "KHALILABAD", "arrivalTime": "03:40", "departureTime": "03:42", "routeNumber": "1", "haltTime": "02:00", "distance": "419", "dayCount": "2", "stnSerialNumber": "15", "boardingDisabled": "false"}, {"stationCode": "BST", "stationName": "BASTI", "arrivalTime": "04:05", "departureTime": "04:08", "routeNumber": "1", "haltTime": "03:00", "distance": "449", "dayCount": "2", "stnSerialNumber": "16", "boardingDisabled": "false"}, {"stationCode": "BV", "stationName": "BABHNAN", "arrivalTime": "04:33", "departureTime": "04:35", "routeNumber": "1", "haltTime": "02:00", "distance": "479", "dayCount": "2", "stnSerialNumber": "17", "boardingDisabled": "false"}, {"stationCode": "MUR", "stationName": "MANKAPUR JN", "arrivalTime": "05:08", "departureTime": "05:10", "routeNumber": "1", "haltTime": "02:00", "distance": "510", "dayCount": "2", "stnSerialNumber": "18", "boardingDisabled": "false"}, {"stationCode": "AY", "stationName": "AYODHYA", "arrivalTime": "05:45", "departureTime": "05:55", "routeNumber": "1", "haltTime": "10:00", "distance": "548", "dayCount": "2", "stnSerialNumber": "19", "boardingDisabled": "false"}, {"stationCode": "AYC", "stationName": "AYODHYA CANTT", "arrivalTime": "06:30", "departureTime": "06:40", "routeNumber": "1", "haltTime": "10:00", "distance": "556", "dayCount": "2", "stnSerialNumber": "20", "boardingDisabled": "false"}, {"stationCode": "GTNR", "stationName": "GOMATI NAGAR", "arrivalTime": "11:20", "departureTime": "--", "routeNumber": "1", "haltTime": "--", "distance": "675", "dayCount": "2", "stnSerialNumber": "22", "boardingDisabled": "false"}]}