{"trainNumber": "03225", "trainName": "DNR SC SF SPL", "stationFrom": "DNR", "stationTo": "SC", "trainOwner": "0", "trainRunsOnMon": "N", "trainRunsOnTue": "N", "trainRunsOnWed": "N", "trainRunsOnThu": "Y", "trainRunsOnFri": "N", "trainRunsOnSat": "N", "trainRunsOnSun": "N", "timeStamp": "2023-06-19T15:30:49.270", "duration": "0", "stationList": [{"stationCode": "DNR", "stationName": "DANAPUR", "arrivalTime": "--", "departureTime": "20:50", "routeNumber": "1", "haltTime": "--", "distance": "0", "dayCount": "1", "stnSerialNumber": "1", "boardingDisabled": "false"}, {"stationCode": "ARA", "stationName": "ARA JN", "arrivalTime": "21:23", "departureTime": "21:25", "routeNumber": "1", "haltTime": "02:00", "distance": "40", "dayCount": "1", "stnSerialNumber": "2", "boardingDisabled": "false"}, {"stationCode": "BXR", "stationName": "BUXAR", "arrivalTime": "22:10", "departureTime": "22:12", "routeNumber": "1", "haltTime": "02:00", "distance": "109", "dayCount": "1", "stnSerialNumber": "3", "boardingDisabled": "false"}, {"stationCode": "DDU", "stationName": "DD UPADHYAYA JN", "arrivalTime": "00:10", "departureTime": "00:20", "routeNumber": "1", "haltTime": "10:00", "distance": "203", "dayCount": "2", "stnSerialNumber": "4", "boardingDisabled": "false"}, {"stationCode": "PCOI", "stationName": "PRAYAGRAJCHEOKI", "arrivalTime": "03:20", "departureTime": "03:25", "routeNumber": "1", "haltTime": "05:00", "distance": "346", "dayCount": "2", "stnSerialNumber": "5", "boardingDisabled": "false"}, {"stationCode": "MKP", "stationName": "MANIKPUR", "arrivalTime": "05:50", "departureTime": "05:52", "routeNumber": "1", "haltTime": "02:00", "distance": "438", "dayCount": "2", "stnSerialNumber": "6", "boardingDisabled": "false"}, {"stationCode": "STA", "stationName": "SATNA", "arrivalTime": "07:00", "departureTime": "07:05", "routeNumber": "1", "haltTime": "05:00", "distance": "516", "dayCount": "2", "stnSerialNumber": "7", "boardingDisabled": "false"}, {"stationCode": "KTE", "stationName": "KATNI", "arrivalTime": "08:35", "departureTime": "08:40", "routeNumber": "1", "haltTime": "05:00", "distance": "614", "dayCount": "2", "stnSerialNumber": "8", "boardingDisabled": "false"}, {"stationCode": "JBP", "stationName": "JABALPUR", "arrivalTime": "10:00", "departureTime": "10:10", "routeNumber": "1", "haltTime": "10:00", "distance": "705", "dayCount": "2", "stnSerialNumber": "9", "boardingDisabled": "false"}, {"stationCode": "ET", "stationName": "ITARSI JN", "arrivalTime": "13:30", "departureTime": "13:40", "routeNumber": "1", "haltTime": "10:00", "distance": "950", "dayCount": "2", "stnSerialNumber": "10", "boardingDisabled": "false"}, {"stationCode": "NGP", "stationName": "NAGPUR", "arrivalTime": "17:55", "departureTime": "18:05", "routeNumber": "1", "haltTime": "10:00", "distance": "1247", "dayCount": "2", "stnSerialNumber": "11", "boardingDisabled": "false"}, {"stationCode": "BPQ", "stationName": "BALHARSHAH", "arrivalTime": "22:15", "departureTime": "22:25", "routeNumber": "1", "haltTime": "10:00", "distance": "1458", "dayCount": "2", "stnSerialNumber": "12", "boardingDisabled": "false"}, {"stationCode": "SKZR", "stationName": "SIRPUR KAGAZNGR", "arrivalTime": "23:15", "departureTime": "23:17", "routeNumber": "1", "haltTime": "02:00", "distance": "1528", "dayCount": "2", "stnSerialNumber": "13", "boardingDisabled": "false"}, {"stationCode": "BPA", "stationName": "BELLAMPALLI", "arrivalTime": "23:55", "departureTime": "23:56", "routeNumber": "1", "haltTime": "01:00", "distance": "1566", "dayCount": "2", "stnSerialNumber": "14", "boardingDisabled": "false"}, {"stationCode": "RDM", "stationName": "RAMAGUNDAM", "arrivalTime": "00:22", "departureTime": "00:24", "routeNumber": "1", "haltTime": "02:00", "distance": "1600", "dayCount": "3", "stnSerialNumber": "15", "boardingDisabled": "false"}, {"stationCode": "PDPL", "stationName": "PEDDAPALLI JN", "arrivalTime": "00:42", "departureTime": "00:44", "routeNumber": "1", "haltTime": "02:00", "distance": "1617", "dayCount": "3", "stnSerialNumber": "16", "boardingDisabled": "false"}, {"stationCode": "KZJ", "stationName": "KAZIPET JN", "arrivalTime": "02:00", "departureTime": "02:02", "routeNumber": "1", "haltTime": "02:00", "distance": "1692", "dayCount": "3", "stnSerialNumber": "17", "boardingDisabled": "false"}, {"stationCode": "SC", "stationName": "SECUNDERABAD JN", "arrivalTime": "04:40", "departureTime": "--", "routeNumber": "1", "haltTime": "--", "distance": "1824", "dayCount": "3", "stnSerialNumber": "18", "boardingDisabled": "false"}]}