{"trainNumber": "03220", "trainName": "GTNR PPTA SPL", "stationFrom": "GTNR", "stationTo": "PPTA", "trainOwner": "0", "trainRunsOnMon": "N", "trainRunsOnTue": "N", "trainRunsOnWed": "N", "trainRunsOnThu": "N", "trainRunsOnFri": "N", "trainRunsOnSat": "Y", "trainRunsOnSun": "N", "timeStamp": "2023-06-19T15:31:40.709", "duration": "0", "stationList": [{"stationCode": "GTNR", "stationName": "GOMATI NAGAR", "arrivalTime": "--", "departureTime": "18:15", "routeNumber": "1", "haltTime": "--", "distance": "0", "dayCount": "1", "stnSerialNumber": "1", "boardingDisabled": "false"}, {"stationCode": "AYC", "stationName": "AYODHYA CANTT", "arrivalTime": "21:45", "departureTime": "21:55", "routeNumber": "1", "haltTime": "10:00", "distance": "120", "dayCount": "1", "stnSerialNumber": "3", "boardingDisabled": "false"}, {"stationCode": "AY", "stationName": "AYODHYA", "arrivalTime": "22:15", "departureTime": "22:20", "routeNumber": "1", "haltTime": "05:00", "distance": "127", "dayCount": "1", "stnSerialNumber": "4", "boardingDisabled": "false"}, {"stationCode": "MUR", "stationName": "MANKAPUR JN", "arrivalTime": "23:20", "departureTime": "23:25", "routeNumber": "1", "haltTime": "05:00", "distance": "166", "dayCount": "1", "stnSerialNumber": "5", "boardingDisabled": "false"}, {"stationCode": "BV", "stationName": "BABHNAN", "arrivalTime": "23:55", "departureTime": "23:57", "routeNumber": "1", "haltTime": "02:00", "distance": "196", "dayCount": "1", "stnSerialNumber": "6", "boardingDisabled": "false"}, {"stationCode": "BST", "stationName": "BASTI", "arrivalTime": "00:25", "departureTime": "00:28", "routeNumber": "1", "haltTime": "03:00", "distance": "227", "dayCount": "2", "stnSerialNumber": "7", "boardingDisabled": "false"}, {"stationCode": "KLD", "stationName": "KHALILABAD", "arrivalTime": "00:50", "departureTime": "00:52", "routeNumber": "1", "haltTime": "02:00", "distance": "257", "dayCount": "2", "stnSerialNumber": "8", "boardingDisabled": "false"}, {"stationCode": "GKP", "stationName": "GORAKHPUR JN", "arrivalTime": "01:30", "departureTime": "01:40", "routeNumber": "1", "haltTime": "10:00", "distance": "291", "dayCount": "2", "stnSerialNumber": "9", "boardingDisabled": "false"}, {"stationCode": "CPJ", "stationName": "KAPTANGANJ JN", "arrivalTime": "02:37", "departureTime": "02:42", "routeNumber": "1", "haltTime": "05:00", "distance": "330", "dayCount": "2", "stnSerialNumber": "10", "boardingDisabled": "false"}, {"stationCode": "SBZ", "stationName": "SISWA BAZAR", "arrivalTime": "03:05", "departureTime": "03:07", "routeNumber": "1", "haltTime": "02:00", "distance": "356", "dayCount": "2", "stnSerialNumber": "11", "boardingDisabled": "false"}, {"stationCode": "VKNR", "stationName": "VALMIKINAGAR RD", "arrivalTime": "03:40", "departureTime": "03:42", "routeNumber": "1", "haltTime": "02:00", "distance": "390", "dayCount": "2", "stnSerialNumber": "12", "boardingDisabled": "false"}, {"stationCode": "NKE", "stationName": "NARKATIAGANJ JN", "arrivalTime": "04:20", "departureTime": "04:25", "routeNumber": "1", "haltTime": "05:00", "distance": "441", "dayCount": "2", "stnSerialNumber": "13", "boardingDisabled": "false"}, {"stationCode": "BTH", "stationName": "BETTIAH", "arrivalTime": "04:55", "departureTime": "04:57", "routeNumber": "1", "haltTime": "02:00", "distance": "478", "dayCount": "2", "stnSerialNumber": "14", "boardingDisabled": "false"}, {"stationCode": "BMKI", "stationName": "BAPUDM MOTIHARI", "arrivalTime": "05:30", "departureTime": "05:35", "routeNumber": "1", "haltTime": "05:00", "distance": "521", "dayCount": "2", "stnSerialNumber": "15", "boardingDisabled": "false"}, {"stationCode": "CAA", "stationName": "CHAKIA", "arrivalTime": "06:09", "departureTime": "06:11", "routeNumber": "1", "haltTime": "02:00", "distance": "553", "dayCount": "2", "stnSerialNumber": "16", "boardingDisabled": "false"}, {"stationCode": "MFP", "stationName": "MUZAFFARPUR JN", "arrivalTime": "07:20", "departureTime": "07:50", "routeNumber": "1", "haltTime": "30:00", "distance": "601", "dayCount": "2", "stnSerialNumber": "17", "boardingDisabled": "false"}, {"stationCode": "HJP", "stationName": "HAJIPUR JN", "arrivalTime": "08:50", "departureTime": "08:55", "routeNumber": "1", "haltTime": "05:00", "distance": "654", "dayCount": "2", "stnSerialNumber": "18", "boardingDisabled": "false"}, {"stationCode": "SEE", "stationName": "SONPUR JN", "arrivalTime": "09:05", "departureTime": "09:07", "routeNumber": "1", "haltTime": "02:00", "distance": "660", "dayCount": "2", "stnSerialNumber": "19", "boardingDisabled": "false"}, {"stationCode": "PPTA", "stationName": "PATLIPUTRA", "arrivalTime": "09:55", "departureTime": "--", "routeNumber": "1", "haltTime": "--", "distance": "675", "dayCount": "2", "stnSerialNumber": "21", "boardingDisabled": "false"}]}