{"trainNumber": "03230", "trainName": "PNBE PURI SPL", "stationFrom": "PNBE", "stationTo": "PURI", "trainOwner": "0", "trainRunsOnMon": "N", "trainRunsOnTue": "N", "trainRunsOnWed": "N", "trainRunsOnThu": "Y", "trainRunsOnFri": "N", "trainRunsOnSat": "N", "trainRunsOnSun": "N", "timeStamp": "2023-06-19T15:31:40.636", "duration": "0", "stationList": [{"stationCode": "PNBE", "stationName": "PATNA JN", "arrivalTime": "--", "departureTime": "08:45", "routeNumber": "1", "haltTime": "--", "distance": "0", "dayCount": "1", "stnSerialNumber": "1", "boardingDisabled": "false"}, {"stationCode": "BKP", "stationName": "BAKHTIYARPUR JN", "arrivalTime": "09:21", "departureTime": "09:23", "routeNumber": "1", "haltTime": "02:00", "distance": "46", "dayCount": "1", "stnSerialNumber": "2", "boardingDisabled": "false"}, {"stationCode": "BARH", "stationName": "BARH", "arrivalTime": "09:37", "departureTime": "09:39", "routeNumber": "1", "haltTime": "02:00", "distance": "64", "dayCount": "1", "stnSerialNumber": "3", "boardingDisabled": "false"}, {"stationCode": "MKA", "stationName": "MOKAMEH JN", "arrivalTime": "09:58", "departureTime": "10:00", "routeNumber": "1", "haltTime": "02:00", "distance": "90", "dayCount": "1", "stnSerialNumber": "4", "boardingDisabled": "false"}, {"stationCode": "KIUL", "stationName": "KIUL JN", "arrivalTime": "10:40", "departureTime": "10:45", "routeNumber": "1", "haltTime": "05:00", "distance": "124", "dayCount": "1", "stnSerialNumber": "5", "boardingDisabled": "false"}, {"stationCode": "JAJ", "stationName": "JHAJHA", "arrivalTime": "12:30", "departureTime": "12:35", "routeNumber": "1", "haltTime": "05:00", "distance": "178", "dayCount": "1", "stnSerialNumber": "6", "boardingDisabled": "false"}, {"stationCode": "JSME", "stationName": "JASIDIH JN", "arrivalTime": "13:07", "departureTime": "13:10", "routeNumber": "1", "haltTime": "03:00", "distance": "222", "dayCount": "1", "stnSerialNumber": "7", "boardingDisabled": "false"}, {"stationCode": "MDP", "stationName": "MADHUPUR JN", "arrivalTime": "13:35", "departureTime": "13:37", "routeNumber": "1", "haltTime": "02:00", "distance": "251", "dayCount": "1", "stnSerialNumber": "8", "boardingDisabled": "false"}, {"stationCode": "CRJ", "stationName": "CHITTARANJAN", "arrivalTime": "14:30", "departureTime": "14:32", "routeNumber": "1", "haltTime": "02:00", "distance": "307", "dayCount": "1", "stnSerialNumber": "9", "boardingDisabled": "false"}, {"stationCode": "ASN", "stationName": "ASANSOL JN", "arrivalTime": "15:40", "departureTime": "16:00", "routeNumber": "1", "haltTime": "20:00", "distance": "332", "dayCount": "1", "stnSerialNumber": "10", "boardingDisabled": "false"}, {"stationCode": "ADRA", "stationName": "ADRA JN", "arrivalTime": "16:55", "departureTime": "17:00", "routeNumber": "1", "haltTime": "05:00", "distance": "373", "dayCount": "1", "stnSerialNumber": "11", "boardingDisabled": "false"}, {"stationCode": "BQA", "stationName": "BANKURA", "arrivalTime": "17:43", "departureTime": "17:45", "routeNumber": "1", "haltTime": "02:00", "distance": "426", "dayCount": "1", "stnSerialNumber": "12", "boardingDisabled": "false"}, {"stationCode": "MDN", "stationName": "MIDNAPORE", "arrivalTime": "19:28", "departureTime": "19:30", "routeNumber": "1", "haltTime": "02:00", "distance": "529", "dayCount": "1", "stnSerialNumber": "13", "boardingDisabled": "false"}, {"stationCode": "HIJ", "stationName": "HIJLI", "arrivalTime": "20:15", "departureTime": "20:20", "routeNumber": "1", "haltTime": "05:00", "distance": "552", "dayCount": "1", "stnSerialNumber": "15", "boardingDisabled": "false"}, {"stationCode": "BLS", "stationName": "BALASORE", "arrivalTime": "21:45", "departureTime": "21:47", "routeNumber": "1", "haltTime": "02:00", "distance": "664", "dayCount": "1", "stnSerialNumber": "16", "boardingDisabled": "false"}, {"stationCode": "BHC", "stationName": "BHADRAK", "arrivalTime": "22:43", "departureTime": "22:45", "routeNumber": "1", "haltTime": "02:00", "distance": "726", "dayCount": "1", "stnSerialNumber": "17", "boardingDisabled": "false"}, {"stationCode": "JJKR", "stationName": "JAJPUR K ROAD", "arrivalTime": "23:16", "departureTime": "23:18", "routeNumber": "1", "haltTime": "02:00", "distance": "769", "dayCount": "1", "stnSerialNumber": "18", "boardingDisabled": "false"}, {"stationCode": "CTC", "stationName": "CUTTACK", "arrivalTime": "00:15", "departureTime": "00:20", "routeNumber": "1", "haltTime": "05:00", "distance": "841", "dayCount": "2", "stnSerialNumber": "19", "boardingDisabled": "false"}, {"stationCode": "BBS", "stationName": "BHUBANESWAR", "arrivalTime": "00:55", "departureTime": "01:00", "routeNumber": "1", "haltTime": "05:00", "distance": "869", "dayCount": "2", "stnSerialNumber": "20", "boardingDisabled": "false"}, {"stationCode": "KUR", "stationName": "KHURDA ROAD JN", "arrivalTime": "01:20", "departureTime": "01:25", "routeNumber": "1", "haltTime": "05:00", "distance": "888", "dayCount": "2", "stnSerialNumber": "21", "boardingDisabled": "false"}, {"stationCode": "PURI", "stationName": "PURI", "arrivalTime": "02:55", "departureTime": "--", "routeNumber": "1", "haltTime": "--", "distance": "931", "dayCount": "2", "stnSerialNumber": "22", "boardingDisabled": "false"}]}{"trainNumber": "03230", "trainName": "PNBE PURI SPL", "stationFrom": "PNBE", "stationTo": "PURI", "trainOwner": "0", "trainRunsOnMon": "N", "trainRunsOnTue": "N", "trainRunsOnWed": "N", "trainRunsOnThu": "Y", "trainRunsOnFri": "N", "trainRunsOnSat": "N", "trainRunsOnSun": "N", "timeStamp": "2023-06-19T15:31:52.058", "duration": "0", "stationList": [{"stationCode": "PNBE", "stationName": "PATNA JN", "arrivalTime": "--", "departureTime": "08:45", "routeNumber": "1", "haltTime": "--", "distance": "0", "dayCount": "1", "stnSerialNumber": "1", "boardingDisabled": "false"}, {"stationCode": "BKP", "stationName": "BAKHTIYARPUR JN", "arrivalTime": "09:21", "departureTime": "09:23", "routeNumber": "1", "haltTime": "02:00", "distance": "46", "dayCount": "1", "stnSerialNumber": "2", "boardingDisabled": "false"}, {"stationCode": "BARH", "stationName": "BARH", "arrivalTime": "09:37", "departureTime": "09:39", "routeNumber": "1", "haltTime": "02:00", "distance": "64", "dayCount": "1", "stnSerialNumber": "3", "boardingDisabled": "false"}, {"stationCode": "MKA", "stationName": "MOKAMEH JN", "arrivalTime": "09:58", "departureTime": "10:00", "routeNumber": "1", "haltTime": "02:00", "distance": "90", "dayCount": "1", "stnSerialNumber": "4", "boardingDisabled": "false"}, {"stationCode": "KIUL", "stationName": "KIUL JN", "arrivalTime": "10:40", "departureTime": "10:45", "routeNumber": "1", "haltTime": "05:00", "distance": "124", "dayCount": "1", "stnSerialNumber": "5", "boardingDisabled": "false"}, {"stationCode": "JAJ", "stationName": "JHAJHA", "arrivalTime": "12:30", "departureTime": "12:35", "routeNumber": "1", "haltTime": "05:00", "distance": "178", "dayCount": "1", "stnSerialNumber": "6", "boardingDisabled": "false"}, {"stationCode": "JSME", "stationName": "JASIDIH JN", "arrivalTime": "13:07", "departureTime": "13:10", "routeNumber": "1", "haltTime": "03:00", "distance": "222", "dayCount": "1", "stnSerialNumber": "7", "boardingDisabled": "false"}, {"stationCode": "MDP", "stationName": "MADHUPUR JN", "arrivalTime": "13:35", "departureTime": "13:37", "routeNumber": "1", "haltTime": "02:00", "distance": "251", "dayCount": "1", "stnSerialNumber": "8", "boardingDisabled": "false"}, {"stationCode": "CRJ", "stationName": "CHITTARANJAN", "arrivalTime": "14:30", "departureTime": "14:32", "routeNumber": "1", "haltTime": "02:00", "distance": "307", "dayCount": "1", "stnSerialNumber": "9", "boardingDisabled": "false"}, {"stationCode": "ASN", "stationName": "ASANSOL JN", "arrivalTime": "15:40", "departureTime": "16:00", "routeNumber": "1", "haltTime": "20:00", "distance": "332", "dayCount": "1", "stnSerialNumber": "10", "boardingDisabled": "false"}, {"stationCode": "ADRA", "stationName": "ADRA JN", "arrivalTime": "16:55", "departureTime": "17:00", "routeNumber": "1", "haltTime": "05:00", "distance": "373", "dayCount": "1", "stnSerialNumber": "11", "boardingDisabled": "false"}, {"stationCode": "BQA", "stationName": "BANKURA", "arrivalTime": "17:43", "departureTime": "17:45", "routeNumber": "1", "haltTime": "02:00", "distance": "426", "dayCount": "1", "stnSerialNumber": "12", "boardingDisabled": "false"}, {"stationCode": "MDN", "stationName": "MIDNAPORE", "arrivalTime": "19:28", "departureTime": "19:30", "routeNumber": "1", "haltTime": "02:00", "distance": "529", "dayCount": "1", "stnSerialNumber": "13", "boardingDisabled": "false"}, {"stationCode": "HIJ", "stationName": "HIJLI", "arrivalTime": "20:15", "departureTime": "20:20", "routeNumber": "1", "haltTime": "05:00", "distance": "552", "dayCount": "1", "stnSerialNumber": "15", "boardingDisabled": "false"}, {"stationCode": "BLS", "stationName": "BALASORE", "arrivalTime": "21:45", "departureTime": "21:47", "routeNumber": "1", "haltTime": "02:00", "distance": "664", "dayCount": "1", "stnSerialNumber": "16", "boardingDisabled": "false"}, {"stationCode": "BHC", "stationName": "BHADRAK", "arrivalTime": "22:43", "departureTime": "22:45", "routeNumber": "1", "haltTime": "02:00", "distance": "726", "dayCount": "1", "stnSerialNumber": "17", "boardingDisabled": "false"}, {"stationCode": "JJKR", "stationName": "JAJPUR K ROAD", "arrivalTime": "23:16", "departureTime": "23:18", "routeNumber": "1", "haltTime": "02:00", "distance": "769", "dayCount": "1", "stnSerialNumber": "18", "boardingDisabled": "false"}, {"stationCode": "CTC", "stationName": "CUTTACK", "arrivalTime": "00:15", "departureTime": "00:20", "routeNumber": "1", "haltTime": "05:00", "distance": "841", "dayCount": "2", "stnSerialNumber": "19", "boardingDisabled": "false"}, {"stationCode": "BBS", "stationName": "BHUBANESWAR", "arrivalTime": "00:55", "departureTime": "01:00", "routeNumber": "1", "haltTime": "05:00", "distance": "869", "dayCount": "2", "stnSerialNumber": "20", "boardingDisabled": "false"}, {"stationCode": "KUR", "stationName": "KHURDA ROAD JN", "arrivalTime": "01:20", "departureTime": "01:25", "routeNumber": "1", "haltTime": "05:00", "distance": "888", "dayCount": "2", "stnSerialNumber": "21", "boardingDisabled": "false"}, {"stationCode": "PURI", "stationName": "PURI", "arrivalTime": "02:55", "departureTime": "--", "routeNumber": "1", "haltTime": "--", "distance": "931", "dayCount": "2", "stnSerialNumber": "22", "boardingDisabled": "false"}]}