{"trainNumber": "03256", "trainName": "ANVT PNBE SPL", "stationFrom": "ANVT", "stationTo": "PNBE", "trainOwner": "0", "trainRunsOnMon": "Y", "trainRunsOnTue": "N", "trainRunsOnWed": "N", "trainRunsOnThu": "N", "trainRunsOnFri": "Y", "trainRunsOnSat": "N", "trainRunsOnSun": "N", "timeStamp": "2023-06-19T15:31:40.869", "duration": "0", "stationList": [{"stationCode": "ANVT", "stationName": "ANAND VIHAR TRM", "arrivalTime": "--", "departureTime": "23:30", "routeNumber": "1", "haltTime": "--", "distance": "0", "dayCount": "1", "stnSerialNumber": "1", "boardingDisabled": "false"}, {"stationCode": "CNB", "stationName": "KANPUR CENTRAL", "arrivalTime": "06:20", "departureTime": "06:30", "routeNumber": "1", "haltTime": "10:00", "distance": "428", "dayCount": "2", "stnSerialNumber": "2", "boardingDisabled": "false"}, {"stationCode": "PRYJ", "stationName": "PRAYAGRAJ JN.", "arrivalTime": "09:30", "departureTime": "09:35", "routeNumber": "1", "haltTime": "05:00", "distance": "623", "dayCount": "2", "stnSerialNumber": "3", "boardingDisabled": "false"}, {"stationCode": "DDU", "stationName": "DD UPADHYAYA JN", "arrivalTime": "13:15", "departureTime": "13:25", "routeNumber": "1", "haltTime": "10:00", "distance": "775", "dayCount": "2", "stnSerialNumber": "5", "boardingDisabled": "false"}, {"stationCode": "BXR", "stationName": "BUXAR", "arrivalTime": "14:45", "departureTime": "14:47", "routeNumber": "1", "haltTime": "02:00", "distance": "870", "dayCount": "2", "stnSerialNumber": "6", "boardingDisabled": "false"}, {"stationCode": "ARA", "stationName": "ARA JN", "arrivalTime": "15:45", "departureTime": "15:47", "routeNumber": "1", "haltTime": "02:00", "distance": "938", "dayCount": "2", "stnSerialNumber": "7", "boardingDisabled": "false"}, {"stationCode": "DNR", "stationName": "DANAPUR", "arrivalTime": "16:30", "departureTime": "16:32", "routeNumber": "1", "haltTime": "02:00", "distance": "978", "dayCount": "2", "stnSerialNumber": "8", "boardingDisabled": "false"}, {"stationCode": "PNBE", "stationName": "PATNA JN", "arrivalTime": "17:20", "departureTime": "--", "routeNumber": "1", "haltTime": "--", "distance": "987", "dayCount": "2", "stnSerialNumber": "9", "boardingDisabled": "false"}]}