{"trainNumber": "03257", "trainName": "DNR ANVT SF  SPL", "stationFrom": "DNR", "stationTo": "ANVT", "trainOwner": "0", "trainRunsOnMon": "N", "trainRunsOnTue": "N", "trainRunsOnWed": "N", "trainRunsOnThu": "N", "trainRunsOnFri": "N", "trainRunsOnSat": "N", "trainRunsOnSun": "Y", "timeStamp": "2023-06-19T15:30:49.588", "duration": "0", "stationList": [{"stationCode": "DNR", "stationName": "DANAPUR", "arrivalTime": "--", "departureTime": "07:30", "routeNumber": "1", "haltTime": "--", "distance": "0", "dayCount": "1", "stnSerialNumber": "1", "boardingDisabled": "false"}, {"stationCode": "ARA", "stationName": "ARA JN", "arrivalTime": "08:10", "departureTime": "08:12", "routeNumber": "1", "haltTime": "02:00", "distance": "40", "dayCount": "1", "stnSerialNumber": "2", "boardingDisabled": "false"}, {"stationCode": "BXR", "stationName": "BUXAR", "arrivalTime": "09:05", "departureTime": "09:07", "routeNumber": "1", "haltTime": "02:00", "distance": "109", "dayCount": "1", "stnSerialNumber": "3", "boardingDisabled": "false"}, {"stationCode": "DDU", "stationName": "DD UPADHYAYA JN", "arrivalTime": "10:30", "departureTime": "10:40", "routeNumber": "1", "haltTime": "10:00", "distance": "203", "dayCount": "1", "stnSerialNumber": "4", "boardingDisabled": "false"}, {"stationCode": "PRYJ", "stationName": "PRAYAGRAJ JN.", "arrivalTime": "13:45", "departureTime": "13:50", "routeNumber": "1", "haltTime": "05:00", "distance": "355", "dayCount": "1", "stnSerialNumber": "6", "boardingDisabled": "false"}, {"stationCode": "CNB", "stationName": "KANPUR CENTRAL", "arrivalTime": "16:30", "departureTime": "16:40", "routeNumber": "1", "haltTime": "10:00", "distance": "550", "dayCount": "1", "stnSerialNumber": "7", "boardingDisabled": "false"}, {"stationCode": "ANVT", "stationName": "ANAND VIHAR TRM", "arrivalTime": "00:30", "departureTime": "--", "routeNumber": "1", "haltTime": "--", "distance": "978", "dayCount": "2", "stnSerialNumber": "8", "boardingDisabled": "false"}]}