{"trainNumber": "03258", "trainName": "ANVT DNR SF SPL", "stationFrom": "ANVT", "stationTo": "DNR", "trainOwner": "0", "trainRunsOnMon": "Y", "trainRunsOnTue": "N", "trainRunsOnWed": "N", "trainRunsOnThu": "N", "trainRunsOnFri": "N", "trainRunsOnSat": "N", "trainRunsOnSun": "N", "timeStamp": "2023-06-19T15:30:49.605", "duration": "0", "stationList": [{"stationCode": "ANVT", "stationName": "ANAND VIHAR TRM", "arrivalTime": "--", "departureTime": "05:00", "routeNumber": "1", "haltTime": "--", "distance": "0", "dayCount": "1", "stnSerialNumber": "1", "boardingDisabled": "false"}, {"stationCode": "CNB", "stationName": "KANPUR CENTRAL", "arrivalTime": "12:20", "departureTime": "12:30", "routeNumber": "1", "haltTime": "10:00", "distance": "428", "dayCount": "1", "stnSerialNumber": "2", "boardingDisabled": "false"}, {"stationCode": "PRYJ", "stationName": "PRAYAGRAJ JN.", "arrivalTime": "13:35", "departureTime": "13:40", "routeNumber": "1", "haltTime": "05:00", "distance": "623", "dayCount": "1", "stnSerialNumber": "3", "boardingDisabled": "false"}, {"stationCode": "DDU", "stationName": "DD UPADHYAYA JN", "arrivalTime": "17:10", "departureTime": "17:20", "routeNumber": "1", "haltTime": "10:00", "distance": "775", "dayCount": "1", "stnSerialNumber": "5", "boardingDisabled": "false"}, {"stationCode": "BXR", "stationName": "BUXAR", "arrivalTime": "18:30", "departureTime": "18:32", "routeNumber": "1", "haltTime": "02:00", "distance": "870", "dayCount": "1", "stnSerialNumber": "6", "boardingDisabled": "false"}, {"stationCode": "ARA", "stationName": "ARA JN", "arrivalTime": "19:30", "departureTime": "19:32", "routeNumber": "1", "haltTime": "02:00", "distance": "938", "dayCount": "1", "stnSerialNumber": "7", "boardingDisabled": "false"}, {"stationCode": "DNR", "stationName": "DANAPUR", "arrivalTime": "20:45", "departureTime": "--", "routeNumber": "1", "haltTime": "--", "distance": "978", "dayCount": "1", "stnSerialNumber": "8", "boardingDisabled": "false"}]}