{"trainNumber": "03253", "trainName": "PNBE SC SPL", "stationFrom": "PNBE", "stationTo": "SC", "trainOwner": "0", "trainRunsOnMon": "Y", "trainRunsOnTue": "N", "trainRunsOnWed": "Y", "trainRunsOnThu": "N", "trainRunsOnFri": "N", "trainRunsOnSat": "N", "trainRunsOnSun": "N", "timeStamp": "2023-06-19T15:30:49.673", "duration": "0", "stationList": [{"stationCode": "PNBE", "stationName": "PATNA JN", "arrivalTime": "--", "departureTime": "15:00", "routeNumber": "1", "haltTime": "--", "distance": "0", "dayCount": "1", "stnSerialNumber": "1", "boardingDisabled": "false"}, {"stationCode": "JHD", "stationName": "JEHANABAD", "arrivalTime": "15:58", "departureTime": "16:00", "routeNumber": "1", "haltTime": "02:00", "distance": "45", "dayCount": "1", "stnSerialNumber": "2", "boardingDisabled": "false"}, {"stationCode": "GAYA", "stationName": "GAYA JN", "arrivalTime": "17:00", "departureTime": "17:25", "routeNumber": "1", "haltTime": "25:00", "distance": "92", "dayCount": "1", "stnSerialNumber": "3", "boardingDisabled": "false"}, {"stationCode": "KQR", "stationName": "KODERMA JN", "arrivalTime": "18:38", "departureTime": "18:40", "routeNumber": "1", "haltTime": "02:00", "distance": "168", "dayCount": "1", "stnSerialNumber": "4", "boardingDisabled": "false"}, {"stationCode": "GMO", "stationName": "NSC BOSE J GOMO", "arrivalTime": "20:20", "departureTime": "20:25", "routeNumber": "1", "haltTime": "05:00", "distance": "262", "dayCount": "1", "stnSerialNumber": "5", "boardingDisabled": "false"}, {"stationCode": "BKSC", "stationName": "BOKARO STL CITY", "arrivalTime": "21:20", "departureTime": "21:22", "routeNumber": "1", "haltTime": "02:00", "distance": "294", "dayCount": "1", "stnSerialNumber": "7", "boardingDisabled": "false"}, {"stationCode": "RNC", "stationName": "RANCHI", "arrivalTime": "23:25", "departureTime": "23:35", "routeNumber": "1", "haltTime": "10:00", "distance": "408", "dayCount": "1", "stnSerialNumber": "8", "boardingDisabled": "false"}, {"stationCode": "HTE", "stationName": "HATIA", "arrivalTime": "23:50", "departureTime": "23:55", "routeNumber": "1", "haltTime": "05:00", "distance": "415", "dayCount": "1", "stnSerialNumber": "9", "boardingDisabled": "false"}, {"stationCode": "ROU", "stationName": "ROURKELA", "arrivalTime": "03:00", "departureTime": "03:05", "routeNumber": "1", "haltTime": "05:00", "distance": "582", "dayCount": "2", "stnSerialNumber": "10", "boardingDisabled": "false"}, {"stationCode": "JSG", "stationName": "JHARSUGUDA JN", "arrivalTime": "05:00", "departureTime": "05:10", "routeNumber": "1", "haltTime": "10:00", "distance": "683", "dayCount": "2", "stnSerialNumber": "11", "boardingDisabled": "false"}, {"stationCode": "BSP", "stationName": "BILASPUR JN", "arrivalTime": "07:40", "departureTime": "07:45", "routeNumber": "1", "haltTime": "05:00", "distance": "888", "dayCount": "2", "stnSerialNumber": "12", "boardingDisabled": "false"}, {"stationCode": "R", "stationName": "RAIPUR JN", "arrivalTime": "09:43", "departureTime": "09:45", "routeNumber": "1", "haltTime": "02:00", "distance": "998", "dayCount": "2", "stnSerialNumber": "13", "boardingDisabled": "false"}, {"stationCode": "DURG", "stationName": "DURG", "arrivalTime": "10:10", "departureTime": "10:20", "routeNumber": "1", "haltTime": "10:00", "distance": "1035", "dayCount": "2", "stnSerialNumber": "14", "boardingDisabled": "false"}, {"stationCode": "G", "stationName": "GONDIA JN", "arrivalTime": "12:50", "departureTime": "12:55", "routeNumber": "1", "haltTime": "05:00", "distance": "1170", "dayCount": "2", "stnSerialNumber": "15", "boardingDisabled": "false"}, {"stationCode": "NGP", "stationName": "NAGPUR", "arrivalTime": "15:50", "departureTime": "16:00", "routeNumber": "1", "haltTime": "10:00", "distance": "1300", "dayCount": "2", "stnSerialNumber": "16", "boardingDisabled": "false"}, {"stationCode": "BPQ", "stationName": "BALHARSHAH", "arrivalTime": "19:50", "departureTime": "20:00", "routeNumber": "1", "haltTime": "10:00", "distance": "1511", "dayCount": "2", "stnSerialNumber": "17", "boardingDisabled": "false"}, {"stationCode": "SKZR", "stationName": "SIRPUR KAGAZNGR", "arrivalTime": "20:50", "departureTime": "20:52", "routeNumber": "1", "haltTime": "02:00", "distance": "1581", "dayCount": "2", "stnSerialNumber": "18", "boardingDisabled": "false"}, {"stationCode": "BPA", "stationName": "BELLAMPALLI", "arrivalTime": "21:20", "departureTime": "21:22", "routeNumber": "1", "haltTime": "02:00", "distance": "1619", "dayCount": "2", "stnSerialNumber": "19", "boardingDisabled": "false"}, {"stationCode": "PDPL", "stationName": "PEDDAPALLI JN", "arrivalTime": "22:05", "departureTime": "22:07", "routeNumber": "1", "haltTime": "02:00", "distance": "1670", "dayCount": "2", "stnSerialNumber": "20", "boardingDisabled": "false"}, {"stationCode": "KZJ", "stationName": "KAZIPET JN", "arrivalTime": "23:10", "departureTime": "23:12", "routeNumber": "1", "haltTime": "02:00", "distance": "1745", "dayCount": "2", "stnSerialNumber": "21", "boardingDisabled": "false"}, {"stationCode": "SC", "stationName": "SECUNDERABAD JN", "arrivalTime": "03:30", "departureTime": "--", "routeNumber": "1", "haltTime": "--", "distance": "1877", "dayCount": "3", "stnSerialNumber": "22", "boardingDisabled": "false"}]}