{"trainNumber": "03358", "trainName": "CBE BJU SPL", "stationFrom": "CBE", "stationTo": "BJU", "trainOwner": "0", "trainRunsOnMon": "N", "trainRunsOnTue": "N", "trainRunsOnWed": "Y", "trainRunsOnThu": "N", "trainRunsOnFri": "N", "trainRunsOnSat": "N", "trainRunsOnSun": "N", "timeStamp": "2023-06-19T15:31:44.630", "duration": "0", "stationList": [{"stationCode": "CBE", "stationName": "COIMBATORE JN", "arrivalTime": "--", "departureTime": "00:50", "routeNumber": "1", "haltTime": "--", "distance": "0", "dayCount": "1", "stnSerialNumber": "1", "boardingDisabled": "false"}, {"stationCode": "ED", "stationName": "ERODE JN", "arrivalTime": "02:25", "departureTime": "02:35", "routeNumber": "1", "haltTime": "10:00", "distance": "101", "dayCount": "1", "stnSerialNumber": "3", "boardingDisabled": "false"}, {"stationCode": "SA", "stationName": "SALEM JN", "arrivalTime": "03:28", "departureTime": "03:30", "routeNumber": "1", "haltTime": "02:00", "distance": "164", "dayCount": "1", "stnSerialNumber": "4", "boardingDisabled": "false"}, {"stationCode": "JTJ", "stationName": "JOLARPETTAI", "arrivalTime": "04:53", "departureTime": "04:55", "routeNumber": "1", "haltTime": "02:00", "distance": "284", "dayCount": "1", "stnSerialNumber": "5", "boardingDisabled": "false"}, {"stationCode": "KPD", "stationName": "KATPADI JN", "arrivalTime": "05:50", "departureTime": "06:00", "routeNumber": "1", "haltTime": "10:00", "distance": "367", "dayCount": "1", "stnSerialNumber": "6", "boardingDisabled": "false"}, {"stationCode": "RU", "stationName": "RENIGUNTA JN", "arrivalTime": "08:35", "departureTime": "08:40", "routeNumber": "1", "haltTime": "05:00", "distance": "500", "dayCount": "1", "stnSerialNumber": "8", "boardingDisabled": "false"}, {"stationCode": "NLR", "stationName": "NELLORE", "arrivalTime": "12:24", "departureTime": "12:26", "routeNumber": "1", "haltTime": "02:00", "distance": "622", "dayCount": "1", "stnSerialNumber": "10", "boardingDisabled": "false"}, {"stationCode": "OGL", "stationName": "ONGOLE", "arrivalTime": "13:54", "departureTime": "13:55", "routeNumber": "1", "haltTime": "01:00", "distance": "738", "dayCount": "1", "stnSerialNumber": "11", "boardingDisabled": "false"}, {"stationCode": "BZA", "stationName": "VIJAYAWADA JN", "arrivalTime": "16:00", "departureTime": "16:10", "routeNumber": "1", "haltTime": "10:00", "distance": "876", "dayCount": "1", "stnSerialNumber": "12", "boardingDisabled": "false"}, {"stationCode": "EE", "stationName": "ELURU", "arrivalTime": "16:59", "departureTime": "17:01", "routeNumber": "1", "haltTime": "02:00", "distance": "935", "dayCount": "1", "stnSerialNumber": "13", "boardingDisabled": "false"}, {"stationCode": "RJY", "stationName": "RAJAHMUNDRY", "arrivalTime": "19:10", "departureTime": "19:15", "routeNumber": "1", "haltTime": "05:00", "distance": "1025", "dayCount": "1", "stnSerialNumber": "14", "boardingDisabled": "false"}, {"stationCode": "DVD", "stationName": "DUVVADA", "arrivalTime": "22:40", "departureTime": "22:42", "routeNumber": "1", "haltTime": "02:00", "distance": "1209", "dayCount": "1", "stnSerialNumber": "15", "boardingDisabled": "false"}, {"stationCode": "KTV", "stationName": "KOTTAVALASA", "arrivalTime": "23:30", "departureTime": "23:32", "routeNumber": "1", "haltTime": "02:00", "distance": "1239", "dayCount": "1", "stnSerialNumber": "17", "boardingDisabled": "false"}, {"stationCode": "VZM", "stationName": "VIZIANAGRAM JN", "arrivalTime": "00:35", "departureTime": "00:45", "routeNumber": "1", "haltTime": "10:00", "distance": "1273", "dayCount": "2", "stnSerialNumber": "18", "boardingDisabled": "false"}, {"stationCode": "VBL", "stationName": "BOBBILI", "arrivalTime": "01:38", "departureTime": "01:40", "routeNumber": "1", "haltTime": "02:00", "distance": "1327", "dayCount": "2", "stnSerialNumber": "19", "boardingDisabled": "false"}, {"stationCode": "PVP", "stationName": "PARVATIPURAM", "arrivalTime": "02:00", "departureTime": "02:02", "routeNumber": "1", "haltTime": "02:00", "distance": "1351", "dayCount": "2", "stnSerialNumber": "20", "boardingDisabled": "false"}, {"stationCode": "RGDA", "stationName": "RAYAGADA", "arrivalTime": "02:55", "departureTime": "03:00", "routeNumber": "1", "haltTime": "05:00", "distance": "1397", "dayCount": "2", "stnSerialNumber": "21", "boardingDisabled": "false"}, {"stationCode": "MNGD", "stationName": "MUNIGUDA", "arrivalTime": "05:00", "departureTime": "05:02", "routeNumber": "1", "haltTime": "02:00", "distance": "1451", "dayCount": "2", "stnSerialNumber": "23", "boardingDisabled": "false"}, {"stationCode": "KSNG", "stationName": "KESINGA", "arrivalTime": "06:23", "departureTime": "06:25", "routeNumber": "1", "haltTime": "02:00", "distance": "1524", "dayCount": "2", "stnSerialNumber": "24", "boardingDisabled": "false"}, {"stationCode": "TIG", "stationName": "TITLAGARH", "arrivalTime": "06:45", "departureTime": "06:55", "routeNumber": "1", "haltTime": "10:00", "distance": "1537", "dayCount": "2", "stnSerialNumber": "25", "boardingDisabled": "false"}, {"stationCode": "BLGR", "stationName": "BALANGIR", "arrivalTime": "08:00", "departureTime": "08:02", "routeNumber": "1", "haltTime": "02:00", "distance": "1600", "dayCount": "2", "stnSerialNumber": "26", "boardingDisabled": "false"}, {"stationCode": "BRGA", "stationName": "BARGARH ROAD", "arrivalTime": "09:00", "departureTime": "09:02", "routeNumber": "1", "haltTime": "02:00", "distance": "1676", "dayCount": "2", "stnSerialNumber": "27", "boardingDisabled": "false"}, {"stationCode": "SBP", "stationName": "SAMBALPUR", "arrivalTime": "09:50", "departureTime": "09:55", "routeNumber": "1", "haltTime": "05:00", "distance": "1718", "dayCount": "2", "stnSerialNumber": "28", "boardingDisabled": "false"}, {"stationCode": "JSG", "stationName": "JHARSUGUDA JN", "arrivalTime": "11:58", "departureTime": "12:00", "routeNumber": "1", "haltTime": "02:00", "distance": "1767", "dayCount": "2", "stnSerialNumber": "29", "boardingDisabled": "false"}, {"stationCode": "ROU", "stationName": "ROURKELA", "arrivalTime": "13:45", "departureTime": "13:50", "routeNumber": "1", "haltTime": "05:00", "distance": "1869", "dayCount": "2", "stnSerialNumber": "30", "boardingDisabled": "false"}, {"stationCode": "HTE", "stationName": "HATIA", "arrivalTime": "17:25", "departureTime": "17:30", "routeNumber": "1", "haltTime": "05:00", "distance": "2035", "dayCount": "2", "stnSerialNumber": "31", "boardingDisabled": "false"}, {"stationCode": "RNC", "stationName": "RANCHI", "arrivalTime": "17:50", "departureTime": "18:00", "routeNumber": "1", "haltTime": "10:00", "distance": "2042", "dayCount": "2", "stnSerialNumber": "32", "boardingDisabled": "false"}, {"stationCode": "MURI", "stationName": "MURI", "arrivalTime": "19:13", "departureTime": "19:15", "routeNumber": "1", "haltTime": "02:00", "distance": "2107", "dayCount": "2", "stnSerialNumber": "33", "boardingDisabled": "false"}, {"stationCode": "BKSC", "stationName": "BOKARO STL CITY", "arrivalTime": "20:05", "departureTime": "20:10", "routeNumber": "1", "haltTime": "05:00", "distance": "2160", "dayCount": "2", "stnSerialNumber": "34", "boardingDisabled": "false"}, {"stationCode": "DHN", "stationName": "DHANBAD JN", "arrivalTime": "22:05", "departureTime": "22:15", "routeNumber": "1", "haltTime": "10:00", "distance": "2209", "dayCount": "2", "stnSerialNumber": "36", "boardingDisabled": "false"}, {"stationCode": "BRR", "stationName": "BARAKAR", "arrivalTime": "23:00", "departureTime": "23:02", "routeNumber": "1", "haltTime": "02:00", "distance": "2250", "dayCount": "2", "stnSerialNumber": "38", "boardingDisabled": "false"}, {"stationCode": "CRJ", "stationName": "CHITTARANJAN", "arrivalTime": "00:38", "departureTime": "00:40", "routeNumber": "1", "haltTime": "02:00", "distance": "2275", "dayCount": "3", "stnSerialNumber": "39", "boardingDisabled": "false"}, {"stationCode": "JMT", "stationName": "JAMTARA", "arrivalTime": "00:54", "departureTime": "00:56", "routeNumber": "1", "haltTime": "02:00", "distance": "2289", "dayCount": "3", "stnSerialNumber": "40", "boardingDisabled": "false"}, {"stationCode": "MDP", "stationName": "MADHUPUR JN", "arrivalTime": "01:26", "departureTime": "01:28", "routeNumber": "1", "haltTime": "02:00", "distance": "2331", "dayCount": "3", "stnSerialNumber": "41", "boardingDisabled": "false"}, {"stationCode": "JSME", "stationName": "JASIDIH JN", "arrivalTime": "01:53", "departureTime": "01:55", "routeNumber": "1", "haltTime": "02:00", "distance": "2360", "dayCount": "3", "stnSerialNumber": "42", "boardingDisabled": "false"}, {"stationCode": "JAJ", "stationName": "JHAJHA", "arrivalTime": "03:20", "departureTime": "03:25", "routeNumber": "1", "haltTime": "05:00", "distance": "2404", "dayCount": "3", "stnSerialNumber": "43", "boardingDisabled": "false"}, {"stationCode": "KIUL", "stationName": "KIUL JN", "arrivalTime": "04:18", "departureTime": "04:22", "routeNumber": "1", "haltTime": "04:00", "distance": "2458", "dayCount": "3", "stnSerialNumber": "44", "boardingDisabled": "false"}, {"stationCode": "BJU", "stationName": "BARAUNI JN", "arrivalTime": "06:00", "departureTime": "--", "routeNumber": "1", "haltTime": "--", "distance": "2497", "dayCount": "3", "stnSerialNumber": "45", "boardingDisabled": "false"}]}