{"trainNumber": "03357", "trainName": "BJU CBE SPL", "stationFrom": "BJU", "stationTo": "CBE", "trainOwner": "0", "trainRunsOnMon": "N", "trainRunsOnTue": "N", "trainRunsOnWed": "N", "trainRunsOnThu": "N", "trainRunsOnFri": "N", "trainRunsOnSat": "Y", "trainRunsOnSun": "N", "timeStamp": "2023-06-19T15:30:57.968", "duration": "0", "stationList": [{"stationCode": "BJU", "stationName": "BARAUNI JN", "arrivalTime": "--", "departureTime": "23:45", "routeNumber": "1", "haltTime": "--", "distance": "0", "dayCount": "1", "stnSerialNumber": "1", "boardingDisabled": "false"}, {"stationCode": "KIUL", "stationName": "KIUL JN", "arrivalTime": "01:05", "departureTime": "01:07", "routeNumber": "1", "haltTime": "02:00", "distance": "40", "dayCount": "2", "stnSerialNumber": "2", "boardingDisabled": "false"}, {"stationCode": "JAJ", "stationName": "JHAJHA", "arrivalTime": "02:25", "departureTime": "02:30", "routeNumber": "1", "haltTime": "05:00", "distance": "94", "dayCount": "2", "stnSerialNumber": "3", "boardingDisabled": "false"}, {"stationCode": "JSME", "stationName": "JASIDIH JN", "arrivalTime": "03:02", "departureTime": "03:04", "routeNumber": "1", "haltTime": "02:00", "distance": "138", "dayCount": "2", "stnSerialNumber": "4", "boardingDisabled": "false"}, {"stationCode": "MDP", "stationName": "MADHUPUR JN", "arrivalTime": "03:26", "departureTime": "03:28", "routeNumber": "1", "haltTime": "02:00", "distance": "167", "dayCount": "2", "stnSerialNumber": "5", "boardingDisabled": "false"}, {"stationCode": "JMT", "stationName": "JAMTARA", "arrivalTime": "03:52", "departureTime": "03:54", "routeNumber": "1", "haltTime": "02:00", "distance": "209", "dayCount": "2", "stnSerialNumber": "6", "boardingDisabled": "false"}, {"stationCode": "CRJ", "stationName": "CHITTARANJAN", "arrivalTime": "04:03", "departureTime": "04:05", "routeNumber": "1", "haltTime": "02:00", "distance": "223", "dayCount": "2", "stnSerialNumber": "7", "boardingDisabled": "false"}, {"stationCode": "BRR", "stationName": "BARAKAR", "arrivalTime": "04:35", "departureTime": "04:37", "routeNumber": "1", "haltTime": "02:00", "distance": "243", "dayCount": "2", "stnSerialNumber": "8", "boardingDisabled": "false"}, {"stationCode": "DHN", "stationName": "DHANBAD JN", "arrivalTime": "05:50", "departureTime": "06:00", "routeNumber": "1", "haltTime": "10:00", "distance": "284", "dayCount": "2", "stnSerialNumber": "10", "boardingDisabled": "false"}, {"stationCode": "BKSC", "stationName": "BOKARO STL CITY", "arrivalTime": "07:35", "departureTime": "07:40", "routeNumber": "1", "haltTime": "05:00", "distance": "334", "dayCount": "2", "stnSerialNumber": "12", "boardingDisabled": "false"}, {"stationCode": "MURI", "stationName": "MURI", "arrivalTime": "09:28", "departureTime": "09:30", "routeNumber": "1", "haltTime": "02:00", "distance": "386", "dayCount": "2", "stnSerialNumber": "13", "boardingDisabled": "false"}, {"stationCode": "RNC", "stationName": "RANCHI", "arrivalTime": "10:55", "departureTime": "11:05", "routeNumber": "1", "haltTime": "10:00", "distance": "451", "dayCount": "2", "stnSerialNumber": "15", "boardingDisabled": "false"}, {"stationCode": "HTE", "stationName": "HATIA", "arrivalTime": "11:25", "departureTime": "11:30", "routeNumber": "1", "haltTime": "05:00", "distance": "458", "dayCount": "2", "stnSerialNumber": "16", "boardingDisabled": "false"}, {"stationCode": "ROU", "stationName": "ROURKELA", "arrivalTime": "14:05", "departureTime": "14:10", "routeNumber": "1", "haltTime": "05:00", "distance": "625", "dayCount": "2", "stnSerialNumber": "17", "boardingDisabled": "false"}, {"stationCode": "JSG", "stationName": "JHARSUGUDA JN", "arrivalTime": "15:40", "departureTime": "15:45", "routeNumber": "1", "haltTime": "05:00", "distance": "726", "dayCount": "2", "stnSerialNumber": "18", "boardingDisabled": "false"}, {"stationCode": "SBP", "stationName": "SAMBALPUR", "arrivalTime": "16:30", "departureTime": "16:35", "routeNumber": "1", "haltTime": "05:00", "distance": "775", "dayCount": "2", "stnSerialNumber": "20", "boardingDisabled": "false"}, {"stationCode": "BRGA", "stationName": "BARGARH ROAD", "arrivalTime": "17:15", "departureTime": "17:17", "routeNumber": "1", "haltTime": "02:00", "distance": "817", "dayCount": "2", "stnSerialNumber": "21", "boardingDisabled": "false"}, {"stationCode": "BLGR", "stationName": "BALANGIR", "arrivalTime": "18:15", "departureTime": "18:17", "routeNumber": "1", "haltTime": "02:00", "distance": "893", "dayCount": "2", "stnSerialNumber": "22", "boardingDisabled": "false"}, {"stationCode": "TIG", "stationName": "TITLAGARH", "arrivalTime": "19:30", "departureTime": "19:40", "routeNumber": "1", "haltTime": "10:00", "distance": "956", "dayCount": "2", "stnSerialNumber": "23", "boardingDisabled": "false"}, {"stationCode": "KSNG", "stationName": "KESINGA", "arrivalTime": "19:55", "departureTime": "19:57", "routeNumber": "1", "haltTime": "02:00", "distance": "969", "dayCount": "2", "stnSerialNumber": "24", "boardingDisabled": "false"}, {"stationCode": "MNGD", "stationName": "MUNIGUDA", "arrivalTime": "21:15", "departureTime": "21:17", "routeNumber": "1", "haltTime": "02:00", "distance": "1042", "dayCount": "2", "stnSerialNumber": "25", "boardingDisabled": "false"}, {"stationCode": "RGDA", "stationName": "RAYAGADA", "arrivalTime": "23:25", "departureTime": "23:30", "routeNumber": "1", "haltTime": "05:00", "distance": "1096", "dayCount": "2", "stnSerialNumber": "27", "boardingDisabled": "false"}, {"stationCode": "PVP", "stationName": "PARVATIPURAM", "arrivalTime": "00:15", "departureTime": "00:17", "routeNumber": "1", "haltTime": "02:00", "distance": "1143", "dayCount": "3", "stnSerialNumber": "28", "boardingDisabled": "false"}, {"stationCode": "VBL", "stationName": "BOBBILI", "arrivalTime": "00:40", "departureTime": "00:42", "routeNumber": "1", "haltTime": "02:00", "distance": "1167", "dayCount": "3", "stnSerialNumber": "29", "boardingDisabled": "false"}, {"stationCode": "VZM", "stationName": "VIZIANAGRAM JN", "arrivalTime": "01:40", "departureTime": "01:50", "routeNumber": "1", "haltTime": "10:00", "distance": "1220", "dayCount": "3", "stnSerialNumber": "30", "boardingDisabled": "false"}, {"stationCode": "KTV", "stationName": "KOTTAVALASA", "arrivalTime": "02:15", "departureTime": "02:17", "routeNumber": "1", "haltTime": "02:00", "distance": "1255", "dayCount": "3", "stnSerialNumber": "31", "boardingDisabled": "false"}, {"stationCode": "DVD", "stationName": "DUVVADA", "arrivalTime": "03:48", "departureTime": "04:00", "routeNumber": "1", "haltTime": "12:00", "distance": "1298", "dayCount": "3", "stnSerialNumber": "33", "boardingDisabled": "false"}, {"stationCode": "RJY", "stationName": "RAJAHMUNDRY", "arrivalTime": "07:30", "departureTime": "07:35", "routeNumber": "1", "haltTime": "05:00", "distance": "1481", "dayCount": "3", "stnSerialNumber": "34", "boardingDisabled": "false"}, {"stationCode": "EE", "stationName": "ELURU", "arrivalTime": "08:00", "departureTime": "08:02", "routeNumber": "1", "haltTime": "02:00", "distance": "1571", "dayCount": "3", "stnSerialNumber": "35", "boardingDisabled": "false"}, {"stationCode": "BZA", "stationName": "VIJAYAWADA JN", "arrivalTime": "11:20", "departureTime": "11:30", "routeNumber": "1", "haltTime": "10:00", "distance": "1631", "dayCount": "3", "stnSerialNumber": "36", "boardingDisabled": "false"}, {"stationCode": "OGL", "stationName": "ONGOLE", "arrivalTime": "13:29", "departureTime": "13:30", "routeNumber": "1", "haltTime": "01:00", "distance": "1769", "dayCount": "3", "stnSerialNumber": "37", "boardingDisabled": "false"}, {"stationCode": "NLR", "stationName": "NELLORE", "arrivalTime": "14:43", "departureTime": "14:45", "routeNumber": "1", "haltTime": "02:00", "distance": "1885", "dayCount": "3", "stnSerialNumber": "38", "boardingDisabled": "false"}, {"stationCode": "PER", "stationName": "PERAMBUR", "arrivalTime": "19:20", "departureTime": "19:25", "routeNumber": "1", "haltTime": "05:00", "distance": "2060", "dayCount": "3", "stnSerialNumber": "40", "boardingDisabled": "false"}, {"stationCode": "KPD", "stationName": "KATPADI JN", "arrivalTime": "21:30", "departureTime": "21:50", "routeNumber": "1", "haltTime": "20:00", "distance": "2184", "dayCount": "3", "stnSerialNumber": "41", "boardingDisabled": "false"}, {"stationCode": "JTJ", "stationName": "JOLARPETTAI", "arrivalTime": "22:55", "departureTime": "23:00", "routeNumber": "1", "haltTime": "05:00", "distance": "2268", "dayCount": "3", "stnSerialNumber": "42", "boardingDisabled": "false"}, {"stationCode": "SA", "stationName": "SALEM JN", "arrivalTime": "00:30", "departureTime": "00:35", "routeNumber": "1", "haltTime": "05:00", "distance": "2388", "dayCount": "4", "stnSerialNumber": "43", "boardingDisabled": "false"}, {"stationCode": "ED", "stationName": "ERODE JN", "arrivalTime": "01:35", "departureTime": "01:45", "routeNumber": "1", "haltTime": "10:00", "distance": "2451", "dayCount": "4", "stnSerialNumber": "44", "boardingDisabled": "false"}, {"stationCode": "CBE", "stationName": "COIMBATORE JN", "arrivalTime": "04:00", "departureTime": "--", "routeNumber": "1", "haltTime": "--", "distance": "2550", "dayCount": "4", "stnSerialNumber": "45", "boardingDisabled": "false"}]}