{"trainNumber": "03635", "trainName": "GAYA ANVT SPL", "stationFrom": "GAYA", "stationTo": "ANVT", "trainOwner": "0", "trainRunsOnMon": "Y", "trainRunsOnTue": "N", "trainRunsOnWed": "Y", "trainRunsOnThu": "N", "trainRunsOnFri": "Y", "trainRunsOnSat": "N", "trainRunsOnSun": "N", "timeStamp": "2023-06-19T15:31:14.908", "duration": "0", "stationList": [{"stationCode": "GAYA", "stationName": "GAYA JN", "arrivalTime": "--", "departureTime": "14:15", "routeNumber": "1", "haltTime": "--", "distance": "0", "dayCount": "1", "stnSerialNumber": "1", "boardingDisabled": "false"}, {"stationCode": "AUBR", "stationName": "ANUGRAHA N ROAD", "arrivalTime": "15:13", "departureTime": "15:15", "routeNumber": "1", "haltTime": "02:00", "distance": "69", "dayCount": "1", "stnSerialNumber": "2", "boardingDisabled": "false"}, {"stationCode": "DOS", "stationName": "DEHRI ON SONE", "arrivalTime": "15:30", "departureTime": "15:32", "routeNumber": "1", "haltTime": "02:00", "distance": "86", "dayCount": "1", "stnSerialNumber": "3", "boardingDisabled": "false"}, {"stationCode": "SSM", "stationName": "SASARAM", "arrivalTime": "15:45", "departureTime": "15:47", "routeNumber": "1", "haltTime": "02:00", "distance": "103", "dayCount": "1", "stnSerialNumber": "4", "boardingDisabled": "false"}, {"stationCode": "BBU", "stationName": "BHABUA ROAD", "arrivalTime": "16:23", "departureTime": "16:25", "routeNumber": "1", "haltTime": "02:00", "distance": "151", "dayCount": "1", "stnSerialNumber": "5", "boardingDisabled": "false"}, {"stationCode": "DDU", "stationName": "DD UPADHYAYA JN", "arrivalTime": "17:20", "departureTime": "17:30", "routeNumber": "1", "haltTime": "10:00", "distance": "204", "dayCount": "1", "stnSerialNumber": "6", "boardingDisabled": "false"}, {"stationCode": "PRYJ", "stationName": "PRAYAGRAJ JN.", "arrivalTime": "20:35", "departureTime": "20:40", "routeNumber": "1", "haltTime": "05:00", "distance": "356", "dayCount": "1", "stnSerialNumber": "8", "boardingDisabled": "false"}, {"stationCode": "CNB", "stationName": "KANPUR CENTRAL", "arrivalTime": "22:40", "departureTime": "22:50", "routeNumber": "1", "haltTime": "10:00", "distance": "551", "dayCount": "1", "stnSerialNumber": "9", "boardingDisabled": "false"}, {"stationCode": "ANVT", "stationName": "ANAND VIHAR TRM", "arrivalTime": "05:00", "departureTime": "--", "routeNumber": "1", "haltTime": "--", "distance": "978", "dayCount": "2", "stnSerialNumber": "10", "boardingDisabled": "false"}]}