{"trainNumber": "04043", "trainName": "ABKP NZM SPL", "stationFrom": "ABKP", "stationTo": "NZM", "trainOwner": "0", "trainRunsOnMon": "N", "trainRunsOnTue": "N", "trainRunsOnWed": "N", "trainRunsOnThu": "Y", "trainRunsOnFri": "N", "trainRunsOnSat": "N", "trainRunsOnSun": "N", "timeStamp": "2023-06-19T15:31:06.901", "duration": "0", "stationList": [{"stationCode": "ABKP", "stationName": "AMBIKAPUR", "arrivalTime": "--", "departureTime": "07:15", "routeNumber": "1", "haltTime": "--", "distance": "0", "dayCount": "1", "stnSerialNumber": "1", "boardingDisabled": "false"}, {"stationCode": "SJQ", "stationName": "SURAJPUR ROAD", "arrivalTime": "07:47", "departureTime": "07:49", "routeNumber": "1", "haltTime": "02:00", "distance": "38", "dayCount": "1", "stnSerialNumber": "2", "boardingDisabled": "false"}, {"stationCode": "BRH", "stationName": "BAIKUNTHPUR RD", "arrivalTime": "08:20", "departureTime": "08:22", "routeNumber": "1", "haltTime": "02:00", "distance": "76", "dayCount": "1", "stnSerialNumber": "3", "boardingDisabled": "false"}, {"stationCode": "BJRI", "stationName": "BIJURI", "arrivalTime": "09:25", "departureTime": "09:30", "routeNumber": "1", "haltTime": "05:00", "distance": "127", "dayCount": "1", "stnSerialNumber": "4", "boardingDisabled": "false"}, {"stationCode": "APR", "stationName": "ANUPPUR JN", "arrivalTime": "10:25", "departureTime": "10:30", "routeNumber": "1", "haltTime": "05:00", "distance": "174", "dayCount": "1", "stnSerialNumber": "5", "boardingDisabled": "false"}, {"stationCode": "SDL", "stationName": "SHAHDOL", "arrivalTime": "11:10", "departureTime": "11:15", "routeNumber": "1", "haltTime": "05:00", "distance": "215", "dayCount": "1", "stnSerialNumber": "6", "boardingDisabled": "false"}, {"stationCode": "UMR", "stationName": "UMARIA", "arrivalTime": "12:25", "departureTime": "12:27", "routeNumber": "1", "haltTime": "02:00", "distance": "282", "dayCount": "1", "stnSerialNumber": "7", "boardingDisabled": "false"}, {"stationCode": "KMZ", "stationName": "KATNI MURWARA", "arrivalTime": "15:30", "departureTime": "15:40", "routeNumber": "1", "haltTime": "10:00", "distance": "341", "dayCount": "1", "stnSerialNumber": "9", "boardingDisabled": "false"}, {"stationCode": "DMO", "stationName": "DAMOH", "arrivalTime": "17:08", "departureTime": "17:10", "routeNumber": "1", "haltTime": "02:00", "distance": "450", "dayCount": "1", "stnSerialNumber": "10", "boardingDisabled": "false"}, {"stationCode": "SGO", "stationName": "SAUGOR", "arrivalTime": "18:13", "departureTime": "18:15", "routeNumber": "1", "haltTime": "02:00", "distance": "527", "dayCount": "1", "stnSerialNumber": "11", "boardingDisabled": "false"}, {"stationCode": "VGLJ", "stationName": "V LAKSHMIBAIJHS", "arrivalTime": "21:50", "departureTime": "21:55", "routeNumber": "1", "haltTime": "05:00", "distance": "751", "dayCount": "1", "stnSerialNumber": "13", "boardingDisabled": "false"}, {"stationCode": "GWL", "stationName": "GWALIOR", "arrivalTime": "23:10", "departureTime": "23:12", "routeNumber": "1", "haltTime": "02:00", "distance": "848", "dayCount": "1", "stnSerialNumber": "14", "boardingDisabled": "false"}, {"stationCode": "AGC", "stationName": "AGRA CANTT", "arrivalTime": "01:15", "departureTime": "01:20", "routeNumber": "1", "haltTime": "05:00", "distance": "966", "dayCount": "2", "stnSerialNumber": "15", "boardingDisabled": "false"}, {"stationCode": "MTJ", "stationName": "MATHURA JN", "arrivalTime": "02:13", "departureTime": "02:15", "routeNumber": "1", "haltTime": "02:00", "distance": "1020", "dayCount": "2", "stnSerialNumber": "16", "boardingDisabled": "false"}, {"stationCode": "NZM", "stationName": "H NIZAMUDDIN", "arrivalTime": "04:35", "departureTime": "--", "routeNumber": "1", "haltTime": "--", "distance": "1154", "dayCount": "2", "stnSerialNumber": "18", "boardingDisabled": "false"}]}