{"trainNumber": "04044", "trainName": "NZM ABKP SPECIAL", "stationFrom": "NZM", "stationTo": "ABKP", "trainOwner": "0", "trainRunsOnMon": "N", "trainRunsOnTue": "Y", "trainRunsOnWed": "N", "trainRunsOnThu": "N", "trainRunsOnFri": "N", "trainRunsOnSat": "N", "trainRunsOnSun": "N", "timeStamp": "2023-06-19T15:31:06.853", "duration": "0", "stationList": [{"stationCode": "NZM", "stationName": "H NIZAMUDDIN", "arrivalTime": "--", "departureTime": "23:00", "routeNumber": "1", "haltTime": "--", "distance": "0", "dayCount": "1", "stnSerialNumber": "1", "boardingDisabled": "false"}, {"stationCode": "MTJ", "stationName": "MATHURA JN", "arrivalTime": "00:58", "departureTime": "01:00", "routeNumber": "1", "haltTime": "02:00", "distance": "134", "dayCount": "2", "stnSerialNumber": "3", "boardingDisabled": "false"}, {"stationCode": "AGC", "stationName": "AGRA CANTT", "arrivalTime": "01:50", "departureTime": "01:55", "routeNumber": "1", "haltTime": "05:00", "distance": "188", "dayCount": "2", "stnSerialNumber": "4", "boardingDisabled": "false"}, {"stationCode": "GWL", "stationName": "GWALIOR", "arrivalTime": "03:35", "departureTime": "03:37", "routeNumber": "1", "haltTime": "02:00", "distance": "306", "dayCount": "2", "stnSerialNumber": "5", "boardingDisabled": "false"}, {"stationCode": "VGLJ", "stationName": "V LAKSHMIBAIJHS", "arrivalTime": "05:20", "departureTime": "05:25", "routeNumber": "1", "haltTime": "05:00", "distance": "403", "dayCount": "2", "stnSerialNumber": "6", "boardingDisabled": "false"}, {"stationCode": "SGO", "stationName": "SAUGOR", "arrivalTime": "08:28", "departureTime": "08:30", "routeNumber": "1", "haltTime": "02:00", "distance": "627", "dayCount": "2", "stnSerialNumber": "8", "boardingDisabled": "false"}, {"stationCode": "DMO", "stationName": "DAMOH", "arrivalTime": "09:33", "departureTime": "09:35", "routeNumber": "1", "haltTime": "02:00", "distance": "704", "dayCount": "2", "stnSerialNumber": "9", "boardingDisabled": "false"}, {"stationCode": "KMZ", "stationName": "KATNI MURWARA", "arrivalTime": "11:00", "departureTime": "11:10", "routeNumber": "1", "haltTime": "10:00", "distance": "813", "dayCount": "2", "stnSerialNumber": "10", "boardingDisabled": "false"}, {"stationCode": "UMR", "stationName": "UMARIA", "arrivalTime": "12:44", "departureTime": "12:46", "routeNumber": "1", "haltTime": "02:00", "distance": "872", "dayCount": "2", "stnSerialNumber": "12", "boardingDisabled": "false"}, {"stationCode": "SDL", "stationName": "SHAHDOL", "arrivalTime": "13:55", "departureTime": "14:00", "routeNumber": "1", "haltTime": "05:00", "distance": "939", "dayCount": "2", "stnSerialNumber": "13", "boardingDisabled": "false"}, {"stationCode": "APR", "stationName": "ANUPPUR JN", "arrivalTime": "14:40", "departureTime": "14:45", "routeNumber": "1", "haltTime": "05:00", "distance": "980", "dayCount": "2", "stnSerialNumber": "14", "boardingDisabled": "false"}, {"stationCode": "BJRI", "stationName": "BIJURI", "arrivalTime": "15:40", "departureTime": "15:45", "routeNumber": "1", "haltTime": "05:00", "distance": "1027", "dayCount": "2", "stnSerialNumber": "15", "boardingDisabled": "false"}, {"stationCode": "BRH", "stationName": "BAIKUNTHPUR RD", "arrivalTime": "16:39", "departureTime": "16:41", "routeNumber": "1", "haltTime": "02:00", "distance": "1078", "dayCount": "2", "stnSerialNumber": "16", "boardingDisabled": "false"}, {"stationCode": "SJQ", "stationName": "SURAJPUR ROAD", "arrivalTime": "17:10", "departureTime": "17:12", "routeNumber": "1", "haltTime": "02:00", "distance": "1116", "dayCount": "2", "stnSerialNumber": "17", "boardingDisabled": "false"}, {"stationCode": "ABKP", "stationName": "AMBIKAPUR", "arrivalTime": "19:30", "departureTime": "--", "routeNumber": "1", "haltTime": "--", "distance": "1154", "dayCount": "2", "stnSerialNumber": "18", "boardingDisabled": "false"}]}