{"trainNumber": "04052", "trainName": "NDLS BSB SPL", "stationFrom": "NDLS", "stationTo": "BSB", "trainOwner": "0", "trainRunsOnMon": "N", "trainRunsOnTue": "N", "trainRunsOnWed": "N", "trainRunsOnThu": "N", "trainRunsOnFri": "N", "trainRunsOnSat": "N", "trainRunsOnSun": "Y", "timeStamp": "2023-06-19T15:31:07.137", "duration": "0", "stationList": [{"stationCode": "NDLS", "stationName": "NEW DELHI", "arrivalTime": "--", "departureTime": "19:20", "routeNumber": "1", "haltTime": "--", "distance": "0", "dayCount": "1", "stnSerialNumber": "1", "boardingDisabled": "false"}, {"stationCode": "GZB", "stationName": "GHAZIABAD", "arrivalTime": "20:06", "departureTime": "20:08", "routeNumber": "1", "haltTime": "02:00", "distance": "24", "dayCount": "1", "stnSerialNumber": "2", "boardingDisabled": "false"}, {"stationCode": "MB", "stationName": "MORADABAD", "arrivalTime": "22:30", "departureTime": "22:38", "routeNumber": "1", "haltTime": "08:00", "distance": "165", "dayCount": "1", "stnSerialNumber": "3", "boardingDisabled": "false"}, {"stationCode": "LKO", "stationName": "LUCKNOW NR", "arrivalTime": "03:30", "departureTime": "03:40", "routeNumber": "1", "haltTime": "10:00", "distance": "490", "dayCount": "2", "stnSerialNumber": "5", "boardingDisabled": "false"}, {"stationCode": "PBH", "stationName": "PARTAPGARH JN", "arrivalTime": "06:30", "departureTime": "06:35", "routeNumber": "1", "haltTime": "05:00", "distance": "663", "dayCount": "2", "stnSerialNumber": "7", "boardingDisabled": "false"}, {"stationCode": "BSB", "stationName": "VARANASI JN", "arrivalTime": "09:45", "departureTime": "--", "routeNumber": "1", "haltTime": "--", "distance": "791", "dayCount": "2", "stnSerialNumber": "8", "boardingDisabled": "false"}]}