{"trainNumber": "04055", "trainName": "BUI ANVT SF SPL", "stationFrom": "BUI", "stationTo": "ANVT", "trainOwner": "0", "trainRunsOnMon": "N", "trainRunsOnTue": "N", "trainRunsOnWed": "N", "trainRunsOnThu": "Y", "trainRunsOnFri": "N", "trainRunsOnSat": "N", "trainRunsOnSun": "N", "timeStamp": "2023-06-19T15:30:52.295", "duration": "0", "stationList": [{"stationCode": "BUI", "stationName": "BALLIA", "arrivalTime": "--", "departureTime": "14:00", "routeNumber": "1", "haltTime": "--", "distance": "0", "dayCount": "1", "stnSerialNumber": "1", "boardingDisabled": "false"}, {"stationCode": "GCT", "stationName": "GHAZIPUR CITY", "arrivalTime": "14:55", "departureTime": "15:00", "routeNumber": "1", "haltTime": "05:00", "distance": "66", "dayCount": "1", "stnSerialNumber": "2", "boardingDisabled": "false"}, {"stationCode": "JNU", "stationName": "JAUNPUR JN", "arrivalTime": "16:50", "departureTime": "16:55", "routeNumber": "1", "haltTime": "05:00", "distance": "165", "dayCount": "1", "stnSerialNumber": "3", "boardingDisabled": "false"}, {"stationCode": "PRYJ", "stationName": "PRAYAGRAJ JN.", "arrivalTime": "20:35", "departureTime": "20:40", "routeNumber": "1", "haltTime": "05:00", "distance": "278", "dayCount": "1", "stnSerialNumber": "4", "boardingDisabled": "false"}, {"stationCode": "CNB", "stationName": "KANPUR CENTRAL", "arrivalTime": "23:00", "departureTime": "23:05", "routeNumber": "1", "haltTime": "05:00", "distance": "473", "dayCount": "1", "stnSerialNumber": "5", "boardingDisabled": "false"}, {"stationCode": "ANVT", "stationName": "ANAND VIHAR TRM", "arrivalTime": "06:35", "departureTime": "--", "routeNumber": "1", "haltTime": "--", "distance": "901", "dayCount": "2", "stnSerialNumber": "6", "boardingDisabled": "false"}]}