{"trainNumber": "04056", "trainName": "ANVT BUI SUP SPL", "stationFrom": "ANVT", "stationTo": "BUI", "trainOwner": "0", "trainRunsOnMon": "N", "trainRunsOnTue": "N", "trainRunsOnWed": "Y", "trainRunsOnThu": "N", "trainRunsOnFri": "N", "trainRunsOnSat": "N", "trainRunsOnSun": "N", "timeStamp": "2023-06-19T15:31:07.095", "duration": "0", "stationList": [{"stationCode": "ANVT", "stationName": "ANAND VIHAR TRM", "arrivalTime": "--", "departureTime": "18:05", "routeNumber": "1", "haltTime": "--", "distance": "0", "dayCount": "1", "stnSerialNumber": "1", "boardingDisabled": "false"}, {"stationCode": "CNB", "stationName": "KANPUR CENTRAL", "arrivalTime": "00:25", "departureTime": "00:30", "routeNumber": "1", "haltTime": "05:00", "distance": "427", "dayCount": "2", "stnSerialNumber": "2", "boardingDisabled": "false"}, {"stationCode": "PRYJ", "stationName": "PRAYAGRAJ JN.", "arrivalTime": "03:25", "departureTime": "03:30", "routeNumber": "1", "haltTime": "05:00", "distance": "621", "dayCount": "2", "stnSerialNumber": "3", "boardingDisabled": "false"}, {"stationCode": "JNU", "stationName": "JAUNPUR JN", "arrivalTime": "06:40", "departureTime": "06:45", "routeNumber": "1", "haltTime": "05:00", "distance": "735", "dayCount": "2", "stnSerialNumber": "4", "boardingDisabled": "false"}, {"stationCode": "GCT", "stationName": "GHAZIPUR CITY", "arrivalTime": "08:25", "departureTime": "08:30", "routeNumber": "1", "haltTime": "05:00", "distance": "834", "dayCount": "2", "stnSerialNumber": "5", "boardingDisabled": "false"}, {"stationCode": "BUI", "stationName": "BALLIA", "arrivalTime": "10:00", "departureTime": "--", "routeNumber": "1", "haltTime": "--", "distance": "899", "dayCount": "2", "stnSerialNumber": "6", "boardingDisabled": "false"}]}