{"trainNumber": "04053", "trainName": "UHP AC SPL", "stationFrom": "ANVT", "stationTo": "UHP", "trainOwner": "0", "trainRunsOnMon": "Y", "trainRunsOnTue": "N", "trainRunsOnWed": "N", "trainRunsOnThu": "Y", "trainRunsOnFri": "N", "trainRunsOnSat": "N", "trainRunsOnSun": "N", "timeStamp": "2023-06-19T15:31:07.152", "duration": "0", "stationList": [{"stationCode": "ANVT", "stationName": "ANAND VIHAR TRM", "arrivalTime": "--", "departureTime": "23:00", "routeNumber": "1", "haltTime": "--", "distance": "0", "dayCount": "1", "stnSerialNumber": "1", "boardingDisabled": "false"}, {"stationCode": "GZB", "stationName": "GHAZIABAD", "arrivalTime": "23:28", "departureTime": "23:30", "routeNumber": "1", "haltTime": "02:00", "distance": "13", "dayCount": "1", "stnSerialNumber": "2", "boardingDisabled": "false"}, {"stationCode": "MTC", "stationName": "MEERUT CITY", "arrivalTime": "00:10", "departureTime": "00:12", "routeNumber": "1", "haltTime": "02:00", "distance": "60", "dayCount": "2", "stnSerialNumber": "3", "boardingDisabled": "false"}, {"stationCode": "MOZ", "stationName": "MUZAFFARNAGAR", "arrivalTime": "00:57", "departureTime": "00:59", "routeNumber": "1", "haltTime": "02:00", "distance": "116", "dayCount": "2", "stnSerialNumber": "4", "boardingDisabled": "false"}, {"stationCode": "SRE", "stationName": "SAHARANPUR", "arrivalTime": "01:50", "departureTime": "02:00", "routeNumber": "1", "haltTime": "10:00", "distance": "174", "dayCount": "2", "stnSerialNumber": "5", "boardingDisabled": "false"}, {"stationCode": "YJUD", "stationName": "YAMUNANAGAR JUD", "arrivalTime": "02:28", "departureTime": "02:30", "routeNumber": "1", "haltTime": "02:00", "distance": "204", "dayCount": "2", "stnSerialNumber": "6", "boardingDisabled": "false"}, {"stationCode": "UMB", "stationName": "AMBALA CANT JN", "arrivalTime": "04:00", "departureTime": "04:10", "routeNumber": "1", "haltTime": "10:00", "distance": "255", "dayCount": "2", "stnSerialNumber": "7", "boardingDisabled": "false"}, {"stationCode": "LDH", "stationName": "LUDHIANA JN", "arrivalTime": "06:15", "departureTime": "06:25", "routeNumber": "1", "haltTime": "10:00", "distance": "369", "dayCount": "2", "stnSerialNumber": "8", "boardingDisabled": "false"}, {"stationCode": "JRC", "stationName": "JALANDHAR CANT", "arrivalTime": "07:35", "departureTime": "07:37", "routeNumber": "1", "haltTime": "02:00", "distance": "421", "dayCount": "2", "stnSerialNumber": "9", "boardingDisabled": "false"}, {"stationCode": "PTKC", "stationName": "PATHANKOT CANTT", "arrivalTime": "09:40", "departureTime": "09:45", "routeNumber": "1", "haltTime": "05:00", "distance": "534", "dayCount": "2", "stnSerialNumber": "10", "boardingDisabled": "false"}, {"stationCode": "JAT", "stationName": "JAMMU TAWI", "arrivalTime": "11:40", "departureTime": "11:50", "routeNumber": "1", "haltTime": "10:00", "distance": "633", "dayCount": "2", "stnSerialNumber": "11", "boardingDisabled": "false"}, {"stationCode": "UHP", "stationName": "UDHAMPUR", "arrivalTime": "13:10", "departureTime": "--", "routeNumber": "1", "haltTime": "--", "distance": "686", "dayCount": "2", "stnSerialNumber": "12", "boardingDisabled": "false"}]}{"trainNumber": "04053", "trainName": "UHP AC SPL", "stationFrom": "ANVT", "stationTo": "UHP", "trainOwner": "0", "trainRunsOnMon": "Y", "trainRunsOnTue": "N", "trainRunsOnWed": "N", "trainRunsOnThu": "Y", "trainRunsOnFri": "N", "trainRunsOnSat": "N", "trainRunsOnSun": "N", "timeStamp": "2023-06-19T15:31:46.749", "duration": "0", "stationList": [{"stationCode": "ANVT", "stationName": "ANAND VIHAR TRM", "arrivalTime": "--", "departureTime": "23:00", "routeNumber": "1", "haltTime": "--", "distance": "0", "dayCount": "1", "stnSerialNumber": "1", "boardingDisabled": "false"}, {"stationCode": "GZB", "stationName": "GHAZIABAD", "arrivalTime": "23:28", "departureTime": "23:30", "routeNumber": "1", "haltTime": "02:00", "distance": "13", "dayCount": "1", "stnSerialNumber": "2", "boardingDisabled": "false"}, {"stationCode": "MTC", "stationName": "MEERUT CITY", "arrivalTime": "00:10", "departureTime": "00:12", "routeNumber": "1", "haltTime": "02:00", "distance": "60", "dayCount": "2", "stnSerialNumber": "3", "boardingDisabled": "false"}, {"stationCode": "MOZ", "stationName": "MUZAFFARNAGAR", "arrivalTime": "00:57", "departureTime": "00:59", "routeNumber": "1", "haltTime": "02:00", "distance": "116", "dayCount": "2", "stnSerialNumber": "4", "boardingDisabled": "false"}, {"stationCode": "SRE", "stationName": "SAHARANPUR", "arrivalTime": "01:50", "departureTime": "02:00", "routeNumber": "1", "haltTime": "10:00", "distance": "174", "dayCount": "2", "stnSerialNumber": "5", "boardingDisabled": "false"}, {"stationCode": "YJUD", "stationName": "YAMUNANAGAR JUD", "arrivalTime": "02:28", "departureTime": "02:30", "routeNumber": "1", "haltTime": "02:00", "distance": "204", "dayCount": "2", "stnSerialNumber": "6", "boardingDisabled": "false"}, {"stationCode": "UMB", "stationName": "AMBALA CANT JN", "arrivalTime": "04:00", "departureTime": "04:10", "routeNumber": "1", "haltTime": "10:00", "distance": "255", "dayCount": "2", "stnSerialNumber": "7", "boardingDisabled": "false"}, {"stationCode": "LDH", "stationName": "LUDHIANA JN", "arrivalTime": "06:15", "departureTime": "06:25", "routeNumber": "1", "haltTime": "10:00", "distance": "369", "dayCount": "2", "stnSerialNumber": "8", "boardingDisabled": "false"}, {"stationCode": "JRC", "stationName": "JALANDHAR CANT", "arrivalTime": "07:35", "departureTime": "07:37", "routeNumber": "1", "haltTime": "02:00", "distance": "421", "dayCount": "2", "stnSerialNumber": "9", "boardingDisabled": "false"}, {"stationCode": "PTKC", "stationName": "PATHANKOT CANTT", "arrivalTime": "09:40", "departureTime": "09:45", "routeNumber": "1", "haltTime": "05:00", "distance": "534", "dayCount": "2", "stnSerialNumber": "10", "boardingDisabled": "false"}, {"stationCode": "JAT", "stationName": "JAMMU TAWI", "arrivalTime": "11:40", "departureTime": "11:50", "routeNumber": "1", "haltTime": "10:00", "distance": "633", "dayCount": "2", "stnSerialNumber": "11", "boardingDisabled": "false"}, {"stationCode": "UHP", "stationName": "UDHAMPUR", "arrivalTime": "13:10", "departureTime": "--", "routeNumber": "1", "haltTime": "--", "distance": "686", "dayCount": "2", "stnSerialNumber": "12", "boardingDisabled": "false"}]}