{"trainNumber": "04066", "trainName": "ANVT PNBE AC SPL", "stationFrom": "ANVT", "stationTo": "PNBE", "trainOwner": "0", "trainRunsOnMon": "Y", "trainRunsOnTue": "N", "trainRunsOnWed": "N", "trainRunsOnThu": "Y", "trainRunsOnFri": "N", "trainRunsOnSat": "N", "trainRunsOnSun": "N", "timeStamp": "2023-06-19T15:30:52.080", "duration": "0", "stationList": [{"stationCode": "ANVT", "stationName": "ANAND VIHAR TRM", "arrivalTime": "--", "departureTime": "23:00", "routeNumber": "1", "haltTime": "--", "distance": "0", "dayCount": "1", "stnSerialNumber": "1", "boardingDisabled": "false"}, {"stationCode": "CNB", "stationName": "KANPUR CENTRAL", "arrivalTime": "06:10", "departureTime": "06:15", "routeNumber": "1", "haltTime": "05:00", "distance": "432", "dayCount": "2", "stnSerialNumber": "2", "boardingDisabled": "false"}, {"stationCode": "PRYJ", "stationName": "PRAYAGRAJ JN.", "arrivalTime": "08:50", "departureTime": "08:55", "routeNumber": "1", "haltTime": "05:00", "distance": "627", "dayCount": "2", "stnSerialNumber": "3", "boardingDisabled": "false"}, {"stationCode": "BSB", "stationName": "VARANASI JN", "arrivalTime": "11:55", "departureTime": "12:05", "routeNumber": "1", "haltTime": "10:00", "distance": "751", "dayCount": "2", "stnSerialNumber": "4", "boardingDisabled": "false"}, {"stationCode": "DDU", "stationName": "DD UPADHYAYA JN", "arrivalTime": "12:55", "departureTime": "13:05", "routeNumber": "1", "haltTime": "10:00", "distance": "768", "dayCount": "2", "stnSerialNumber": "5", "boardingDisabled": "false"}, {"stationCode": "ARA", "stationName": "ARA JN", "arrivalTime": "14:50", "departureTime": "14:52", "routeNumber": "1", "haltTime": "02:00", "distance": "927", "dayCount": "2", "stnSerialNumber": "6", "boardingDisabled": "false"}, {"stationCode": "DNR", "stationName": "DANAPUR", "arrivalTime": "15:15", "departureTime": "15:20", "routeNumber": "1", "haltTime": "05:00", "distance": "970", "dayCount": "2", "stnSerialNumber": "7", "boardingDisabled": "false"}, {"stationCode": "PNBE", "stationName": "PATNA JN", "arrivalTime": "16:00", "departureTime": "--", "routeNumber": "1", "haltTime": "--", "distance": "980", "dayCount": "2", "stnSerialNumber": "8", "boardingDisabled": "false"}]}