{"trainNumber": "04065", "trainName": "ANVT SF AC SPL", "stationFrom": "PNBE", "stationTo": "ANVT", "trainOwner": "0", "trainRunsOnMon": "N", "trainRunsOnTue": "Y", "trainRunsOnWed": "N", "trainRunsOnThu": "N", "trainRunsOnFri": "Y", "trainRunsOnSat": "N", "trainRunsOnSun": "N", "timeStamp": "2023-06-19T15:30:52.164", "duration": "0", "stationList": [{"stationCode": "PNBE", "stationName": "PATNA JN", "arrivalTime": "--", "departureTime": "17:45", "routeNumber": "1", "haltTime": "--", "distance": "0", "dayCount": "1", "stnSerialNumber": "1", "boardingDisabled": "false"}, {"stationCode": "DNR", "stationName": "DANAPUR", "arrivalTime": "18:05", "departureTime": "18:10", "routeNumber": "1", "haltTime": "05:00", "distance": "10", "dayCount": "1", "stnSerialNumber": "2", "boardingDisabled": "false"}, {"stationCode": "ARA", "stationName": "ARA JN", "arrivalTime": "18:45", "departureTime": "18:47", "routeNumber": "1", "haltTime": "02:00", "distance": "50", "dayCount": "1", "stnSerialNumber": "3", "boardingDisabled": "false"}, {"stationCode": "DDU", "stationName": "DD UPADHYAYA JN", "arrivalTime": "21:10", "departureTime": "21:20", "routeNumber": "1", "haltTime": "10:00", "distance": "212", "dayCount": "1", "stnSerialNumber": "4", "boardingDisabled": "false"}, {"stationCode": "BSB", "stationName": "VARANASI JN", "arrivalTime": "22:05", "departureTime": "22:15", "routeNumber": "1", "haltTime": "10:00", "distance": "229", "dayCount": "1", "stnSerialNumber": "5", "boardingDisabled": "false"}, {"stationCode": "PRYJ", "stationName": "PRAYAGRAJ JN.", "arrivalTime": "00:30", "departureTime": "00:35", "routeNumber": "1", "haltTime": "05:00", "distance": "364", "dayCount": "2", "stnSerialNumber": "9", "boardingDisabled": "false"}, {"stationCode": "CNB", "stationName": "KANPUR CENTRAL", "arrivalTime": "03:40", "departureTime": "03:45", "routeNumber": "1", "haltTime": "05:00", "distance": "559", "dayCount": "2", "stnSerialNumber": "10", "boardingDisabled": "false"}, {"stationCode": "ANVT", "stationName": "ANAND VIHAR TRM", "arrivalTime": "10:40", "departureTime": "--", "routeNumber": "1", "haltTime": "--", "distance": "986", "dayCount": "2", "stnSerialNumber": "12", "boardingDisabled": "false"}]}