{"trainNumber": "04069", "trainName": "SMI ANVT SPL", "stationFrom": "SMI", "stationTo": "ANVT", "trainOwner": "0", "trainRunsOnMon": "N", "trainRunsOnTue": "N", "trainRunsOnWed": "Y", "trainRunsOnThu": "N", "trainRunsOnFri": "N", "trainRunsOnSat": "N", "trainRunsOnSun": "Y", "timeStamp": "2023-06-19T15:31:34.513", "duration": "0", "stationList": [{"stationCode": "SMI", "stationName": "SITAMARHI", "arrivalTime": "--", "departureTime": "00:15", "routeNumber": "1", "haltTime": "--", "distance": "0", "dayCount": "1", "stnSerialNumber": "1", "boardingDisabled": "false"}, {"stationCode": "RXL", "stationName": "RAXAUL JN", "arrivalTime": "02:25", "departureTime": "02:30", "routeNumber": "1", "haltTime": "05:00", "distance": "83", "dayCount": "1", "stnSerialNumber": "2", "boardingDisabled": "false"}, {"stationCode": "NKE", "stationName": "NARKATIAGANJ JN", "arrivalTime": "03:15", "departureTime": "03:20", "routeNumber": "1", "haltTime": "05:00", "distance": "123", "dayCount": "1", "stnSerialNumber": "3", "boardingDisabled": "false"}, {"stationCode": "GKP", "stationName": "GORAKHPUR JN", "arrivalTime": "06:30", "departureTime": "06:45", "routeNumber": "1", "haltTime": "15:00", "distance": "274", "dayCount": "1", "stnSerialNumber": "5", "boardingDisabled": "false"}, {"stationCode": "LKO", "stationName": "LUCKNOW NR", "arrivalTime": "12:50", "departureTime": "13:00", "routeNumber": "1", "haltTime": "10:00", "distance": "544", "dayCount": "1", "stnSerialNumber": "7", "boardingDisabled": "false"}, {"stationCode": "BE", "stationName": "BAREILLY", "arrivalTime": "17:40", "departureTime": "17:42", "routeNumber": "1", "haltTime": "02:00", "distance": "779", "dayCount": "1", "stnSerialNumber": "9", "boardingDisabled": "false"}, {"stationCode": "MB", "stationName": "MORADABAD", "arrivalTime": "20:30", "departureTime": "20:40", "routeNumber": "1", "haltTime": "10:00", "distance": "870", "dayCount": "1", "stnSerialNumber": "10", "boardingDisabled": "false"}, {"stationCode": "ANVT", "stationName": "ANAND VIHAR TRM", "arrivalTime": "23:45", "departureTime": "--", "routeNumber": "1", "haltTime": "--", "distance": "1023", "dayCount": "1", "stnSerialNumber": "12", "boardingDisabled": "false"}]}