{"trainNumber": "04079", "trainName": "BSB NDLS SPL", "stationFrom": "BSB", "stationTo": "DLI", "trainOwner": "0", "trainRunsOnMon": "N", "trainRunsOnTue": "Y", "trainRunsOnWed": "N", "trainRunsOnThu": "N", "trainRunsOnFri": "N", "trainRunsOnSat": "Y", "trainRunsOnSun": "Y", "timeStamp": "2023-06-19T15:31:06.353", "duration": "0", "stationList": [{"stationCode": "BSB", "stationName": "VARANASI JN", "arrivalTime": "--", "departureTime": "18:35", "routeNumber": "1", "haltTime": "--", "distance": "0", "dayCount": "1", "stnSerialNumber": "1", "boardingDisabled": "false"}, {"stationCode": "PBH", "stationName": "PARTAPGARH JN", "arrivalTime": "20:25", "departureTime": "20:30", "routeNumber": "1", "haltTime": "05:00", "distance": "129", "dayCount": "1", "stnSerialNumber": "2", "boardingDisabled": "false"}, {"stationCode": "LKO", "stationName": "LUCKNOW NR", "arrivalTime": "00:05", "departureTime": "00:15", "routeNumber": "1", "haltTime": "10:00", "distance": "302", "dayCount": "2", "stnSerialNumber": "4", "boardingDisabled": "false"}, {"stationCode": "MB", "stationName": "MORADABAD", "arrivalTime": "05:15", "departureTime": "05:25", "routeNumber": "1", "haltTime": "10:00", "distance": "627", "dayCount": "2", "stnSerialNumber": "6", "boardingDisabled": "false"}, {"stationCode": "GZB", "stationName": "GHAZIABAD", "arrivalTime": "08:00", "departureTime": "08:02", "routeNumber": "1", "haltTime": "02:00", "distance": "768", "dayCount": "2", "stnSerialNumber": "7", "boardingDisabled": "false"}, {"stationCode": "NDLS", "stationName": "NEW DELHI", "arrivalTime": "08:58", "departureTime": "08:59", "routeNumber": "1", "haltTime": "01:00", "distance": "791", "dayCount": "2", "stnSerialNumber": "8", "boardingDisabled": "true"}, {"stationCode": "DLI", "stationName": "DELHI", "arrivalTime": "09:00", "departureTime": "--", "routeNumber": "1", "haltTime": "--", "distance": "791", "dayCount": "2", "stnSerialNumber": "9", "boardingDisabled": "false"}]}