{"trainNumber": "04070", "trainName": "SMI FESTIVL SPL", "stationFrom": "ANVT", "stationTo": "SMI", "trainOwner": "0", "trainRunsOnMon": "N", "trainRunsOnTue": "Y", "trainRunsOnWed": "N", "trainRunsOnThu": "N", "trainRunsOnFri": "N", "trainRunsOnSat": "Y", "trainRunsOnSun": "N", "timeStamp": "2023-06-19T15:30:50.847", "duration": "0", "stationList": [{"stationCode": "ANVT", "stationName": "ANAND VIHAR TRM", "arrivalTime": "--", "departureTime": "00:30", "routeNumber": "1", "haltTime": "--", "distance": "0", "dayCount": "1", "stnSerialNumber": "1", "boardingDisabled": "false"}, {"stationCode": "MB", "stationName": "MORADABAD", "arrivalTime": "03:32", "departureTime": "03:40", "routeNumber": "1", "haltTime": "08:00", "distance": "154", "dayCount": "1", "stnSerialNumber": "3", "boardingDisabled": "false"}, {"stationCode": "BE", "stationName": "BAREILLY", "arrivalTime": "05:03", "departureTime": "05:05", "routeNumber": "1", "haltTime": "02:00", "distance": "245", "dayCount": "1", "stnSerialNumber": "4", "boardingDisabled": "false"}, {"stationCode": "LKO", "stationName": "LUCKNOW NR", "arrivalTime": "09:25", "departureTime": "09:35", "routeNumber": "1", "haltTime": "10:00", "distance": "480", "dayCount": "1", "stnSerialNumber": "6", "boardingDisabled": "false"}, {"stationCode": "GKP", "stationName": "GORAKHPUR JN", "arrivalTime": "14:50", "departureTime": "15:00", "routeNumber": "1", "haltTime": "10:00", "distance": "750", "dayCount": "1", "stnSerialNumber": "8", "boardingDisabled": "false"}, {"stationCode": "NKE", "stationName": "NARKATIAGANJ JN", "arrivalTime": "18:30", "departureTime": "18:35", "routeNumber": "1", "haltTime": "05:00", "distance": "900", "dayCount": "1", "stnSerialNumber": "10", "boardingDisabled": "false"}, {"stationCode": "RXL", "stationName": "RAXAUL JN", "arrivalTime": "19:30", "departureTime": "19:35", "routeNumber": "1", "haltTime": "05:00", "distance": "941", "dayCount": "1", "stnSerialNumber": "11", "boardingDisabled": "false"}, {"stationCode": "SMI", "stationName": "SITAMARHI", "arrivalTime": "21:30", "departureTime": "--", "routeNumber": "1", "haltTime": "--", "distance": "1023", "dayCount": "1", "stnSerialNumber": "12", "boardingDisabled": "false"}]}