{"trainNumber": "04080", "trainName": "DLI BSB SPECIAL", "stationFrom": "DLI", "stationTo": "BSB", "trainOwner": "0", "trainRunsOnMon": "Y", "trainRunsOnTue": "N", "trainRunsOnWed": "N", "trainRunsOnThu": "N", "trainRunsOnFri": "Y", "trainRunsOnSat": "Y", "trainRunsOnSun": "N", "timeStamp": "2023-06-19T15:31:06.217", "duration": "0", "stationList": [{"stationCode": "DLI", "stationName": "DELHI", "arrivalTime": "--", "departureTime": "19:20", "routeNumber": "1", "haltTime": "--", "distance": "0", "dayCount": "1", "stnSerialNumber": "1", "boardingDisabled": "false"}, {"stationCode": "NDLS", "stationName": "NEW DELHI", "arrivalTime": "19:21", "departureTime": "19:22", "routeNumber": "1", "haltTime": "01:00", "distance": "1", "dayCount": "1", "stnSerialNumber": "2", "boardingDisabled": "true"}, {"stationCode": "GZB", "stationName": "GHAZIABAD", "arrivalTime": "20:06", "departureTime": "20:08", "routeNumber": "1", "haltTime": "02:00", "distance": "24", "dayCount": "1", "stnSerialNumber": "3", "boardingDisabled": "false"}, {"stationCode": "MB", "stationName": "MORADABAD", "arrivalTime": "22:30", "departureTime": "22:38", "routeNumber": "1", "haltTime": "08:00", "distance": "165", "dayCount": "1", "stnSerialNumber": "4", "boardingDisabled": "false"}, {"stationCode": "LKO", "stationName": "LUCKNOW NR", "arrivalTime": "03:30", "departureTime": "03:40", "routeNumber": "1", "haltTime": "10:00", "distance": "490", "dayCount": "2", "stnSerialNumber": "6", "boardingDisabled": "false"}, {"stationCode": "PBH", "stationName": "PARTAPGARH JN", "arrivalTime": "06:30", "departureTime": "06:35", "routeNumber": "1", "haltTime": "05:00", "distance": "663", "dayCount": "2", "stnSerialNumber": "8", "boardingDisabled": "false"}, {"stationCode": "BSB", "stationName": "VARANASI JN", "arrivalTime": "09:45", "departureTime": "--", "routeNumber": "1", "haltTime": "--", "distance": "791", "dayCount": "2", "stnSerialNumber": "9", "boardingDisabled": "false"}]}