{"trainNumber": "04116", "trainName": "LTT SFG SF SPL", "stationFrom": "LTT", "stationTo": "SFG", "trainOwner": "0", "trainRunsOnMon": "N", "trainRunsOnTue": "N", "trainRunsOnWed": "N", "trainRunsOnThu": "N", "trainRunsOnFri": "Y", "trainRunsOnSat": "N", "trainRunsOnSun": "N", "timeStamp": "2023-06-19T15:30:40.949", "duration": "0", "stationList": [{"stationCode": "LTT", "stationName": "LOKMANYATILAK T", "arrivalTime": "--", "departureTime": "00:15", "routeNumber": "1", "haltTime": "--", "distance": "0", "dayCount": "1", "stnSerialNumber": "1", "boardingDisabled": "false"}, {"stationCode": "KYN", "stationName": "KALYAN JN", "arrivalTime": "00:57", "departureTime": "01:00", "routeNumber": "1", "haltTime": "03:00", "distance": "38", "dayCount": "1", "stnSerialNumber": "2", "boardingDisabled": "false"}, {"stationCode": "NK", "stationName": "NASHIK ROAD", "arrivalTime": "03:32", "departureTime": "03:35", "routeNumber": "1", "haltTime": "03:00", "distance": "172", "dayCount": "1", "stnSerialNumber": "4", "boardingDisabled": "false"}, {"stationCode": "BSL", "stationName": "BHUSAVAL JN", "arrivalTime": "07:05", "departureTime": "07:10", "routeNumber": "1", "haltTime": "05:00", "distance": "429", "dayCount": "1", "stnSerialNumber": "5", "boardingDisabled": "false"}, {"stationCode": "KNW", "stationName": "KHANDWA", "arrivalTime": "09:37", "departureTime": "09:40", "routeNumber": "1", "haltTime": "03:00", "distance": "552", "dayCount": "1", "stnSerialNumber": "6", "boardingDisabled": "false"}, {"stationCode": "ET", "stationName": "ITARSI JN", "arrivalTime": "13:05", "departureTime": "13:15", "routeNumber": "1", "haltTime": "10:00", "distance": "736", "dayCount": "1", "stnSerialNumber": "7", "boardingDisabled": "false"}, {"stationCode": "PPI", "stationName": "PIPARIYA", "arrivalTime": "14:15", "departureTime": "14:17", "routeNumber": "1", "haltTime": "02:00", "distance": "803", "dayCount": "1", "stnSerialNumber": "8", "boardingDisabled": "false"}, {"stationCode": "JBP", "stationName": "JABALPUR", "arrivalTime": "16:20", "departureTime": "16:30", "routeNumber": "1", "haltTime": "10:00", "distance": "981", "dayCount": "1", "stnSerialNumber": "9", "boardingDisabled": "false"}, {"stationCode": "KTE", "stationName": "KATNI", "arrivalTime": "17:45", "departureTime": "17:50", "routeNumber": "1", "haltTime": "05:00", "distance": "1072", "dayCount": "1", "stnSerialNumber": "10", "boardingDisabled": "false"}, {"stationCode": "MYR", "stationName": "MAIHAR", "arrivalTime": "18:35", "departureTime": "18:37", "routeNumber": "1", "haltTime": "02:00", "distance": "1135", "dayCount": "1", "stnSerialNumber": "11", "boardingDisabled": "false"}, {"stationCode": "STA", "stationName": "SATNA", "arrivalTime": "19:10", "departureTime": "19:15", "routeNumber": "1", "haltTime": "05:00", "distance": "1170", "dayCount": "1", "stnSerialNumber": "12", "boardingDisabled": "false"}, {"stationCode": "CKTD", "stationName": "CHITRAKUTDHAM K", "arrivalTime": "21:35", "departureTime": "21:37", "routeNumber": "1", "haltTime": "02:00", "distance": "1271", "dayCount": "1", "stnSerialNumber": "13", "boardingDisabled": "false"}, {"stationCode": "BNDA", "stationName": "BANDA JN", "arrivalTime": "23:05", "departureTime": "23:10", "routeNumber": "1", "haltTime": "05:00", "distance": "1340", "dayCount": "1", "stnSerialNumber": "14", "boardingDisabled": "false"}, {"stationCode": "RGU", "stationName": "RAGAUL", "arrivalTime": "23:42", "departureTime": "23:44", "routeNumber": "1", "haltTime": "02:00", "distance": "1380", "dayCount": "1", "stnSerialNumber": "15", "boardingDisabled": "false"}, {"stationCode": "BSZ", "stationName": "BHARWA SUMERPUR", "arrivalTime": "00:05", "departureTime": "00:07", "routeNumber": "1", "haltTime": "02:00", "distance": "1398", "dayCount": "2", "stnSerialNumber": "16", "boardingDisabled": "false"}, {"stationCode": "CNB", "stationName": "KANPUR CENTRAL", "arrivalTime": "02:10", "departureTime": "02:15", "routeNumber": "1", "haltTime": "05:00", "distance": "1485", "dayCount": "2", "stnSerialNumber": "17", "boardingDisabled": "false"}, {"stationCode": "FTP", "stationName": "FATEHPUR", "arrivalTime": "03:10", "departureTime": "03:12", "routeNumber": "1", "haltTime": "02:00", "distance": "1563", "dayCount": "2", "stnSerialNumber": "18", "boardingDisabled": "false"}, {"stationCode": "SFG", "stationName": "SUBEDARGANJ", "arrivalTime": "05:10", "departureTime": "--", "routeNumber": "1", "haltTime": "--", "distance": "1676", "dayCount": "2", "stnSerialNumber": "19", "boardingDisabled": "false"}]}