{"trainNumber": "04115", "trainName": "SFG LTT SF SSPL", "stationFrom": "SFG", "stationTo": "LTT", "trainOwner": "0", "trainRunsOnMon": "N", "trainRunsOnTue": "N", "trainRunsOnWed": "Y", "trainRunsOnThu": "N", "trainRunsOnFri": "N", "trainRunsOnSat": "N", "trainRunsOnSun": "N", "timeStamp": "2023-06-19T15:30:40.949", "duration": "0", "stationList": [{"stationCode": "SFG", "stationName": "SUBEDARGANJ", "arrivalTime": "--", "departureTime": "11:15", "routeNumber": "1", "haltTime": "--", "distance": "0", "dayCount": "1", "stnSerialNumber": "1", "boardingDisabled": "false"}, {"stationCode": "FTP", "stationName": "FATEHPUR", "arrivalTime": "12:40", "departureTime": "12:42", "routeNumber": "1", "haltTime": "02:00", "distance": "113", "dayCount": "1", "stnSerialNumber": "2", "boardingDisabled": "false"}, {"stationCode": "CNB", "stationName": "KANPUR CENTRAL", "arrivalTime": "14:10", "departureTime": "14:15", "routeNumber": "1", "haltTime": "05:00", "distance": "192", "dayCount": "1", "stnSerialNumber": "3", "boardingDisabled": "false"}, {"stationCode": "BSZ", "stationName": "BHARWA SUMERPUR", "arrivalTime": "15:50", "departureTime": "15:52", "routeNumber": "1", "haltTime": "02:00", "distance": "279", "dayCount": "1", "stnSerialNumber": "4", "boardingDisabled": "false"}, {"stationCode": "RGU", "stationName": "RAGAUL", "arrivalTime": "16:10", "departureTime": "16:12", "routeNumber": "1", "haltTime": "02:00", "distance": "296", "dayCount": "1", "stnSerialNumber": "5", "boardingDisabled": "false"}, {"stationCode": "BNDA", "stationName": "BANDA JN", "arrivalTime": "17:15", "departureTime": "17:20", "routeNumber": "1", "haltTime": "05:00", "distance": "336", "dayCount": "1", "stnSerialNumber": "6", "boardingDisabled": "false"}, {"stationCode": "CKTD", "stationName": "CHITRAKUTDHAM K", "arrivalTime": "18:53", "departureTime": "18:55", "routeNumber": "1", "haltTime": "02:00", "distance": "405", "dayCount": "1", "stnSerialNumber": "7", "boardingDisabled": "false"}, {"stationCode": "STA", "stationName": "SATNA", "arrivalTime": "21:45", "departureTime": "21:50", "routeNumber": "1", "haltTime": "05:00", "distance": "506", "dayCount": "1", "stnSerialNumber": "8", "boardingDisabled": "false"}, {"stationCode": "MYR", "stationName": "MAIHAR", "arrivalTime": "22:15", "departureTime": "22:17", "routeNumber": "1", "haltTime": "02:00", "distance": "542", "dayCount": "1", "stnSerialNumber": "9", "boardingDisabled": "false"}, {"stationCode": "KTE", "stationName": "KATNI", "arrivalTime": "23:05", "departureTime": "23:10", "routeNumber": "1", "haltTime": "05:00", "distance": "605", "dayCount": "1", "stnSerialNumber": "10", "boardingDisabled": "false"}, {"stationCode": "JBP", "stationName": "JABALPUR", "arrivalTime": "00:30", "departureTime": "00:40", "routeNumber": "1", "haltTime": "10:00", "distance": "695", "dayCount": "2", "stnSerialNumber": "11", "boardingDisabled": "false"}, {"stationCode": "PPI", "stationName": "PIPARIYA", "arrivalTime": "02:45", "departureTime": "02:47", "routeNumber": "1", "haltTime": "02:00", "distance": "873", "dayCount": "2", "stnSerialNumber": "12", "boardingDisabled": "false"}, {"stationCode": "ET", "stationName": "ITARSI JN", "arrivalTime": "04:00", "departureTime": "04:10", "routeNumber": "1", "haltTime": "10:00", "distance": "940", "dayCount": "2", "stnSerialNumber": "13", "boardingDisabled": "false"}, {"stationCode": "KNW", "stationName": "KHANDWA", "arrivalTime": "06:30", "departureTime": "06:32", "routeNumber": "1", "haltTime": "02:00", "distance": "1124", "dayCount": "2", "stnSerialNumber": "14", "boardingDisabled": "false"}, {"stationCode": "BSL", "stationName": "BHUSAVAL JN", "arrivalTime": "08:20", "departureTime": "08:25", "routeNumber": "1", "haltTime": "05:00", "distance": "1247", "dayCount": "2", "stnSerialNumber": "15", "boardingDisabled": "false"}, {"stationCode": "NK", "stationName": "NASHIK ROAD", "arrivalTime": "11:47", "departureTime": "11:50", "routeNumber": "1", "haltTime": "03:00", "distance": "1504", "dayCount": "2", "stnSerialNumber": "16", "boardingDisabled": "false"}, {"stationCode": "KYN", "stationName": "KALYAN JN", "arrivalTime": "15:12", "departureTime": "15:15", "routeNumber": "1", "haltTime": "03:00", "distance": "1638", "dayCount": "2", "stnSerialNumber": "18", "boardingDisabled": "false"}, {"stationCode": "LTT", "stationName": "LOKMANYATILAK T", "arrivalTime": "16:15", "departureTime": "--", "routeNumber": "1", "haltTime": "--", "distance": "1676", "dayCount": "2", "stnSerialNumber": "19", "boardingDisabled": "false"}]}