{"trainNumber": "04121", "trainName": "SFG SC SF SPL", "stationFrom": "SFG", "stationTo": "SC", "trainOwner": "0", "trainRunsOnMon": "N", "trainRunsOnTue": "N", "trainRunsOnWed": "N", "trainRunsOnThu": "Y", "trainRunsOnFri": "N", "trainRunsOnSat": "N", "trainRunsOnSun": "N", "timeStamp": "2023-06-19T15:30:35.794", "duration": "0", "stationList": [{"stationCode": "SFG", "stationName": "SUBEDARGANJ", "arrivalTime": "--", "departureTime": "15:50", "routeNumber": "1", "haltTime": "--", "distance": "0", "dayCount": "1", "stnSerialNumber": "1", "boardingDisabled": "false"}, {"stationCode": "FTP", "stationName": "FATEHPUR", "arrivalTime": "16:58", "departureTime": "17:00", "routeNumber": "1", "haltTime": "02:00", "distance": "113", "dayCount": "1", "stnSerialNumber": "2", "boardingDisabled": "false"}, {"stationCode": "CNB", "stationName": "KANPUR CENTRAL", "arrivalTime": "18:05", "departureTime": "18:10", "routeNumber": "1", "haltTime": "05:00", "distance": "192", "dayCount": "1", "stnSerialNumber": "3", "boardingDisabled": "false"}, {"stationCode": "PHN", "stationName": "POKHRAYAN", "arrivalTime": "19:18", "departureTime": "19:20", "routeNumber": "1", "haltTime": "02:00", "distance": "251", "dayCount": "1", "stnSerialNumber": "5", "boardingDisabled": "false"}, {"stationCode": "ORAI", "stationName": "ORAI", "arrivalTime": "19:58", "departureTime": "20:00", "routeNumber": "1", "haltTime": "02:00", "distance": "299", "dayCount": "1", "stnSerialNumber": "6", "boardingDisabled": "false"}, {"stationCode": "VGLJ", "stationName": "V LAKSHMIBAIJHS", "arrivalTime": "22:10", "departureTime": "22:15", "routeNumber": "1", "haltTime": "05:00", "distance": "413", "dayCount": "1", "stnSerialNumber": "7", "boardingDisabled": "false"}, {"stationCode": "BINA", "stationName": "BINA JN", "arrivalTime": "00:20", "departureTime": "00:22", "routeNumber": "1", "haltTime": "02:00", "distance": "565", "dayCount": "2", "stnSerialNumber": "8", "boardingDisabled": "false"}, {"stationCode": "BPL", "stationName": "BHOPAL  JN", "arrivalTime": "02:10", "departureTime": "02:15", "routeNumber": "1", "haltTime": "05:00", "distance": "704", "dayCount": "2", "stnSerialNumber": "9", "boardingDisabled": "false"}, {"stationCode": "ET", "stationName": "ITARSI JN", "arrivalTime": "04:00", "departureTime": "04:05", "routeNumber": "1", "haltTime": "05:00", "distance": "795", "dayCount": "2", "stnSerialNumber": "10", "boardingDisabled": "false"}, {"stationCode": "NGP", "stationName": "NAGPUR", "arrivalTime": "09:00", "departureTime": "09:05", "routeNumber": "1", "haltTime": "05:00", "distance": "1092", "dayCount": "2", "stnSerialNumber": "11", "boardingDisabled": "false"}, {"stationCode": "BPQ", "stationName": "BALHARSHAH", "arrivalTime": "13:05", "departureTime": "13:10", "routeNumber": "1", "haltTime": "05:00", "distance": "1303", "dayCount": "2", "stnSerialNumber": "12", "boardingDisabled": "false"}, {"stationCode": "SKZR", "stationName": "SIRPUR KAGAZNGR", "arrivalTime": "14:10", "departureTime": "14:12", "routeNumber": "1", "haltTime": "02:00", "distance": "1373", "dayCount": "2", "stnSerialNumber": "13", "boardingDisabled": "false"}, {"stationCode": "MCI", "stationName": "MANCHIRYAL", "arrivalTime": "14:52", "departureTime": "14:53", "routeNumber": "1", "haltTime": "01:00", "distance": "1431", "dayCount": "2", "stnSerialNumber": "14", "boardingDisabled": "false"}, {"stationCode": "PDPL", "stationName": "PEDDAPALLI JN", "arrivalTime": "15:25", "departureTime": "15:26", "routeNumber": "1", "haltTime": "01:00", "distance": "1463", "dayCount": "2", "stnSerialNumber": "15", "boardingDisabled": "false"}, {"stationCode": "KZJ", "stationName": "KAZIPET JN", "arrivalTime": "16:30", "departureTime": "16:32", "routeNumber": "1", "haltTime": "02:00", "distance": "1538", "dayCount": "2", "stnSerialNumber": "16", "boardingDisabled": "false"}, {"stationCode": "SC", "stationName": "SECUNDERABAD JN", "arrivalTime": "20:00", "departureTime": "--", "routeNumber": "1", "haltTime": "--", "distance": "1669", "dayCount": "2", "stnSerialNumber": "17", "boardingDisabled": "false"}]}