{"trainNumber": "04122", "trainName": "SC SFG SPL", "stationFrom": "SC", "stationTo": "SFG", "trainOwner": "0", "trainRunsOnMon": "N", "trainRunsOnTue": "N", "trainRunsOnWed": "N", "trainRunsOnThu": "N", "trainRunsOnFri": "Y", "trainRunsOnSat": "N", "trainRunsOnSun": "N", "timeStamp": "2023-06-19T15:30:35.790", "duration": "0", "stationList": [{"stationCode": "SC", "stationName": "SECUNDERABAD JN", "arrivalTime": "--", "departureTime": "21:50", "routeNumber": "1", "haltTime": "--", "distance": "0", "dayCount": "1", "stnSerialNumber": "1", "boardingDisabled": "false"}, {"stationCode": "KZJ", "stationName": "KAZIPET JN", "arrivalTime": "23:30", "departureTime": "23:32", "routeNumber": "1", "haltTime": "02:00", "distance": "132", "dayCount": "1", "stnSerialNumber": "2", "boardingDisabled": "false"}, {"stationCode": "PDPL", "stationName": "PEDDAPALLI JN", "arrivalTime": "00:34", "departureTime": "00:35", "routeNumber": "1", "haltTime": "01:00", "distance": "207", "dayCount": "2", "stnSerialNumber": "3", "boardingDisabled": "false"}, {"stationCode": "MCI", "stationName": "MANCHIRYAL", "arrivalTime": "01:10", "departureTime": "01:11", "routeNumber": "1", "haltTime": "01:00", "distance": "239", "dayCount": "2", "stnSerialNumber": "4", "boardingDisabled": "false"}, {"stationCode": "SKZR", "stationName": "SIRPUR KAGAZNGR", "arrivalTime": "02:20", "departureTime": "02:22", "routeNumber": "1", "haltTime": "02:00", "distance": "297", "dayCount": "2", "stnSerialNumber": "5", "boardingDisabled": "false"}, {"stationCode": "BPQ", "stationName": "BALHARSHAH", "arrivalTime": "04:10", "departureTime": "04:15", "routeNumber": "1", "haltTime": "05:00", "distance": "367", "dayCount": "2", "stnSerialNumber": "6", "boardingDisabled": "false"}, {"stationCode": "NGP", "stationName": "NAGPUR", "arrivalTime": "07:30", "departureTime": "07:35", "routeNumber": "1", "haltTime": "05:00", "distance": "578", "dayCount": "2", "stnSerialNumber": "7", "boardingDisabled": "false"}, {"stationCode": "ET", "stationName": "ITARSI JN", "arrivalTime": "12:30", "departureTime": "12:35", "routeNumber": "1", "haltTime": "05:00", "distance": "875", "dayCount": "2", "stnSerialNumber": "8", "boardingDisabled": "false"}, {"stationCode": "BPL", "stationName": "BHOPAL  JN", "arrivalTime": "14:20", "departureTime": "14:25", "routeNumber": "1", "haltTime": "05:00", "distance": "973", "dayCount": "2", "stnSerialNumber": "9", "boardingDisabled": "false"}, {"stationCode": "BINA", "stationName": "BINA JN", "arrivalTime": "16:38", "departureTime": "16:40", "routeNumber": "1", "haltTime": "02:00", "distance": "1112", "dayCount": "2", "stnSerialNumber": "10", "boardingDisabled": "false"}, {"stationCode": "VGLJ", "stationName": "V LAKSHMIBAIJHS", "arrivalTime": "19:15", "departureTime": "19:20", "routeNumber": "1", "haltTime": "05:00", "distance": "1264", "dayCount": "2", "stnSerialNumber": "11", "boardingDisabled": "false"}, {"stationCode": "ORAI", "stationName": "ORAI", "arrivalTime": "21:05", "departureTime": "21:07", "routeNumber": "1", "haltTime": "02:00", "distance": "1378", "dayCount": "2", "stnSerialNumber": "12", "boardingDisabled": "false"}, {"stationCode": "PHN", "stationName": "POKHRAYAN", "arrivalTime": "21:45", "departureTime": "21:47", "routeNumber": "1", "haltTime": "02:00", "distance": "1425", "dayCount": "2", "stnSerialNumber": "13", "boardingDisabled": "false"}, {"stationCode": "CNB", "stationName": "KANPUR CENTRAL", "arrivalTime": "00:40", "departureTime": "00:45", "routeNumber": "1", "haltTime": "05:00", "distance": "1485", "dayCount": "3", "stnSerialNumber": "14", "boardingDisabled": "false"}, {"stationCode": "FTP", "stationName": "FATEHPUR", "arrivalTime": "01:40", "departureTime": "01:42", "routeNumber": "1", "haltTime": "02:00", "distance": "1563", "dayCount": "3", "stnSerialNumber": "15", "boardingDisabled": "false"}, {"stationCode": "SFG", "stationName": "SUBEDARGANJ", "arrivalTime": "04:00", "departureTime": "--", "routeNumber": "1", "haltTime": "--", "distance": "1676", "dayCount": "3", "stnSerialNumber": "16", "boardingDisabled": "false"}]}