{"trainNumber": "04138", "trainName": "UHP SFG SF SPL", "stationFrom": "UHP", "stationTo": "SFG", "trainOwner": "0", "trainRunsOnMon": "Y", "trainRunsOnTue": "N", "trainRunsOnWed": "N", "trainRunsOnThu": "N", "trainRunsOnFri": "N", "trainRunsOnSat": "N", "trainRunsOnSun": "N", "timeStamp": "2023-06-19T15:31:15.929", "duration": "0", "stationList": [{"stationCode": "UHP", "stationName": "UDHAMPUR", "arrivalTime": "--", "departureTime": "15:40", "routeNumber": "1", "haltTime": "--", "distance": "0", "dayCount": "1", "stnSerialNumber": "1", "boardingDisabled": "false"}, {"stationCode": "JAT", "stationName": "JAMMU TAWI", "arrivalTime": "16:35", "departureTime": "16:40", "routeNumber": "1", "haltTime": "05:00", "distance": "54", "dayCount": "1", "stnSerialNumber": "2", "boardingDisabled": "false"}, {"stationCode": "PTKC", "stationName": "PATHANKOT CANTT", "arrivalTime": "18:25", "departureTime": "18:30", "routeNumber": "1", "haltTime": "05:00", "distance": "153", "dayCount": "1", "stnSerialNumber": "3", "boardingDisabled": "false"}, {"stationCode": "JRC", "stationName": "JALANDHAR CANT", "arrivalTime": "20:23", "departureTime": "20:28", "routeNumber": "1", "haltTime": "05:00", "distance": "266", "dayCount": "1", "stnSerialNumber": "4", "boardingDisabled": "false"}, {"stationCode": "LDH", "stationName": "LUDHIANA JN", "arrivalTime": "21:13", "departureTime": "21:23", "routeNumber": "1", "haltTime": "10:00", "distance": "318", "dayCount": "1", "stnSerialNumber": "5", "boardingDisabled": "false"}, {"stationCode": "UMB", "stationName": "AMBALA CANT JN", "arrivalTime": "23:12", "departureTime": "23:20", "routeNumber": "1", "haltTime": "08:00", "distance": "432", "dayCount": "1", "stnSerialNumber": "6", "boardingDisabled": "false"}, {"stationCode": "SRE", "stationName": "SAHARANPUR", "arrivalTime": "01:25", "departureTime": "01:30", "routeNumber": "1", "haltTime": "05:00", "distance": "513", "dayCount": "2", "stnSerialNumber": "7", "boardingDisabled": "false"}, {"stationCode": "MOZ", "stationName": "MUZAFFARNAGAR", "arrivalTime": "02:20", "departureTime": "02:22", "routeNumber": "1", "haltTime": "02:00", "distance": "571", "dayCount": "2", "stnSerialNumber": "8", "boardingDisabled": "false"}, {"stationCode": "MTC", "stationName": "MEERUT CITY", "arrivalTime": "03:40", "departureTime": "03:45", "routeNumber": "1", "haltTime": "05:00", "distance": "626", "dayCount": "2", "stnSerialNumber": "9", "boardingDisabled": "false"}, {"stationCode": "HPU", "stationName": "HAPUR", "arrivalTime": "04:15", "departureTime": "04:20", "routeNumber": "1", "haltTime": "05:00", "distance": "655", "dayCount": "2", "stnSerialNumber": "10", "boardingDisabled": "false"}, {"stationCode": "BSC", "stationName": "BULANDSHAHR", "arrivalTime": "05:15", "departureTime": "05:20", "routeNumber": "1", "haltTime": "05:00", "distance": "696", "dayCount": "2", "stnSerialNumber": "11", "boardingDisabled": "false"}, {"stationCode": "KRJ", "stationName": "KHURJA JN", "arrivalTime": "06:10", "departureTime": "06:15", "routeNumber": "1", "haltTime": "05:00", "distance": "719", "dayCount": "2", "stnSerialNumber": "12", "boardingDisabled": "false"}, {"stationCode": "ALJN", "stationName": "ALIGARH JN", "arrivalTime": "06:42", "departureTime": "06:44", "routeNumber": "1", "haltTime": "02:00", "distance": "762", "dayCount": "2", "stnSerialNumber": "13", "boardingDisabled": "false"}, {"stationCode": "TDL", "stationName": "TUNDLA JN", "arrivalTime": "07:40", "departureTime": "07:42", "routeNumber": "1", "haltTime": "02:00", "distance": "840", "dayCount": "2", "stnSerialNumber": "14", "boardingDisabled": "false"}, {"stationCode": "ETW", "stationName": "ETAWAH JN", "arrivalTime": "08:38", "departureTime": "08:40", "routeNumber": "1", "haltTime": "02:00", "distance": "932", "dayCount": "2", "stnSerialNumber": "15", "boardingDisabled": "false"}, {"stationCode": "CNB", "stationName": "KANPUR CENTRAL", "arrivalTime": "10:15", "departureTime": "10:20", "routeNumber": "1", "haltTime": "05:00", "distance": "1072", "dayCount": "2", "stnSerialNumber": "16", "boardingDisabled": "false"}, {"stationCode": "FTP", "stationName": "FATEHPUR", "arrivalTime": "11:10", "departureTime": "11:12", "routeNumber": "1", "haltTime": "02:00", "distance": "1150", "dayCount": "2", "stnSerialNumber": "17", "boardingDisabled": "false"}, {"stationCode": "SFG", "stationName": "SUBEDARGANJ", "arrivalTime": "12:55", "departureTime": "--", "routeNumber": "1", "haltTime": "--", "distance": "1263", "dayCount": "2", "stnSerialNumber": "18", "boardingDisabled": "false"}]}