{"trainNumber": "04141", "trainName": "SFG UHP SPL", "stationFrom": "SFG", "stationTo": "UHP", "trainOwner": "0", "trainRunsOnMon": "Y", "trainRunsOnTue": "N", "trainRunsOnWed": "N", "trainRunsOnThu": "N", "trainRunsOnFri": "Y", "trainRunsOnSat": "N", "trainRunsOnSun": "N", "timeStamp": "2023-06-19T15:31:15.862", "duration": "0", "stationList": [{"stationCode": "SFG", "stationName": "SUBEDARGANJ", "arrivalTime": "--", "departureTime": "16:05", "routeNumber": "1", "haltTime": "--", "distance": "0", "dayCount": "1", "stnSerialNumber": "1", "boardingDisabled": "false"}, {"stationCode": "FTP", "stationName": "FATEHPUR", "arrivalTime": "17:10", "departureTime": "17:12", "routeNumber": "1", "haltTime": "02:00", "distance": "113", "dayCount": "1", "stnSerialNumber": "2", "boardingDisabled": "false"}, {"stationCode": "CNB", "stationName": "KANPUR CENTRAL", "arrivalTime": "18:12", "departureTime": "18:17", "routeNumber": "1", "haltTime": "05:00", "distance": "192", "dayCount": "1", "stnSerialNumber": "3", "boardingDisabled": "false"}, {"stationCode": "ETW", "stationName": "ETAWAH JN", "arrivalTime": "19:40", "departureTime": "19:42", "routeNumber": "1", "haltTime": "02:00", "distance": "331", "dayCount": "1", "stnSerialNumber": "4", "boardingDisabled": "false"}, {"stationCode": "TDL", "stationName": "TUNDLA JN", "arrivalTime": "20:53", "departureTime": "20:55", "routeNumber": "1", "haltTime": "02:00", "distance": "423", "dayCount": "1", "stnSerialNumber": "5", "boardingDisabled": "false"}, {"stationCode": "ALJN", "stationName": "ALIGARH JN", "arrivalTime": "21:48", "departureTime": "21:50", "routeNumber": "1", "haltTime": "02:00", "distance": "501", "dayCount": "1", "stnSerialNumber": "6", "boardingDisabled": "false"}, {"stationCode": "KRJ", "stationName": "KHURJA JN", "arrivalTime": "22:35", "departureTime": "22:40", "routeNumber": "1", "haltTime": "05:00", "distance": "544", "dayCount": "1", "stnSerialNumber": "7", "boardingDisabled": "false"}, {"stationCode": "BSC", "stationName": "BULANDSHAHR", "arrivalTime": "23:05", "departureTime": "23:10", "routeNumber": "1", "haltTime": "05:00", "distance": "567", "dayCount": "1", "stnSerialNumber": "8", "boardingDisabled": "false"}, {"stationCode": "HPU", "stationName": "HAPUR", "arrivalTime": "00:05", "departureTime": "00:10", "routeNumber": "1", "haltTime": "05:00", "distance": "608", "dayCount": "2", "stnSerialNumber": "9", "boardingDisabled": "false"}, {"stationCode": "MTC", "stationName": "MEERUT CITY", "arrivalTime": "00:55", "departureTime": "01:00", "routeNumber": "1", "haltTime": "05:00", "distance": "637", "dayCount": "2", "stnSerialNumber": "10", "boardingDisabled": "false"}, {"stationCode": "MOZ", "stationName": "MUZAFFARNAGAR", "arrivalTime": "01:37", "departureTime": "01:39", "routeNumber": "1", "haltTime": "02:00", "distance": "692", "dayCount": "2", "stnSerialNumber": "11", "boardingDisabled": "false"}, {"stationCode": "SRE", "stationName": "SAHARANPUR", "arrivalTime": "02:40", "departureTime": "02:45", "routeNumber": "1", "haltTime": "05:00", "distance": "750", "dayCount": "2", "stnSerialNumber": "12", "boardingDisabled": "false"}, {"stationCode": "UMB", "stationName": "AMBALA CANT JN", "arrivalTime": "04:05", "departureTime": "04:15", "routeNumber": "1", "haltTime": "10:00", "distance": "832", "dayCount": "2", "stnSerialNumber": "13", "boardingDisabled": "false"}, {"stationCode": "LDH", "stationName": "LUDHIANA JN", "arrivalTime": "05:57", "departureTime": "06:07", "routeNumber": "1", "haltTime": "10:00", "distance": "945", "dayCount": "2", "stnSerialNumber": "14", "boardingDisabled": "false"}, {"stationCode": "JRC", "stationName": "JALANDHAR CANT", "arrivalTime": "07:20", "departureTime": "07:25", "routeNumber": "1", "haltTime": "05:00", "distance": "997", "dayCount": "2", "stnSerialNumber": "15", "boardingDisabled": "false"}, {"stationCode": "PTKC", "stationName": "PATHANKOT CANTT", "arrivalTime": "09:15", "departureTime": "09:20", "routeNumber": "1", "haltTime": "05:00", "distance": "1110", "dayCount": "2", "stnSerialNumber": "16", "boardingDisabled": "false"}, {"stationCode": "JAT", "stationName": "JAMMU TAWI", "arrivalTime": "11:20", "departureTime": "11:30", "routeNumber": "1", "haltTime": "10:00", "distance": "1210", "dayCount": "2", "stnSerialNumber": "17", "boardingDisabled": "false"}, {"stationCode": "UHP", "stationName": "UDHAMPUR", "arrivalTime": "12:40", "departureTime": "--", "routeNumber": "1", "haltTime": "--", "distance": "1263", "dayCount": "2", "stnSerialNumber": "18", "boardingDisabled": "false"}]}