{"trainNumber": "04151", "trainName": "CNB LTT SF HSPL", "stationFrom": "CNB", "stationTo": "LTT", "trainOwner": "0", "trainRunsOnMon": "N", "trainRunsOnTue": "N", "trainRunsOnWed": "N", "trainRunsOnThu": "N", "trainRunsOnFri": "Y", "trainRunsOnSat": "N", "trainRunsOnSun": "N", "timeStamp": "2023-06-19T15:31:12.116", "duration": "0", "stationList": [{"stationCode": "CNB", "stationName": "KANPUR CENTRAL", "arrivalTime": "--", "departureTime": "15:45", "routeNumber": "1", "haltTime": "--", "distance": "0", "dayCount": "1", "stnSerialNumber": "1", "boardingDisabled": "false"}, {"stationCode": "FTP", "stationName": "FATEHPUR", "arrivalTime": "16:45", "departureTime": "16:47", "routeNumber": "1", "haltTime": "02:00", "distance": "79", "dayCount": "1", "stnSerialNumber": "2", "boardingDisabled": "false"}, {"stationCode": "PRYJ", "stationName": "PRAYAGRAJ JN.", "arrivalTime": "18:10", "departureTime": "18:15", "routeNumber": "1", "haltTime": "05:00", "distance": "195", "dayCount": "1", "stnSerialNumber": "3", "boardingDisabled": "false"}, {"stationCode": "STA", "stationName": "SATNA", "arrivalTime": "21:05", "departureTime": "21:10", "routeNumber": "1", "haltTime": "05:00", "distance": "373", "dayCount": "1", "stnSerialNumber": "5", "boardingDisabled": "false"}, {"stationCode": "KTE", "stationName": "KATNI", "arrivalTime": "22:20", "departureTime": "22:22", "routeNumber": "1", "haltTime": "02:00", "distance": "471", "dayCount": "1", "stnSerialNumber": "6", "boardingDisabled": "false"}, {"stationCode": "JBP", "stationName": "JABALPUR", "arrivalTime": "23:30", "departureTime": "23:40", "routeNumber": "1", "haltTime": "10:00", "distance": "562", "dayCount": "1", "stnSerialNumber": "7", "boardingDisabled": "false"}, {"stationCode": "ET", "stationName": "ITARSI JN", "arrivalTime": "03:25", "departureTime": "03:35", "routeNumber": "1", "haltTime": "10:00", "distance": "807", "dayCount": "2", "stnSerialNumber": "8", "boardingDisabled": "false"}, {"stationCode": "BSL", "stationName": "BHUSAVAL JN", "arrivalTime": "08:00", "departureTime": "08:05", "routeNumber": "1", "haltTime": "05:00", "distance": "1114", "dayCount": "2", "stnSerialNumber": "10", "boardingDisabled": "false"}, {"stationCode": "LTT", "stationName": "LOKMANYATILAK T", "arrivalTime": "14:55", "departureTime": "--", "routeNumber": "1", "haltTime": "--", "distance": "1542", "dayCount": "2", "stnSerialNumber": "14", "boardingDisabled": "false"}]}