{"trainNumber": "04152", "trainName": "LTT CNB SF SPL", "stationFrom": "LTT", "stationTo": "CNB", "trainOwner": "0", "trainRunsOnMon": "N", "trainRunsOnTue": "N", "trainRunsOnWed": "N", "trainRunsOnThu": "N", "trainRunsOnFri": "N", "trainRunsOnSat": "Y", "trainRunsOnSun": "N", "timeStamp": "2023-06-19T15:31:12.137", "duration": "0", "stationList": [{"stationCode": "LTT", "stationName": "LOKMANYATILAK T", "arrivalTime": "--", "departureTime": "17:15", "routeNumber": "1", "haltTime": "--", "distance": "0", "dayCount": "1", "stnSerialNumber": "1", "boardingDisabled": "false"}, {"stationCode": "BSL", "stationName": "BHUSAVAL JN", "arrivalTime": "23:00", "departureTime": "23:05", "routeNumber": "1", "haltTime": "05:00", "distance": "429", "dayCount": "1", "stnSerialNumber": "5", "boardingDisabled": "false"}, {"stationCode": "ET", "stationName": "ITARSI JN", "arrivalTime": "02:55", "departureTime": "03:00", "routeNumber": "1", "haltTime": "05:00", "distance": "736", "dayCount": "2", "stnSerialNumber": "6", "boardingDisabled": "false"}, {"stationCode": "JBP", "stationName": "JABALPUR", "arrivalTime": "06:15", "departureTime": "06:25", "routeNumber": "1", "haltTime": "10:00", "distance": "981", "dayCount": "2", "stnSerialNumber": "7", "boardingDisabled": "false"}, {"stationCode": "KTE", "stationName": "KATNI", "arrivalTime": "07:25", "departureTime": "07:30", "routeNumber": "1", "haltTime": "05:00", "distance": "1072", "dayCount": "2", "stnSerialNumber": "8", "boardingDisabled": "false"}, {"stationCode": "STA", "stationName": "SATNA", "arrivalTime": "08:40", "departureTime": "08:50", "routeNumber": "1", "haltTime": "10:00", "distance": "1170", "dayCount": "2", "stnSerialNumber": "9", "boardingDisabled": "false"}, {"stationCode": "PRYJ", "stationName": "PRAYAGRAJ JN.", "arrivalTime": "12:40", "departureTime": "12:45", "routeNumber": "1", "haltTime": "05:00", "distance": "1348", "dayCount": "2", "stnSerialNumber": "11", "boardingDisabled": "false"}, {"stationCode": "FTP", "stationName": "FATEHPUR", "arrivalTime": "14:05", "departureTime": "14:07", "routeNumber": "1", "haltTime": "02:00", "distance": "1464", "dayCount": "2", "stnSerialNumber": "12", "boardingDisabled": "false"}, {"stationCode": "CNB", "stationName": "KANPUR CENTRAL", "arrivalTime": "15:25", "departureTime": "--", "routeNumber": "1", "haltTime": "--", "distance": "1542", "dayCount": "2", "stnSerialNumber": "13", "boardingDisabled": "false"}]}