{"trainNumber": "04165", "trainName": "AGC ADI SF SPL", "stationFrom": "AGC", "stationTo": "ADI", "trainOwner": "0", "trainRunsOnMon": "N", "trainRunsOnTue": "N", "trainRunsOnWed": "Y", "trainRunsOnThu": "N", "trainRunsOnFri": "N", "trainRunsOnSat": "N", "trainRunsOnSun": "N", "timeStamp": "2023-06-19T15:30:08.781", "duration": "0", "stationList": [{"stationCode": "AGC", "stationName": "AGRA CANTT", "arrivalTime": "--", "departureTime": "20:20", "routeNumber": "1", "haltTime": "--", "distance": "0", "dayCount": "1", "stnSerialNumber": "1", "boardingDisabled": "false"}, {"stationCode": "FTS", "stationName": "FATEHPUR SIKRI", "arrivalTime": "20:58", "departureTime": "21:00", "routeNumber": "1", "haltTime": "02:00", "distance": "36", "dayCount": "1", "stnSerialNumber": "2", "boardingDisabled": "false"}, {"stationCode": "RBS", "stationName": "RUPBAS", "arrivalTime": "21:13", "departureTime": "21:15", "routeNumber": "1", "haltTime": "02:00", "distance": "50", "dayCount": "1", "stnSerialNumber": "3", "boardingDisabled": "false"}, {"stationCode": "BXN", "stationName": "BAYANA JN", "arrivalTime": "22:15", "departureTime": "22:17", "routeNumber": "1", "haltTime": "02:00", "distance": "84", "dayCount": "1", "stnSerialNumber": "4", "boardingDisabled": "false"}, {"stationCode": "HAN", "stationName": "HINDAUN CITY", "arrivalTime": "22:40", "departureTime": "22:42", "routeNumber": "1", "haltTime": "02:00", "distance": "117", "dayCount": "1", "stnSerialNumber": "5", "boardingDisabled": "false"}, {"stationCode": "GGC", "stationName": "GANGAPUR CITY", "arrivalTime": "23:15", "departureTime": "23:20", "routeNumber": "1", "haltTime": "05:00", "distance": "162", "dayCount": "1", "stnSerialNumber": "6", "boardingDisabled": "false"}, {"stationCode": "KOTA", "stationName": "KOTA JN", "arrivalTime": "01:25", "departureTime": "01:35", "routeNumber": "1", "haltTime": "10:00", "distance": "333", "dayCount": "2", "stnSerialNumber": "7", "boardingDisabled": "false"}, {"stationCode": "RTM", "stationName": "RATLAM JN", "arrivalTime": "05:30", "departureTime": "05:35", "routeNumber": "1", "haltTime": "05:00", "distance": "599", "dayCount": "2", "stnSerialNumber": "9", "boardingDisabled": "false"}, {"stationCode": "CYI", "stationName": "CHHAYAPURI", "arrivalTime": "08:55", "departureTime": "09:00", "routeNumber": "1", "haltTime": "05:00", "distance": "853", "dayCount": "2", "stnSerialNumber": "11", "boardingDisabled": "false"}, {"stationCode": "ANND", "stationName": "ANAND JN", "arrivalTime": "09:38", "departureTime": "09:40", "routeNumber": "1", "haltTime": "02:00", "distance": "885", "dayCount": "2", "stnSerialNumber": "12", "boardingDisabled": "false"}, {"stationCode": "ND", "stationName": "NADIAD JN", "arrivalTime": "09:55", "departureTime": "09:57", "routeNumber": "1", "haltTime": "02:00", "distance": "903", "dayCount": "2", "stnSerialNumber": "13", "boardingDisabled": "false"}, {"stationCode": "ADI", "stationName": "AHMEDABAD JN", "arrivalTime": "11:00", "departureTime": "--", "routeNumber": "1", "haltTime": "--", "distance": "949", "dayCount": "2", "stnSerialNumber": "15", "boardingDisabled": "false"}]}