{"trainNumber": "04506", "trainName": "SML KLK SPL", "stationFrom": "SML", "stationTo": "KLK", "trainOwner": "0", "trainRunsOnMon": "Y", "trainRunsOnTue": "Y", "trainRunsOnWed": "Y", "trainRunsOnThu": "Y", "trainRunsOnFri": "Y", "trainRunsOnSat": "Y", "trainRunsOnSun": "Y", "timeStamp": "2023-06-19T15:31:39.260", "duration": "0", "stationList": [{"stationCode": "SML", "stationName": "SIMLA", "arrivalTime": "--", "departureTime": "09:20", "routeNumber": "1", "haltTime": "--", "distance": "0", "dayCount": "1", "stnSerialNumber": "1", "boardingDisabled": "false"}, {"stationCode": "SHZ", "stationName": "SUMMER HILL", "arrivalTime": "09:27", "departureTime": "09:29", "routeNumber": "1", "haltTime": "02:00", "distance": "3", "dayCount": "1", "stnSerialNumber": "2", "boardingDisabled": "false"}, {"stationCode": "JTO", "stationName": "JUTOGH", "arrivalTime": "09:42", "departureTime": "09:44", "routeNumber": "1", "haltTime": "02:00", "distance": "7", "dayCount": "1", "stnSerialNumber": "3", "boardingDisabled": "false"}, {"stationCode": "TVI", "stationName": "TARADEVI", "arrivalTime": "10:21", "departureTime": "10:23", "routeNumber": "1", "haltTime": "02:00", "distance": "11", "dayCount": "1", "stnSerialNumber": "4", "boardingDisabled": "false"}, {"stationCode": "SGS", "stationName": "SHOGHI", "arrivalTime": "10:58", "departureTime": "11:00", "routeNumber": "1", "haltTime": "02:00", "distance": "18", "dayCount": "1", "stnSerialNumber": "5", "boardingDisabled": "false"}, {"stationCode": "KDZ", "stationName": "KANDAGHAT", "arrivalTime": "11:56", "departureTime": "11:58", "routeNumber": "1", "haltTime": "02:00", "distance": "38", "dayCount": "1", "stnSerialNumber": "6", "boardingDisabled": "false"}, {"stationCode": "SLR", "stationName": "SALOGRA", "arrivalTime": "12:16", "departureTime": "12:17", "routeNumber": "1", "haltTime": "01:00", "distance": "43", "dayCount": "1", "stnSerialNumber": "7", "boardingDisabled": "false"}, {"stationCode": "SOL", "stationName": "SOLAN", "arrivalTime": "12:36", "departureTime": "12:37", "routeNumber": "1", "haltTime": "01:00", "distance": "50", "dayCount": "1", "stnSerialNumber": "8", "boardingDisabled": "false"}, {"stationCode": "BOF", "stationName": "BAROG", "arrivalTime": "12:53", "departureTime": "13:00", "routeNumber": "1", "haltTime": "07:00", "distance": "54", "dayCount": "1", "stnSerialNumber": "9", "boardingDisabled": "false"}, {"stationCode": "KMTI", "stationName": "KUMARHATTI", "arrivalTime": "13:34", "departureTime": "13:36", "routeNumber": "1", "haltTime": "02:00", "distance": "57", "dayCount": "1", "stnSerialNumber": "10", "boardingDisabled": "false"}, {"stationCode": "DMP", "stationName": "DHARMPUR HMCHL", "arrivalTime": "14:03", "departureTime": "14:05", "routeNumber": "1", "haltTime": "02:00", "distance": "63", "dayCount": "1", "stnSerialNumber": "11", "boardingDisabled": "false"}, {"stationCode": "KLK", "stationName": "KALKA", "arrivalTime": "15:50", "departureTime": "--", "routeNumber": "1", "haltTime": "--", "distance": "96", "dayCount": "1", "stnSerialNumber": "12", "boardingDisabled": "false"}]}