{"trainNumber": "04505", "trainName": "KLK SML SPL", "stationFrom": "KLK", "stationTo": "SML", "trainOwner": "0", "trainRunsOnMon": "Y", "trainRunsOnTue": "Y", "trainRunsOnWed": "Y", "trainRunsOnThu": "Y", "trainRunsOnFri": "Y", "trainRunsOnSat": "Y", "trainRunsOnSun": "Y", "timeStamp": "2023-06-19T15:31:39.235", "duration": "0", "stationList": [{"stationCode": "KLK", "stationName": "KALKA", "arrivalTime": "--", "departureTime": "13:05", "routeNumber": "1", "haltTime": "--", "distance": "0", "dayCount": "1", "stnSerialNumber": "1", "boardingDisabled": "false"}, {"stationCode": "SWO", "stationName": "SONWARA", "arrivalTime": "14:29", "departureTime": "14:31", "routeNumber": "1", "haltTime": "02:00", "distance": "27", "dayCount": "1", "stnSerialNumber": "2", "boardingDisabled": "false"}, {"stationCode": "DMP", "stationName": "DHARMPUR HMCHL", "arrivalTime": "15:07", "departureTime": "15:09", "routeNumber": "1", "haltTime": "02:00", "distance": "33", "dayCount": "1", "stnSerialNumber": "3", "boardingDisabled": "false"}, {"stationCode": "BOF", "stationName": "BAROG", "arrivalTime": "15:38", "departureTime": "15:46", "routeNumber": "1", "haltTime": "08:00", "distance": "43", "dayCount": "1", "stnSerialNumber": "4", "boardingDisabled": "false"}, {"stationCode": "SOL", "stationName": "SOLAN", "arrivalTime": "15:56", "departureTime": "15:58", "routeNumber": "1", "haltTime": "02:00", "distance": "47", "dayCount": "1", "stnSerialNumber": "5", "boardingDisabled": "false"}, {"stationCode": "SLR", "stationName": "SALOGRA", "arrivalTime": "16:17", "departureTime": "16:18", "routeNumber": "1", "haltTime": "01:00", "distance": "53", "dayCount": "1", "stnSerialNumber": "6", "boardingDisabled": "false"}, {"stationCode": "KDZ", "stationName": "KANDAGHAT", "arrivalTime": "16:35", "departureTime": "16:52", "routeNumber": "1", "haltTime": "17:00", "distance": "59", "dayCount": "1", "stnSerialNumber": "7", "boardingDisabled": "false"}, {"stationCode": "SGS", "stationName": "SHOGHI", "arrivalTime": "17:44", "departureTime": "17:46", "routeNumber": "1", "haltTime": "02:00", "distance": "78", "dayCount": "1", "stnSerialNumber": "8", "boardingDisabled": "false"}, {"stationCode": "TVI", "stationName": "TARADEVI", "arrivalTime": "18:13", "departureTime": "18:14", "routeNumber": "1", "haltTime": "01:00", "distance": "85", "dayCount": "1", "stnSerialNumber": "9", "boardingDisabled": "false"}, {"stationCode": "JTO", "stationName": "JUTOGH", "arrivalTime": "18:48", "departureTime": "18:50", "routeNumber": "1", "haltTime": "02:00", "distance": "90", "dayCount": "1", "stnSerialNumber": "10", "boardingDisabled": "false"}, {"stationCode": "SHZ", "stationName": "SUMMER HILL", "arrivalTime": "19:13", "departureTime": "19:14", "routeNumber": "1", "haltTime": "01:00", "distance": "93", "dayCount": "1", "stnSerialNumber": "11", "boardingDisabled": "false"}, {"stationCode": "SML", "stationName": "SIMLA", "arrivalTime": "19:30", "departureTime": "--", "routeNumber": "1", "haltTime": "--", "distance": "96", "dayCount": "1", "stnSerialNumber": "12", "boardingDisabled": "false"}]}