{"trainNumber": "04517", "trainName": "GKP FEST SPL", "stationFrom": "GKP", "stationTo": "CDG", "trainOwner": "0", "trainRunsOnMon": "N", "trainRunsOnTue": "N", "trainRunsOnWed": "N", "trainRunsOnThu": "N", "trainRunsOnFri": "Y", "trainRunsOnSat": "N", "trainRunsOnSun": "N", "timeStamp": "2023-06-19T15:30:17.007", "duration": "0", "stationList": [{"stationCode": "GKP", "stationName": "GORAKHPUR JN", "arrivalTime": "--", "departureTime": "22:05", "routeNumber": "1", "haltTime": "--", "distance": "0", "dayCount": "1", "stnSerialNumber": "1", "boardingDisabled": "false"}, {"stationCode": "BST", "stationName": "BASTI", "arrivalTime": "23:01", "departureTime": "23:04", "routeNumber": "1", "haltTime": "03:00", "distance": "65", "dayCount": "1", "stnSerialNumber": "2", "boardingDisabled": "false"}, {"stationCode": "GD", "stationName": "GONDA JN", "arrivalTime": "00:35", "departureTime": "00:40", "routeNumber": "1", "haltTime": "05:00", "distance": "154", "dayCount": "2", "stnSerialNumber": "3", "boardingDisabled": "false"}, {"stationCode": "LKO", "stationName": "LUCKNOW NR", "arrivalTime": "03:00", "departureTime": "03:10", "routeNumber": "1", "haltTime": "10:00", "distance": "271", "dayCount": "2", "stnSerialNumber": "5", "boardingDisabled": "false"}, {"stationCode": "BE", "stationName": "BAREILLY", "arrivalTime": "07:00", "departureTime": "07:02", "routeNumber": "1", "haltTime": "02:00", "distance": "506", "dayCount": "2", "stnSerialNumber": "7", "boardingDisabled": "false"}, {"stationCode": "MB", "stationName": "MORADABAD", "arrivalTime": "08:40", "departureTime": "08:48", "routeNumber": "1", "haltTime": "08:00", "distance": "597", "dayCount": "2", "stnSerialNumber": "8", "boardingDisabled": "false"}, {"stationCode": "SRE", "stationName": "SAHARANPUR", "arrivalTime": "11:57", "departureTime": "12:07", "routeNumber": "1", "haltTime": "10:00", "distance": "789", "dayCount": "2", "stnSerialNumber": "9", "boardingDisabled": "false"}, {"stationCode": "UMB", "stationName": "AMBALA CANT JN", "arrivalTime": "13:20", "departureTime": "13:25", "routeNumber": "1", "haltTime": "05:00", "distance": "870", "dayCount": "2", "stnSerialNumber": "10", "boardingDisabled": "false"}, {"stationCode": "CDG", "stationName": "CHANDIGARH", "arrivalTime": "14:10", "departureTime": "--", "routeNumber": "1", "haltTime": "--", "distance": "915", "dayCount": "2", "stnSerialNumber": "11", "boardingDisabled": "false"}]}