{"trainNumber": "04518", "trainName": "GKP FESTI SPL", "stationFrom": "CDG", "stationTo": "GKP", "trainOwner": "0", "trainRunsOnMon": "N", "trainRunsOnTue": "N", "trainRunsOnWed": "N", "trainRunsOnThu": "Y", "trainRunsOnFri": "N", "trainRunsOnSat": "N", "trainRunsOnSun": "N", "timeStamp": "2023-06-19T15:30:16.985", "duration": "0", "stationList": [{"stationCode": "CDG", "stationName": "CHANDIGARH", "arrivalTime": "--", "departureTime": "23:15", "routeNumber": "1", "haltTime": "--", "distance": "0", "dayCount": "1", "stnSerialNumber": "1", "boardingDisabled": "false"}, {"stationCode": "UMB", "stationName": "AMBALA CANT JN", "arrivalTime": "00:10", "departureTime": "00:25", "routeNumber": "1", "haltTime": "15:00", "distance": "46", "dayCount": "2", "stnSerialNumber": "2", "boardingDisabled": "false"}, {"stationCode": "SRE", "stationName": "SAHARANPUR", "arrivalTime": "02:20", "departureTime": "02:30", "routeNumber": "1", "haltTime": "10:00", "distance": "127", "dayCount": "2", "stnSerialNumber": "3", "boardingDisabled": "false"}, {"stationCode": "MB", "stationName": "MORADABAD", "arrivalTime": "06:10", "departureTime": "06:20", "routeNumber": "1", "haltTime": "10:00", "distance": "319", "dayCount": "2", "stnSerialNumber": "4", "boardingDisabled": "false"}, {"stationCode": "BE", "stationName": "BAREILLY", "arrivalTime": "07:40", "departureTime": "07:42", "routeNumber": "1", "haltTime": "02:00", "distance": "410", "dayCount": "2", "stnSerialNumber": "5", "boardingDisabled": "false"}, {"stationCode": "LKO", "stationName": "LUCKNOW NR", "arrivalTime": "11:35", "departureTime": "11:45", "routeNumber": "1", "haltTime": "10:00", "distance": "645", "dayCount": "2", "stnSerialNumber": "7", "boardingDisabled": "false"}, {"stationCode": "GD", "stationName": "GONDA JN", "arrivalTime": "15:30", "departureTime": "15:35", "routeNumber": "1", "haltTime": "05:00", "distance": "762", "dayCount": "2", "stnSerialNumber": "9", "boardingDisabled": "false"}, {"stationCode": "BST", "stationName": "BASTI", "arrivalTime": "16:50", "departureTime": "16:53", "routeNumber": "1", "haltTime": "03:00", "distance": "851", "dayCount": "2", "stnSerialNumber": "10", "boardingDisabled": "false"}, {"stationCode": "GKP", "stationName": "GORAKHPUR JN", "arrivalTime": "18:20", "departureTime": "--", "routeNumber": "1", "haltTime": "--", "distance": "915", "dayCount": "2", "stnSerialNumber": "11", "boardingDisabled": "false"}]}