{"trainNumber": "04652", "trainName": "ASR JYG SPL", "stationFrom": "ASR", "stationTo": "JYG", "trainOwner": "0", "trainRunsOnMon": "N", "trainRunsOnTue": "N", "trainRunsOnWed": "Y", "trainRunsOnThu": "N", "trainRunsOnFri": "Y", "trainRunsOnSat": "N", "trainRunsOnSun": "Y", "timeStamp": "2023-06-19T15:31:43.251", "duration": "0", "stationList": [{"stationCode": "ASR", "stationName": "AMRITSAR JN", "arrivalTime": "--", "departureTime": "10:55", "routeNumber": "1", "haltTime": "--", "distance": "0", "dayCount": "1", "stnSerialNumber": "1", "boardingDisabled": "false"}, {"stationCode": "UMB", "stationName": "AMBALA CANT JN", "arrivalTime": "14:45", "departureTime": "14:50", "routeNumber": "1", "haltTime": "05:00", "distance": "250", "dayCount": "1", "stnSerialNumber": "6", "boardingDisabled": "false"}, {"stationCode": "DLI", "stationName": "DELHI", "arrivalTime": "17:40", "departureTime": "18:10", "routeNumber": "1", "haltTime": "30:00", "distance": "447", "dayCount": "1", "stnSerialNumber": "7", "boardingDisabled": "false"}, {"stationCode": "MB", "stationName": "MORADABAD", "arrivalTime": "21:10", "departureTime": "21:20", "routeNumber": "1", "haltTime": "10:00", "distance": "608", "dayCount": "1", "stnSerialNumber": "9", "boardingDisabled": "false"}, {"stationCode": "LKO", "stationName": "LUCKNOW NR", "arrivalTime": "02:30", "departureTime": "02:40", "routeNumber": "1", "haltTime": "10:00", "distance": "933", "dayCount": "2", "stnSerialNumber": "11", "boardingDisabled": "false"}, {"stationCode": "SHG", "stationName": "SHAHGANJ JN", "arrivalTime": "07:15", "departureTime": "07:40", "routeNumber": "1", "haltTime": "25:00", "distance": "1166", "dayCount": "2", "stnSerialNumber": "12", "boardingDisabled": "false"}, {"stationCode": "CPR", "stationName": "CHHAPRA", "arrivalTime": "12:25", "departureTime": "12:40", "routeNumber": "1", "haltTime": "15:00", "distance": "1400", "dayCount": "2", "stnSerialNumber": "13", "boardingDisabled": "false"}, {"stationCode": "MFP", "stationName": "MUZAFFARPUR JN", "arrivalTime": "14:45", "departureTime": "14:50", "routeNumber": "1", "haltTime": "05:00", "distance": "1513", "dayCount": "2", "stnSerialNumber": "14", "boardingDisabled": "false"}, {"stationCode": "SPJ", "stationName": "SAMASTIPUR JN", "arrivalTime": "16:10", "departureTime": "16:35", "routeNumber": "1", "haltTime": "25:00", "distance": "1564", "dayCount": "2", "stnSerialNumber": "15", "boardingDisabled": "false"}, {"stationCode": "DBG", "stationName": "DARBHANGA JN", "arrivalTime": "17:30", "departureTime": "17:35", "routeNumber": "1", "haltTime": "05:00", "distance": "1602", "dayCount": "2", "stnSerialNumber": "16", "boardingDisabled": "false"}, {"stationCode": "JYG", "stationName": "JAYNAGAR", "arrivalTime": "20:00", "departureTime": "--", "routeNumber": "1", "haltTime": "--", "distance": "1670", "dayCount": "2", "stnSerialNumber": "17", "boardingDisabled": "false"}]}