{"trainNumber": "04656", "trainName": "GARIB RATH SPL", "stationFrom": "JAT", "stationTo": "UDZ", "trainOwner": "0", "trainRunsOnMon": "N", "trainRunsOnTue": "N", "trainRunsOnWed": "N", "trainRunsOnThu": "Y", "trainRunsOnFri": "N", "trainRunsOnSat": "N", "trainRunsOnSun": "N", "timeStamp": "2023-06-19T15:31:43.215", "duration": "0", "stationList": [{"stationCode": "JAT", "stationName": "JAMMU TAWI", "arrivalTime": "--", "departureTime": "05:45", "routeNumber": "1", "haltTime": "--", "distance": "0", "dayCount": "1", "stnSerialNumber": "1", "boardingDisabled": "false"}, {"stationCode": "PTKC", "stationName": "PATHANKOT CANTT", "arrivalTime": "07:40", "departureTime": "07:45", "routeNumber": "1", "haltTime": "05:00", "distance": "100", "dayCount": "1", "stnSerialNumber": "2", "boardingDisabled": "false"}, {"stationCode": "JRC", "stationName": "JALANDHAR CANT", "arrivalTime": "09:37", "departureTime": "09:42", "routeNumber": "1", "haltTime": "05:00", "distance": "213", "dayCount": "1", "stnSerialNumber": "3", "boardingDisabled": "false"}, {"stationCode": "LDH", "stationName": "LUDHIANA JN", "arrivalTime": "10:40", "departureTime": "10:50", "routeNumber": "1", "haltTime": "10:00", "distance": "265", "dayCount": "1", "stnSerialNumber": "4", "boardingDisabled": "false"}, {"stationCode": "DUI", "stationName": "DHURI JN", "arrivalTime": "11:47", "departureTime": "11:55", "routeNumber": "1", "haltTime": "08:00", "distance": "327", "dayCount": "1", "stnSerialNumber": "5", "boardingDisabled": "false"}, {"stationCode": "JHL", "stationName": "JAKHAL JN", "arrivalTime": "12:54", "departureTime": "12:56", "routeNumber": "1", "haltTime": "02:00", "distance": "393", "dayCount": "1", "stnSerialNumber": "6", "boardingDisabled": "false"}, {"stationCode": "HSR", "stationName": "HISAR", "arrivalTime": "14:30", "departureTime": "15:00", "routeNumber": "1", "haltTime": "30:00", "distance": "474", "dayCount": "1", "stnSerialNumber": "7", "boardingDisabled": "false"}, {"stationCode": "BNW", "stationName": "BHIWANI", "arrivalTime": "16:00", "departureTime": "16:05", "routeNumber": "1", "haltTime": "05:00", "distance": "534", "dayCount": "1", "stnSerialNumber": "8", "boardingDisabled": "false"}, {"stationCode": "RE", "stationName": "REWARI", "arrivalTime": "18:15", "departureTime": "18:25", "routeNumber": "1", "haltTime": "10:00", "distance": "617", "dayCount": "1", "stnSerialNumber": "9", "boardingDisabled": "false"}, {"stationCode": "AWR", "stationName": "ALWAR", "arrivalTime": "20:40", "departureTime": "20:43", "routeNumber": "1", "haltTime": "03:00", "distance": "691", "dayCount": "1", "stnSerialNumber": "10", "boardingDisabled": "false"}, {"stationCode": "BKI", "stationName": "BANDIKUI JN", "arrivalTime": "21:45", "departureTime": "21:47", "routeNumber": "1", "haltTime": "02:00", "distance": "751", "dayCount": "1", "stnSerialNumber": "11", "boardingDisabled": "false"}, {"stationCode": "JP", "stationName": "JAIPUR", "arrivalTime": "23:00", "departureTime": "23:10", "routeNumber": "1", "haltTime": "10:00", "distance": "842", "dayCount": "1", "stnSerialNumber": "12", "boardingDisabled": "false"}, {"stationCode": "KSG", "stationName": "KISHANGARH", "arrivalTime": "00:30", "departureTime": "00:33", "routeNumber": "1", "haltTime": "03:00", "distance": "951", "dayCount": "2", "stnSerialNumber": "13", "boardingDisabled": "false"}, {"stationCode": "AII", "stationName": "AJMER JN", "arrivalTime": "01:15", "departureTime": "01:25", "routeNumber": "1", "haltTime": "10:00", "distance": "976", "dayCount": "2", "stnSerialNumber": "15", "boardingDisabled": "false"}, {"stationCode": "NSD", "stationName": "NASIRABAD", "arrivalTime": "01:50", "departureTime": "01:52", "routeNumber": "1", "haltTime": "02:00", "distance": "1000", "dayCount": "2", "stnSerialNumber": "16", "boardingDisabled": "false"}, {"stationCode": "BJNR", "stationName": "BIJAINAGAR", "arrivalTime": "02:38", "departureTime": "02:40", "routeNumber": "1", "haltTime": "02:00", "distance": "1042", "dayCount": "2", "stnSerialNumber": "17", "boardingDisabled": "false"}, {"stationCode": "BHL", "stationName": "BHILWARA", "arrivalTime": "04:15", "departureTime": "04:20", "routeNumber": "1", "haltTime": "05:00", "distance": "1108", "dayCount": "2", "stnSerialNumber": "18", "boardingDisabled": "false"}, {"stationCode": "CNA", "stationName": "CHANDERIYA", "arrivalTime": "05:10", "departureTime": "05:12", "routeNumber": "1", "haltTime": "02:00", "distance": "1155", "dayCount": "2", "stnSerialNumber": "19", "boardingDisabled": "false"}, {"stationCode": "MVJ", "stationName": "MAVLI JN", "arrivalTime": "06:13", "departureTime": "06:15", "routeNumber": "1", "haltTime": "02:00", "distance": "1228", "dayCount": "2", "stnSerialNumber": "20", "boardingDisabled": "false"}, {"stationCode": "UDZ", "stationName": "UDAIPUR CITY", "arrivalTime": "07:30", "departureTime": "--", "routeNumber": "1", "haltTime": "--", "distance": "1271", "dayCount": "2", "stnSerialNumber": "21", "boardingDisabled": "false"}]}