{"trainNumber": "04653", "trainName": "NJP ASR HUMSAFAR", "stationFrom": "NJP", "stationTo": "ASR", "trainOwner": "0", "trainRunsOnMon": "N", "trainRunsOnTue": "N", "trainRunsOnWed": "N", "trainRunsOnThu": "N", "trainRunsOnFri": "Y", "trainRunsOnSat": "N", "trainRunsOnSun": "N", "timeStamp": "2023-06-19T15:31:43.173", "duration": "0", "stationList": [{"stationCode": "NJP", "stationName": "NEW JALPAIGURI", "arrivalTime": "--", "departureTime": "07:00", "routeNumber": "1", "haltTime": "--", "distance": "0", "dayCount": "1", "stnSerialNumber": "1", "boardingDisabled": "false"}, {"stationCode": "KIR", "stationName": "KATIHAR JN", "arrivalTime": "10:30", "departureTime": "10:40", "routeNumber": "1", "haltTime": "10:00", "distance": "184", "dayCount": "1", "stnSerialNumber": "2", "boardingDisabled": "false"}, {"stationCode": "SPJ", "stationName": "SAMASTIPUR JN", "arrivalTime": "14:05", "departureTime": "14:10", "routeNumber": "1", "haltTime": "05:00", "distance": "393", "dayCount": "1", "stnSerialNumber": "3", "boardingDisabled": "false"}, {"stationCode": "MFP", "stationName": "MUZAFFARPUR JN", "arrivalTime": "15:05", "departureTime": "15:10", "routeNumber": "1", "haltTime": "05:00", "distance": "445", "dayCount": "1", "stnSerialNumber": "4", "boardingDisabled": "false"}, {"stationCode": "CPR", "stationName": "CHHAPRA", "arrivalTime": "17:25", "departureTime": "17:35", "routeNumber": "1", "haltTime": "10:00", "distance": "558", "dayCount": "1", "stnSerialNumber": "5", "boardingDisabled": "false"}, {"stationCode": "GKP", "stationName": "GORAKHPUR JN", "arrivalTime": "20:40", "departureTime": "20:55", "routeNumber": "1", "haltTime": "15:00", "distance": "738", "dayCount": "1", "stnSerialNumber": "6", "boardingDisabled": "false"}, {"stationCode": "STP", "stationName": "SITAPUR", "arrivalTime": "02:40", "departureTime": "02:50", "routeNumber": "1", "haltTime": "10:00", "distance": "1050", "dayCount": "2", "stnSerialNumber": "7", "boardingDisabled": "false"}, {"stationCode": "MB", "stationName": "MORADABAD", "arrivalTime": "07:35", "departureTime": "07:43", "routeNumber": "1", "haltTime": "08:00", "distance": "1303", "dayCount": "2", "stnSerialNumber": "9", "boardingDisabled": "false"}, {"stationCode": "SRE", "stationName": "SAHARANPUR", "arrivalTime": "10:42", "departureTime": "10:52", "routeNumber": "1", "haltTime": "10:00", "distance": "1495", "dayCount": "2", "stnSerialNumber": "10", "boardingDisabled": "false"}, {"stationCode": "ASR", "stationName": "AMRITSAR JN", "arrivalTime": "16:20", "departureTime": "--", "routeNumber": "1", "haltTime": "--", "distance": "1826", "dayCount": "2", "stnSerialNumber": "15", "boardingDisabled": "false"}]}