{"trainNumber": "04654", "trainName": "ASR NJP SF SPL", "stationFrom": "ASR", "stationTo": "NJP", "trainOwner": "0", "trainRunsOnMon": "N", "trainRunsOnTue": "N", "trainRunsOnWed": "Y", "trainRunsOnThu": "N", "trainRunsOnFri": "N", "trainRunsOnSat": "N", "trainRunsOnSun": "N", "timeStamp": "2023-06-19T15:31:43.197", "duration": "0", "stationList": [{"stationCode": "ASR", "stationName": "AMRITSAR JN", "arrivalTime": "--", "departureTime": "08:40", "routeNumber": "1", "haltTime": "--", "distance": "0", "dayCount": "1", "stnSerialNumber": "1", "boardingDisabled": "false"}, {"stationCode": "SRE", "stationName": "SAHARANPUR", "arrivalTime": "14:00", "departureTime": "14:10", "routeNumber": "1", "haltTime": "10:00", "distance": "331", "dayCount": "1", "stnSerialNumber": "6", "boardingDisabled": "false"}, {"stationCode": "MB", "stationName": "MORADABAD", "arrivalTime": "17:30", "departureTime": "17:40", "routeNumber": "1", "haltTime": "10:00", "distance": "523", "dayCount": "1", "stnSerialNumber": "7", "boardingDisabled": "false"}, {"stationCode": "STP", "stationName": "SITAPUR", "arrivalTime": "22:10", "departureTime": "22:20", "routeNumber": "1", "haltTime": "10:00", "distance": "776", "dayCount": "1", "stnSerialNumber": "9", "boardingDisabled": "false"}, {"stationCode": "GKP", "stationName": "GORAKHPUR JN", "arrivalTime": "03:55", "departureTime": "04:05", "routeNumber": "1", "haltTime": "10:00", "distance": "1088", "dayCount": "2", "stnSerialNumber": "10", "boardingDisabled": "false"}, {"stationCode": "CPR", "stationName": "CHHAPRA", "arrivalTime": "07:00", "departureTime": "07:10", "routeNumber": "1", "haltTime": "10:00", "distance": "1268", "dayCount": "2", "stnSerialNumber": "11", "boardingDisabled": "false"}, {"stationCode": "MFP", "stationName": "MUZAFFARPUR JN", "arrivalTime": "09:30", "departureTime": "09:35", "routeNumber": "1", "haltTime": "05:00", "distance": "1381", "dayCount": "2", "stnSerialNumber": "12", "boardingDisabled": "false"}, {"stationCode": "SPJ", "stationName": "SAMASTIPUR JN", "arrivalTime": "10:30", "departureTime": "10:35", "routeNumber": "1", "haltTime": "05:00", "distance": "1433", "dayCount": "2", "stnSerialNumber": "13", "boardingDisabled": "false"}, {"stationCode": "KIR", "stationName": "KATIHAR JN", "arrivalTime": "14:25", "departureTime": "14:35", "routeNumber": "1", "haltTime": "10:00", "distance": "1642", "dayCount": "2", "stnSerialNumber": "14", "boardingDisabled": "false"}, {"stationCode": "NJP", "stationName": "NEW JALPAIGURI", "arrivalTime": "17:45", "departureTime": "--", "routeNumber": "1", "haltTime": "--", "distance": "1826", "dayCount": "2", "stnSerialNumber": "15", "boardingDisabled": "false"}]}