{"trainNumber": "04705", "trainName": "SGNR JP HSP SPL", "stationFrom": "SGNR", "stationTo": "JP", "trainOwner": "0", "trainRunsOnMon": "Y", "trainRunsOnTue": "Y", "trainRunsOnWed": "Y", "trainRunsOnThu": "Y", "trainRunsOnFri": "Y", "trainRunsOnSat": "Y", "trainRunsOnSun": "Y", "timeStamp": "2023-06-19T15:31:42.412", "duration": "0", "stationList": [{"stationCode": "SGNR", "stationName": "SHRI GANGANAGAR", "arrivalTime": "--", "departureTime": "23:45", "routeNumber": "1", "haltTime": "--", "distance": "0", "dayCount": "1", "stnSerialNumber": "1", "boardingDisabled": "false"}, {"stationCode": "SDS", "stationName": "SADULSHAHR", "arrivalTime": "00:10", "departureTime": "00:12", "routeNumber": "1", "haltTime": "02:00", "distance": "30", "dayCount": "2", "stnSerialNumber": "2", "boardingDisabled": "false"}, {"stationCode": "DPK", "stationName": "DHOLIPAL", "arrivalTime": "00:28", "departureTime": "00:30", "routeNumber": "1", "haltTime": "02:00", "distance": "48", "dayCount": "2", "stnSerialNumber": "3", "boardingDisabled": "false"}, {"stationCode": "HMH", "stationName": "HANUMANGARH JN", "arrivalTime": "01:10", "departureTime": "01:40", "routeNumber": "1", "haltTime": "30:00", "distance": "67", "dayCount": "2", "stnSerialNumber": "4", "boardingDisabled": "false"}, {"stationCode": "HMO", "stationName": "HANUMANGARHTOWN", "arrivalTime": "01:50", "departureTime": "01:52", "routeNumber": "1", "haltTime": "02:00", "distance": "74", "dayCount": "2", "stnSerialNumber": "5", "boardingDisabled": "false"}, {"stationCode": "TIBI", "stationName": "TIBI", "arrivalTime": "02:12", "departureTime": "02:14", "routeNumber": "1", "haltTime": "02:00", "distance": "91", "dayCount": "2", "stnSerialNumber": "6", "boardingDisabled": "false"}, {"stationCode": "ENB", "stationName": "ELLENABAD", "arrivalTime": "02:37", "departureTime": "02:39", "routeNumber": "1", "haltTime": "02:00", "distance": "110", "dayCount": "2", "stnSerialNumber": "7", "boardingDisabled": "false"}, {"stationCode": "NHR", "stationName": "NOHAR", "arrivalTime": "03:11", "departureTime": "03:13", "routeNumber": "1", "haltTime": "02:00", "distance": "141", "dayCount": "2", "stnSerialNumber": "8", "boardingDisabled": "false"}, {"stationCode": "GAMI", "stationName": "GOGAMERI", "arrivalTime": "03:39", "departureTime": "03:41", "routeNumber": "1", "haltTime": "02:00", "distance": "167", "dayCount": "2", "stnSerialNumber": "9", "boardingDisabled": "false"}, {"stationCode": "TSD", "stationName": "TAHSIL BHADRA", "arrivalTime": "03:52", "departureTime": "03:54", "routeNumber": "1", "haltTime": "02:00", "distance": "181", "dayCount": "2", "stnSerialNumber": "10", "boardingDisabled": "false"}, {"stationCode": "AUS", "stationName": "ANUPSHAHR", "arrivalTime": "04:08", "departureTime": "04:10", "routeNumber": "1", "haltTime": "02:00", "distance": "201", "dayCount": "2", "stnSerialNumber": "11", "boardingDisabled": "false"}, {"stationCode": "SDMK", "stationName": "SIDMUKH", "arrivalTime": "04:19", "departureTime": "04:21", "routeNumber": "1", "haltTime": "02:00", "distance": "210", "dayCount": "2", "stnSerialNumber": "12", "boardingDisabled": "false"}, {"stationCode": "SDLP", "stationName": "SADULPUR JN", "arrivalTime": "05:40", "departureTime": "06:10", "routeNumber": "1", "haltTime": "30:00", "distance": "246", "dayCount": "2", "stnSerialNumber": "13", "boardingDisabled": "false"}, {"stationCode": "RMB", "stationName": "RAMPURA BERI", "arrivalTime": "06:32", "departureTime": "06:34", "routeNumber": "1", "haltTime": "02:00", "distance": "276", "dayCount": "2", "stnSerialNumber": "14", "boardingDisabled": "false"}, {"stationCode": "LHU", "stationName": "LOHARU", "arrivalTime": "07:05", "departureTime": "07:10", "routeNumber": "1", "haltTime": "05:00", "distance": "296", "dayCount": "2", "stnSerialNumber": "15", "boardingDisabled": "false"}, {"stationCode": "SRGH", "stationName": "SURAJGARH", "arrivalTime": "07:30", "departureTime": "07:32", "routeNumber": "1", "haltTime": "02:00", "distance": "313", "dayCount": "2", "stnSerialNumber": "16", "boardingDisabled": "false"}, {"stationCode": "CRWA", "stationName": "CHIRAWA", "arrivalTime": "07:43", "departureTime": "07:45", "routeNumber": "1", "haltTime": "02:00", "distance": "325", "dayCount": "2", "stnSerialNumber": "17", "boardingDisabled": "false"}, {"stationCode": "RSH", "stationName": "RATAN SHAHR", "arrivalTime": "07:58", "departureTime": "08:00", "routeNumber": "1", "haltTime": "02:00", "distance": "339", "dayCount": "2", "stnSerialNumber": "18", "boardingDisabled": "false"}, {"stationCode": "JJN", "stationName": "JHUNJHUNUN", "arrivalTime": "08:13", "departureTime": "08:15", "routeNumber": "1", "haltTime": "02:00", "distance": "354", "dayCount": "2", "stnSerialNumber": "19", "boardingDisabled": "false"}, {"stationCode": "DOB", "stationName": "DUNDLOD MKDGRH", "arrivalTime": "08:35", "departureTime": "08:37", "routeNumber": "1", "haltTime": "02:00", "distance": "380", "dayCount": "2", "stnSerialNumber": "20", "boardingDisabled": "false"}, {"stationCode": "NWH", "stationName": "NAWALGARH", "arrivalTime": "08:48", "departureTime": "08:50", "routeNumber": "1", "haltTime": "02:00", "distance": "391", "dayCount": "2", "stnSerialNumber": "21", "boardingDisabled": "false"}, {"stationCode": "SIKR", "stationName": "SIKAR JN", "arrivalTime": "09:25", "departureTime": "09:30", "routeNumber": "1", "haltTime": "05:00", "distance": "418", "dayCount": "2", "stnSerialNumber": "22", "boardingDisabled": "false"}, {"stationCode": "RGS", "stationName": "RINGAS JN", "arrivalTime": "10:11", "departureTime": "10:15", "routeNumber": "1", "haltTime": "04:00", "distance": "468", "dayCount": "2", "stnSerialNumber": "23", "boardingDisabled": "false"}, {"stationCode": "COM", "stationName": "CHOMUN SAMOD", "arrivalTime": "10:44", "departureTime": "10:46", "routeNumber": "1", "haltTime": "02:00", "distance": "500", "dayCount": "2", "stnSerialNumber": "24", "boardingDisabled": "false"}, {"stationCode": "DKBJ", "stationName": "DAHAR KA BALAJI", "arrivalTime": "11:12", "departureTime": "11:15", "routeNumber": "1", "haltTime": "03:00", "distance": "525", "dayCount": "2", "stnSerialNumber": "25", "boardingDisabled": "false"}, {"stationCode": "JP", "stationName": "JAIPUR", "arrivalTime": "11:50", "departureTime": "--", "routeNumber": "1", "haltTime": "--", "distance": "529", "dayCount": "2", "stnSerialNumber": "26", "boardingDisabled": "false"}]}