{"trainNumber": "04706", "trainName": "JP SGNR HSP SPL", "stationFrom": "JP", "stationTo": "SGNR", "trainOwner": "0", "trainRunsOnMon": "Y", "trainRunsOnTue": "Y", "trainRunsOnWed": "Y", "trainRunsOnThu": "Y", "trainRunsOnFri": "Y", "trainRunsOnSat": "Y", "trainRunsOnSun": "Y", "timeStamp": "2023-06-19T15:31:42.419", "duration": "0", "stationList": [{"stationCode": "JP", "stationName": "JAIPUR", "arrivalTime": "--", "departureTime": "13:05", "routeNumber": "1", "haltTime": "--", "distance": "0", "dayCount": "1", "stnSerialNumber": "1", "boardingDisabled": "false"}, {"stationCode": "DKBJ", "stationName": "DAHAR KA BALAJI", "arrivalTime": "13:12", "departureTime": "13:15", "routeNumber": "1", "haltTime": "03:00", "distance": "4", "dayCount": "1", "stnSerialNumber": "2", "boardingDisabled": "false"}, {"stationCode": "COM", "stationName": "CHOMUN SAMOD", "arrivalTime": "13:36", "departureTime": "13:38", "routeNumber": "1", "haltTime": "02:00", "distance": "29", "dayCount": "1", "stnSerialNumber": "3", "boardingDisabled": "false"}, {"stationCode": "RGS", "stationName": "RINGAS JN", "arrivalTime": "14:13", "departureTime": "14:16", "routeNumber": "1", "haltTime": "03:00", "distance": "61", "dayCount": "1", "stnSerialNumber": "4", "boardingDisabled": "false"}, {"stationCode": "SIKR", "stationName": "SIKAR JN", "arrivalTime": "15:05", "departureTime": "15:10", "routeNumber": "1", "haltTime": "05:00", "distance": "111", "dayCount": "1", "stnSerialNumber": "5", "boardingDisabled": "false"}, {"stationCode": "NWH", "stationName": "NAWALGARH", "arrivalTime": "15:35", "departureTime": "15:37", "routeNumber": "1", "haltTime": "02:00", "distance": "139", "dayCount": "1", "stnSerialNumber": "6", "boardingDisabled": "false"}, {"stationCode": "DOB", "stationName": "DUNDLOD MKDGRH", "arrivalTime": "15:48", "departureTime": "15:50", "routeNumber": "1", "haltTime": "02:00", "distance": "149", "dayCount": "1", "stnSerialNumber": "7", "boardingDisabled": "false"}, {"stationCode": "JJN", "stationName": "JHUNJHUNUN", "arrivalTime": "16:10", "departureTime": "16:12", "routeNumber": "1", "haltTime": "02:00", "distance": "175", "dayCount": "1", "stnSerialNumber": "8", "boardingDisabled": "false"}, {"stationCode": "RSH", "stationName": "RATAN SHAHR", "arrivalTime": "16:24", "departureTime": "16:26", "routeNumber": "1", "haltTime": "02:00", "distance": "190", "dayCount": "1", "stnSerialNumber": "9", "boardingDisabled": "false"}, {"stationCode": "CRWA", "stationName": "CHIRAWA", "arrivalTime": "16:39", "departureTime": "16:41", "routeNumber": "1", "haltTime": "02:00", "distance": "205", "dayCount": "1", "stnSerialNumber": "10", "boardingDisabled": "false"}, {"stationCode": "SRGH", "stationName": "SURAJGARH", "arrivalTime": "16:52", "departureTime": "16:54", "routeNumber": "1", "haltTime": "02:00", "distance": "216", "dayCount": "1", "stnSerialNumber": "11", "boardingDisabled": "false"}, {"stationCode": "LHU", "stationName": "LOHARU", "arrivalTime": "17:35", "departureTime": "17:38", "routeNumber": "1", "haltTime": "03:00", "distance": "233", "dayCount": "1", "stnSerialNumber": "12", "boardingDisabled": "false"}, {"stationCode": "RMB", "stationName": "RAMPURA BERI", "arrivalTime": "17:56", "departureTime": "17:58", "routeNumber": "1", "haltTime": "02:00", "distance": "254", "dayCount": "1", "stnSerialNumber": "13", "boardingDisabled": "false"}, {"stationCode": "SDLP", "stationName": "SADULPUR JN", "arrivalTime": "18:40", "departureTime": "19:10", "routeNumber": "1", "haltTime": "30:00", "distance": "283", "dayCount": "1", "stnSerialNumber": "14", "boardingDisabled": "false"}, {"stationCode": "SDMK", "stationName": "SIDMUKH", "arrivalTime": "19:34", "departureTime": "19:36", "routeNumber": "1", "haltTime": "02:00", "distance": "319", "dayCount": "1", "stnSerialNumber": "15", "boardingDisabled": "false"}, {"stationCode": "AUS", "stationName": "ANUPSHAHR", "arrivalTime": "19:47", "departureTime": "19:49", "routeNumber": "1", "haltTime": "02:00", "distance": "329", "dayCount": "1", "stnSerialNumber": "16", "boardingDisabled": "false"}, {"stationCode": "TSD", "stationName": "TAHSIL BHADRA", "arrivalTime": "20:03", "departureTime": "20:05", "routeNumber": "1", "haltTime": "02:00", "distance": "348", "dayCount": "1", "stnSerialNumber": "17", "boardingDisabled": "false"}, {"stationCode": "GAMI", "stationName": "GOGAMERI", "arrivalTime": "20:16", "departureTime": "20:18", "routeNumber": "1", "haltTime": "02:00", "distance": "362", "dayCount": "1", "stnSerialNumber": "18", "boardingDisabled": "false"}, {"stationCode": "NHR", "stationName": "NOHAR", "arrivalTime": "20:42", "departureTime": "20:44", "routeNumber": "1", "haltTime": "02:00", "distance": "388", "dayCount": "1", "stnSerialNumber": "19", "boardingDisabled": "false"}, {"stationCode": "ENB", "stationName": "ELLENABAD", "arrivalTime": "21:11", "departureTime": "21:13", "routeNumber": "1", "haltTime": "02:00", "distance": "419", "dayCount": "1", "stnSerialNumber": "20", "boardingDisabled": "false"}, {"stationCode": "TIBI", "stationName": "TIBI", "arrivalTime": "21:31", "departureTime": "21:33", "routeNumber": "1", "haltTime": "02:00", "distance": "439", "dayCount": "1", "stnSerialNumber": "21", "boardingDisabled": "false"}, {"stationCode": "HMO", "stationName": "HANUMANGARHTOWN", "arrivalTime": "21:52", "departureTime": "21:54", "routeNumber": "1", "haltTime": "02:00", "distance": "456", "dayCount": "1", "stnSerialNumber": "22", "boardingDisabled": "false"}, {"stationCode": "HMH", "stationName": "HANUMANGARH JN", "arrivalTime": "22:30", "departureTime": "23:00", "routeNumber": "1", "haltTime": "30:00", "distance": "462", "dayCount": "1", "stnSerialNumber": "23", "boardingDisabled": "false"}, {"stationCode": "DPK", "stationName": "DHOLIPAL", "arrivalTime": "23:16", "departureTime": "23:18", "routeNumber": "1", "haltTime": "02:00", "distance": "481", "dayCount": "1", "stnSerialNumber": "24", "boardingDisabled": "false"}, {"stationCode": "SDS", "stationName": "SADULSHAHR", "arrivalTime": "23:33", "departureTime": "23:35", "routeNumber": "1", "haltTime": "02:00", "distance": "500", "dayCount": "1", "stnSerialNumber": "25", "boardingDisabled": "false"}, {"stationCode": "SGNR", "stationName": "SHRI GANGANAGAR", "arrivalTime": "00:45", "departureTime": "--", "routeNumber": "1", "haltTime": "--", "distance": "529", "dayCount": "2", "stnSerialNumber": "26", "boardingDisabled": "false"}]}{"trainNumber": "04706", "trainName": "JP SGNR HSP SPL", "stationFrom": "JP", "stationTo": "SGNR", "trainOwner": "0", "trainRunsOnMon": "Y", "trainRunsOnTue": "Y", "trainRunsOnWed": "Y", "trainRunsOnThu": "Y", "trainRunsOnFri": "Y", "trainRunsOnSat": "Y", "trainRunsOnSun": "Y", "timeStamp": "2023-06-19T15:31:47.129", "duration": "0", "stationList": [{"stationCode": "JP", "stationName": "JAIPUR", "arrivalTime": "--", "departureTime": "13:05", "routeNumber": "1", "haltTime": "--", "distance": "0", "dayCount": "1", "stnSerialNumber": "1", "boardingDisabled": "false"}, {"stationCode": "DKBJ", "stationName": "DAHAR KA BALAJI", "arrivalTime": "13:12", "departureTime": "13:15", "routeNumber": "1", "haltTime": "03:00", "distance": "4", "dayCount": "1", "stnSerialNumber": "2", "boardingDisabled": "false"}, {"stationCode": "COM", "stationName": "CHOMUN SAMOD", "arrivalTime": "13:36", "departureTime": "13:38", "routeNumber": "1", "haltTime": "02:00", "distance": "29", "dayCount": "1", "stnSerialNumber": "3", "boardingDisabled": "false"}, {"stationCode": "RGS", "stationName": "RINGAS JN", "arrivalTime": "14:13", "departureTime": "14:16", "routeNumber": "1", "haltTime": "03:00", "distance": "61", "dayCount": "1", "stnSerialNumber": "4", "boardingDisabled": "false"}, {"stationCode": "SIKR", "stationName": "SIKAR JN", "arrivalTime": "15:05", "departureTime": "15:10", "routeNumber": "1", "haltTime": "05:00", "distance": "111", "dayCount": "1", "stnSerialNumber": "5", "boardingDisabled": "false"}, {"stationCode": "NWH", "stationName": "NAWALGARH", "arrivalTime": "15:35", "departureTime": "15:37", "routeNumber": "1", "haltTime": "02:00", "distance": "139", "dayCount": "1", "stnSerialNumber": "6", "boardingDisabled": "false"}, {"stationCode": "DOB", "stationName": "DUNDLOD MKDGRH", "arrivalTime": "15:48", "departureTime": "15:50", "routeNumber": "1", "haltTime": "02:00", "distance": "149", "dayCount": "1", "stnSerialNumber": "7", "boardingDisabled": "false"}, {"stationCode": "JJN", "stationName": "JHUNJHUNUN", "arrivalTime": "16:10", "departureTime": "16:12", "routeNumber": "1", "haltTime": "02:00", "distance": "175", "dayCount": "1", "stnSerialNumber": "8", "boardingDisabled": "false"}, {"stationCode": "RSH", "stationName": "RATAN SHAHR", "arrivalTime": "16:24", "departureTime": "16:26", "routeNumber": "1", "haltTime": "02:00", "distance": "190", "dayCount": "1", "stnSerialNumber": "9", "boardingDisabled": "false"}, {"stationCode": "CRWA", "stationName": "CHIRAWA", "arrivalTime": "16:39", "departureTime": "16:41", "routeNumber": "1", "haltTime": "02:00", "distance": "205", "dayCount": "1", "stnSerialNumber": "10", "boardingDisabled": "false"}, {"stationCode": "SRGH", "stationName": "SURAJGARH", "arrivalTime": "16:52", "departureTime": "16:54", "routeNumber": "1", "haltTime": "02:00", "distance": "216", "dayCount": "1", "stnSerialNumber": "11", "boardingDisabled": "false"}, {"stationCode": "LHU", "stationName": "LOHARU", "arrivalTime": "17:35", "departureTime": "17:38", "routeNumber": "1", "haltTime": "03:00", "distance": "233", "dayCount": "1", "stnSerialNumber": "12", "boardingDisabled": "false"}, {"stationCode": "RMB", "stationName": "RAMPURA BERI", "arrivalTime": "17:56", "departureTime": "17:58", "routeNumber": "1", "haltTime": "02:00", "distance": "254", "dayCount": "1", "stnSerialNumber": "13", "boardingDisabled": "false"}, {"stationCode": "SDLP", "stationName": "SADULPUR JN", "arrivalTime": "18:40", "departureTime": "19:10", "routeNumber": "1", "haltTime": "30:00", "distance": "283", "dayCount": "1", "stnSerialNumber": "14", "boardingDisabled": "false"}, {"stationCode": "SDMK", "stationName": "SIDMUKH", "arrivalTime": "19:34", "departureTime": "19:36", "routeNumber": "1", "haltTime": "02:00", "distance": "319", "dayCount": "1", "stnSerialNumber": "15", "boardingDisabled": "false"}, {"stationCode": "AUS", "stationName": "ANUPSHAHR", "arrivalTime": "19:47", "departureTime": "19:49", "routeNumber": "1", "haltTime": "02:00", "distance": "329", "dayCount": "1", "stnSerialNumber": "16", "boardingDisabled": "false"}, {"stationCode": "TSD", "stationName": "TAHSIL BHADRA", "arrivalTime": "20:03", "departureTime": "20:05", "routeNumber": "1", "haltTime": "02:00", "distance": "348", "dayCount": "1", "stnSerialNumber": "17", "boardingDisabled": "false"}, {"stationCode": "GAMI", "stationName": "GOGAMERI", "arrivalTime": "20:16", "departureTime": "20:18", "routeNumber": "1", "haltTime": "02:00", "distance": "362", "dayCount": "1", "stnSerialNumber": "18", "boardingDisabled": "false"}, {"stationCode": "NHR", "stationName": "NOHAR", "arrivalTime": "20:42", "departureTime": "20:44", "routeNumber": "1", "haltTime": "02:00", "distance": "388", "dayCount": "1", "stnSerialNumber": "19", "boardingDisabled": "false"}, {"stationCode": "ENB", "stationName": "ELLENABAD", "arrivalTime": "21:11", "departureTime": "21:13", "routeNumber": "1", "haltTime": "02:00", "distance": "419", "dayCount": "1", "stnSerialNumber": "20", "boardingDisabled": "false"}, {"stationCode": "TIBI", "stationName": "TIBI", "arrivalTime": "21:31", "departureTime": "21:33", "routeNumber": "1", "haltTime": "02:00", "distance": "439", "dayCount": "1", "stnSerialNumber": "21", "boardingDisabled": "false"}, {"stationCode": "HMO", "stationName": "HANUMANGARHTOWN", "arrivalTime": "21:52", "departureTime": "21:54", "routeNumber": "1", "haltTime": "02:00", "distance": "456", "dayCount": "1", "stnSerialNumber": "22", "boardingDisabled": "false"}, {"stationCode": "HMH", "stationName": "HANUMANGARH JN", "arrivalTime": "22:30", "departureTime": "23:00", "routeNumber": "1", "haltTime": "30:00", "distance": "462", "dayCount": "1", "stnSerialNumber": "23", "boardingDisabled": "false"}, {"stationCode": "DPK", "stationName": "DHOLIPAL", "arrivalTime": "23:16", "departureTime": "23:18", "routeNumber": "1", "haltTime": "02:00", "distance": "481", "dayCount": "1", "stnSerialNumber": "24", "boardingDisabled": "false"}, {"stationCode": "SDS", "stationName": "SADULSHAHR", "arrivalTime": "23:33", "departureTime": "23:35", "routeNumber": "1", "haltTime": "02:00", "distance": "500", "dayCount": "1", "stnSerialNumber": "25", "boardingDisabled": "false"}, {"stationCode": "SGNR", "stationName": "SHRI GANGANAGAR", "arrivalTime": "00:45", "departureTime": "--", "routeNumber": "1", "haltTime": "--", "distance": "529", "dayCount": "2", "stnSerialNumber": "26", "boardingDisabled": "false"}]}