{"trainNumber": "04714", "trainName": "BDTS BIKANER SPL", "stationFrom": "BDTS", "stationTo": "BKN", "trainOwner": "0", "trainRunsOnMon": "N", "trainRunsOnTue": "N", "trainRunsOnWed": "N", "trainRunsOnThu": "N", "trainRunsOnFri": "Y", "trainRunsOnSat": "N", "trainRunsOnSun": "N", "timeStamp": "2023-06-19T15:31:03.817", "duration": "0", "stationList": [{"stationCode": "BDTS", "stationName": "BANDRA TERMINUS", "arrivalTime": "--", "departureTime": "16:00", "routeNumber": "1", "haltTime": "--", "distance": "0", "dayCount": "1", "stnSerialNumber": "1", "boardingDisabled": "false"}, {"stationCode": "BVI", "stationName": "BORIVALI", "arrivalTime": "16:32", "departureTime": "16:35", "routeNumber": "1", "haltTime": "03:00", "distance": "19", "dayCount": "1", "stnSerialNumber": "2", "boardingDisabled": "false"}, {"stationCode": "ST", "stationName": "SURAT", "arrivalTime": "19:32", "departureTime": "19:35", "routeNumber": "1", "haltTime": "03:00", "distance": "252", "dayCount": "1", "stnSerialNumber": "3", "boardingDisabled": "false"}, {"stationCode": "BRC", "stationName": "VADODARA JN", "arrivalTime": "21:48", "departureTime": "21:53", "routeNumber": "1", "haltTime": "05:00", "distance": "381", "dayCount": "1", "stnSerialNumber": "4", "boardingDisabled": "false"}, {"stationCode": "ANND", "stationName": "ANAND JN", "arrivalTime": "22:28", "departureTime": "22:30", "routeNumber": "1", "haltTime": "02:00", "distance": "417", "dayCount": "1", "stnSerialNumber": "5", "boardingDisabled": "false"}, {"stationCode": "ND", "stationName": "NADIAD JN", "arrivalTime": "22:45", "departureTime": "22:47", "routeNumber": "1", "haltTime": "02:00", "distance": "435", "dayCount": "1", "stnSerialNumber": "6", "boardingDisabled": "false"}, {"stationCode": "ADI", "stationName": "AHMEDABAD JN", "arrivalTime": "23:50", "departureTime": "00:05", "routeNumber": "1", "haltTime": "15:00", "distance": "481", "dayCount": "2", "stnSerialNumber": "7", "boardingDisabled": "false"}, {"stationCode": "MSH", "stationName": "MAHESANA JN", "arrivalTime": "01:20", "departureTime": "01:22", "routeNumber": "1", "haltTime": "02:00", "distance": "548", "dayCount": "2", "stnSerialNumber": "8", "boardingDisabled": "false"}, {"stationCode": "BLDI", "stationName": "BHILDI", "arrivalTime": "03:33", "departureTime": "03:35", "routeNumber": "1", "haltTime": "02:00", "distance": "640", "dayCount": "2", "stnSerialNumber": "9", "boardingDisabled": "false"}, {"stationCode": "RNV", "stationName": "RANIWARA", "arrivalTime": "04:25", "departureTime": "04:27", "routeNumber": "1", "haltTime": "02:00", "distance": "710", "dayCount": "2", "stnSerialNumber": "10", "boardingDisabled": "false"}, {"stationCode": "MBNL", "stationName": "MARWAR BHINMAL", "arrivalTime": "04:49", "departureTime": "04:52", "routeNumber": "1", "haltTime": "03:00", "distance": "742", "dayCount": "2", "stnSerialNumber": "11", "boardingDisabled": "false"}, {"stationCode": "MON", "stationName": "MODRAN", "arrivalTime": "05:13", "departureTime": "05:15", "routeNumber": "1", "haltTime": "02:00", "distance": "770", "dayCount": "2", "stnSerialNumber": "12", "boardingDisabled": "false"}, {"stationCode": "JOR", "stationName": "JALOR", "arrivalTime": "05:42", "departureTime": "05:45", "routeNumber": "1", "haltTime": "03:00", "distance": "804", "dayCount": "2", "stnSerialNumber": "13", "boardingDisabled": "false"}, {"stationCode": "MKSR", "stationName": "MOKALSAR", "arrivalTime": "06:10", "departureTime": "06:12", "routeNumber": "1", "haltTime": "02:00", "distance": "837", "dayCount": "2", "stnSerialNumber": "14", "boardingDisabled": "false"}, {"stationCode": "SMR", "stationName": "SAMDHARI JN", "arrivalTime": "07:00", "departureTime": "07:05", "routeNumber": "1", "haltTime": "05:00", "distance": "863", "dayCount": "2", "stnSerialNumber": "15", "boardingDisabled": "false"}, {"stationCode": "LUNI", "stationName": "LUNI JN", "arrivalTime": "07:55", "departureTime": "07:58", "routeNumber": "1", "haltTime": "03:00", "distance": "912", "dayCount": "2", "stnSerialNumber": "16", "boardingDisabled": "false"}, {"stationCode": "JU", "stationName": "JODHPUR JN", "arrivalTime": "09:00", "departureTime": "09:15", "routeNumber": "1", "haltTime": "15:00", "distance": "944", "dayCount": "2", "stnSerialNumber": "17", "boardingDisabled": "false"}, {"stationCode": "MTD", "stationName": "MERTA ROAD JN", "arrivalTime": "10:45", "departureTime": "10:50", "routeNumber": "1", "haltTime": "05:00", "distance": "1048", "dayCount": "2", "stnSerialNumber": "18", "boardingDisabled": "false"}, {"stationCode": "NGO", "stationName": "NAGAUR", "arrivalTime": "12:00", "departureTime": "12:05", "routeNumber": "1", "haltTime": "05:00", "distance": "1105", "dayCount": "2", "stnSerialNumber": "19", "boardingDisabled": "false"}, {"stationCode": "NOK", "stationName": "NOKHA", "arrivalTime": "13:00", "departureTime": "13:02", "routeNumber": "1", "haltTime": "02:00", "distance": "1156", "dayCount": "2", "stnSerialNumber": "20", "boardingDisabled": "false"}, {"stationCode": "BKN", "stationName": "BIKANER JN", "arrivalTime": "14:30", "departureTime": "--", "routeNumber": "1", "haltTime": "--", "distance": "1221", "dayCount": "2", "stnSerialNumber": "21", "boardingDisabled": "false"}]}