{"trainNumber": "04711", "trainName": "BKN BDTS SPL", "stationFrom": "BKN", "stationTo": "BDTS", "trainOwner": "0", "trainRunsOnMon": "N", "trainRunsOnTue": "N", "trainRunsOnWed": "N", "trainRunsOnThu": "N", "trainRunsOnFri": "N", "trainRunsOnSat": "Y", "trainRunsOnSun": "N", "timeStamp": "2023-06-19T15:30:18.444", "duration": "0", "stationList": [{"stationCode": "BKN", "stationName": "BIKANER JN", "arrivalTime": "--", "departureTime": "12:15", "routeNumber": "1", "haltTime": "--", "distance": "0", "dayCount": "1", "stnSerialNumber": "1", "boardingDisabled": "false"}, {"stationCode": "SDGH", "stationName": "SRI DUNGARGARH", "arrivalTime": "13:05", "departureTime": "13:07", "routeNumber": "1", "haltTime": "02:00", "distance": "74", "dayCount": "1", "stnSerialNumber": "2", "boardingDisabled": "false"}, {"stationCode": "RJR", "stationName": "RAJALDESAR", "arrivalTime": "13:40", "departureTime": "13:42", "routeNumber": "1", "haltTime": "02:00", "distance": "121", "dayCount": "1", "stnSerialNumber": "3", "boardingDisabled": "false"}, {"stationCode": "RTGH", "stationName": "RATANGARH JN", "arrivalTime": "13:55", "departureTime": "13:57", "routeNumber": "1", "haltTime": "02:00", "distance": "138", "dayCount": "1", "stnSerialNumber": "4", "boardingDisabled": "false"}, {"stationCode": "CUR", "stationName": "CHURU", "arrivalTime": "15:00", "departureTime": "15:10", "routeNumber": "1", "haltTime": "10:00", "distance": "181", "dayCount": "1", "stnSerialNumber": "5", "boardingDisabled": "false"}, {"stationCode": "FPS", "stationName": "FATEHPUR SKHWTI", "arrivalTime": "15:48", "departureTime": "15:50", "routeNumber": "1", "haltTime": "02:00", "distance": "224", "dayCount": "1", "stnSerialNumber": "6", "boardingDisabled": "false"}, {"stationCode": "LNH", "stationName": "LACHHMANGARH SK", "arrivalTime": "16:15", "departureTime": "16:17", "routeNumber": "1", "haltTime": "02:00", "distance": "243", "dayCount": "1", "stnSerialNumber": "7", "boardingDisabled": "false"}, {"stationCode": "SIKR", "stationName": "SIKAR JN", "arrivalTime": "16:40", "departureTime": "16:45", "routeNumber": "1", "haltTime": "05:00", "distance": "271", "dayCount": "1", "stnSerialNumber": "8", "boardingDisabled": "false"}, {"stationCode": "RGS", "stationName": "RINGAS JN", "arrivalTime": "18:10", "departureTime": "18:15", "routeNumber": "1", "haltTime": "05:00", "distance": "321", "dayCount": "1", "stnSerialNumber": "9", "boardingDisabled": "false"}, {"stationCode": "JP", "stationName": "JAIPUR", "arrivalTime": "20:00", "departureTime": "20:15", "routeNumber": "1", "haltTime": "15:00", "distance": "381", "dayCount": "1", "stnSerialNumber": "10", "boardingDisabled": "false"}, {"stationCode": "DPA", "stationName": "DURGAPURA", "arrivalTime": "20:25", "departureTime": "20:28", "routeNumber": "1", "haltTime": "03:00", "distance": "389", "dayCount": "1", "stnSerialNumber": "11", "boardingDisabled": "false"}, {"stationCode": "SWM", "stationName": "SAWAI MADHOPUR", "arrivalTime": "22:30", "departureTime": "22:50", "routeNumber": "1", "haltTime": "20:00", "distance": "513", "dayCount": "1", "stnSerialNumber": "12", "boardingDisabled": "false"}, {"stationCode": "KOTA", "stationName": "KOTA JN", "arrivalTime": "00:05", "departureTime": "00:10", "routeNumber": "1", "haltTime": "05:00", "distance": "620", "dayCount": "2", "stnSerialNumber": "13", "boardingDisabled": "false"}, {"stationCode": "NAD", "stationName": "NAGDA JN", "arrivalTime": "03:08", "departureTime": "03:10", "routeNumber": "1", "haltTime": "02:00", "distance": "845", "dayCount": "2", "stnSerialNumber": "14", "boardingDisabled": "false"}, {"stationCode": "RTM", "stationName": "RATLAM JN", "arrivalTime": "04:05", "departureTime": "04:10", "routeNumber": "1", "haltTime": "05:00", "distance": "887", "dayCount": "2", "stnSerialNumber": "15", "boardingDisabled": "false"}, {"stationCode": "BRC", "stationName": "VADODARA JN", "arrivalTime": "09:00", "departureTime": "09:10", "routeNumber": "1", "haltTime": "10:00", "distance": "1148", "dayCount": "2", "stnSerialNumber": "17", "boardingDisabled": "false"}, {"stationCode": "ST", "stationName": "SURAT", "arrivalTime": "11:15", "departureTime": "11:20", "routeNumber": "1", "haltTime": "05:00", "distance": "1277", "dayCount": "2", "stnSerialNumber": "18", "boardingDisabled": "false"}, {"stationCode": "BVI", "stationName": "BORIVALI", "arrivalTime": "15:08", "departureTime": "15:11", "routeNumber": "1", "haltTime": "03:00", "distance": "1510", "dayCount": "2", "stnSerialNumber": "19", "boardingDisabled": "false"}, {"stationCode": "BDTS", "stationName": "BANDRA TERMINUS", "arrivalTime": "15:50", "departureTime": "--", "routeNumber": "1", "haltTime": "--", "distance": "1529", "dayCount": "2", "stnSerialNumber": "20", "boardingDisabled": "false"}]}