{"trainNumber": "04712", "trainName": "BDTS BKN SPL", "stationFrom": "BDTS", "stationTo": "BKN", "trainOwner": "0", "trainRunsOnMon": "N", "trainRunsOnTue": "N", "trainRunsOnWed": "N", "trainRunsOnThu": "N", "trainRunsOnFri": "N", "trainRunsOnSat": "N", "trainRunsOnSun": "Y", "timeStamp": "2023-06-19T15:31:03.779", "duration": "0", "stationList": [{"stationCode": "BDTS", "stationName": "BANDRA TERMINUS", "arrivalTime": "--", "departureTime": "19:25", "routeNumber": "1", "haltTime": "--", "distance": "0", "dayCount": "1", "stnSerialNumber": "1", "boardingDisabled": "false"}, {"stationCode": "BVI", "stationName": "BORIVALI", "arrivalTime": "20:07", "departureTime": "20:10", "routeNumber": "1", "haltTime": "03:00", "distance": "19", "dayCount": "1", "stnSerialNumber": "2", "boardingDisabled": "false"}, {"stationCode": "ST", "stationName": "SURAT", "arrivalTime": "23:27", "departureTime": "23:32", "routeNumber": "1", "haltTime": "05:00", "distance": "252", "dayCount": "1", "stnSerialNumber": "3", "boardingDisabled": "false"}, {"stationCode": "BRC", "stationName": "VADODARA JN", "arrivalTime": "01:08", "departureTime": "01:18", "routeNumber": "1", "haltTime": "10:00", "distance": "381", "dayCount": "2", "stnSerialNumber": "4", "boardingDisabled": "false"}, {"stationCode": "RTM", "stationName": "RATLAM JN", "arrivalTime": "05:55", "departureTime": "06:00", "routeNumber": "1", "haltTime": "05:00", "distance": "642", "dayCount": "2", "stnSerialNumber": "6", "boardingDisabled": "false"}, {"stationCode": "NAD", "stationName": "NAGDA JN", "arrivalTime": "06:55", "departureTime": "06:57", "routeNumber": "1", "haltTime": "02:00", "distance": "684", "dayCount": "2", "stnSerialNumber": "7", "boardingDisabled": "false"}, {"stationCode": "KOTA", "stationName": "KOTA JN", "arrivalTime": "09:30", "departureTime": "09:35", "routeNumber": "1", "haltTime": "05:00", "distance": "909", "dayCount": "2", "stnSerialNumber": "8", "boardingDisabled": "false"}, {"stationCode": "SWM", "stationName": "SAWAI MADHOPUR", "arrivalTime": "11:25", "departureTime": "11:45", "routeNumber": "1", "haltTime": "20:00", "distance": "1017", "dayCount": "2", "stnSerialNumber": "9", "boardingDisabled": "false"}, {"stationCode": "DPA", "stationName": "DURGAPURA", "arrivalTime": "15:00", "departureTime": "15:03", "routeNumber": "1", "haltTime": "03:00", "distance": "1141", "dayCount": "2", "stnSerialNumber": "10", "boardingDisabled": "false"}, {"stationCode": "JP", "stationName": "JAIPUR", "arrivalTime": "15:20", "departureTime": "15:30", "routeNumber": "1", "haltTime": "10:00", "distance": "1148", "dayCount": "2", "stnSerialNumber": "11", "boardingDisabled": "false"}, {"stationCode": "RGS", "stationName": "RINGAS JN", "arrivalTime": "16:30", "departureTime": "16:35", "routeNumber": "1", "haltTime": "05:00", "distance": "1204", "dayCount": "2", "stnSerialNumber": "12", "boardingDisabled": "false"}, {"stationCode": "SIKR", "stationName": "SIKAR JN", "arrivalTime": "17:40", "departureTime": "17:45", "routeNumber": "1", "haltTime": "05:00", "distance": "1255", "dayCount": "2", "stnSerialNumber": "13", "boardingDisabled": "false"}, {"stationCode": "LNH", "stationName": "LACHHMANGARH SK", "arrivalTime": "18:10", "departureTime": "18:12", "routeNumber": "1", "haltTime": "02:00", "distance": "1282", "dayCount": "2", "stnSerialNumber": "14", "boardingDisabled": "false"}, {"stationCode": "FPS", "stationName": "FATEHPUR SKHWTI", "arrivalTime": "18:28", "departureTime": "18:30", "routeNumber": "1", "haltTime": "02:00", "distance": "1302", "dayCount": "2", "stnSerialNumber": "15", "boardingDisabled": "false"}, {"stationCode": "CUR", "stationName": "CHURU", "arrivalTime": "20:00", "departureTime": "20:10", "routeNumber": "1", "haltTime": "10:00", "distance": "1345", "dayCount": "2", "stnSerialNumber": "16", "boardingDisabled": "false"}, {"stationCode": "RTGH", "stationName": "RATANGARH JN", "arrivalTime": "20:50", "departureTime": "20:52", "routeNumber": "1", "haltTime": "02:00", "distance": "1388", "dayCount": "2", "stnSerialNumber": "17", "boardingDisabled": "false"}, {"stationCode": "RJR", "stationName": "RAJALDESAR", "arrivalTime": "21:08", "departureTime": "21:10", "routeNumber": "1", "haltTime": "02:00", "distance": "1405", "dayCount": "2", "stnSerialNumber": "18", "boardingDisabled": "false"}, {"stationCode": "SDGH", "stationName": "SRI DUNGARGARH", "arrivalTime": "21:48", "departureTime": "21:50", "routeNumber": "1", "haltTime": "02:00", "distance": "1452", "dayCount": "2", "stnSerialNumber": "19", "boardingDisabled": "false"}, {"stationCode": "BKN", "stationName": "BIKANER JN", "arrivalTime": "00:05", "departureTime": "--", "routeNumber": "1", "haltTime": "--", "distance": "1525", "dayCount": "3", "stnSerialNumber": "20", "boardingDisabled": "false"}]}