{"trainNumber": "04713", "trainName": "BKN BDTS SPL", "stationFrom": "BKN", "stationTo": "BDTS", "trainOwner": "0", "trainRunsOnMon": "N", "trainRunsOnTue": "N", "trainRunsOnWed": "N", "trainRunsOnThu": "Y", "trainRunsOnFri": "N", "trainRunsOnSat": "N", "trainRunsOnSun": "N", "timeStamp": "2023-06-19T15:31:03.800", "duration": "0", "stationList": [{"stationCode": "BKN", "stationName": "BIKANER JN", "arrivalTime": "--", "departureTime": "15:00", "routeNumber": "1", "haltTime": "--", "distance": "0", "dayCount": "1", "stnSerialNumber": "1", "boardingDisabled": "false"}, {"stationCode": "NOK", "stationName": "NOKHA", "arrivalTime": "15:47", "departureTime": "15:49", "routeNumber": "1", "haltTime": "02:00", "distance": "65", "dayCount": "1", "stnSerialNumber": "2", "boardingDisabled": "false"}, {"stationCode": "NGO", "stationName": "NAGAUR", "arrivalTime": "16:28", "departureTime": "16:31", "routeNumber": "1", "haltTime": "03:00", "distance": "116", "dayCount": "1", "stnSerialNumber": "3", "boardingDisabled": "false"}, {"stationCode": "MTD", "stationName": "MERTA ROAD JN", "arrivalTime": "17:31", "departureTime": "17:36", "routeNumber": "1", "haltTime": "05:00", "distance": "173", "dayCount": "1", "stnSerialNumber": "4", "boardingDisabled": "false"}, {"stationCode": "JU", "stationName": "JODHPUR JN", "arrivalTime": "19:50", "departureTime": "20:00", "routeNumber": "1", "haltTime": "10:00", "distance": "278", "dayCount": "1", "stnSerialNumber": "5", "boardingDisabled": "false"}, {"stationCode": "LUNI", "stationName": "LUNI JN", "arrivalTime": "20:30", "departureTime": "20:33", "routeNumber": "1", "haltTime": "03:00", "distance": "309", "dayCount": "1", "stnSerialNumber": "6", "boardingDisabled": "false"}, {"stationCode": "SMR", "stationName": "SAMDHARI JN", "arrivalTime": "21:25", "departureTime": "21:30", "routeNumber": "1", "haltTime": "05:00", "distance": "358", "dayCount": "1", "stnSerialNumber": "7", "boardingDisabled": "false"}, {"stationCode": "MKSR", "stationName": "MOKALSAR", "arrivalTime": "21:52", "departureTime": "21:54", "routeNumber": "1", "haltTime": "02:00", "distance": "384", "dayCount": "1", "stnSerialNumber": "8", "boardingDisabled": "false"}, {"stationCode": "JOR", "stationName": "JALOR", "arrivalTime": "22:20", "departureTime": "22:25", "routeNumber": "1", "haltTime": "05:00", "distance": "417", "dayCount": "1", "stnSerialNumber": "9", "boardingDisabled": "false"}, {"stationCode": "MON", "stationName": "MODRAN", "arrivalTime": "22:50", "departureTime": "22:52", "routeNumber": "1", "haltTime": "02:00", "distance": "451", "dayCount": "1", "stnSerialNumber": "10", "boardingDisabled": "false"}, {"stationCode": "MBNL", "stationName": "MARWAR BHINMAL", "arrivalTime": "23:15", "departureTime": "23:18", "routeNumber": "1", "haltTime": "03:00", "distance": "479", "dayCount": "1", "stnSerialNumber": "11", "boardingDisabled": "false"}, {"stationCode": "RNV", "stationName": "RANIWARA", "arrivalTime": "23:42", "departureTime": "23:44", "routeNumber": "1", "haltTime": "02:00", "distance": "511", "dayCount": "1", "stnSerialNumber": "12", "boardingDisabled": "false"}, {"stationCode": "BLDI", "stationName": "BHILDI", "arrivalTime": "01:45", "departureTime": "01:50", "routeNumber": "1", "haltTime": "05:00", "distance": "581", "dayCount": "2", "stnSerialNumber": "13", "boardingDisabled": "false"}, {"stationCode": "MSH", "stationName": "MAHESANA JN", "arrivalTime": "03:27", "departureTime": "03:29", "routeNumber": "1", "haltTime": "02:00", "distance": "673", "dayCount": "2", "stnSerialNumber": "14", "boardingDisabled": "false"}, {"stationCode": "ADI", "stationName": "AHMEDABAD JN", "arrivalTime": "05:50", "departureTime": "06:10", "routeNumber": "1", "haltTime": "20:00", "distance": "740", "dayCount": "2", "stnSerialNumber": "15", "boardingDisabled": "false"}, {"stationCode": "ND", "stationName": "NADIAD JN", "arrivalTime": "06:55", "departureTime": "06:57", "routeNumber": "1", "haltTime": "02:00", "distance": "786", "dayCount": "2", "stnSerialNumber": "17", "boardingDisabled": "false"}, {"stationCode": "ANND", "stationName": "ANAND JN", "arrivalTime": "07:05", "departureTime": "07:07", "routeNumber": "1", "haltTime": "02:00", "distance": "804", "dayCount": "2", "stnSerialNumber": "18", "boardingDisabled": "false"}, {"stationCode": "BRC", "stationName": "VADODARA JN", "arrivalTime": "07:50", "departureTime": "07:55", "routeNumber": "1", "haltTime": "05:00", "distance": "840", "dayCount": "2", "stnSerialNumber": "19", "boardingDisabled": "false"}, {"stationCode": "ST", "stationName": "SURAT", "arrivalTime": "09:47", "departureTime": "09:52", "routeNumber": "1", "haltTime": "05:00", "distance": "969", "dayCount": "2", "stnSerialNumber": "20", "boardingDisabled": "false"}, {"stationCode": "BVI", "stationName": "BORIVALI", "arrivalTime": "13:07", "departureTime": "13:10", "routeNumber": "1", "haltTime": "03:00", "distance": "1202", "dayCount": "2", "stnSerialNumber": "21", "boardingDisabled": "false"}, {"stationCode": "BDTS", "stationName": "BANDRA TERMINUS", "arrivalTime": "13:40", "departureTime": "--", "routeNumber": "1", "haltTime": "--", "distance": "1221", "dayCount": "2", "stnSerialNumber": "22", "boardingDisabled": "false"}]}