{"trainNumber": "04772", "trainName": "APH BTI SPL", "stationFrom": "APH", "stationTo": "BTI", "trainOwner": "0", "trainRunsOnMon": "Y", "trainRunsOnTue": "Y", "trainRunsOnWed": "Y", "trainRunsOnThu": "Y", "trainRunsOnFri": "Y", "trainRunsOnSat": "Y", "trainRunsOnSun": "Y", "timeStamp": "2023-06-19T15:31:03.503", "duration": "0", "stationList": [{"stationCode": "APH", "stationName": "ANUPGARH", "arrivalTime": "--", "departureTime": "12:15", "routeNumber": "1", "haltTime": "--", "distance": "0", "dayCount": "1", "stnSerialNumber": "1", "boardingDisabled": "false"}, {"stationCode": "RMSR", "stationName": "RAMSINGHPUR", "arrivalTime": "12:31", "departureTime": "12:33", "routeNumber": "1", "haltTime": "02:00", "distance": "18", "dayCount": "1", "stnSerialNumber": "2", "boardingDisabled": "false"}, {"stationCode": "SBNR", "stationName": "SHRI VIJAINAGAR", "arrivalTime": "12:49", "departureTime": "12:51", "routeNumber": "1", "haltTime": "02:00", "distance": "34", "dayCount": "1", "stnSerialNumber": "3", "boardingDisabled": "false"}, {"stationCode": "SRPR", "stationName": "SARUPSAR JN", "arrivalTime": "13:14", "departureTime": "13:16", "routeNumber": "1", "haltTime": "02:00", "distance": "57", "dayCount": "1", "stnSerialNumber": "4", "boardingDisabled": "false"}, {"stationCode": "SOG", "stationName": "SURATGARH JN", "arrivalTime": "13:50", "departureTime": "14:13", "routeNumber": "1", "haltTime": "23:00", "distance": "78", "dayCount": "1", "stnSerialNumber": "5", "boardingDisabled": "false"}, {"stationCode": "PGK", "stationName": "PILI BANGAN", "arrivalTime": "14:36", "departureTime": "14:38", "routeNumber": "1", "haltTime": "02:00", "distance": "103", "dayCount": "1", "stnSerialNumber": "6", "boardingDisabled": "false"}, {"stationCode": "DBI", "stationName": "DABLI RATHAN", "arrivalTime": "14:50", "departureTime": "14:52", "routeNumber": "1", "haltTime": "02:00", "distance": "115", "dayCount": "1", "stnSerialNumber": "7", "boardingDisabled": "false"}, {"stationCode": "HMH", "stationName": "HANUMANGARH JN", "arrivalTime": "15:12", "departureTime": "15:17", "routeNumber": "1", "haltTime": "05:00", "distance": "128", "dayCount": "1", "stnSerialNumber": "8", "boardingDisabled": "false"}, {"stationCode": "SGRA", "stationName": "SANGARIA", "arrivalTime": "15:40", "departureTime": "15:42", "routeNumber": "1", "haltTime": "02:00", "distance": "155", "dayCount": "1", "stnSerialNumber": "9", "boardingDisabled": "false"}, {"stationCode": "DABN", "stationName": "DHABAN", "arrivalTime": "15:52", "departureTime": "15:54", "routeNumber": "1", "haltTime": "02:00", "distance": "165", "dayCount": "1", "stnSerialNumber": "10", "boardingDisabled": "false"}, {"stationCode": "MBY", "stationName": "MANDI DABWALI", "arrivalTime": "16:10", "departureTime": "16:15", "routeNumber": "1", "haltTime": "05:00", "distance": "185", "dayCount": "1", "stnSerialNumber": "11", "boardingDisabled": "false"}, {"stationCode": "SGF", "stationName": "SANGAT", "arrivalTime": "16:35", "departureTime": "16:37", "routeNumber": "1", "haltTime": "02:00", "distance": "204", "dayCount": "1", "stnSerialNumber": "12", "boardingDisabled": "false"}, {"stationCode": "BTI", "stationName": "BHATINDA JN", "arrivalTime": "17:20", "departureTime": "--", "routeNumber": "1", "haltTime": "--", "distance": "220", "dayCount": "1", "stnSerialNumber": "13", "boardingDisabled": "false"}]}