{"trainNumber": "04771", "trainName": "BTI APH SPL", "stationFrom": "BTI", "stationTo": "APH", "trainOwner": "0", "trainRunsOnMon": "Y", "trainRunsOnTue": "Y", "trainRunsOnWed": "Y", "trainRunsOnThu": "Y", "trainRunsOnFri": "Y", "trainRunsOnSat": "Y", "trainRunsOnSun": "Y", "timeStamp": "2023-06-19T15:31:03.504", "duration": "0", "stationList": [{"stationCode": "BTI", "stationName": "BHATINDA JN", "arrivalTime": "--", "departureTime": "06:40", "routeNumber": "1", "haltTime": "--", "distance": "0", "dayCount": "1", "stnSerialNumber": "1", "boardingDisabled": "false"}, {"stationCode": "SGF", "stationName": "SANGAT", "arrivalTime": "06:57", "departureTime": "06:59", "routeNumber": "1", "haltTime": "02:00", "distance": "17", "dayCount": "1", "stnSerialNumber": "2", "boardingDisabled": "false"}, {"stationCode": "MBY", "stationName": "MANDI DABWALI", "arrivalTime": "07:15", "departureTime": "07:20", "routeNumber": "1", "haltTime": "05:00", "distance": "36", "dayCount": "1", "stnSerialNumber": "3", "boardingDisabled": "false"}, {"stationCode": "DABN", "stationName": "DHABAN", "arrivalTime": "07:40", "departureTime": "07:42", "routeNumber": "1", "haltTime": "02:00", "distance": "56", "dayCount": "1", "stnSerialNumber": "4", "boardingDisabled": "false"}, {"stationCode": "SGRA", "stationName": "SANGARIA", "arrivalTime": "07:52", "departureTime": "07:54", "routeNumber": "1", "haltTime": "02:00", "distance": "66", "dayCount": "1", "stnSerialNumber": "5", "boardingDisabled": "false"}, {"stationCode": "HMH", "stationName": "HANUMANGARH JN", "arrivalTime": "08:30", "departureTime": "08:40", "routeNumber": "1", "haltTime": "10:00", "distance": "93", "dayCount": "1", "stnSerialNumber": "6", "boardingDisabled": "false"}, {"stationCode": "DBI", "stationName": "DABLI RATHAN", "arrivalTime": "08:51", "departureTime": "08:53", "routeNumber": "1", "haltTime": "02:00", "distance": "105", "dayCount": "1", "stnSerialNumber": "7", "boardingDisabled": "false"}, {"stationCode": "PGK", "stationName": "PILI BANGAN", "arrivalTime": "09:07", "departureTime": "09:09", "routeNumber": "1", "haltTime": "02:00", "distance": "118", "dayCount": "1", "stnSerialNumber": "8", "boardingDisabled": "false"}, {"stationCode": "SOG", "stationName": "SURATGARH JN", "arrivalTime": "09:50", "departureTime": "10:18", "routeNumber": "1", "haltTime": "28:00", "distance": "143", "dayCount": "1", "stnSerialNumber": "9", "boardingDisabled": "false"}, {"stationCode": "SRPR", "stationName": "SARUPSAR JN", "arrivalTime": "10:41", "departureTime": "10:42", "routeNumber": "1", "haltTime": "01:00", "distance": "164", "dayCount": "1", "stnSerialNumber": "10", "boardingDisabled": "false"}, {"stationCode": "SBNR", "stationName": "SHRI VIJAINAGAR", "arrivalTime": "11:03", "departureTime": "11:05", "routeNumber": "1", "haltTime": "02:00", "distance": "186", "dayCount": "1", "stnSerialNumber": "11", "boardingDisabled": "false"}, {"stationCode": "RMSR", "stationName": "RAMSINGHPUR", "arrivalTime": "11:21", "departureTime": "11:23", "routeNumber": "1", "haltTime": "02:00", "distance": "202", "dayCount": "1", "stnSerialNumber": "12", "boardingDisabled": "false"}, {"stationCode": "APH", "stationName": "ANUPGARH", "arrivalTime": "11:55", "departureTime": "--", "routeNumber": "1", "haltTime": "--", "distance": "220", "dayCount": "1", "stnSerialNumber": "13", "boardingDisabled": "false"}]}