{"trainNumber": "04813", "trainName": "BGKT UDN SF SPL", "stationFrom": "BGKT", "stationTo": "UDN", "trainOwner": "0", "trainRunsOnMon": "N", "trainRunsOnTue": "N", "trainRunsOnWed": "N", "trainRunsOnThu": "N", "trainRunsOnFri": "N", "trainRunsOnSat": "Y", "trainRunsOnSun": "N", "timeStamp": "2023-06-19T15:31:01.164", "duration": "0", "stationList": [{"stationCode": "BGKT", "stationName": "BHAGAT KI KOTHI", "arrivalTime": "--", "departureTime": "16:00", "routeNumber": "1", "haltTime": "--", "distance": "0", "dayCount": "1", "stnSerialNumber": "1", "boardingDisabled": "false"}, {"stationCode": "LUNI", "stationName": "LUNI JN", "arrivalTime": "16:23", "departureTime": "16:25", "routeNumber": "1", "haltTime": "02:00", "distance": "29", "dayCount": "1", "stnSerialNumber": "2", "boardingDisabled": "false"}, {"stationCode": "PMY", "stationName": "PALI MARWAR", "arrivalTime": "16:55", "departureTime": "17:00", "routeNumber": "1", "haltTime": "05:00", "distance": "70", "dayCount": "1", "stnSerialNumber": "3", "boardingDisabled": "false"}, {"stationCode": "MJ", "stationName": "MARWAR JN", "arrivalTime": "17:50", "departureTime": "17:53", "routeNumber": "1", "haltTime": "03:00", "distance": "100", "dayCount": "1", "stnSerialNumber": "4", "boardingDisabled": "false"}, {"stationCode": "FA", "stationName": "FALNA", "arrivalTime": "18:38", "departureTime": "18:40", "routeNumber": "1", "haltTime": "02:00", "distance": "167", "dayCount": "1", "stnSerialNumber": "5", "boardingDisabled": "false"}, {"stationCode": "ABR", "stationName": "ABU ROAD", "arrivalTime": "19:55", "departureTime": "20:05", "routeNumber": "1", "haltTime": "10:00", "distance": "266", "dayCount": "1", "stnSerialNumber": "6", "boardingDisabled": "false"}, {"stationCode": "PNU", "stationName": "PALANPUR JN", "arrivalTime": "21:00", "departureTime": "21:02", "routeNumber": "1", "haltTime": "02:00", "distance": "318", "dayCount": "1", "stnSerialNumber": "7", "boardingDisabled": "false"}, {"stationCode": "MSH", "stationName": "MAHESANA JN", "arrivalTime": "22:19", "departureTime": "22:21", "routeNumber": "1", "haltTime": "02:00", "distance": "383", "dayCount": "1", "stnSerialNumber": "8", "boardingDisabled": "false"}, {"stationCode": "SBIB", "stationName": "SABARMATI BG", "arrivalTime": "23:25", "departureTime": "23:30", "routeNumber": "1", "haltTime": "05:00", "distance": "446", "dayCount": "1", "stnSerialNumber": "9", "boardingDisabled": "false"}, {"stationCode": "ADI", "stationName": "AHMEDABAD JN", "arrivalTime": "00:05", "departureTime": "00:15", "routeNumber": "1", "haltTime": "10:00", "distance": "452", "dayCount": "2", "stnSerialNumber": "10", "boardingDisabled": "false"}, {"stationCode": "ANND", "stationName": "ANAND JN", "arrivalTime": "01:14", "departureTime": "01:16", "routeNumber": "1", "haltTime": "02:00", "distance": "516", "dayCount": "2", "stnSerialNumber": "12", "boardingDisabled": "false"}, {"stationCode": "BRC", "stationName": "VADODARA JN", "arrivalTime": "01:42", "departureTime": "01:47", "routeNumber": "1", "haltTime": "05:00", "distance": "552", "dayCount": "2", "stnSerialNumber": "13", "boardingDisabled": "false"}, {"stationCode": "BH", "stationName": "BHARUCH JN", "arrivalTime": "02:50", "departureTime": "02:52", "routeNumber": "1", "haltTime": "02:00", "distance": "622", "dayCount": "2", "stnSerialNumber": "14", "boardingDisabled": "false"}, {"stationCode": "UDN", "stationName": "UDHNA JN", "arrivalTime": "04:00", "departureTime": "--", "routeNumber": "1", "haltTime": "--", "distance": "685", "dayCount": "2", "stnSerialNumber": "16", "boardingDisabled": "false"}]}