{"trainNumber": "04814", "trainName": "UDN  BGKT SF SPL", "stationFrom": "UDN", "stationTo": "BGKT", "trainOwner": "0", "trainRunsOnMon": "N", "trainRunsOnTue": "N", "trainRunsOnWed": "N", "trainRunsOnThu": "N", "trainRunsOnFri": "N", "trainRunsOnSat": "N", "trainRunsOnSun": "Y", "timeStamp": "2023-06-19T15:31:01.167", "duration": "0", "stationList": [{"stationCode": "UDN", "stationName": "UDHNA JN", "arrivalTime": "--", "departureTime": "05:50", "routeNumber": "1", "haltTime": "--", "distance": "0", "dayCount": "1", "stnSerialNumber": "1", "boardingDisabled": "false"}, {"stationCode": "BH", "stationName": "BHARUCH JN", "arrivalTime": "06:38", "departureTime": "06:40", "routeNumber": "1", "haltTime": "02:00", "distance": "63", "dayCount": "1", "stnSerialNumber": "3", "boardingDisabled": "false"}, {"stationCode": "BRC", "stationName": "VADODARA JN", "arrivalTime": "07:38", "departureTime": "07:43", "routeNumber": "1", "haltTime": "05:00", "distance": "133", "dayCount": "1", "stnSerialNumber": "4", "boardingDisabled": "false"}, {"stationCode": "ANND", "stationName": "ANAND JN", "arrivalTime": "08:34", "departureTime": "08:36", "routeNumber": "1", "haltTime": "02:00", "distance": "169", "dayCount": "1", "stnSerialNumber": "5", "boardingDisabled": "false"}, {"stationCode": "ADI", "stationName": "AHMEDABAD JN", "arrivalTime": "09:50", "departureTime": "10:00", "routeNumber": "1", "haltTime": "10:00", "distance": "233", "dayCount": "1", "stnSerialNumber": "7", "boardingDisabled": "false"}, {"stationCode": "SBIB", "stationName": "SABARMATI BG", "arrivalTime": "10:18", "departureTime": "10:20", "routeNumber": "1", "haltTime": "02:00", "distance": "239", "dayCount": "1", "stnSerialNumber": "8", "boardingDisabled": "false"}, {"stationCode": "MSH", "stationName": "MAHESANA JN", "arrivalTime": "11:09", "departureTime": "11:11", "routeNumber": "1", "haltTime": "02:00", "distance": "302", "dayCount": "1", "stnSerialNumber": "9", "boardingDisabled": "false"}, {"stationCode": "PNU", "stationName": "PALANPUR JN", "arrivalTime": "13:03", "departureTime": "13:05", "routeNumber": "1", "haltTime": "02:00", "distance": "367", "dayCount": "1", "stnSerialNumber": "10", "boardingDisabled": "false"}, {"stationCode": "ABR", "stationName": "ABU ROAD", "arrivalTime": "13:40", "departureTime": "13:50", "routeNumber": "1", "haltTime": "10:00", "distance": "420", "dayCount": "1", "stnSerialNumber": "11", "boardingDisabled": "false"}, {"stationCode": "FA", "stationName": "FALNA", "arrivalTime": "15:02", "departureTime": "15:04", "routeNumber": "1", "haltTime": "02:00", "distance": "519", "dayCount": "1", "stnSerialNumber": "12", "boardingDisabled": "false"}, {"stationCode": "MJ", "stationName": "MARWAR JN", "arrivalTime": "16:02", "departureTime": "16:05", "routeNumber": "1", "haltTime": "03:00", "distance": "585", "dayCount": "1", "stnSerialNumber": "13", "boardingDisabled": "false"}, {"stationCode": "PMY", "stationName": "PALI MARWAR", "arrivalTime": "16:37", "departureTime": "16:42", "routeNumber": "1", "haltTime": "05:00", "distance": "615", "dayCount": "1", "stnSerialNumber": "14", "boardingDisabled": "false"}, {"stationCode": "LUNI", "stationName": "LUNI JN", "arrivalTime": "17:12", "departureTime": "17:14", "routeNumber": "1", "haltTime": "02:00", "distance": "657", "dayCount": "1", "stnSerialNumber": "15", "boardingDisabled": "false"}, {"stationCode": "BGKT", "stationName": "BHAGAT KI KOTHI", "arrivalTime": "18:00", "departureTime": "--", "routeNumber": "1", "haltTime": "--", "distance": "685", "dayCount": "1", "stnSerialNumber": "16", "boardingDisabled": "false"}]}