{"trainNumber": "05042", "trainName": "TPU BRY SPL", "stationFrom": "TPU", "stationTo": "BRY", "trainOwner": "0", "trainRunsOnMon": "N", "trainRunsOnTue": "N", "trainRunsOnWed": "Y", "trainRunsOnThu": "N", "trainRunsOnFri": "N", "trainRunsOnSat": "N", "trainRunsOnSun": "Y", "timeStamp": "2023-06-19T15:31:35.312", "duration": "0", "stationList": [{"stationCode": "TPU", "stationName": "TANAKPUR", "arrivalTime": "--", "departureTime": "05:00", "routeNumber": "1", "haltTime": "--", "distance": "0", "dayCount": "1", "stnSerialNumber": "1", "boardingDisabled": "false"}, {"stationCode": "KHMA", "stationName": "KHATIMA", "arrivalTime": "05:23", "departureTime": "05:25", "routeNumber": "1", "haltTime": "02:00", "distance": "25", "dayCount": "1", "stnSerialNumber": "2", "boardingDisabled": "false"}, {"stationCode": "PBE", "stationName": "PILIBHIT JN", "arrivalTime": "05:55", "departureTime": "05:57", "routeNumber": "1", "haltTime": "02:00", "distance": "63", "dayCount": "1", "stnSerialNumber": "3", "boardingDisabled": "false"}, {"stationCode": "BPR", "stationName": "BHOJIPURA JN", "arrivalTime": "06:27", "departureTime": "06:29", "routeNumber": "1", "haltTime": "02:00", "distance": "102", "dayCount": "1", "stnSerialNumber": "4", "boardingDisabled": "false"}, {"stationCode": "IZN", "stationName": "IZZATNAGAR", "arrivalTime": "06:41", "departureTime": "06:43", "routeNumber": "1", "haltTime": "02:00", "distance": "114", "dayCount": "1", "stnSerialNumber": "5", "boardingDisabled": "false"}]}