{"trainNumber": "05041", "trainName": "BRY TPU SPL", "stationFrom": "BRY", "stationTo": "TPU", "trainOwner": "0", "trainRunsOnMon": "N", "trainRunsOnTue": "N", "trainRunsOnWed": "Y", "trainRunsOnThu": "N", "trainRunsOnFri": "N", "trainRunsOnSat": "N", "trainRunsOnSun": "Y", "timeStamp": "2023-06-19T15:31:35.308", "duration": "0", "stationList": [{"stationCode": "IZN", "stationName": "IZZATNAGAR", "arrivalTime": "17:50", "departureTime": "17:52", "routeNumber": "1", "haltTime": "02:00", "distance": "8", "dayCount": "1", "stnSerialNumber": "3", "boardingDisabled": "false"}, {"stationCode": "BPR", "stationName": "BHOJIPURA JN", "arrivalTime": "18:04", "departureTime": "18:06", "routeNumber": "1", "haltTime": "02:00", "distance": "20", "dayCount": "1", "stnSerialNumber": "4", "boardingDisabled": "false"}, {"stationCode": "PBE", "stationName": "PILIBHIT JN", "arrivalTime": "18:55", "departureTime": "18:58", "routeNumber": "1", "haltTime": "03:00", "distance": "59", "dayCount": "1", "stnSerialNumber": "5", "boardingDisabled": "false"}, {"stationCode": "KHMA", "stationName": "KHATIMA", "arrivalTime": "19:40", "departureTime": "19:42", "routeNumber": "1", "haltTime": "02:00", "distance": "97", "dayCount": "1", "stnSerialNumber": "6", "boardingDisabled": "false"}, {"stationCode": "TPU", "stationName": "TANAKPUR", "arrivalTime": "20:15", "departureTime": "--", "routeNumber": "1", "haltTime": "--", "distance": "121", "dayCount": "1", "stnSerialNumber": "7", "boardingDisabled": "false"}]}