{"trainNumber": "05054", "trainName": "BDTS GKP SPL", "stationFrom": "BDTS", "stationTo": "GKP", "trainOwner": "0", "trainRunsOnMon": "N", "trainRunsOnTue": "N", "trainRunsOnWed": "N", "trainRunsOnThu": "N", "trainRunsOnFri": "N", "trainRunsOnSat": "Y", "trainRunsOnSun": "N", "timeStamp": "2023-06-19T15:30:07.401", "duration": "0", "stationList": [{"stationCode": "BDTS", "stationName": "BANDRA TERMINUS", "arrivalTime": "--", "departureTime": "22:45", "routeNumber": "1", "haltTime": "--", "distance": "0", "dayCount": "1", "stnSerialNumber": "1", "boardingDisabled": "false"}, {"stationCode": "BVI", "stationName": "BORIVALI", "arrivalTime": "23:25", "departureTime": "23:28", "routeNumber": "1", "haltTime": "03:00", "distance": "19", "dayCount": "1", "stnSerialNumber": "2", "boardingDisabled": "false"}, {"stationCode": "VAPI", "stationName": "VAPI", "arrivalTime": "01:10", "departureTime": "01:12", "routeNumber": "1", "haltTime": "02:00", "distance": "159", "dayCount": "2", "stnSerialNumber": "3", "boardingDisabled": "false"}, {"stationCode": "ST", "stationName": "SURAT", "arrivalTime": "02:50", "departureTime": "02:55", "routeNumber": "1", "haltTime": "05:00", "distance": "252", "dayCount": "2", "stnSerialNumber": "4", "boardingDisabled": "false"}, {"stationCode": "BRC", "stationName": "VADODARA JN", "arrivalTime": "04:55", "departureTime": "05:00", "routeNumber": "1", "haltTime": "05:00", "distance": "381", "dayCount": "2", "stnSerialNumber": "5", "boardingDisabled": "false"}, {"stationCode": "RTM", "stationName": "RATLAM JN", "arrivalTime": "08:40", "departureTime": "08:45", "routeNumber": "1", "haltTime": "05:00", "distance": "642", "dayCount": "2", "stnSerialNumber": "7", "boardingDisabled": "false"}, {"stationCode": "KOTA", "stationName": "KOTA JN", "arrivalTime": "12:40", "departureTime": "12:45", "routeNumber": "1", "haltTime": "05:00", "distance": "909", "dayCount": "2", "stnSerialNumber": "9", "boardingDisabled": "false"}, {"stationCode": "GGC", "stationName": "GANGAPUR CITY", "arrivalTime": "14:48", "departureTime": "14:50", "routeNumber": "1", "haltTime": "02:00", "distance": "1080", "dayCount": "2", "stnSerialNumber": "10", "boardingDisabled": "false"}, {"stationCode": "AF", "stationName": "AGRA FORT", "arrivalTime": "17:35", "departureTime": "17:40", "routeNumber": "1", "haltTime": "05:00", "distance": "1242", "dayCount": "2", "stnSerialNumber": "11", "boardingDisabled": "false"}, {"stationCode": "TDL", "stationName": "TUNDLA JN", "arrivalTime": "18:13", "departureTime": "18:15", "routeNumber": "1", "haltTime": "02:00", "distance": "1264", "dayCount": "2", "stnSerialNumber": "12", "boardingDisabled": "false"}, {"stationCode": "CNB", "stationName": "KANPUR CENTRAL", "arrivalTime": "23:05", "departureTime": "23:10", "routeNumber": "1", "haltTime": "05:00", "distance": "1495", "dayCount": "2", "stnSerialNumber": "13", "boardingDisabled": "false"}, {"stationCode": "ASH", "stationName": "AISHBAGH", "arrivalTime": "00:45", "departureTime": "00:55", "routeNumber": "1", "haltTime": "10:00", "distance": "1568", "dayCount": "3", "stnSerialNumber": "14", "boardingDisabled": "false"}, {"stationCode": "BNZ", "stationName": "BADSHAHNAGAR", "arrivalTime": "01:17", "departureTime": "01:20", "routeNumber": "1", "haltTime": "03:00", "distance": "1577", "dayCount": "3", "stnSerialNumber": "15", "boardingDisabled": "false"}, {"stationCode": "GD", "stationName": "GONDA JN", "arrivalTime": "03:25", "departureTime": "03:30", "routeNumber": "1", "haltTime": "05:00", "distance": "1690", "dayCount": "3", "stnSerialNumber": "17", "boardingDisabled": "false"}, {"stationCode": "BST", "stationName": "BASTI", "arrivalTime": "04:40", "departureTime": "04:45", "routeNumber": "1", "haltTime": "05:00", "distance": "1780", "dayCount": "3", "stnSerialNumber": "18", "boardingDisabled": "false"}, {"stationCode": "KLD", "stationName": "KHALILABAD", "arrivalTime": "05:12", "departureTime": "05:15", "routeNumber": "1", "haltTime": "03:00", "distance": "1810", "dayCount": "3", "stnSerialNumber": "19", "boardingDisabled": "false"}, {"stationCode": "GKP", "stationName": "GORAKHPUR JN", "arrivalTime": "06:25", "departureTime": "--", "routeNumber": "1", "haltTime": "--", "distance": "1844", "dayCount": "3", "stnSerialNumber": "20", "boardingDisabled": "false"}]}