{"trainNumber": "05053", "trainName": "GKP BDTS SPL", "stationFrom": "GKP", "stationTo": "BDTS", "trainOwner": "0", "trainRunsOnMon": "N", "trainRunsOnTue": "N", "trainRunsOnWed": "N", "trainRunsOnThu": "N", "trainRunsOnFri": "Y", "trainRunsOnSat": "N", "trainRunsOnSun": "N", "timeStamp": "2023-06-19T15:30:07.401", "duration": "0", "stationList": [{"stationCode": "GKP", "stationName": "GORAKHPUR JN", "arrivalTime": "--", "departureTime": "09:30", "routeNumber": "1", "haltTime": "--", "distance": "0", "dayCount": "1", "stnSerialNumber": "1", "boardingDisabled": "false"}, {"stationCode": "KLD", "stationName": "KHALILABAD", "arrivalTime": "10:08", "departureTime": "10:10", "routeNumber": "1", "haltTime": "02:00", "distance": "35", "dayCount": "1", "stnSerialNumber": "2", "boardingDisabled": "false"}, {"stationCode": "BST", "stationName": "BASTI", "arrivalTime": "10:35", "departureTime": "10:40", "routeNumber": "1", "haltTime": "05:00", "distance": "65", "dayCount": "1", "stnSerialNumber": "3", "boardingDisabled": "false"}, {"stationCode": "GD", "stationName": "GONDA JN", "arrivalTime": "11:55", "departureTime": "12:00", "routeNumber": "1", "haltTime": "05:00", "distance": "154", "dayCount": "1", "stnSerialNumber": "4", "boardingDisabled": "false"}, {"stationCode": "BNZ", "stationName": "BADSHAHNAGAR", "arrivalTime": "14:00", "departureTime": "14:02", "routeNumber": "1", "haltTime": "02:00", "distance": "267", "dayCount": "1", "stnSerialNumber": "5", "boardingDisabled": "false"}, {"stationCode": "ASH", "stationName": "AISHBAGH", "arrivalTime": "14:30", "departureTime": "14:40", "routeNumber": "1", "haltTime": "10:00", "distance": "276", "dayCount": "1", "stnSerialNumber": "6", "boardingDisabled": "false"}, {"stationCode": "CNB", "stationName": "KANPUR CENTRAL", "arrivalTime": "16:05", "departureTime": "16:10", "routeNumber": "1", "haltTime": "05:00", "distance": "349", "dayCount": "1", "stnSerialNumber": "7", "boardingDisabled": "false"}, {"stationCode": "TDL", "stationName": "TUNDLA JN", "arrivalTime": "19:10", "departureTime": "19:15", "routeNumber": "1", "haltTime": "05:00", "distance": "580", "dayCount": "1", "stnSerialNumber": "8", "boardingDisabled": "false"}, {"stationCode": "AF", "stationName": "AGRA FORT", "arrivalTime": "19:50", "departureTime": "19:55", "routeNumber": "1", "haltTime": "05:00", "distance": "603", "dayCount": "1", "stnSerialNumber": "9", "boardingDisabled": "false"}, {"stationCode": "GGC", "stationName": "GANGAPUR CITY", "arrivalTime": "22:50", "departureTime": "22:55", "routeNumber": "1", "haltTime": "05:00", "distance": "765", "dayCount": "1", "stnSerialNumber": "10", "boardingDisabled": "false"}, {"stationCode": "KOTA", "stationName": "KOTA JN", "arrivalTime": "01:00", "departureTime": "01:05", "routeNumber": "1", "haltTime": "05:00", "distance": "936", "dayCount": "2", "stnSerialNumber": "11", "boardingDisabled": "false"}, {"stationCode": "RTM", "stationName": "RATLAM JN", "arrivalTime": "06:15", "departureTime": "06:25", "routeNumber": "1", "haltTime": "10:00", "distance": "1202", "dayCount": "2", "stnSerialNumber": "12", "boardingDisabled": "false"}, {"stationCode": "BRC", "stationName": "VADODARA JN", "arrivalTime": "10:20", "departureTime": "10:30", "routeNumber": "1", "haltTime": "10:00", "distance": "1464", "dayCount": "2", "stnSerialNumber": "13", "boardingDisabled": "false"}, {"stationCode": "ST", "stationName": "SURAT", "arrivalTime": "12:23", "departureTime": "12:28", "routeNumber": "1", "haltTime": "05:00", "distance": "1593", "dayCount": "2", "stnSerialNumber": "14", "boardingDisabled": "false"}, {"stationCode": "VAPI", "stationName": "VAPI", "arrivalTime": "13:30", "departureTime": "13:32", "routeNumber": "1", "haltTime": "02:00", "distance": "1685", "dayCount": "2", "stnSerialNumber": "15", "boardingDisabled": "false"}, {"stationCode": "BVI", "stationName": "BORIVALI", "arrivalTime": "15:05", "departureTime": "15:07", "routeNumber": "1", "haltTime": "02:00", "distance": "1825", "dayCount": "2", "stnSerialNumber": "16", "boardingDisabled": "false"}, {"stationCode": "BDTS", "stationName": "BANDRA TERMINUS", "arrivalTime": "16:00", "departureTime": "--", "routeNumber": "1", "haltTime": "--", "distance": "1844", "dayCount": "2", "stnSerialNumber": "17", "boardingDisabled": "false"}]}