{"trainNumber": "05063", "trainName": "CPR LTT EXP SPL", "stationFrom": "CPR", "stationTo": "LTT", "trainOwner": "0", "trainRunsOnMon": "N", "trainRunsOnTue": "N", "trainRunsOnWed": "N", "trainRunsOnThu": "N", "trainRunsOnFri": "Y", "trainRunsOnSat": "N", "trainRunsOnSun": "N", "timeStamp": "2023-06-19T15:30:08.389", "duration": "0", "stationList": [{"stationCode": "CPR", "stationName": "CHHAPRA", "arrivalTime": "--", "departureTime": "16:15", "routeNumber": "1", "haltTime": "--", "distance": "0", "dayCount": "1", "stnSerialNumber": "1", "boardingDisabled": "false"}, {"stationCode": "SV", "stationName": "SIWAN JN", "arrivalTime": "17:20", "departureTime": "17:25", "routeNumber": "1", "haltTime": "05:00", "distance": "61", "dayCount": "1", "stnSerialNumber": "2", "boardingDisabled": "false"}, {"stationCode": "DEOS", "stationName": "DEORIA SADAR", "arrivalTime": "18:45", "departureTime": "18:50", "routeNumber": "1", "haltTime": "05:00", "distance": "131", "dayCount": "1", "stnSerialNumber": "3", "boardingDisabled": "false"}, {"stationCode": "GKP", "stationName": "GORAKHPUR JN", "arrivalTime": "20:45", "departureTime": "20:55", "routeNumber": "1", "haltTime": "10:00", "distance": "180", "dayCount": "1", "stnSerialNumber": "4", "boardingDisabled": "false"}, {"stationCode": "KLD", "stationName": "KHALILABAD", "arrivalTime": "21:31", "departureTime": "21:33", "routeNumber": "1", "haltTime": "02:00", "distance": "215", "dayCount": "1", "stnSerialNumber": "5", "boardingDisabled": "false"}, {"stationCode": "BST", "stationName": "BASTI", "arrivalTime": "22:00", "departureTime": "22:03", "routeNumber": "1", "haltTime": "03:00", "distance": "245", "dayCount": "1", "stnSerialNumber": "6", "boardingDisabled": "false"}, {"stationCode": "GD", "stationName": "GONDA JN", "arrivalTime": "23:15", "departureTime": "23:20", "routeNumber": "1", "haltTime": "05:00", "distance": "334", "dayCount": "1", "stnSerialNumber": "7", "boardingDisabled": "false"}, {"stationCode": "BNZ", "stationName": "BADSHAHNAGAR", "arrivalTime": "01:40", "departureTime": "01:43", "routeNumber": "1", "haltTime": "03:00", "distance": "447", "dayCount": "2", "stnSerialNumber": "9", "boardingDisabled": "false"}, {"stationCode": "ASH", "stationName": "AISHBAGH", "arrivalTime": "02:10", "departureTime": "02:20", "routeNumber": "1", "haltTime": "10:00", "distance": "456", "dayCount": "2", "stnSerialNumber": "10", "boardingDisabled": "false"}, {"stationCode": "CNB", "stationName": "KANPUR CENTRAL", "arrivalTime": "04:10", "departureTime": "04:15", "routeNumber": "1", "haltTime": "05:00", "distance": "529", "dayCount": "2", "stnSerialNumber": "12", "boardingDisabled": "false"}, {"stationCode": "BSZ", "stationName": "BHARWA SUMERPUR", "arrivalTime": "06:03", "departureTime": "06:05", "routeNumber": "1", "haltTime": "02:00", "distance": "616", "dayCount": "2", "stnSerialNumber": "13", "boardingDisabled": "false"}, {"stationCode": "RGU", "stationName": "RAGAUL", "arrivalTime": "06:23", "departureTime": "06:25", "routeNumber": "1", "haltTime": "02:00", "distance": "633", "dayCount": "2", "stnSerialNumber": "14", "boardingDisabled": "false"}, {"stationCode": "BNDA", "stationName": "BANDA JN", "arrivalTime": "07:43", "departureTime": "07:45", "routeNumber": "1", "haltTime": "02:00", "distance": "674", "dayCount": "2", "stnSerialNumber": "15", "boardingDisabled": "false"}, {"stationCode": "CKTD", "stationName": "CHITRAKUTDHAM K", "arrivalTime": "08:45", "departureTime": "08:47", "routeNumber": "1", "haltTime": "02:00", "distance": "742", "dayCount": "2", "stnSerialNumber": "16", "boardingDisabled": "false"}, {"stationCode": "STA", "stationName": "SATNA", "arrivalTime": "12:10", "departureTime": "12:15", "routeNumber": "1", "haltTime": "05:00", "distance": "844", "dayCount": "2", "stnSerialNumber": "17", "boardingDisabled": "false"}, {"stationCode": "KTE", "stationName": "KATNI", "arrivalTime": "13:40", "departureTime": "13:45", "routeNumber": "1", "haltTime": "05:00", "distance": "942", "dayCount": "2", "stnSerialNumber": "18", "boardingDisabled": "false"}, {"stationCode": "JBP", "stationName": "JABALPUR", "arrivalTime": "16:10", "departureTime": "16:15", "routeNumber": "1", "haltTime": "05:00", "distance": "1033", "dayCount": "2", "stnSerialNumber": "19", "boardingDisabled": "false"}, {"stationCode": "ET", "stationName": "ITARSI JN", "arrivalTime": "20:00", "departureTime": "20:05", "routeNumber": "1", "haltTime": "05:00", "distance": "1278", "dayCount": "2", "stnSerialNumber": "20", "boardingDisabled": "false"}, {"stationCode": "BSL", "stationName": "BHUSAVAL JN", "arrivalTime": "00:10", "departureTime": "00:15", "routeNumber": "1", "haltTime": "05:00", "distance": "1585", "dayCount": "3", "stnSerialNumber": "22", "boardingDisabled": "false"}, {"stationCode": "NK", "stationName": "NASHIK ROAD", "arrivalTime": "03:32", "departureTime": "03:35", "routeNumber": "1", "haltTime": "03:00", "distance": "1842", "dayCount": "3", "stnSerialNumber": "23", "boardingDisabled": "false"}, {"stationCode": "KYN", "stationName": "KALYAN JN", "arrivalTime": "06:27", "departureTime": "06:30", "routeNumber": "1", "haltTime": "03:00", "distance": "1976", "dayCount": "3", "stnSerialNumber": "24", "boardingDisabled": "false"}, {"stationCode": "LTT", "stationName": "LOKMANYATILAK T", "arrivalTime": "07:25", "departureTime": "--", "routeNumber": "1", "haltTime": "--", "distance": "2013", "dayCount": "3", "stnSerialNumber": "25", "boardingDisabled": "false"}]}