{"trainNumber": "05062", "trainName": "TPU MTJ SPECIAL", "stationFrom": "TPU", "stationTo": "MTJ", "trainOwner": "0", "trainRunsOnMon": "Y", "trainRunsOnTue": "Y", "trainRunsOnWed": "N", "trainRunsOnThu": "Y", "trainRunsOnFri": "Y", "trainRunsOnSat": "Y", "trainRunsOnSun": "N", "timeStamp": "2023-06-19T15:31:35.678", "duration": "0", "stationList": [{"stationCode": "TPU", "stationName": "TANAKPUR", "arrivalTime": "--", "departureTime": "04:30", "routeNumber": "1", "haltTime": "--", "distance": "0", "dayCount": "1", "stnSerialNumber": "1", "boardingDisabled": "false"}, {"stationCode": "KHMA", "stationName": "KHATIMA", "arrivalTime": "04:54", "departureTime": "04:56", "routeNumber": "1", "haltTime": "02:00", "distance": "25", "dayCount": "1", "stnSerialNumber": "2", "boardingDisabled": "false"}, {"stationCode": "PBE", "stationName": "PILIBHIT JN", "arrivalTime": "05:33", "departureTime": "05:35", "routeNumber": "1", "haltTime": "02:00", "distance": "63", "dayCount": "1", "stnSerialNumber": "3", "boardingDisabled": "false"}, {"stationCode": "BPR", "stationName": "BHOJIPURA JN", "arrivalTime": "06:10", "departureTime": "06:12", "routeNumber": "1", "haltTime": "02:00", "distance": "102", "dayCount": "1", "stnSerialNumber": "4", "boardingDisabled": "false"}, {"stationCode": "IZN", "stationName": "IZZATNAGAR", "arrivalTime": "06:28", "departureTime": "06:30", "routeNumber": "1", "haltTime": "02:00", "distance": "114", "dayCount": "1", "stnSerialNumber": "5", "boardingDisabled": "false"}, {"stationCode": "BC", "stationName": "BAREILLY CITY", "arrivalTime": "06:43", "departureTime": "06:45", "routeNumber": "1", "haltTime": "02:00", "distance": "119", "dayCount": "1", "stnSerialNumber": "6", "boardingDisabled": "false"}, {"stationCode": "BRY", "stationName": "BAREILLY", "arrivalTime": "07:00", "departureTime": "07:02", "routeNumber": "1", "haltTime": "02:00", "distance": "121", "dayCount": "1", "stnSerialNumber": "7", "boardingDisabled": "false"}, {"stationCode": "BEM", "stationName": "BUDAUN", "arrivalTime": "07:40", "departureTime": "07:42", "routeNumber": "1", "haltTime": "02:00", "distance": "166", "dayCount": "1", "stnSerialNumber": "8", "boardingDisabled": "false"}, {"stationCode": "UJH", "stationName": "UJHANI", "arrivalTime": "07:53", "departureTime": "07:55", "routeNumber": "1", "haltTime": "02:00", "distance": "179", "dayCount": "1", "stnSerialNumber": "9", "boardingDisabled": "false"}, {"stationCode": "SRNK", "stationName": "SORON", "arrivalTime": "08:21", "departureTime": "08:23", "routeNumber": "1", "haltTime": "02:00", "distance": "210", "dayCount": "1", "stnSerialNumber": "10", "boardingDisabled": "false"}, {"stationCode": "KSJ", "stationName": "KASGANJ", "arrivalTime": "08:45", "departureTime": "08:55", "routeNumber": "1", "haltTime": "10:00", "distance": "225", "dayCount": "1", "stnSerialNumber": "11", "boardingDisabled": "false"}, {"stationCode": "SKA", "stationName": "SIKANDRA RAO", "arrivalTime": "09:25", "departureTime": "09:27", "routeNumber": "1", "haltTime": "02:00", "distance": "254", "dayCount": "1", "stnSerialNumber": "12", "boardingDisabled": "false"}, {"stationCode": "HTC", "stationName": "HATHRAS CITY", "arrivalTime": "10:15", "departureTime": "10:17", "routeNumber": "1", "haltTime": "02:00", "distance": "288", "dayCount": "1", "stnSerialNumber": "13", "boardingDisabled": "false"}, {"stationCode": "MRT", "stationName": "MATHURA CANT", "arrivalTime": "11:08", "departureTime": "11:10", "routeNumber": "1", "haltTime": "02:00", "distance": "328", "dayCount": "1", "stnSerialNumber": "14", "boardingDisabled": "false"}]}