{"trainNumber": "05101", "trainName": "CI ANVT SPECIAL", "stationFrom": "CI", "stationTo": "ANVT", "trainOwner": "0", "trainRunsOnMon": "N", "trainRunsOnTue": "N", "trainRunsOnWed": "N", "trainRunsOnThu": "N", "trainRunsOnFri": "N", "trainRunsOnSat": "N", "trainRunsOnSun": "Y", "timeStamp": "2023-06-19T15:30:57.820", "duration": "0", "stationList": [{"stationCode": "CI", "stationName": "CHHAPRA KACHERI", "arrivalTime": "--", "departureTime": "08:00", "routeNumber": "1", "haltTime": "--", "distance": "0", "dayCount": "1", "stnSerialNumber": "1", "boardingDisabled": "false"}, {"stationCode": "MEW", "stationName": "MARHAURA", "arrivalTime": "08:28", "departureTime": "08:30", "routeNumber": "1", "haltTime": "02:00", "distance": "25", "dayCount": "1", "stnSerialNumber": "2", "boardingDisabled": "false"}, {"stationCode": "MHC", "stationName": "MASRAKH", "arrivalTime": "08:50", "departureTime": "08:52", "routeNumber": "1", "haltTime": "02:00", "distance": "40", "dayCount": "1", "stnSerialNumber": "3", "boardingDisabled": "false"}, {"stationCode": "DWDI", "stationName": "DIGHWA DUBAULI", "arrivalTime": "09:23", "departureTime": "09:25", "routeNumber": "1", "haltTime": "02:00", "distance": "61", "dayCount": "1", "stnSerialNumber": "4", "boardingDisabled": "false"}, {"stationCode": "SQW", "stationName": "SIDHWALIA", "arrivalTime": "09:40", "departureTime": "09:42", "routeNumber": "1", "haltTime": "02:00", "distance": "72", "dayCount": "1", "stnSerialNumber": "5", "boardingDisabled": "false"}, {"stationCode": "THE", "stationName": "THAWE JN", "arrivalTime": "10:40", "departureTime": "11:10", "routeNumber": "1", "haltTime": "30:00", "distance": "104", "dayCount": "1", "stnSerialNumber": "6", "boardingDisabled": "false"}, {"stationCode": "TOI", "stationName": "TAMKUHI ROAD", "arrivalTime": "11:42", "departureTime": "11:44", "routeNumber": "1", "haltTime": "02:00", "distance": "140", "dayCount": "1", "stnSerialNumber": "7", "boardingDisabled": "false"}, {"stationCode": "POU", "stationName": "PADRAUNA", "arrivalTime": "12:18", "departureTime": "12:20", "routeNumber": "1", "haltTime": "02:00", "distance": "172", "dayCount": "1", "stnSerialNumber": "8", "boardingDisabled": "false"}, {"stationCode": "CPJ", "stationName": "KAPTANGANJ JN", "arrivalTime": "13:05", "departureTime": "13:07", "routeNumber": "1", "haltTime": "02:00", "distance": "203", "dayCount": "1", "stnSerialNumber": "9", "boardingDisabled": "false"}, {"stationCode": "GKP", "stationName": "GORAKHPUR JN", "arrivalTime": "14:25", "departureTime": "14:40", "routeNumber": "1", "haltTime": "15:00", "distance": "242", "dayCount": "1", "stnSerialNumber": "10", "boardingDisabled": "false"}, {"stationCode": "KLD", "stationName": "KHALILABAD", "arrivalTime": "15:18", "departureTime": "15:20", "routeNumber": "1", "haltTime": "02:00", "distance": "277", "dayCount": "1", "stnSerialNumber": "11", "boardingDisabled": "false"}, {"stationCode": "BST", "stationName": "BASTI", "arrivalTime": "15:45", "departureTime": "15:50", "routeNumber": "1", "haltTime": "05:00", "distance": "306", "dayCount": "1", "stnSerialNumber": "12", "boardingDisabled": "false"}, {"stationCode": "GD", "stationName": "GONDA JN", "arrivalTime": "17:05", "departureTime": "17:15", "routeNumber": "1", "haltTime": "10:00", "distance": "396", "dayCount": "1", "stnSerialNumber": "13", "boardingDisabled": "false"}, {"stationCode": "BUW", "stationName": "BURHWAL", "arrivalTime": "18:18", "departureTime": "18:20", "routeNumber": "1", "haltTime": "02:00", "distance": "457", "dayCount": "1", "stnSerialNumber": "14", "boardingDisabled": "false"}, {"stationCode": "STP", "stationName": "SITAPUR", "arrivalTime": "20:10", "departureTime": "20:20", "routeNumber": "1", "haltTime": "10:00", "distance": "555", "dayCount": "1", "stnSerialNumber": "15", "boardingDisabled": "false"}, {"stationCode": "BE", "stationName": "BAREILLY", "arrivalTime": "00:00", "departureTime": "00:02", "routeNumber": "1", "haltTime": "02:00", "distance": "716", "dayCount": "2", "stnSerialNumber": "17", "boardingDisabled": "false"}, {"stationCode": "MB", "stationName": "MORADABAD", "arrivalTime": "01:40", "departureTime": "01:48", "routeNumber": "1", "haltTime": "08:00", "distance": "807", "dayCount": "2", "stnSerialNumber": "18", "boardingDisabled": "false"}, {"stationCode": "GZB", "stationName": "GHAZIABAD", "arrivalTime": "04:20", "departureTime": "04:25", "routeNumber": "1", "haltTime": "05:00", "distance": "948", "dayCount": "2", "stnSerialNumber": "19", "boardingDisabled": "false"}, {"stationCode": "ANVT", "stationName": "ANAND VIHAR TRM", "arrivalTime": "05:00", "departureTime": "--", "routeNumber": "1", "haltTime": "--", "distance": "961", "dayCount": "2", "stnSerialNumber": "20", "boardingDisabled": "false"}]}