{"trainNumber": "05215", "trainName": "BJU YPR  SPL", "stationFrom": "BJU", "stationTo": "YPR", "trainOwner": "0", "trainRunsOnMon": "N", "trainRunsOnTue": "N", "trainRunsOnWed": "N", "trainRunsOnThu": "N", "trainRunsOnFri": "N", "trainRunsOnSat": "Y", "trainRunsOnSun": "N", "timeStamp": "2023-06-19T15:30:34.482", "duration": "0", "stationList": [{"stationCode": "BJU", "stationName": "BARAUNI JN", "arrivalTime": "--", "departureTime": "14:30", "routeNumber": "1", "haltTime": "--", "distance": "0", "dayCount": "1", "stnSerialNumber": "1", "boardingDisabled": "false"}, {"stationCode": "MKA", "stationName": "MOKAMEH JN", "arrivalTime": "15:40", "departureTime": "15:42", "routeNumber": "1", "haltTime": "02:00", "distance": "21", "dayCount": "1", "stnSerialNumber": "2", "boardingDisabled": "false"}, {"stationCode": "BKP", "stationName": "BAKHTIYARPUR JN", "arrivalTime": "16:15", "departureTime": "16:17", "routeNumber": "1", "haltTime": "02:00", "distance": "65", "dayCount": "1", "stnSerialNumber": "3", "boardingDisabled": "false"}, {"stationCode": "PNBE", "stationName": "PATNA JN", "arrivalTime": "17:40", "departureTime": "17:50", "routeNumber": "1", "haltTime": "10:00", "distance": "111", "dayCount": "1", "stnSerialNumber": "4", "boardingDisabled": "false"}, {"stationCode": "ARA", "stationName": "ARA JN", "arrivalTime": "18:39", "departureTime": "18:41", "routeNumber": "1", "haltTime": "02:00", "distance": "160", "dayCount": "1", "stnSerialNumber": "5", "boardingDisabled": "false"}, {"stationCode": "BXR", "stationName": "BUXAR", "arrivalTime": "19:25", "departureTime": "19:27", "routeNumber": "1", "haltTime": "02:00", "distance": "228", "dayCount": "1", "stnSerialNumber": "6", "boardingDisabled": "false"}, {"stationCode": "DDU", "stationName": "DD UPADHYAYA JN", "arrivalTime": "21:14", "departureTime": "21:24", "routeNumber": "1", "haltTime": "10:00", "distance": "322", "dayCount": "1", "stnSerialNumber": "7", "boardingDisabled": "false"}, {"stationCode": "PCOI", "stationName": "PRAYAGRAJCHEOKI", "arrivalTime": "23:40", "departureTime": "23:45", "routeNumber": "1", "haltTime": "05:00", "distance": "466", "dayCount": "1", "stnSerialNumber": "9", "boardingDisabled": "false"}, {"stationCode": "MKP", "stationName": "MANIKPUR", "arrivalTime": "01:48", "departureTime": "01:50", "routeNumber": "1", "haltTime": "02:00", "distance": "558", "dayCount": "2", "stnSerialNumber": "10", "boardingDisabled": "false"}, {"stationCode": "STA", "stationName": "SATNA", "arrivalTime": "03:05", "departureTime": "03:10", "routeNumber": "1", "haltTime": "05:00", "distance": "635", "dayCount": "2", "stnSerialNumber": "11", "boardingDisabled": "false"}, {"stationCode": "KTE", "stationName": "KATNI", "arrivalTime": "04:30", "departureTime": "04:35", "routeNumber": "1", "haltTime": "05:00", "distance": "734", "dayCount": "2", "stnSerialNumber": "12", "boardingDisabled": "false"}, {"stationCode": "JBP", "stationName": "JABALPUR", "arrivalTime": "06:00", "departureTime": "06:10", "routeNumber": "1", "haltTime": "10:00", "distance": "824", "dayCount": "2", "stnSerialNumber": "13", "boardingDisabled": "false"}, {"stationCode": "NU", "stationName": "NARSINGHPUR", "arrivalTime": "07:38", "departureTime": "07:40", "routeNumber": "1", "haltTime": "02:00", "distance": "908", "dayCount": "2", "stnSerialNumber": "14", "boardingDisabled": "false"}, {"stationCode": "PPI", "stationName": "PIPARIYA", "arrivalTime": "08:50", "departureTime": "08:52", "routeNumber": "1", "haltTime": "02:00", "distance": "1002", "dayCount": "2", "stnSerialNumber": "15", "boardingDisabled": "false"}, {"stationCode": "ET", "stationName": "ITARSI JN", "arrivalTime": "10:20", "departureTime": "10:30", "routeNumber": "1", "haltTime": "10:00", "distance": "1069", "dayCount": "2", "stnSerialNumber": "16", "boardingDisabled": "false"}, {"stationCode": "NGP", "stationName": "NAGPUR", "arrivalTime": "15:50", "departureTime": "16:00", "routeNumber": "1", "haltTime": "10:00", "distance": "1367", "dayCount": "2", "stnSerialNumber": "17", "boardingDisabled": "false"}, {"stationCode": "BPQ", "stationName": "BALHARSHAH", "arrivalTime": "20:25", "departureTime": "20:35", "routeNumber": "1", "haltTime": "10:00", "distance": "1578", "dayCount": "2", "stnSerialNumber": "18", "boardingDisabled": "false"}, {"stationCode": "SKZR", "stationName": "SIRPUR KAGAZNGR", "arrivalTime": "21:15", "departureTime": "21:17", "routeNumber": "1", "haltTime": "02:00", "distance": "1647", "dayCount": "2", "stnSerialNumber": "19", "boardingDisabled": "false"}, {"stationCode": "RDM", "stationName": "RAMAGUNDAM", "arrivalTime": "22:06", "departureTime": "22:07", "routeNumber": "1", "haltTime": "01:00", "distance": "1719", "dayCount": "2", "stnSerialNumber": "20", "boardingDisabled": "false"}, {"stationCode": "KZJ", "stationName": "KAZIPET JN", "arrivalTime": "23:22", "departureTime": "23:32", "routeNumber": "1", "haltTime": "10:00", "distance": "1812", "dayCount": "2", "stnSerialNumber": "21", "boardingDisabled": "false"}, {"stationCode": "ZN", "stationName": "JANGAON", "arrivalTime": "00:10", "departureTime": "00:11", "routeNumber": "1", "haltTime": "01:00", "distance": "1860", "dayCount": "3", "stnSerialNumber": "22", "boardingDisabled": "false"}, {"stationCode": "KCG", "stationName": "KACHEGUDA", "arrivalTime": "02:30", "departureTime": "02:40", "routeNumber": "1", "haltTime": "10:00", "distance": "1950", "dayCount": "3", "stnSerialNumber": "23", "boardingDisabled": "false"}, {"stationCode": "SHNR", "stationName": "SHADNAGAR", "arrivalTime": "03:25", "departureTime": "03:26", "routeNumber": "1", "haltTime": "01:00", "distance": "2001", "dayCount": "3", "stnSerialNumber": "24", "boardingDisabled": "false"}, {"stationCode": "JCL", "stationName": "JADCHERLA", "arrivalTime": "03:55", "departureTime": "03:56", "routeNumber": "1", "haltTime": "01:00", "distance": "2038", "dayCount": "3", "stnSerialNumber": "25", "boardingDisabled": "false"}, {"stationCode": "MBNR", "stationName": "MAHBUBNAGAR", "arrivalTime": "04:00", "departureTime": "04:10", "routeNumber": "1", "haltTime": "10:00", "distance": "2055", "dayCount": "3", "stnSerialNumber": "26", "boardingDisabled": "false"}, {"stationCode": "GWD", "stationName": "GADWAL", "arrivalTime": "05:28", "departureTime": "05:30", "routeNumber": "1", "haltTime": "02:00", "distance": "2130", "dayCount": "3", "stnSerialNumber": "27", "boardingDisabled": "false"}, {"stationCode": "KRNT", "stationName": "KURNOOL CITY", "arrivalTime": "06:40", "departureTime": "06:42", "routeNumber": "1", "haltTime": "02:00", "distance": "2186", "dayCount": "3", "stnSerialNumber": "28", "boardingDisabled": "false"}, {"stationCode": "DHNE", "stationName": "DHONE", "arrivalTime": "07:45", "departureTime": "07:50", "routeNumber": "1", "haltTime": "05:00", "distance": "2239", "dayCount": "3", "stnSerialNumber": "29", "boardingDisabled": "false"}, {"stationCode": "GY", "stationName": "GOOTY", "arrivalTime": "08:45", "departureTime": "08:46", "routeNumber": "1", "haltTime": "01:00", "distance": "2294", "dayCount": "3", "stnSerialNumber": "30", "boardingDisabled": "false"}, {"stationCode": "ATP", "stationName": "ANANTAPUR", "arrivalTime": "10:10", "departureTime": "10:12", "routeNumber": "1", "haltTime": "02:00", "distance": "2352", "dayCount": "3", "stnSerialNumber": "31", "boardingDisabled": "false"}, {"stationCode": "DMM", "stationName": "DHARMAVARAM JN", "arrivalTime": "12:40", "departureTime": "12:50", "routeNumber": "1", "haltTime": "10:00", "distance": "2385", "dayCount": "3", "stnSerialNumber": "32", "boardingDisabled": "false"}, {"stationCode": "YPR", "stationName": "YESVANTPUR JN", "arrivalTime": "16:30", "departureTime": "--", "routeNumber": "1", "haltTime": "--", "distance": "2560", "dayCount": "3", "stnSerialNumber": "33", "boardingDisabled": "false"}]}