{"trainNumber": "05231", "trainName": "BJU ANVT SPL", "stationFrom": "BJU", "stationTo": "ANVT", "trainOwner": "0", "trainRunsOnMon": "N", "trainRunsOnTue": "N", "trainRunsOnWed": "N", "trainRunsOnThu": "Y", "trainRunsOnFri": "N", "trainRunsOnSat": "N", "trainRunsOnSun": "Y", "timeStamp": "2023-06-19T15:31:04.800", "duration": "0", "stationList": [{"stationCode": "BJU", "stationName": "BARAUNI JN", "arrivalTime": "--", "departureTime": "16:00", "routeNumber": "1", "haltTime": "--", "distance": "0", "dayCount": "1", "stnSerialNumber": "1", "boardingDisabled": "false"}, {"stationCode": "SPJ", "stationName": "SAMASTIPUR JN", "arrivalTime": "16:55", "departureTime": "17:00", "routeNumber": "1", "haltTime": "05:00", "distance": "51", "dayCount": "1", "stnSerialNumber": "2", "boardingDisabled": "false"}, {"stationCode": "MFP", "stationName": "MUZAFFARPUR JN", "arrivalTime": "17:55", "departureTime": "18:00", "routeNumber": "1", "haltTime": "05:00", "distance": "103", "dayCount": "1", "stnSerialNumber": "3", "boardingDisabled": "false"}, {"stationCode": "HJP", "stationName": "HAJIPUR JN", "arrivalTime": "19:00", "departureTime": "19:05", "routeNumber": "1", "haltTime": "05:00", "distance": "157", "dayCount": "1", "stnSerialNumber": "4", "boardingDisabled": "false"}, {"stationCode": "CPR", "stationName": "CHHAPRA", "arrivalTime": "20:40", "departureTime": "20:45", "routeNumber": "1", "haltTime": "05:00", "distance": "216", "dayCount": "1", "stnSerialNumber": "5", "boardingDisabled": "false"}, {"stationCode": "GKP", "stationName": "GORAKHPUR JN", "arrivalTime": "23:15", "departureTime": "23:25", "routeNumber": "1", "haltTime": "10:00", "distance": "396", "dayCount": "1", "stnSerialNumber": "6", "boardingDisabled": "false"}, {"stationCode": "BST", "stationName": "BASTI", "arrivalTime": "00:25", "departureTime": "00:27", "routeNumber": "1", "haltTime": "02:00", "distance": "460", "dayCount": "2", "stnSerialNumber": "7", "boardingDisabled": "false"}, {"stationCode": "GD", "stationName": "GONDA JN", "arrivalTime": "01:25", "departureTime": "01:27", "routeNumber": "1", "haltTime": "02:00", "distance": "550", "dayCount": "2", "stnSerialNumber": "8", "boardingDisabled": "false"}, {"stationCode": "STP", "stationName": "SITAPUR", "arrivalTime": "03:25", "departureTime": "03:35", "routeNumber": "1", "haltTime": "10:00", "distance": "709", "dayCount": "2", "stnSerialNumber": "9", "boardingDisabled": "false"}, {"stationCode": "MB", "stationName": "MORADABAD", "arrivalTime": "10:00", "departureTime": "10:05", "routeNumber": "1", "haltTime": "05:00", "distance": "961", "dayCount": "2", "stnSerialNumber": "11", "boardingDisabled": "false"}, {"stationCode": "GZB", "stationName": "GHAZIABAD", "arrivalTime": "12:05", "departureTime": "12:10", "routeNumber": "1", "haltTime": "05:00", "distance": "1102", "dayCount": "2", "stnSerialNumber": "12", "boardingDisabled": "false"}, {"stationCode": "ANVT", "stationName": "ANAND VIHAR TRM", "arrivalTime": "13:30", "departureTime": "--", "routeNumber": "1", "haltTime": "--", "distance": "1115", "dayCount": "2", "stnSerialNumber": "13", "boardingDisabled": "false"}]}