{"trainNumber": "05232", "trainName": "ANVT BJU SPL", "stationFrom": "ANVT", "stationTo": "BJU", "trainOwner": "0", "trainRunsOnMon": "Y", "trainRunsOnTue": "N", "trainRunsOnWed": "N", "trainRunsOnThu": "N", "trainRunsOnFri": "Y", "trainRunsOnSat": "N", "trainRunsOnSun": "N", "timeStamp": "2023-06-19T15:31:04.800", "duration": "0", "stationList": [{"stationCode": "ANVT", "stationName": "ANAND VIHAR TRM", "arrivalTime": "--", "departureTime": "16:15", "routeNumber": "1", "haltTime": "--", "distance": "0", "dayCount": "1", "stnSerialNumber": "1", "boardingDisabled": "false"}, {"stationCode": "GZB", "stationName": "GHAZIABAD", "arrivalTime": "17:25", "departureTime": "17:35", "routeNumber": "1", "haltTime": "10:00", "distance": "13", "dayCount": "1", "stnSerialNumber": "2", "boardingDisabled": "false"}, {"stationCode": "MB", "stationName": "MORADABAD", "arrivalTime": "20:00", "departureTime": "20:05", "routeNumber": "1", "haltTime": "05:00", "distance": "154", "dayCount": "1", "stnSerialNumber": "3", "boardingDisabled": "false"}, {"stationCode": "STP", "stationName": "SITAPUR", "arrivalTime": "02:50", "departureTime": "03:00", "routeNumber": "1", "haltTime": "10:00", "distance": "407", "dayCount": "2", "stnSerialNumber": "5", "boardingDisabled": "false"}, {"stationCode": "GD", "stationName": "GONDA JN", "arrivalTime": "05:00", "departureTime": "05:02", "routeNumber": "1", "haltTime": "02:00", "distance": "565", "dayCount": "2", "stnSerialNumber": "6", "boardingDisabled": "false"}, {"stationCode": "BST", "stationName": "BASTI", "arrivalTime": "06:50", "departureTime": "06:52", "routeNumber": "1", "haltTime": "02:00", "distance": "655", "dayCount": "2", "stnSerialNumber": "7", "boardingDisabled": "false"}, {"stationCode": "GKP", "stationName": "GORAKHPUR JN", "arrivalTime": "08:30", "departureTime": "08:40", "routeNumber": "1", "haltTime": "10:00", "distance": "719", "dayCount": "2", "stnSerialNumber": "8", "boardingDisabled": "false"}, {"stationCode": "CPR", "stationName": "CHHAPRA", "arrivalTime": "11:00", "departureTime": "11:05", "routeNumber": "1", "haltTime": "05:00", "distance": "899", "dayCount": "2", "stnSerialNumber": "9", "boardingDisabled": "false"}, {"stationCode": "HJP", "stationName": "HAJIPUR JN", "arrivalTime": "12:25", "departureTime": "12:30", "routeNumber": "1", "haltTime": "05:00", "distance": "958", "dayCount": "2", "stnSerialNumber": "10", "boardingDisabled": "false"}, {"stationCode": "MFP", "stationName": "MUZAFFARPUR JN", "arrivalTime": "13:20", "departureTime": "13:25", "routeNumber": "1", "haltTime": "05:00", "distance": "1012", "dayCount": "2", "stnSerialNumber": "11", "boardingDisabled": "false"}, {"stationCode": "SPJ", "stationName": "SAMASTIPUR JN", "arrivalTime": "14:25", "departureTime": "14:30", "routeNumber": "1", "haltTime": "05:00", "distance": "1064", "dayCount": "2", "stnSerialNumber": "12", "boardingDisabled": "false"}, {"stationCode": "BJU", "stationName": "BARAUNI JN", "arrivalTime": "15:50", "departureTime": "--", "routeNumber": "1", "haltTime": "--", "distance": "1115", "dayCount": "2", "stnSerialNumber": "13", "boardingDisabled": "false"}]}{"trainNumber": "05232", "trainName": "ANVT BJU SPL", "stationFrom": "ANVT", "stationTo": "BJU", "trainOwner": "0", "trainRunsOnMon": "Y", "trainRunsOnTue": "N", "trainRunsOnWed": "N", "trainRunsOnThu": "N", "trainRunsOnFri": "Y", "trainRunsOnSat": "N", "trainRunsOnSun": "N", "timeStamp": "2023-06-19T15:31:51.105", "duration": "0", "stationList": [{"stationCode": "ANVT", "stationName": "ANAND VIHAR TRM", "arrivalTime": "--", "departureTime": "16:15", "routeNumber": "1", "haltTime": "--", "distance": "0", "dayCount": "1", "stnSerialNumber": "1", "boardingDisabled": "false"}, {"stationCode": "GZB", "stationName": "GHAZIABAD", "arrivalTime": "17:25", "departureTime": "17:35", "routeNumber": "1", "haltTime": "10:00", "distance": "13", "dayCount": "1", "stnSerialNumber": "2", "boardingDisabled": "false"}, {"stationCode": "MB", "stationName": "MORADABAD", "arrivalTime": "20:00", "departureTime": "20:05", "routeNumber": "1", "haltTime": "05:00", "distance": "154", "dayCount": "1", "stnSerialNumber": "3", "boardingDisabled": "false"}, {"stationCode": "STP", "stationName": "SITAPUR", "arrivalTime": "02:50", "departureTime": "03:00", "routeNumber": "1", "haltTime": "10:00", "distance": "407", "dayCount": "2", "stnSerialNumber": "5", "boardingDisabled": "false"}, {"stationCode": "GD", "stationName": "GONDA JN", "arrivalTime": "05:00", "departureTime": "05:02", "routeNumber": "1", "haltTime": "02:00", "distance": "565", "dayCount": "2", "stnSerialNumber": "6", "boardingDisabled": "false"}, {"stationCode": "BST", "stationName": "BASTI", "arrivalTime": "06:50", "departureTime": "06:52", "routeNumber": "1", "haltTime": "02:00", "distance": "655", "dayCount": "2", "stnSerialNumber": "7", "boardingDisabled": "false"}, {"stationCode": "GKP", "stationName": "GORAKHPUR JN", "arrivalTime": "08:30", "departureTime": "08:40", "routeNumber": "1", "haltTime": "10:00", "distance": "719", "dayCount": "2", "stnSerialNumber": "8", "boardingDisabled": "false"}, {"stationCode": "CPR", "stationName": "CHHAPRA", "arrivalTime": "11:00", "departureTime": "11:05", "routeNumber": "1", "haltTime": "05:00", "distance": "899", "dayCount": "2", "stnSerialNumber": "9", "boardingDisabled": "false"}, {"stationCode": "HJP", "stationName": "HAJIPUR JN", "arrivalTime": "12:25", "departureTime": "12:30", "routeNumber": "1", "haltTime": "05:00", "distance": "958", "dayCount": "2", "stnSerialNumber": "10", "boardingDisabled": "false"}, {"stationCode": "MFP", "stationName": "MUZAFFARPUR JN", "arrivalTime": "13:20", "departureTime": "13:25", "routeNumber": "1", "haltTime": "05:00", "distance": "1012", "dayCount": "2", "stnSerialNumber": "11", "boardingDisabled": "false"}, {"stationCode": "SPJ", "stationName": "SAMASTIPUR JN", "arrivalTime": "14:25", "departureTime": "14:30", "routeNumber": "1", "haltTime": "05:00", "distance": "1064", "dayCount": "2", "stnSerialNumber": "12", "boardingDisabled": "false"}, {"stationCode": "BJU", "stationName": "BARAUNI JN", "arrivalTime": "15:50", "departureTime": "--", "routeNumber": "1", "haltTime": "--", "distance": "1115", "dayCount": "2", "stnSerialNumber": "13", "boardingDisabled": "false"}]}