{"trainNumber": "05268", "trainName": "ASR JYG SPL", "stationFrom": "ASR", "stationTo": "JYG", "trainOwner": "0", "trainRunsOnMon": "N", "trainRunsOnTue": "N", "trainRunsOnWed": "N", "trainRunsOnThu": "N", "trainRunsOnFri": "N", "trainRunsOnSat": "N", "trainRunsOnSun": "Y", "timeStamp": "2023-06-19T15:31:00.168", "duration": "0", "stationList": [{"stationCode": "ASR", "stationName": "AMRITSAR JN", "arrivalTime": "--", "departureTime": "04:25", "routeNumber": "1", "haltTime": "--", "distance": "0", "dayCount": "1", "stnSerialNumber": "1", "boardingDisabled": "false"}, {"stationCode": "JUC", "stationName": "JALANDHAR CITY", "arrivalTime": "05:27", "departureTime": "05:30", "routeNumber": "1", "haltTime": "03:00", "distance": "79", "dayCount": "1", "stnSerialNumber": "2", "boardingDisabled": "false"}, {"stationCode": "LDH", "stationName": "LUDHIANA JN", "arrivalTime": "06:30", "departureTime": "06:40", "routeNumber": "1", "haltTime": "10:00", "distance": "136", "dayCount": "1", "stnSerialNumber": "3", "boardingDisabled": "false"}, {"stationCode": "UMB", "stationName": "AMBALA CANT JN", "arrivalTime": "08:50", "departureTime": "08:55", "routeNumber": "1", "haltTime": "05:00", "distance": "250", "dayCount": "1", "stnSerialNumber": "5", "boardingDisabled": "false"}, {"stationCode": "DLI", "stationName": "DELHI", "arrivalTime": "12:00", "departureTime": "12:10", "routeNumber": "1", "haltTime": "10:00", "distance": "447", "dayCount": "1", "stnSerialNumber": "6", "boardingDisabled": "false"}, {"stationCode": "GZB", "stationName": "GHAZIABAD", "arrivalTime": "13:00", "departureTime": "13:05", "routeNumber": "1", "haltTime": "05:00", "distance": "467", "dayCount": "1", "stnSerialNumber": "7", "boardingDisabled": "false"}, {"stationCode": "MB", "stationName": "MORADABAD", "arrivalTime": "15:30", "departureTime": "15:40", "routeNumber": "1", "haltTime": "10:00", "distance": "608", "dayCount": "1", "stnSerialNumber": "8", "boardingDisabled": "false"}, {"stationCode": "STP", "stationName": "SITAPUR", "arrivalTime": "20:20", "departureTime": "20:30", "routeNumber": "1", "haltTime": "10:00", "distance": "860", "dayCount": "1", "stnSerialNumber": "10", "boardingDisabled": "false"}, {"stationCode": "GD", "stationName": "GONDA JN", "arrivalTime": "22:45", "departureTime": "22:47", "routeNumber": "1", "haltTime": "02:00", "distance": "1019", "dayCount": "1", "stnSerialNumber": "11", "boardingDisabled": "false"}, {"stationCode": "BST", "stationName": "BASTI", "arrivalTime": "23:50", "departureTime": "23:52", "routeNumber": "1", "haltTime": "02:00", "distance": "1108", "dayCount": "1", "stnSerialNumber": "12", "boardingDisabled": "false"}, {"stationCode": "GKP", "stationName": "GORAKHPUR JN", "arrivalTime": "01:00", "departureTime": "01:10", "routeNumber": "1", "haltTime": "10:00", "distance": "1173", "dayCount": "2", "stnSerialNumber": "13", "boardingDisabled": "false"}, {"stationCode": "CPR", "stationName": "CHHAPRA", "arrivalTime": "05:00", "departureTime": "05:10", "routeNumber": "1", "haltTime": "10:00", "distance": "1353", "dayCount": "2", "stnSerialNumber": "14", "boardingDisabled": "false"}, {"stationCode": "HJP", "stationName": "HAJIPUR JN", "arrivalTime": "06:30", "departureTime": "06:35", "routeNumber": "1", "haltTime": "05:00", "distance": "1412", "dayCount": "2", "stnSerialNumber": "15", "boardingDisabled": "false"}, {"stationCode": "MFP", "stationName": "MUZAFFARPUR JN", "arrivalTime": "07:30", "departureTime": "07:35", "routeNumber": "1", "haltTime": "05:00", "distance": "1466", "dayCount": "2", "stnSerialNumber": "16", "boardingDisabled": "false"}, {"stationCode": "SPJ", "stationName": "SAMASTIPUR JN", "arrivalTime": "09:10", "departureTime": "09:35", "routeNumber": "1", "haltTime": "25:00", "distance": "1517", "dayCount": "2", "stnSerialNumber": "17", "boardingDisabled": "false"}, {"stationCode": "DBG", "stationName": "DARBHANGA JN", "arrivalTime": "10:40", "departureTime": "10:45", "routeNumber": "1", "haltTime": "05:00", "distance": "1555", "dayCount": "2", "stnSerialNumber": "18", "boardingDisabled": "false"}, {"stationCode": "MBI", "stationName": "MADHUBANI", "arrivalTime": "11:45", "departureTime": "11:47", "routeNumber": "1", "haltTime": "02:00", "distance": "1591", "dayCount": "2", "stnSerialNumber": "19", "boardingDisabled": "false"}, {"stationCode": "JYG", "stationName": "JAYNAGAR", "arrivalTime": "13:10", "departureTime": "--", "routeNumber": "1", "haltTime": "--", "distance": "1623", "dayCount": "2", "stnSerialNumber": "20", "boardingDisabled": "false"}]}