{"trainNumber": "05273", "trainName": "SPJ ASR SPL", "stationFrom": "SPJ", "stationTo": "ASR", "trainOwner": "0", "trainRunsOnMon": "N", "trainRunsOnTue": "Y", "trainRunsOnWed": "N", "trainRunsOnThu": "N", "trainRunsOnFri": "N", "trainRunsOnSat": "N", "trainRunsOnSun": "N", "timeStamp": "2023-06-19T15:31:00.024", "duration": "0", "stationList": [{"stationCode": "SPJ", "stationName": "SAMASTIPUR JN", "arrivalTime": "--", "departureTime": "23:00", "routeNumber": "1", "haltTime": "--", "distance": "0", "dayCount": "1", "stnSerialNumber": "1", "boardingDisabled": "false"}, {"stationCode": "MFP", "stationName": "MUZAFFARPUR JN", "arrivalTime": "00:05", "departureTime": "00:10", "routeNumber": "1", "haltTime": "05:00", "distance": "52", "dayCount": "2", "stnSerialNumber": "2", "boardingDisabled": "false"}, {"stationCode": "HJP", "stationName": "HAJIPUR JN", "arrivalTime": "01:40", "departureTime": "01:45", "routeNumber": "1", "haltTime": "05:00", "distance": "106", "dayCount": "2", "stnSerialNumber": "3", "boardingDisabled": "false"}, {"stationCode": "CPR", "stationName": "CHHAPRA", "arrivalTime": "03:10", "departureTime": "03:20", "routeNumber": "1", "haltTime": "10:00", "distance": "165", "dayCount": "2", "stnSerialNumber": "4", "boardingDisabled": "false"}, {"stationCode": "GKP", "stationName": "GORAKHPUR JN", "arrivalTime": "06:30", "departureTime": "06:40", "routeNumber": "1", "haltTime": "10:00", "distance": "345", "dayCount": "2", "stnSerialNumber": "5", "boardingDisabled": "false"}, {"stationCode": "BST", "stationName": "BASTI", "arrivalTime": "07:40", "departureTime": "07:42", "routeNumber": "1", "haltTime": "02:00", "distance": "409", "dayCount": "2", "stnSerialNumber": "6", "boardingDisabled": "false"}, {"stationCode": "GD", "stationName": "GONDA JN", "arrivalTime": "09:00", "departureTime": "09:02", "routeNumber": "1", "haltTime": "02:00", "distance": "499", "dayCount": "2", "stnSerialNumber": "7", "boardingDisabled": "false"}, {"stationCode": "STP", "stationName": "SITAPUR", "arrivalTime": "11:10", "departureTime": "11:20", "routeNumber": "1", "haltTime": "10:00", "distance": "658", "dayCount": "2", "stnSerialNumber": "8", "boardingDisabled": "false"}, {"stationCode": "MB", "stationName": "MORADABAD", "arrivalTime": "16:07", "departureTime": "16:15", "routeNumber": "1", "haltTime": "08:00", "distance": "910", "dayCount": "2", "stnSerialNumber": "10", "boardingDisabled": "false"}, {"stationCode": "SRE", "stationName": "SAHARANPUR", "arrivalTime": "20:25", "departureTime": "20:35", "routeNumber": "1", "haltTime": "10:00", "distance": "1103", "dayCount": "2", "stnSerialNumber": "11", "boardingDisabled": "false"}, {"stationCode": "UMB", "stationName": "AMBALA CANT JN", "arrivalTime": "22:00", "departureTime": "22:10", "routeNumber": "1", "haltTime": "10:00", "distance": "1184", "dayCount": "2", "stnSerialNumber": "12", "boardingDisabled": "false"}, {"stationCode": "LDH", "stationName": "LUDHIANA JN", "arrivalTime": "23:46", "departureTime": "23:56", "routeNumber": "1", "haltTime": "10:00", "distance": "1298", "dayCount": "2", "stnSerialNumber": "13", "boardingDisabled": "false"}, {"stationCode": "JUC", "stationName": "JALANDHAR CITY", "arrivalTime": "00:50", "departureTime": "00:55", "routeNumber": "1", "haltTime": "05:00", "distance": "1354", "dayCount": "3", "stnSerialNumber": "14", "boardingDisabled": "false"}, {"stationCode": "BEAS", "stationName": "BEAS", "arrivalTime": "01:28", "departureTime": "01:30", "routeNumber": "1", "haltTime": "02:00", "distance": "1391", "dayCount": "3", "stnSerialNumber": "15", "boardingDisabled": "false"}, {"stationCode": "ASR", "stationName": "AMRITSAR JN", "arrivalTime": "02:20", "departureTime": "--", "routeNumber": "1", "haltTime": "--", "distance": "1433", "dayCount": "3", "stnSerialNumber": "16", "boardingDisabled": "false"}]}