{"trainNumber": "05272", "trainName": "YPR MFP SPL", "stationFrom": "YPR", "stationTo": "MFP", "trainOwner": "0", "trainRunsOnMon": "Y", "trainRunsOnTue": "N", "trainRunsOnWed": "N", "trainRunsOnThu": "N", "trainRunsOnFri": "N", "trainRunsOnSat": "N", "trainRunsOnSun": "N", "timeStamp": "2023-06-19T15:30:09.481", "duration": "0", "stationList": [{"stationCode": "YPR", "stationName": "YESVANTPUR JN", "arrivalTime": "--", "departureTime": "07:30", "routeNumber": "1", "haltTime": "--", "distance": "0", "dayCount": "1", "stnSerialNumber": "1", "boardingDisabled": "false"}, {"stationCode": "DMM", "stationName": "DHARMAVARAM JN", "arrivalTime": "11:45", "departureTime": "11:50", "routeNumber": "1", "haltTime": "05:00", "distance": "175", "dayCount": "1", "stnSerialNumber": "2", "boardingDisabled": "false"}, {"stationCode": "ATP", "stationName": "ANANTAPUR", "arrivalTime": "12:25", "departureTime": "12:27", "routeNumber": "1", "haltTime": "02:00", "distance": "209", "dayCount": "1", "stnSerialNumber": "3", "boardingDisabled": "false"}, {"stationCode": "GY", "stationName": "GOOTY", "arrivalTime": "13:15", "departureTime": "13:17", "routeNumber": "1", "haltTime": "02:00", "distance": "266", "dayCount": "1", "stnSerialNumber": "4", "boardingDisabled": "false"}, {"stationCode": "DHNE", "stationName": "DHONE", "arrivalTime": "14:20", "departureTime": "14:25", "routeNumber": "1", "haltTime": "05:00", "distance": "321", "dayCount": "1", "stnSerialNumber": "5", "boardingDisabled": "false"}, {"stationCode": "KRNT", "stationName": "KURNOOL CITY", "arrivalTime": "15:00", "departureTime": "15:01", "routeNumber": "1", "haltTime": "01:00", "distance": "374", "dayCount": "1", "stnSerialNumber": "6", "boardingDisabled": "false"}, {"stationCode": "GWD", "stationName": "GADWAL", "arrivalTime": "17:30", "departureTime": "17:32", "routeNumber": "1", "haltTime": "02:00", "distance": "430", "dayCount": "1", "stnSerialNumber": "7", "boardingDisabled": "false"}, {"stationCode": "MBNR", "stationName": "MAHBUBNAGAR", "arrivalTime": "18:28", "departureTime": "18:30", "routeNumber": "1", "haltTime": "02:00", "distance": "505", "dayCount": "1", "stnSerialNumber": "8", "boardingDisabled": "false"}, {"stationCode": "JCL", "stationName": "JADCHERLA", "arrivalTime": "18:49", "departureTime": "18:50", "routeNumber": "1", "haltTime": "01:00", "distance": "522", "dayCount": "1", "stnSerialNumber": "9", "boardingDisabled": "false"}, {"stationCode": "SHNR", "stationName": "SHADNAGAR", "arrivalTime": "19:20", "departureTime": "19:21", "routeNumber": "1", "haltTime": "01:00", "distance": "559", "dayCount": "1", "stnSerialNumber": "10", "boardingDisabled": "false"}, {"stationCode": "KCG", "stationName": "KACHEGUDA", "arrivalTime": "20:40", "departureTime": "21:00", "routeNumber": "1", "haltTime": "20:00", "distance": "610", "dayCount": "1", "stnSerialNumber": "11", "boardingDisabled": "false"}, {"stationCode": "ZN", "stationName": "JANGAON", "arrivalTime": "22:30", "departureTime": "22:31", "routeNumber": "1", "haltTime": "01:00", "distance": "700", "dayCount": "1", "stnSerialNumber": "12", "boardingDisabled": "false"}, {"stationCode": "KZJ", "stationName": "KAZIPET JN", "arrivalTime": "23:23", "departureTime": "23:25", "routeNumber": "1", "haltTime": "02:00", "distance": "748", "dayCount": "1", "stnSerialNumber": "13", "boardingDisabled": "false"}, {"stationCode": "RDM", "stationName": "RAMAGUNDAM", "arrivalTime": "00:34", "departureTime": "00:35", "routeNumber": "1", "haltTime": "01:00", "distance": "841", "dayCount": "2", "stnSerialNumber": "14", "boardingDisabled": "false"}, {"stationCode": "SKZR", "stationName": "SIRPUR KAGAZNGR", "arrivalTime": "02:40", "departureTime": "02:42", "routeNumber": "1", "haltTime": "02:00", "distance": "913", "dayCount": "2", "stnSerialNumber": "15", "boardingDisabled": "false"}, {"stationCode": "BPQ", "stationName": "BALHARSHAH", "arrivalTime": "07:35", "departureTime": "07:40", "routeNumber": "1", "haltTime": "05:00", "distance": "982", "dayCount": "2", "stnSerialNumber": "16", "boardingDisabled": "false"}, {"stationCode": "NGP", "stationName": "NAGPUR", "arrivalTime": "11:40", "departureTime": "11:45", "routeNumber": "1", "haltTime": "05:00", "distance": "1194", "dayCount": "2", "stnSerialNumber": "17", "boardingDisabled": "false"}, {"stationCode": "ET", "stationName": "ITARSI JN", "arrivalTime": "18:10", "departureTime": "18:15", "routeNumber": "1", "haltTime": "05:00", "distance": "1491", "dayCount": "2", "stnSerialNumber": "18", "boardingDisabled": "false"}, {"stationCode": "PPI", "stationName": "PIPARIYA", "arrivalTime": "19:08", "departureTime": "19:10", "routeNumber": "1", "haltTime": "02:00", "distance": "1558", "dayCount": "2", "stnSerialNumber": "19", "boardingDisabled": "false"}, {"stationCode": "NU", "stationName": "NARSINGHPUR", "arrivalTime": "20:08", "departureTime": "20:10", "routeNumber": "1", "haltTime": "02:00", "distance": "1652", "dayCount": "2", "stnSerialNumber": "20", "boardingDisabled": "false"}, {"stationCode": "JBP", "stationName": "JABALPUR", "arrivalTime": "21:40", "departureTime": "21:50", "routeNumber": "1", "haltTime": "10:00", "distance": "1736", "dayCount": "2", "stnSerialNumber": "21", "boardingDisabled": "false"}, {"stationCode": "KTE", "stationName": "KATNI", "arrivalTime": "23:20", "departureTime": "23:25", "routeNumber": "1", "haltTime": "05:00", "distance": "1827", "dayCount": "2", "stnSerialNumber": "22", "boardingDisabled": "false"}, {"stationCode": "STA", "stationName": "SATNA", "arrivalTime": "00:35", "departureTime": "00:40", "routeNumber": "1", "haltTime": "05:00", "distance": "1925", "dayCount": "3", "stnSerialNumber": "23", "boardingDisabled": "false"}, {"stationCode": "MKP", "stationName": "MANIKPUR", "arrivalTime": "02:05", "departureTime": "02:07", "routeNumber": "1", "haltTime": "02:00", "distance": "2002", "dayCount": "3", "stnSerialNumber": "24", "boardingDisabled": "false"}, {"stationCode": "PCOI", "stationName": "PRAYAGRAJCHEOKI", "arrivalTime": "03:25", "departureTime": "03:30", "routeNumber": "1", "haltTime": "05:00", "distance": "2094", "dayCount": "3", "stnSerialNumber": "25", "boardingDisabled": "false"}, {"stationCode": "DDU", "stationName": "DD UPADHYAYA JN", "arrivalTime": "06:40", "departureTime": "06:50", "routeNumber": "1", "haltTime": "10:00", "distance": "2238", "dayCount": "3", "stnSerialNumber": "26", "boardingDisabled": "false"}, {"stationCode": "BXR", "stationName": "BUXAR", "arrivalTime": "07:50", "departureTime": "07:52", "routeNumber": "1", "haltTime": "02:00", "distance": "2332", "dayCount": "3", "stnSerialNumber": "27", "boardingDisabled": "false"}, {"stationCode": "ARA", "stationName": "ARA JN", "arrivalTime": "08:35", "departureTime": "08:37", "routeNumber": "1", "haltTime": "02:00", "distance": "2400", "dayCount": "3", "stnSerialNumber": "28", "boardingDisabled": "false"}, {"stationCode": "PPTA", "stationName": "PATLIPUTRA", "arrivalTime": "09:30", "departureTime": "09:40", "routeNumber": "1", "haltTime": "10:00", "distance": "2446", "dayCount": "3", "stnSerialNumber": "29", "boardingDisabled": "false"}, {"stationCode": "HJP", "stationName": "HAJIPUR JN", "arrivalTime": "10:25", "departureTime": "10:30", "routeNumber": "1", "haltTime": "05:00", "distance": "2467", "dayCount": "3", "stnSerialNumber": "31", "boardingDisabled": "false"}, {"stationCode": "MFP", "stationName": "MUZAFFARPUR JN", "arrivalTime": "12:00", "departureTime": "--", "routeNumber": "1", "haltTime": "--", "distance": "2520", "dayCount": "3", "stnSerialNumber": "32", "boardingDisabled": "false"}]}