{"trainNumber": "05271", "trainName": "MFP YPR SPL", "stationFrom": "MFP", "stationTo": "YPR", "trainOwner": "0", "trainRunsOnMon": "N", "trainRunsOnTue": "N", "trainRunsOnWed": "N", "trainRunsOnThu": "N", "trainRunsOnFri": "Y", "trainRunsOnSat": "N", "trainRunsOnSun": "N", "timeStamp": "2023-06-19T15:30:09.489", "duration": "0", "stationList": [{"stationCode": "MFP", "stationName": "MUZAFFARPUR JN", "arrivalTime": "--", "departureTime": "15:30", "routeNumber": "1", "haltTime": "--", "distance": "0", "dayCount": "1", "stnSerialNumber": "1", "boardingDisabled": "false"}, {"stationCode": "HJP", "stationName": "HAJIPUR JN", "arrivalTime": "16:35", "departureTime": "16:40", "routeNumber": "1", "haltTime": "05:00", "distance": "54", "dayCount": "1", "stnSerialNumber": "2", "boardingDisabled": "false"}, {"stationCode": "PPTA", "stationName": "PATLIPUTRA", "arrivalTime": "17:40", "departureTime": "17:50", "routeNumber": "1", "haltTime": "10:00", "distance": "75", "dayCount": "1", "stnSerialNumber": "4", "boardingDisabled": "false"}, {"stationCode": "ARA", "stationName": "ARA JN", "arrivalTime": "18:39", "departureTime": "18:41", "routeNumber": "1", "haltTime": "02:00", "distance": "120", "dayCount": "1", "stnSerialNumber": "5", "boardingDisabled": "false"}, {"stationCode": "BXR", "stationName": "BUXAR", "arrivalTime": "19:25", "departureTime": "19:27", "routeNumber": "1", "haltTime": "02:00", "distance": "189", "dayCount": "1", "stnSerialNumber": "6", "boardingDisabled": "false"}, {"stationCode": "DDU", "stationName": "DD UPADHYAYA JN", "arrivalTime": "21:14", "departureTime": "21:24", "routeNumber": "1", "haltTime": "10:00", "distance": "283", "dayCount": "1", "stnSerialNumber": "7", "boardingDisabled": "false"}, {"stationCode": "PCOI", "stationName": "PRAYAGRAJCHEOKI", "arrivalTime": "23:40", "departureTime": "23:45", "routeNumber": "1", "haltTime": "05:00", "distance": "427", "dayCount": "1", "stnSerialNumber": "8", "boardingDisabled": "false"}, {"stationCode": "MKP", "stationName": "MANIKPUR", "arrivalTime": "01:48", "departureTime": "01:50", "routeNumber": "1", "haltTime": "02:00", "distance": "519", "dayCount": "2", "stnSerialNumber": "9", "boardingDisabled": "false"}, {"stationCode": "STA", "stationName": "SATNA", "arrivalTime": "03:05", "departureTime": "03:10", "routeNumber": "1", "haltTime": "05:00", "distance": "596", "dayCount": "2", "stnSerialNumber": "10", "boardingDisabled": "false"}, {"stationCode": "KTE", "stationName": "KATNI", "arrivalTime": "04:30", "departureTime": "04:35", "routeNumber": "1", "haltTime": "05:00", "distance": "694", "dayCount": "2", "stnSerialNumber": "11", "boardingDisabled": "false"}, {"stationCode": "JBP", "stationName": "JABALPUR", "arrivalTime": "06:00", "departureTime": "06:10", "routeNumber": "1", "haltTime": "10:00", "distance": "785", "dayCount": "2", "stnSerialNumber": "12", "boardingDisabled": "false"}, {"stationCode": "NU", "stationName": "NARSINGHPUR", "arrivalTime": "07:18", "departureTime": "07:20", "routeNumber": "1", "haltTime": "02:00", "distance": "869", "dayCount": "2", "stnSerialNumber": "13", "boardingDisabled": "false"}, {"stationCode": "PPI", "stationName": "PIPARIYA", "arrivalTime": "08:18", "departureTime": "08:20", "routeNumber": "1", "haltTime": "02:00", "distance": "963", "dayCount": "2", "stnSerialNumber": "14", "boardingDisabled": "false"}, {"stationCode": "ET", "stationName": "ITARSI JN", "arrivalTime": "10:05", "departureTime": "10:15", "routeNumber": "1", "haltTime": "10:00", "distance": "1030", "dayCount": "2", "stnSerialNumber": "15", "boardingDisabled": "false"}, {"stationCode": "NGP", "stationName": "NAGPUR", "arrivalTime": "15:50", "departureTime": "16:00", "routeNumber": "1", "haltTime": "10:00", "distance": "1327", "dayCount": "2", "stnSerialNumber": "16", "boardingDisabled": "false"}, {"stationCode": "BPQ", "stationName": "BALHARSHAH", "arrivalTime": "20:25", "departureTime": "20:35", "routeNumber": "1", "haltTime": "10:00", "distance": "1539", "dayCount": "2", "stnSerialNumber": "17", "boardingDisabled": "false"}, {"stationCode": "SKZR", "stationName": "SIRPUR KAGAZNGR", "arrivalTime": "21:15", "departureTime": "21:17", "routeNumber": "1", "haltTime": "02:00", "distance": "1608", "dayCount": "2", "stnSerialNumber": "18", "boardingDisabled": "false"}, {"stationCode": "RDM", "stationName": "RAMAGUNDAM", "arrivalTime": "22:06", "departureTime": "22:07", "routeNumber": "1", "haltTime": "01:00", "distance": "1680", "dayCount": "2", "stnSerialNumber": "19", "boardingDisabled": "false"}, {"stationCode": "KZJ", "stationName": "KAZIPET JN", "arrivalTime": "23:22", "departureTime": "23:32", "routeNumber": "1", "haltTime": "10:00", "distance": "1773", "dayCount": "2", "stnSerialNumber": "20", "boardingDisabled": "false"}, {"stationCode": "ZN", "stationName": "JANGAON", "arrivalTime": "00:10", "departureTime": "00:11", "routeNumber": "1", "haltTime": "01:00", "distance": "1821", "dayCount": "3", "stnSerialNumber": "21", "boardingDisabled": "false"}, {"stationCode": "KCG", "stationName": "KACHEGUDA", "arrivalTime": "02:30", "departureTime": "02:40", "routeNumber": "1", "haltTime": "10:00", "distance": "1911", "dayCount": "3", "stnSerialNumber": "22", "boardingDisabled": "false"}, {"stationCode": "SHNR", "stationName": "SHADNAGAR", "arrivalTime": "03:25", "departureTime": "03:26", "routeNumber": "1", "haltTime": "01:00", "distance": "1962", "dayCount": "3", "stnSerialNumber": "23", "boardingDisabled": "false"}, {"stationCode": "JCL", "stationName": "JADCHERLA", "arrivalTime": "03:55", "departureTime": "03:56", "routeNumber": "1", "haltTime": "01:00", "distance": "1998", "dayCount": "3", "stnSerialNumber": "24", "boardingDisabled": "false"}, {"stationCode": "MBNR", "stationName": "MAHBUBNAGAR", "arrivalTime": "04:00", "departureTime": "04:10", "routeNumber": "1", "haltTime": "10:00", "distance": "2016", "dayCount": "3", "stnSerialNumber": "25", "boardingDisabled": "false"}, {"stationCode": "GWD", "stationName": "GADWAL", "arrivalTime": "05:28", "departureTime": "05:30", "routeNumber": "1", "haltTime": "02:00", "distance": "2091", "dayCount": "3", "stnSerialNumber": "26", "boardingDisabled": "false"}, {"stationCode": "KRNT", "stationName": "KURNOOL CITY", "arrivalTime": "06:40", "departureTime": "06:42", "routeNumber": "1", "haltTime": "02:00", "distance": "2147", "dayCount": "3", "stnSerialNumber": "27", "boardingDisabled": "false"}, {"stationCode": "DHNE", "stationName": "DHONE", "arrivalTime": "07:45", "departureTime": "07:50", "routeNumber": "1", "haltTime": "05:00", "distance": "2200", "dayCount": "3", "stnSerialNumber": "28", "boardingDisabled": "false"}, {"stationCode": "GY", "stationName": "GOOTY", "arrivalTime": "08:45", "departureTime": "08:46", "routeNumber": "1", "haltTime": "01:00", "distance": "2255", "dayCount": "3", "stnSerialNumber": "29", "boardingDisabled": "false"}, {"stationCode": "ATP", "stationName": "ANANTAPUR", "arrivalTime": "10:10", "departureTime": "10:12", "routeNumber": "1", "haltTime": "02:00", "distance": "2312", "dayCount": "3", "stnSerialNumber": "30", "boardingDisabled": "false"}, {"stationCode": "DMM", "stationName": "DHARMAVARAM JN", "arrivalTime": "12:40", "departureTime": "12:50", "routeNumber": "1", "haltTime": "10:00", "distance": "2346", "dayCount": "3", "stnSerialNumber": "31", "boardingDisabled": "false"}, {"stationCode": "YPR", "stationName": "YESVANTPUR JN", "arrivalTime": "16:30", "departureTime": "--", "routeNumber": "1", "haltTime": "--", "distance": "2520", "dayCount": "3", "stnSerialNumber": "32", "boardingDisabled": "false"}]}