{"trainNumber": "05304", "trainName": "MBNR GKP SPL", "stationFrom": "MBNR", "stationTo": "GKP", "trainOwner": "0", "trainRunsOnMon": "Y", "trainRunsOnTue": "N", "trainRunsOnWed": "N", "trainRunsOnThu": "N", "trainRunsOnFri": "N", "trainRunsOnSat": "N", "trainRunsOnSun": "N", "timeStamp": "2023-06-19T15:30:58.912", "duration": "0", "stationList": [{"stationCode": "MBNR", "stationName": "MAHBUBNAGAR", "arrivalTime": "--", "departureTime": "18:00", "routeNumber": "1", "haltTime": "--", "distance": "0", "dayCount": "1", "stnSerialNumber": "1", "boardingDisabled": "false"}, {"stationCode": "JCL", "stationName": "JADCHERLA", "arrivalTime": "18:20", "departureTime": "18:21", "routeNumber": "1", "haltTime": "01:00", "distance": "18", "dayCount": "1", "stnSerialNumber": "2", "boardingDisabled": "false"}, {"stationCode": "SHNR", "stationName": "SHADNAGAR", "arrivalTime": "18:52", "departureTime": "18:53", "routeNumber": "1", "haltTime": "01:00", "distance": "54", "dayCount": "1", "stnSerialNumber": "3", "boardingDisabled": "false"}, {"stationCode": "KCG", "stationName": "KACHEGUDA", "arrivalTime": "20:10", "departureTime": "20:25", "routeNumber": "1", "haltTime": "15:00", "distance": "106", "dayCount": "1", "stnSerialNumber": "4", "boardingDisabled": "false"}, {"stationCode": "MJF", "stationName": "MALKAJGIRI", "arrivalTime": "20:45", "departureTime": "20:46", "routeNumber": "1", "haltTime": "01:00", "distance": "115", "dayCount": "1", "stnSerialNumber": "5", "boardingDisabled": "false"}, {"stationCode": "KZJ", "stationName": "KAZIPET JN", "arrivalTime": "22:58", "departureTime": "23:00", "routeNumber": "1", "haltTime": "02:00", "distance": "244", "dayCount": "1", "stnSerialNumber": "6", "boardingDisabled": "false"}, {"stationCode": "RDM", "stationName": "RAMAGUNDAM", "arrivalTime": "00:30", "departureTime": "00:32", "routeNumber": "1", "haltTime": "02:00", "distance": "337", "dayCount": "2", "stnSerialNumber": "7", "boardingDisabled": "false"}, {"stationCode": "BPA", "stationName": "BELLAMPALLI", "arrivalTime": "01:05", "departureTime": "01:07", "routeNumber": "1", "haltTime": "02:00", "distance": "370", "dayCount": "2", "stnSerialNumber": "8", "boardingDisabled": "false"}, {"stationCode": "SKZR", "stationName": "SIRPUR KAGAZNGR", "arrivalTime": "01:30", "departureTime": "01:32", "routeNumber": "1", "haltTime": "02:00", "distance": "408", "dayCount": "2", "stnSerialNumber": "9", "boardingDisabled": "false"}, {"stationCode": "BPQ", "stationName": "BALHARSHAH", "arrivalTime": "03:15", "departureTime": "03:20", "routeNumber": "1", "haltTime": "05:00", "distance": "478", "dayCount": "2", "stnSerialNumber": "10", "boardingDisabled": "false"}, {"stationCode": "NGP", "stationName": "NAGPUR", "arrivalTime": "06:30", "departureTime": "06:35", "routeNumber": "1", "haltTime": "05:00", "distance": "689", "dayCount": "2", "stnSerialNumber": "11", "boardingDisabled": "false"}, {"stationCode": "ET", "stationName": "ITARSI JN", "arrivalTime": "12:00", "departureTime": "12:05", "routeNumber": "1", "haltTime": "05:00", "distance": "986", "dayCount": "2", "stnSerialNumber": "12", "boardingDisabled": "false"}, {"stationCode": "BPL", "stationName": "BHOPAL  JN", "arrivalTime": "13:45", "departureTime": "13:50", "routeNumber": "1", "haltTime": "05:00", "distance": "1085", "dayCount": "2", "stnSerialNumber": "13", "boardingDisabled": "false"}, {"stationCode": "VGLJ", "stationName": "V LAKSHMIBAIJHS", "arrivalTime": "21:10", "departureTime": "21:20", "routeNumber": "1", "haltTime": "10:00", "distance": "1376", "dayCount": "2", "stnSerialNumber": "14", "boardingDisabled": "false"}, {"stationCode": "ORAI", "stationName": "ORAI", "arrivalTime": "22:20", "departureTime": "22:22", "routeNumber": "1", "haltTime": "02:00", "distance": "1489", "dayCount": "2", "stnSerialNumber": "15", "boardingDisabled": "false"}, {"stationCode": "CNB", "stationName": "KANPUR CENTRAL", "arrivalTime": "01:25", "departureTime": "01:30", "routeNumber": "1", "haltTime": "05:00", "distance": "1597", "dayCount": "3", "stnSerialNumber": "16", "boardingDisabled": "false"}, {"stationCode": "ASH", "stationName": "AISHBAGH", "arrivalTime": "02:40", "departureTime": "02:50", "routeNumber": "1", "haltTime": "10:00", "distance": "1669", "dayCount": "3", "stnSerialNumber": "17", "boardingDisabled": "false"}, {"stationCode": "GD", "stationName": "GONDA JN", "arrivalTime": "05:40", "departureTime": "05:45", "routeNumber": "1", "haltTime": "05:00", "distance": "1788", "dayCount": "3", "stnSerialNumber": "18", "boardingDisabled": "false"}, {"stationCode": "BST", "stationName": "BASTI", "arrivalTime": "07:15", "departureTime": "07:20", "routeNumber": "1", "haltTime": "05:00", "distance": "1878", "dayCount": "3", "stnSerialNumber": "19", "boardingDisabled": "false"}, {"stationCode": "KLD", "stationName": "KHALILABAD", "arrivalTime": "07:50", "departureTime": "07:52", "routeNumber": "1", "haltTime": "02:00", "distance": "1908", "dayCount": "3", "stnSerialNumber": "20", "boardingDisabled": "false"}, {"stationCode": "GKP", "stationName": "GORAKHPUR JN", "arrivalTime": "09:00", "departureTime": "--", "routeNumber": "1", "haltTime": "--", "distance": "1942", "dayCount": "3", "stnSerialNumber": "21", "boardingDisabled": "false"}]}