{"trainNumber": "05303", "trainName": "GKP MBNR SPL", "stationFrom": "GKP", "stationTo": "MBNR", "trainOwner": "0", "trainRunsOnMon": "N", "trainRunsOnTue": "N", "trainRunsOnWed": "N", "trainRunsOnThu": "N", "trainRunsOnFri": "N", "trainRunsOnSat": "Y", "trainRunsOnSun": "N", "timeStamp": "2023-06-19T15:30:58.876", "duration": "0", "stationList": [{"stationCode": "GKP", "stationName": "GORAKHPUR JN", "arrivalTime": "--", "departureTime": "08:30", "routeNumber": "1", "haltTime": "--", "distance": "0", "dayCount": "1", "stnSerialNumber": "1", "boardingDisabled": "false"}, {"stationCode": "KLD", "stationName": "KHALILABAD", "arrivalTime": "09:08", "departureTime": "09:10", "routeNumber": "1", "haltTime": "02:00", "distance": "35", "dayCount": "1", "stnSerialNumber": "2", "boardingDisabled": "false"}, {"stationCode": "BST", "stationName": "BASTI", "arrivalTime": "09:36", "departureTime": "09:39", "routeNumber": "1", "haltTime": "03:00", "distance": "65", "dayCount": "1", "stnSerialNumber": "3", "boardingDisabled": "false"}, {"stationCode": "GD", "stationName": "GONDA JN", "arrivalTime": "11:00", "departureTime": "11:05", "routeNumber": "1", "haltTime": "05:00", "distance": "154", "dayCount": "1", "stnSerialNumber": "4", "boardingDisabled": "false"}, {"stationCode": "ASH", "stationName": "AISHBAGH", "arrivalTime": "13:25", "departureTime": "13:35", "routeNumber": "1", "haltTime": "10:00", "distance": "273", "dayCount": "1", "stnSerialNumber": "6", "boardingDisabled": "false"}, {"stationCode": "CNB", "stationName": "KANPUR CENTRAL", "arrivalTime": "15:05", "departureTime": "15:10", "routeNumber": "1", "haltTime": "05:00", "distance": "346", "dayCount": "1", "stnSerialNumber": "7", "boardingDisabled": "false"}, {"stationCode": "ORAI", "stationName": "ORAI", "arrivalTime": "16:40", "departureTime": "16:42", "routeNumber": "1", "haltTime": "02:00", "distance": "453", "dayCount": "1", "stnSerialNumber": "8", "boardingDisabled": "false"}, {"stationCode": "VGLJ", "stationName": "V LAKSHMIBAIJHS", "arrivalTime": "18:45", "departureTime": "18:53", "routeNumber": "1", "haltTime": "08:00", "distance": "567", "dayCount": "1", "stnSerialNumber": "9", "boardingDisabled": "false"}, {"stationCode": "BPL", "stationName": "BHOPAL  JN", "arrivalTime": "23:10", "departureTime": "23:15", "routeNumber": "1", "haltTime": "05:00", "distance": "858", "dayCount": "1", "stnSerialNumber": "10", "boardingDisabled": "false"}, {"stationCode": "ET", "stationName": "ITARSI JN", "arrivalTime": "00:45", "departureTime": "00:50", "routeNumber": "1", "haltTime": "05:00", "distance": "950", "dayCount": "2", "stnSerialNumber": "11", "boardingDisabled": "false"}, {"stationCode": "NGP", "stationName": "NAGPUR", "arrivalTime": "06:40", "departureTime": "06:45", "routeNumber": "1", "haltTime": "05:00", "distance": "1247", "dayCount": "2", "stnSerialNumber": "12", "boardingDisabled": "false"}, {"stationCode": "BPQ", "stationName": "BALHARSHAH", "arrivalTime": "10:00", "departureTime": "10:05", "routeNumber": "1", "haltTime": "05:00", "distance": "1458", "dayCount": "2", "stnSerialNumber": "13", "boardingDisabled": "false"}, {"stationCode": "SKZR", "stationName": "SIRPUR KAGAZNGR", "arrivalTime": "10:55", "departureTime": "10:57", "routeNumber": "1", "haltTime": "02:00", "distance": "1527", "dayCount": "2", "stnSerialNumber": "14", "boardingDisabled": "false"}, {"stationCode": "BPA", "stationName": "BELLAMPALLI", "arrivalTime": "11:30", "departureTime": "11:32", "routeNumber": "1", "haltTime": "02:00", "distance": "1566", "dayCount": "2", "stnSerialNumber": "15", "boardingDisabled": "false"}, {"stationCode": "RDM", "stationName": "RAMAGUNDAM", "arrivalTime": "12:00", "departureTime": "12:01", "routeNumber": "1", "haltTime": "01:00", "distance": "1599", "dayCount": "2", "stnSerialNumber": "16", "boardingDisabled": "false"}, {"stationCode": "KZJ", "stationName": "KAZIPET JN", "arrivalTime": "13:25", "departureTime": "13:27", "routeNumber": "1", "haltTime": "02:00", "distance": "1692", "dayCount": "2", "stnSerialNumber": "17", "boardingDisabled": "false"}, {"stationCode": "KCG", "stationName": "KACHEGUDA", "arrivalTime": "16:15", "departureTime": "16:30", "routeNumber": "1", "haltTime": "15:00", "distance": "1824", "dayCount": "2", "stnSerialNumber": "18", "boardingDisabled": "false"}, {"stationCode": "SHNR", "stationName": "SHADNAGAR", "arrivalTime": "17:20", "departureTime": "17:21", "routeNumber": "1", "haltTime": "01:00", "distance": "1882", "dayCount": "2", "stnSerialNumber": "20", "boardingDisabled": "false"}, {"stationCode": "JCL", "stationName": "JADCHERLA", "arrivalTime": "18:00", "departureTime": "18:01", "routeNumber": "1", "haltTime": "01:00", "distance": "1918", "dayCount": "2", "stnSerialNumber": "21", "boardingDisabled": "false"}, {"stationCode": "MBNR", "stationName": "MAHBUBNAGAR", "arrivalTime": "19:30", "departureTime": "--", "routeNumber": "1", "haltTime": "--", "distance": "1935", "dayCount": "2", "stnSerialNumber": "22", "boardingDisabled": "false"}]}