{"trainNumber": "05320", "trainName": "MLN BIC SPL", "stationFrom": "MLN", "stationTo": "BIC", "trainOwner": "0", "trainRunsOnMon": "N", "trainRunsOnTue": "N", "trainRunsOnWed": "N", "trainRunsOnThu": "N", "trainRunsOnFri": "N", "trainRunsOnSat": "Y", "trainRunsOnSun": "Y", "timeStamp": "2023-06-19T15:31:09.747", "duration": "0"}{"trainNumber": "05320", "trainName": "MLN BIC SPL", "stationFrom": "MLN", "stationTo": "BIC", "trainOwner": "0", "trainRunsOnMon": "N", "trainRunsOnTue": "N", "trainRunsOnWed": "N", "trainRunsOnThu": "N", "trainRunsOnFri": "N", "trainRunsOnSat": "Y", "trainRunsOnSun": "Y", "timeStamp": "2023-06-19T15:31:50.264", "duration": "0"}