{"trainNumber": "05537", "trainName": "DBG AII SPL", "stationFrom": "DBG", "stationTo": "AII", "trainOwner": "0", "trainRunsOnMon": "N", "trainRunsOnTue": "N", "trainRunsOnWed": "Y", "trainRunsOnThu": "N", "trainRunsOnFri": "N", "trainRunsOnSat": "N", "trainRunsOnSun": "N", "timeStamp": "2023-06-19T15:30:57.945", "duration": "0", "stationList": [{"stationCode": "DBG", "stationName": "DARBHANGA JN", "arrivalTime": "--", "departureTime": "13:15", "routeNumber": "1", "haltTime": "--", "distance": "0", "dayCount": "1", "stnSerialNumber": "1", "boardingDisabled": "false"}, {"stationCode": "SMI", "stationName": "SITAMARHI", "arrivalTime": "14:20", "departureTime": "14:25", "routeNumber": "1", "haltTime": "05:00", "distance": "68", "dayCount": "1", "stnSerialNumber": "2", "boardingDisabled": "false"}, {"stationCode": "BGU", "stationName": "BAIRAGNIA", "arrivalTime": "14:51", "departureTime": "14:53", "routeNumber": "1", "haltTime": "02:00", "distance": "97", "dayCount": "1", "stnSerialNumber": "3", "boardingDisabled": "false"}, {"stationCode": "RXL", "stationName": "RAXAUL JN", "arrivalTime": "15:50", "departureTime": "15:55", "routeNumber": "1", "haltTime": "05:00", "distance": "151", "dayCount": "1", "stnSerialNumber": "4", "boardingDisabled": "false"}, {"stationCode": "NKE", "stationName": "NARKATIAGANJ JN", "arrivalTime": "18:00", "departureTime": "18:10", "routeNumber": "1", "haltTime": "10:00", "distance": "191", "dayCount": "1", "stnSerialNumber": "5", "boardingDisabled": "false"}, {"stationCode": "CPJ", "stationName": "KAPTANGANJ JN", "arrivalTime": "21:00", "departureTime": "21:02", "routeNumber": "1", "haltTime": "02:00", "distance": "302", "dayCount": "1", "stnSerialNumber": "6", "boardingDisabled": "false"}, {"stationCode": "GKP", "stationName": "GORAKHPUR JN", "arrivalTime": "22:25", "departureTime": "22:40", "routeNumber": "1", "haltTime": "15:00", "distance": "341", "dayCount": "1", "stnSerialNumber": "7", "boardingDisabled": "false"}, {"stationCode": "KLD", "stationName": "KHALILABAD", "arrivalTime": "23:23", "departureTime": "23:25", "routeNumber": "1", "haltTime": "02:00", "distance": "376", "dayCount": "1", "stnSerialNumber": "8", "boardingDisabled": "false"}, {"stationCode": "BST", "stationName": "BASTI", "arrivalTime": "23:51", "departureTime": "23:54", "routeNumber": "1", "haltTime": "03:00", "distance": "406", "dayCount": "1", "stnSerialNumber": "9", "boardingDisabled": "false"}, {"stationCode": "GD", "stationName": "GONDA JN", "arrivalTime": "01:40", "departureTime": "01:50", "routeNumber": "1", "haltTime": "10:00", "distance": "495", "dayCount": "2", "stnSerialNumber": "10", "boardingDisabled": "false"}, {"stationCode": "STP", "stationName": "SITAPUR", "arrivalTime": "04:48", "departureTime": "04:58", "routeNumber": "1", "haltTime": "10:00", "distance": "654", "dayCount": "2", "stnSerialNumber": "11", "boardingDisabled": "false"}, {"stationCode": "SPN", "stationName": "SHAHJEHANPUR", "arrivalTime": "07:12", "departureTime": "07:14", "routeNumber": "1", "haltTime": "02:00", "distance": "745", "dayCount": "2", "stnSerialNumber": "12", "boardingDisabled": "false"}, {"stationCode": "BEM", "stationName": "BUDAUN", "arrivalTime": "09:40", "departureTime": "09:45", "routeNumber": "1", "haltTime": "05:00", "distance": "856", "dayCount": "2", "stnSerialNumber": "13", "boardingDisabled": "false"}, {"stationCode": "KSJ", "stationName": "KASGANJ", "arrivalTime": "11:30", "departureTime": "11:40", "routeNumber": "1", "haltTime": "10:00", "distance": "915", "dayCount": "2", "stnSerialNumber": "14", "boardingDisabled": "false"}, {"stationCode": "HTC", "stationName": "HATHRAS CITY", "arrivalTime": "13:02", "departureTime": "13:04", "routeNumber": "1", "haltTime": "02:00", "distance": "978", "dayCount": "2", "stnSerialNumber": "15", "boardingDisabled": "false"}, {"stationCode": "MTJ", "stationName": "MATHURA JN", "arrivalTime": "14:10", "departureTime": "14:15", "routeNumber": "1", "haltTime": "05:00", "distance": "1020", "dayCount": "2", "stnSerialNumber": "16", "boardingDisabled": "false"}, {"stationCode": "AH", "stationName": "ACHHNERA JN", "arrivalTime": "15:05", "departureTime": "15:15", "routeNumber": "1", "haltTime": "10:00", "distance": "1055", "dayCount": "2", "stnSerialNumber": "17", "boardingDisabled": "false"}, {"stationCode": "BKI", "stationName": "BANDIKUI JN", "arrivalTime": "17:55", "departureTime": "17:57", "routeNumber": "1", "haltTime": "02:00", "distance": "1179", "dayCount": "2", "stnSerialNumber": "18", "boardingDisabled": "false"}, {"stationCode": "JP", "stationName": "JAIPUR", "arrivalTime": "19:10", "departureTime": "19:20", "routeNumber": "1", "haltTime": "10:00", "distance": "1269", "dayCount": "2", "stnSerialNumber": "19", "boardingDisabled": "false"}, {"stationCode": "KSG", "stationName": "KISHANGARH", "arrivalTime": "20:45", "departureTime": "20:47", "routeNumber": "1", "haltTime": "02:00", "distance": "1379", "dayCount": "2", "stnSerialNumber": "20", "boardingDisabled": "false"}, {"stationCode": "AII", "stationName": "AJMER JN", "arrivalTime": "21:40", "departureTime": "--", "routeNumber": "1", "haltTime": "--", "distance": "1404", "dayCount": "2", "stnSerialNumber": "21", "boardingDisabled": "false"}]}