{"trainNumber": "05538", "trainName": "AII DBG SPECIAL", "stationFrom": "AII", "stationTo": "DBG", "trainOwner": "0", "trainRunsOnMon": "N", "trainRunsOnTue": "N", "trainRunsOnWed": "N", "trainRunsOnThu": "Y", "trainRunsOnFri": "N", "trainRunsOnSat": "N", "trainRunsOnSun": "N", "timeStamp": "2023-06-19T15:30:57.920", "duration": "0", "stationList": [{"stationCode": "AII", "stationName": "AJMER JN", "arrivalTime": "--", "departureTime": "23:25", "routeNumber": "1", "haltTime": "--", "distance": "0", "dayCount": "1", "stnSerialNumber": "1", "boardingDisabled": "false"}, {"stationCode": "KSG", "stationName": "KISHANGARH", "arrivalTime": "23:52", "departureTime": "23:54", "routeNumber": "1", "haltTime": "02:00", "distance": "26", "dayCount": "1", "stnSerialNumber": "2", "boardingDisabled": "false"}, {"stationCode": "JP", "stationName": "JAIPUR", "arrivalTime": "01:40", "departureTime": "01:50", "routeNumber": "1", "haltTime": "10:00", "distance": "135", "dayCount": "2", "stnSerialNumber": "3", "boardingDisabled": "false"}, {"stationCode": "BKI", "stationName": "BANDIKUI JN", "arrivalTime": "03:15", "departureTime": "03:17", "routeNumber": "1", "haltTime": "02:00", "distance": "225", "dayCount": "2", "stnSerialNumber": "4", "boardingDisabled": "false"}, {"stationCode": "AH", "stationName": "ACHHNERA JN", "arrivalTime": "05:30", "departureTime": "05:40", "routeNumber": "1", "haltTime": "10:00", "distance": "350", "dayCount": "2", "stnSerialNumber": "5", "boardingDisabled": "false"}, {"stationCode": "MTJ", "stationName": "MATHURA JN", "arrivalTime": "06:50", "departureTime": "06:55", "routeNumber": "1", "haltTime": "05:00", "distance": "385", "dayCount": "2", "stnSerialNumber": "6", "boardingDisabled": "false"}, {"stationCode": "HTC", "stationName": "HATHRAS CITY", "arrivalTime": "07:40", "departureTime": "07:42", "routeNumber": "1", "haltTime": "02:00", "distance": "426", "dayCount": "2", "stnSerialNumber": "7", "boardingDisabled": "false"}, {"stationCode": "KSJ", "stationName": "KASGANJ", "arrivalTime": "09:00", "departureTime": "09:10", "routeNumber": "1", "haltTime": "10:00", "distance": "490", "dayCount": "2", "stnSerialNumber": "8", "boardingDisabled": "false"}, {"stationCode": "BEM", "stationName": "BUDAUN", "arrivalTime": "10:48", "departureTime": "10:53", "routeNumber": "1", "haltTime": "05:00", "distance": "549", "dayCount": "2", "stnSerialNumber": "9", "boardingDisabled": "false"}, {"stationCode": "SPN", "stationName": "SHAHJEHANPUR", "arrivalTime": "13:15", "departureTime": "13:17", "routeNumber": "1", "haltTime": "02:00", "distance": "659", "dayCount": "2", "stnSerialNumber": "10", "boardingDisabled": "false"}, {"stationCode": "STP", "stationName": "SITAPUR", "arrivalTime": "16:10", "departureTime": "16:20", "routeNumber": "1", "haltTime": "10:00", "distance": "751", "dayCount": "2", "stnSerialNumber": "11", "boardingDisabled": "false"}, {"stationCode": "GD", "stationName": "GONDA JN", "arrivalTime": "19:20", "departureTime": "19:30", "routeNumber": "1", "haltTime": "10:00", "distance": "909", "dayCount": "2", "stnSerialNumber": "12", "boardingDisabled": "false"}, {"stationCode": "BST", "stationName": "BASTI", "arrivalTime": "20:37", "departureTime": "20:40", "routeNumber": "1", "haltTime": "03:00", "distance": "999", "dayCount": "2", "stnSerialNumber": "13", "boardingDisabled": "false"}, {"stationCode": "KLD", "stationName": "KHALILABAD", "arrivalTime": "21:10", "departureTime": "21:12", "routeNumber": "1", "haltTime": "02:00", "distance": "1029", "dayCount": "2", "stnSerialNumber": "14", "boardingDisabled": "false"}, {"stationCode": "GKP", "stationName": "GORAKHPUR JN", "arrivalTime": "22:15", "departureTime": "22:30", "routeNumber": "1", "haltTime": "15:00", "distance": "1063", "dayCount": "2", "stnSerialNumber": "15", "boardingDisabled": "false"}, {"stationCode": "CPJ", "stationName": "KAPTANGANJ JN", "arrivalTime": "23:18", "departureTime": "23:20", "routeNumber": "1", "haltTime": "02:00", "distance": "1102", "dayCount": "2", "stnSerialNumber": "16", "boardingDisabled": "false"}, {"stationCode": "NKE", "stationName": "NARKATIAGANJ JN", "arrivalTime": "01:55", "departureTime": "02:05", "routeNumber": "1", "haltTime": "10:00", "distance": "1213", "dayCount": "3", "stnSerialNumber": "17", "boardingDisabled": "false"}, {"stationCode": "RXL", "stationName": "RAXAUL JN", "arrivalTime": "02:45", "departureTime": "02:50", "routeNumber": "1", "haltTime": "05:00", "distance": "1254", "dayCount": "3", "stnSerialNumber": "18", "boardingDisabled": "false"}, {"stationCode": "BGU", "stationName": "BAIRAGNIA", "arrivalTime": "03:37", "departureTime": "03:39", "routeNumber": "1", "haltTime": "02:00", "distance": "1307", "dayCount": "3", "stnSerialNumber": "19", "boardingDisabled": "false"}, {"stationCode": "SMI", "stationName": "SITAMARHI", "arrivalTime": "04:25", "departureTime": "04:30", "routeNumber": "1", "haltTime": "05:00", "distance": "1336", "dayCount": "3", "stnSerialNumber": "20", "boardingDisabled": "false"}, {"stationCode": "DBG", "stationName": "DARBHANGA JN", "arrivalTime": "06:50", "departureTime": "--", "routeNumber": "1", "haltTime": "--", "distance": "1404", "dayCount": "3", "stnSerialNumber": "21", "boardingDisabled": "false"}]}