{"trainNumber": "05615", "trainName": "UDZ GHY SPL", "stationFrom": "UDZ", "stationTo": "GHY", "trainOwner": "0", "trainRunsOnMon": "N", "trainRunsOnTue": "N", "trainRunsOnWed": "Y", "trainRunsOnThu": "N", "trainRunsOnFri": "N", "trainRunsOnSat": "N", "trainRunsOnSun": "N", "timeStamp": "2023-06-19T15:31:26.493", "duration": "0", "stationList": [{"stationCode": "UDZ", "stationName": "UDAIPUR CITY", "arrivalTime": "--", "departureTime": "14:20", "routeNumber": "1", "haltTime": "--", "distance": "0", "dayCount": "1", "stnSerialNumber": "1", "boardingDisabled": "false"}, {"stationCode": "RPZ", "stationName": "RANAPRATAPNAGAR", "arrivalTime": "14:27", "departureTime": "14:29", "routeNumber": "1", "haltTime": "02:00", "distance": "5", "dayCount": "1", "stnSerialNumber": "2", "boardingDisabled": "false"}, {"stationCode": "MVJ", "stationName": "MAVLI JN", "arrivalTime": "15:00", "departureTime": "15:02", "routeNumber": "1", "haltTime": "02:00", "distance": "43", "dayCount": "1", "stnSerialNumber": "3", "boardingDisabled": "false"}, {"stationCode": "CNA", "stationName": "CHANDERIYA", "arrivalTime": "16:28", "departureTime": "16:30", "routeNumber": "1", "haltTime": "02:00", "distance": "117", "dayCount": "1", "stnSerialNumber": "4", "boardingDisabled": "false"}, {"stationCode": "BHL", "stationName": "BHILWARA", "arrivalTime": "17:10", "departureTime": "17:15", "routeNumber": "1", "haltTime": "05:00", "distance": "163", "dayCount": "1", "stnSerialNumber": "5", "boardingDisabled": "false"}, {"stationCode": "BJNR", "stationName": "BIJAINAGAR", "arrivalTime": "18:08", "departureTime": "18:10", "routeNumber": "1", "haltTime": "02:00", "distance": "230", "dayCount": "1", "stnSerialNumber": "6", "boardingDisabled": "false"}, {"stationCode": "NSD", "stationName": "NASIRABAD", "arrivalTime": "18:43", "departureTime": "18:45", "routeNumber": "1", "haltTime": "02:00", "distance": "272", "dayCount": "1", "stnSerialNumber": "7", "boardingDisabled": "false"}, {"stationCode": "AII", "stationName": "AJMER JN", "arrivalTime": "19:20", "departureTime": "19:30", "routeNumber": "1", "haltTime": "10:00", "distance": "295", "dayCount": "1", "stnSerialNumber": "8", "boardingDisabled": "false"}, {"stationCode": "KSG", "stationName": "KISHANGARH", "arrivalTime": "20:00", "departureTime": "20:02", "routeNumber": "1", "haltTime": "02:00", "distance": "320", "dayCount": "1", "stnSerialNumber": "10", "boardingDisabled": "false"}, {"stationCode": "JP", "stationName": "JAIPUR", "arrivalTime": "21:35", "departureTime": "21:45", "routeNumber": "1", "haltTime": "10:00", "distance": "430", "dayCount": "1", "stnSerialNumber": "11", "boardingDisabled": "false"}, {"stationCode": "GADJ", "stationName": "GANDHINAGAR JPR", "arrivalTime": "21:55", "departureTime": "21:58", "routeNumber": "1", "haltTime": "03:00", "distance": "435", "dayCount": "1", "stnSerialNumber": "12", "boardingDisabled": "false"}, {"stationCode": "BKI", "stationName": "BANDIKUI JN", "arrivalTime": "23:40", "departureTime": "23:42", "routeNumber": "1", "haltTime": "02:00", "distance": "520", "dayCount": "1", "stnSerialNumber": "13", "boardingDisabled": "false"}, {"stationCode": "BTE", "stationName": "BHARATPUR JN", "arrivalTime": "00:50", "departureTime": "00:52", "routeNumber": "1", "haltTime": "02:00", "distance": "617", "dayCount": "2", "stnSerialNumber": "14", "boardingDisabled": "false"}, {"stationCode": "AH", "stationName": "ACHHNERA JN", "arrivalTime": "01:23", "departureTime": "01:25", "routeNumber": "1", "haltTime": "02:00", "distance": "644", "dayCount": "2", "stnSerialNumber": "15", "boardingDisabled": "false"}, {"stationCode": "AGC", "stationName": "AGRA CANTT", "arrivalTime": "01:50", "departureTime": "01:55", "routeNumber": "1", "haltTime": "05:00", "distance": "670", "dayCount": "2", "stnSerialNumber": "16", "boardingDisabled": "false"}, {"stationCode": "SSDT", "stationName": "SHAMSHABAD TOWN", "arrivalTime": "02:23", "departureTime": "02:25", "routeNumber": "1", "haltTime": "02:00", "distance": "698", "dayCount": "2", "stnSerialNumber": "17", "boardingDisabled": "false"}, {"stationCode": "ETW", "stationName": "ETAWAH JN", "arrivalTime": "04:18", "departureTime": "04:20", "routeNumber": "1", "haltTime": "02:00", "distance": "807", "dayCount": "2", "stnSerialNumber": "18", "boardingDisabled": "false"}, {"stationCode": "CNB", "stationName": "KANPUR CENTRAL", "arrivalTime": "06:45", "departureTime": "06:50", "routeNumber": "1", "haltTime": "05:00", "distance": "946", "dayCount": "2", "stnSerialNumber": "19", "boardingDisabled": "false"}, {"stationCode": "LKO", "stationName": "LUCKNOW NR", "arrivalTime": "08:10", "departureTime": "08:20", "routeNumber": "1", "haltTime": "10:00", "distance": "1020", "dayCount": "2", "stnSerialNumber": "20", "boardingDisabled": "false"}, {"stationCode": "AYC", "stationName": "AYODHYA CANTT", "arrivalTime": "10:20", "departureTime": "10:25", "routeNumber": "1", "haltTime": "05:00", "distance": "1147", "dayCount": "2", "stnSerialNumber": "21", "boardingDisabled": "false"}, {"stationCode": "AY", "stationName": "AYODHYA", "arrivalTime": "12:18", "departureTime": "12:20", "routeNumber": "1", "haltTime": "02:00", "distance": "1155", "dayCount": "2", "stnSerialNumber": "22", "boardingDisabled": "false"}, {"stationCode": "MUR", "stationName": "MANKAPUR JN", "arrivalTime": "12:55", "departureTime": "13:00", "routeNumber": "1", "haltTime": "05:00", "distance": "1193", "dayCount": "2", "stnSerialNumber": "23", "boardingDisabled": "false"}, {"stationCode": "GKP", "stationName": "GORAKHPUR JN", "arrivalTime": "15:40", "departureTime": "15:50", "routeNumber": "1", "haltTime": "10:00", "distance": "1319", "dayCount": "2", "stnSerialNumber": "24", "boardingDisabled": "false"}, {"stationCode": "DEOS", "stationName": "DEORIA SADAR", "arrivalTime": "17:43", "departureTime": "17:45", "routeNumber": "1", "haltTime": "02:00", "distance": "1368", "dayCount": "2", "stnSerialNumber": "25", "boardingDisabled": "false"}, {"stationCode": "BTT", "stationName": "BHATNI JN", "arrivalTime": "18:15", "departureTime": "18:20", "routeNumber": "1", "haltTime": "05:00", "distance": "1389", "dayCount": "2", "stnSerialNumber": "26", "boardingDisabled": "false"}, {"stationCode": "SV", "stationName": "SIWAN JN", "arrivalTime": "19:30", "departureTime": "19:35", "routeNumber": "1", "haltTime": "05:00", "distance": "1438", "dayCount": "2", "stnSerialNumber": "27", "boardingDisabled": "false"}, {"stationCode": "CPR", "stationName": "CHHAPRA", "arrivalTime": "21:20", "departureTime": "21:30", "routeNumber": "1", "haltTime": "10:00", "distance": "1499", "dayCount": "2", "stnSerialNumber": "28", "boardingDisabled": "false"}, {"stationCode": "HJP", "stationName": "HAJIPUR JN", "arrivalTime": "23:25", "departureTime": "23:30", "routeNumber": "1", "haltTime": "05:00", "distance": "1558", "dayCount": "2", "stnSerialNumber": "29", "boardingDisabled": "false"}, {"stationCode": "MFP", "stationName": "MUZAFFARPUR JN", "arrivalTime": "00:15", "departureTime": "00:20", "routeNumber": "1", "haltTime": "05:00", "distance": "1612", "dayCount": "3", "stnSerialNumber": "30", "boardingDisabled": "false"}, {"stationCode": "SPJ", "stationName": "SAMASTIPUR JN", "arrivalTime": "00:58", "departureTime": "01:03", "routeNumber": "1", "haltTime": "05:00", "distance": "1663", "dayCount": "3", "stnSerialNumber": "31", "boardingDisabled": "false"}, {"stationCode": "BJU", "stationName": "BARAUNI JN", "arrivalTime": "01:45", "departureTime": "01:55", "routeNumber": "1", "haltTime": "10:00", "distance": "1714", "dayCount": "3", "stnSerialNumber": "32", "boardingDisabled": "false"}, {"stationCode": "BGS", "stationName": "BEGU SARAI", "arrivalTime": "02:11", "departureTime": "02:13", "routeNumber": "1", "haltTime": "02:00", "distance": "1729", "dayCount": "3", "stnSerialNumber": "33", "boardingDisabled": "false"}, {"stationCode": "KGG", "stationName": "KHAGARIA JN", "arrivalTime": "03:15", "departureTime": "03:17", "routeNumber": "1", "haltTime": "02:00", "distance": "1770", "dayCount": "3", "stnSerialNumber": "34", "boardingDisabled": "false"}, {"stationCode": "NNA", "stationName": "NAUGACHIA", "arrivalTime": "04:03", "departureTime": "04:05", "routeNumber": "1", "haltTime": "02:00", "distance": "1837", "dayCount": "3", "stnSerialNumber": "35", "boardingDisabled": "false"}, {"stationCode": "KIR", "stationName": "KATIHAR JN", "arrivalTime": "07:05", "departureTime": "07:15", "routeNumber": "1", "haltTime": "10:00", "distance": "1894", "dayCount": "3", "stnSerialNumber": "36", "boardingDisabled": "false"}, {"stationCode": "BOE", "stationName": "BARSOI JN", "arrivalTime": "10:05", "departureTime": "10:07", "routeNumber": "1", "haltTime": "02:00", "distance": "1932", "dayCount": "3", "stnSerialNumber": "37", "boardingDisabled": "false"}, {"stationCode": "KNE", "stationName": "KISHANGANJ", "arrivalTime": "10:48", "departureTime": "10:50", "routeNumber": "1", "haltTime": "02:00", "distance": "1990", "dayCount": "3", "stnSerialNumber": "38", "boardingDisabled": "false"}, {"stationCode": "NJP", "stationName": "NEW JALPAIGURI", "arrivalTime": "13:35", "departureTime": "13:45", "routeNumber": "1", "haltTime": "10:00", "distance": "2077", "dayCount": "3", "stnSerialNumber": "39", "boardingDisabled": "false"}, {"stationCode": "DLO", "stationName": "DALGAON", "arrivalTime": "16:00", "departureTime": "16:02", "routeNumber": "1", "haltTime": "02:00", "distance": "2185", "dayCount": "3", "stnSerialNumber": "40", "boardingDisabled": "false"}, {"stationCode": "APDJ", "stationName": "ALIPUR DUAR JN", "arrivalTime": "17:10", "departureTime": "17:15", "routeNumber": "1", "haltTime": "05:00", "distance": "2245", "dayCount": "3", "stnSerialNumber": "41", "boardingDisabled": "false"}, {"stationCode": "KOJ", "stationName": "KOKRAJHAR", "arrivalTime": "18:12", "departureTime": "18:14", "routeNumber": "1", "haltTime": "02:00", "distance": "2326", "dayCount": "3", "stnSerialNumber": "42", "boardingDisabled": "false"}, {"stationCode": "NBQ", "stationName": "NEW BONGAIGAON", "arrivalTime": "19:45", "departureTime": "19:50", "routeNumber": "1", "haltTime": "05:00", "distance": "2354", "dayCount": "3", "stnSerialNumber": "43", "boardingDisabled": "false"}, {"stationCode": "GLPT", "stationName": "GOALPARA TOWN", "arrivalTime": "20:31", "departureTime": "20:33", "routeNumber": "1", "haltTime": "02:00", "distance": "2434", "dayCount": "3", "stnSerialNumber": "44", "boardingDisabled": "false"}, {"stationCode": "KYQ", "stationName": "KAMAKHYA", "arrivalTime": "22:45", "departureTime": "22:47", "routeNumber": "1", "haltTime": "02:00", "distance": "2556", "dayCount": "3", "stnSerialNumber": "45", "boardingDisabled": "false"}, {"stationCode": "GHY", "stationName": "GUWAHATI", "arrivalTime": "23:30", "departureTime": "--", "routeNumber": "1", "haltTime": "--", "distance": "2562", "dayCount": "3", "stnSerialNumber": "46", "boardingDisabled": "false"}]}{"trainNumber": "05615", "trainName": "UDZ GHY SPL", "stationFrom": "UDZ", "stationTo": "GHY", "trainOwner": "0", "trainRunsOnMon": "N", "trainRunsOnTue": "N", "trainRunsOnWed": "Y", "trainRunsOnThu": "N", "trainRunsOnFri": "N", "trainRunsOnSat": "N", "trainRunsOnSun": "N", "timeStamp": "2023-06-19T15:31:34.959", "duration": "0", "stationList": [{"stationCode": "UDZ", "stationName": "UDAIPUR CITY", "arrivalTime": "--", "departureTime": "14:20", "routeNumber": "1", "haltTime": "--", "distance": "0", "dayCount": "1", "stnSerialNumber": "1", "boardingDisabled": "false"}, {"stationCode": "RPZ", "stationName": "RANAPRATAPNAGAR", "arrivalTime": "14:27", "departureTime": "14:29", "routeNumber": "1", "haltTime": "02:00", "distance": "5", "dayCount": "1", "stnSerialNumber": "2", "boardingDisabled": "false"}, {"stationCode": "MVJ", "stationName": "MAVLI JN", "arrivalTime": "15:00", "departureTime": "15:02", "routeNumber": "1", "haltTime": "02:00", "distance": "43", "dayCount": "1", "stnSerialNumber": "3", "boardingDisabled": "false"}, {"stationCode": "CNA", "stationName": "CHANDERIYA", "arrivalTime": "16:28", "departureTime": "16:30", "routeNumber": "1", "haltTime": "02:00", "distance": "117", "dayCount": "1", "stnSerialNumber": "4", "boardingDisabled": "false"}, {"stationCode": "BHL", "stationName": "BHILWARA", "arrivalTime": "17:10", "departureTime": "17:15", "routeNumber": "1", "haltTime": "05:00", "distance": "163", "dayCount": "1", "stnSerialNumber": "5", "boardingDisabled": "false"}, {"stationCode": "BJNR", "stationName": "BIJAINAGAR", "arrivalTime": "18:08", "departureTime": "18:10", "routeNumber": "1", "haltTime": "02:00", "distance": "230", "dayCount": "1", "stnSerialNumber": "6", "boardingDisabled": "false"}, {"stationCode": "NSD", "stationName": "NASIRABAD", "arrivalTime": "18:43", "departureTime": "18:45", "routeNumber": "1", "haltTime": "02:00", "distance": "272", "dayCount": "1", "stnSerialNumber": "7", "boardingDisabled": "false"}, {"stationCode": "AII", "stationName": "AJMER JN", "arrivalTime": "19:20", "departureTime": "19:30", "routeNumber": "1", "haltTime": "10:00", "distance": "295", "dayCount": "1", "stnSerialNumber": "8", "boardingDisabled": "false"}, {"stationCode": "KSG", "stationName": "KISHANGARH", "arrivalTime": "20:00", "departureTime": "20:02", "routeNumber": "1", "haltTime": "02:00", "distance": "320", "dayCount": "1", "stnSerialNumber": "10", "boardingDisabled": "false"}, {"stationCode": "JP", "stationName": "JAIPUR", "arrivalTime": "21:35", "departureTime": "21:45", "routeNumber": "1", "haltTime": "10:00", "distance": "430", "dayCount": "1", "stnSerialNumber": "11", "boardingDisabled": "false"}, {"stationCode": "GADJ", "stationName": "GANDHINAGAR JPR", "arrivalTime": "21:55", "departureTime": "21:58", "routeNumber": "1", "haltTime": "03:00", "distance": "435", "dayCount": "1", "stnSerialNumber": "12", "boardingDisabled": "false"}, {"stationCode": "BKI", "stationName": "BANDIKUI JN", "arrivalTime": "23:40", "departureTime": "23:42", "routeNumber": "1", "haltTime": "02:00", "distance": "520", "dayCount": "1", "stnSerialNumber": "13", "boardingDisabled": "false"}, {"stationCode": "BTE", "stationName": "BHARATPUR JN", "arrivalTime": "00:50", "departureTime": "00:52", "routeNumber": "1", "haltTime": "02:00", "distance": "617", "dayCount": "2", "stnSerialNumber": "14", "boardingDisabled": "false"}, {"stationCode": "AH", "stationName": "ACHHNERA JN", "arrivalTime": "01:23", "departureTime": "01:25", "routeNumber": "1", "haltTime": "02:00", "distance": "644", "dayCount": "2", "stnSerialNumber": "15", "boardingDisabled": "false"}, {"stationCode": "AGC", "stationName": "AGRA CANTT", "arrivalTime": "01:50", "departureTime": "01:55", "routeNumber": "1", "haltTime": "05:00", "distance": "670", "dayCount": "2", "stnSerialNumber": "16", "boardingDisabled": "false"}, {"stationCode": "SSDT", "stationName": "SHAMSHABAD TOWN", "arrivalTime": "02:23", "departureTime": "02:25", "routeNumber": "1", "haltTime": "02:00", "distance": "698", "dayCount": "2", "stnSerialNumber": "17", "boardingDisabled": "false"}, {"stationCode": "ETW", "stationName": "ETAWAH JN", "arrivalTime": "04:18", "departureTime": "04:20", "routeNumber": "1", "haltTime": "02:00", "distance": "807", "dayCount": "2", "stnSerialNumber": "18", "boardingDisabled": "false"}, {"stationCode": "CNB", "stationName": "KANPUR CENTRAL", "arrivalTime": "06:45", "departureTime": "06:50", "routeNumber": "1", "haltTime": "05:00", "distance": "946", "dayCount": "2", "stnSerialNumber": "19", "boardingDisabled": "false"}, {"stationCode": "LKO", "stationName": "LUCKNOW NR", "arrivalTime": "08:10", "departureTime": "08:20", "routeNumber": "1", "haltTime": "10:00", "distance": "1020", "dayCount": "2", "stnSerialNumber": "20", "boardingDisabled": "false"}, {"stationCode": "AYC", "stationName": "AYODHYA CANTT", "arrivalTime": "10:20", "departureTime": "10:25", "routeNumber": "1", "haltTime": "05:00", "distance": "1147", "dayCount": "2", "stnSerialNumber": "21", "boardingDisabled": "false"}, {"stationCode": "AY", "stationName": "AYODHYA", "arrivalTime": "12:18", "departureTime": "12:20", "routeNumber": "1", "haltTime": "02:00", "distance": "1155", "dayCount": "2", "stnSerialNumber": "22", "boardingDisabled": "false"}, {"stationCode": "MUR", "stationName": "MANKAPUR JN", "arrivalTime": "12:55", "departureTime": "13:00", "routeNumber": "1", "haltTime": "05:00", "distance": "1193", "dayCount": "2", "stnSerialNumber": "23", "boardingDisabled": "false"}, {"stationCode": "GKP", "stationName": "GORAKHPUR JN", "arrivalTime": "15:40", "departureTime": "15:50", "routeNumber": "1", "haltTime": "10:00", "distance": "1319", "dayCount": "2", "stnSerialNumber": "24", "boardingDisabled": "false"}, {"stationCode": "DEOS", "stationName": "DEORIA SADAR", "arrivalTime": "17:43", "departureTime": "17:45", "routeNumber": "1", "haltTime": "02:00", "distance": "1368", "dayCount": "2", "stnSerialNumber": "25", "boardingDisabled": "false"}, {"stationCode": "BTT", "stationName": "BHATNI JN", "arrivalTime": "18:15", "departureTime": "18:20", "routeNumber": "1", "haltTime": "05:00", "distance": "1389", "dayCount": "2", "stnSerialNumber": "26", "boardingDisabled": "false"}, {"stationCode": "SV", "stationName": "SIWAN JN", "arrivalTime": "19:30", "departureTime": "19:35", "routeNumber": "1", "haltTime": "05:00", "distance": "1438", "dayCount": "2", "stnSerialNumber": "27", "boardingDisabled": "false"}, {"stationCode": "CPR", "stationName": "CHHAPRA", "arrivalTime": "21:20", "departureTime": "21:30", "routeNumber": "1", "haltTime": "10:00", "distance": "1499", "dayCount": "2", "stnSerialNumber": "28", "boardingDisabled": "false"}, {"stationCode": "HJP", "stationName": "HAJIPUR JN", "arrivalTime": "23:25", "departureTime": "23:30", "routeNumber": "1", "haltTime": "05:00", "distance": "1558", "dayCount": "2", "stnSerialNumber": "29", "boardingDisabled": "false"}, {"stationCode": "MFP", "stationName": "MUZAFFARPUR JN", "arrivalTime": "00:15", "departureTime": "00:20", "routeNumber": "1", "haltTime": "05:00", "distance": "1612", "dayCount": "3", "stnSerialNumber": "30", "boardingDisabled": "false"}, {"stationCode": "SPJ", "stationName": "SAMASTIPUR JN", "arrivalTime": "00:58", "departureTime": "01:03", "routeNumber": "1", "haltTime": "05:00", "distance": "1663", "dayCount": "3", "stnSerialNumber": "31", "boardingDisabled": "false"}, {"stationCode": "BJU", "stationName": "BARAUNI JN", "arrivalTime": "01:45", "departureTime": "01:55", "routeNumber": "1", "haltTime": "10:00", "distance": "1714", "dayCount": "3", "stnSerialNumber": "32", "boardingDisabled": "false"}, {"stationCode": "BGS", "stationName": "BEGU SARAI", "arrivalTime": "02:11", "departureTime": "02:13", "routeNumber": "1", "haltTime": "02:00", "distance": "1729", "dayCount": "3", "stnSerialNumber": "33", "boardingDisabled": "false"}, {"stationCode": "KGG", "stationName": "KHAGARIA JN", "arrivalTime": "03:15", "departureTime": "03:17", "routeNumber": "1", "haltTime": "02:00", "distance": "1770", "dayCount": "3", "stnSerialNumber": "34", "boardingDisabled": "false"}, {"stationCode": "NNA", "stationName": "NAUGACHIA", "arrivalTime": "04:03", "departureTime": "04:05", "routeNumber": "1", "haltTime": "02:00", "distance": "1837", "dayCount": "3", "stnSerialNumber": "35", "boardingDisabled": "false"}, {"stationCode": "KIR", "stationName": "KATIHAR JN", "arrivalTime": "07:05", "departureTime": "07:15", "routeNumber": "1", "haltTime": "10:00", "distance": "1894", "dayCount": "3", "stnSerialNumber": "36", "boardingDisabled": "false"}, {"stationCode": "BOE", "stationName": "BARSOI JN", "arrivalTime": "10:05", "departureTime": "10:07", "routeNumber": "1", "haltTime": "02:00", "distance": "1932", "dayCount": "3", "stnSerialNumber": "37", "boardingDisabled": "false"}, {"stationCode": "KNE", "stationName": "KISHANGANJ", "arrivalTime": "10:48", "departureTime": "10:50", "routeNumber": "1", "haltTime": "02:00", "distance": "1990", "dayCount": "3", "stnSerialNumber": "38", "boardingDisabled": "false"}, {"stationCode": "NJP", "stationName": "NEW JALPAIGURI", "arrivalTime": "13:35", "departureTime": "13:45", "routeNumber": "1", "haltTime": "10:00", "distance": "2077", "dayCount": "3", "stnSerialNumber": "39", "boardingDisabled": "false"}, {"stationCode": "DLO", "stationName": "DALGAON", "arrivalTime": "16:00", "departureTime": "16:02", "routeNumber": "1", "haltTime": "02:00", "distance": "2185", "dayCount": "3", "stnSerialNumber": "40", "boardingDisabled": "false"}, {"stationCode": "APDJ", "stationName": "ALIPUR DUAR JN", "arrivalTime": "17:10", "departureTime": "17:15", "routeNumber": "1", "haltTime": "05:00", "distance": "2245", "dayCount": "3", "stnSerialNumber": "41", "boardingDisabled": "false"}, {"stationCode": "KOJ", "stationName": "KOKRAJHAR", "arrivalTime": "18:12", "departureTime": "18:14", "routeNumber": "1", "haltTime": "02:00", "distance": "2326", "dayCount": "3", "stnSerialNumber": "42", "boardingDisabled": "false"}, {"stationCode": "NBQ", "stationName": "NEW BONGAIGAON", "arrivalTime": "19:45", "departureTime": "19:50", "routeNumber": "1", "haltTime": "05:00", "distance": "2354", "dayCount": "3", "stnSerialNumber": "43", "boardingDisabled": "false"}, {"stationCode": "GLPT", "stationName": "GOALPARA TOWN", "arrivalTime": "20:31", "departureTime": "20:33", "routeNumber": "1", "haltTime": "02:00", "distance": "2434", "dayCount": "3", "stnSerialNumber": "44", "boardingDisabled": "false"}, {"stationCode": "KYQ", "stationName": "KAMAKHYA", "arrivalTime": "22:45", "departureTime": "22:47", "routeNumber": "1", "haltTime": "02:00", "distance": "2556", "dayCount": "3", "stnSerialNumber": "45", "boardingDisabled": "false"}, {"stationCode": "GHY", "stationName": "GUWAHATI", "arrivalTime": "23:30", "departureTime": "--", "routeNumber": "1", "haltTime": "--", "distance": "2562", "dayCount": "3", "stnSerialNumber": "46", "boardingDisabled": "false"}]}