{"trainNumber": "05616", "trainName": "GHY UDZ SPECIAL", "stationFrom": "GHY", "stationTo": "UDZ", "trainOwner": "0", "trainRunsOnMon": "N", "trainRunsOnTue": "N", "trainRunsOnWed": "N", "trainRunsOnThu": "N", "trainRunsOnFri": "N", "trainRunsOnSat": "N", "trainRunsOnSun": "Y", "timeStamp": "2023-06-19T15:31:26.529", "duration": "0", "stationList": [{"stationCode": "GHY", "stationName": "GUWAHATI", "arrivalTime": "--", "departureTime": "18:15", "routeNumber": "1", "haltTime": "--", "distance": "0", "dayCount": "1", "stnSerialNumber": "1", "boardingDisabled": "false"}, {"stationCode": "KYQ", "stationName": "KAMAKHYA", "arrivalTime": "18:28", "departureTime": "18:30", "routeNumber": "1", "haltTime": "02:00", "distance": "7", "dayCount": "1", "stnSerialNumber": "2", "boardingDisabled": "false"}, {"stationCode": "GLPT", "stationName": "GOALPARA TOWN", "arrivalTime": "20:15", "departureTime": "20:17", "routeNumber": "1", "haltTime": "02:00", "distance": "129", "dayCount": "1", "stnSerialNumber": "3", "boardingDisabled": "false"}, {"stationCode": "NBQ", "stationName": "NEW BONGAIGAON", "arrivalTime": "21:35", "departureTime": "21:40", "routeNumber": "1", "haltTime": "05:00", "distance": "209", "dayCount": "1", "stnSerialNumber": "4", "boardingDisabled": "false"}, {"stationCode": "KOJ", "stationName": "KOKRAJHAR", "arrivalTime": "22:08", "departureTime": "22:10", "routeNumber": "1", "haltTime": "02:00", "distance": "237", "dayCount": "1", "stnSerialNumber": "5", "boardingDisabled": "false"}, {"stationCode": "APDJ", "stationName": "ALIPUR DUAR JN", "arrivalTime": "23:10", "departureTime": "23:15", "routeNumber": "1", "haltTime": "05:00", "distance": "318", "dayCount": "1", "stnSerialNumber": "6", "boardingDisabled": "false"}, {"stationCode": "DLO", "stationName": "DALGAON", "arrivalTime": "00:55", "departureTime": "00:57", "routeNumber": "1", "haltTime": "02:00", "distance": "378", "dayCount": "2", "stnSerialNumber": "7", "boardingDisabled": "false"}, {"stationCode": "NJP", "stationName": "NEW JALPAIGURI", "arrivalTime": "03:55", "departureTime": "04:05", "routeNumber": "1", "haltTime": "10:00", "distance": "486", "dayCount": "2", "stnSerialNumber": "8", "boardingDisabled": "false"}, {"stationCode": "KNE", "stationName": "KISHANGANJ", "arrivalTime": "05:20", "departureTime": "05:22", "routeNumber": "1", "haltTime": "02:00", "distance": "573", "dayCount": "2", "stnSerialNumber": "9", "boardingDisabled": "false"}, {"stationCode": "BOE", "stationName": "BARSOI JN", "arrivalTime": "06:11", "departureTime": "06:13", "routeNumber": "1", "haltTime": "02:00", "distance": "631", "dayCount": "2", "stnSerialNumber": "10", "boardingDisabled": "false"}, {"stationCode": "KIR", "stationName": "KATIHAR JN", "arrivalTime": "07:30", "departureTime": "07:40", "routeNumber": "1", "haltTime": "10:00", "distance": "669", "dayCount": "2", "stnSerialNumber": "11", "boardingDisabled": "false"}, {"stationCode": "NNA", "stationName": "NAUGACHIA", "arrivalTime": "08:23", "departureTime": "08:25", "routeNumber": "1", "haltTime": "02:00", "distance": "726", "dayCount": "2", "stnSerialNumber": "12", "boardingDisabled": "false"}, {"stationCode": "KGG", "stationName": "KHAGARIA JN", "arrivalTime": "09:28", "departureTime": "09:30", "routeNumber": "1", "haltTime": "02:00", "distance": "793", "dayCount": "2", "stnSerialNumber": "13", "boardingDisabled": "false"}, {"stationCode": "BGS", "stationName": "BEGU SARAI", "arrivalTime": "10:06", "departureTime": "10:08", "routeNumber": "1", "haltTime": "02:00", "distance": "833", "dayCount": "2", "stnSerialNumber": "14", "boardingDisabled": "false"}, {"stationCode": "BJU", "stationName": "BARAUNI JN", "arrivalTime": "10:35", "departureTime": "10:45", "routeNumber": "1", "haltTime": "10:00", "distance": "849", "dayCount": "2", "stnSerialNumber": "15", "boardingDisabled": "false"}, {"stationCode": "SPJ", "stationName": "SAMASTIPUR JN", "arrivalTime": "11:55", "departureTime": "12:00", "routeNumber": "1", "haltTime": "05:00", "distance": "900", "dayCount": "2", "stnSerialNumber": "16", "boardingDisabled": "false"}, {"stationCode": "MFP", "stationName": "MUZAFFARPUR JN", "arrivalTime": "13:00", "departureTime": "13:05", "routeNumber": "1", "haltTime": "05:00", "distance": "951", "dayCount": "2", "stnSerialNumber": "17", "boardingDisabled": "false"}, {"stationCode": "HJP", "stationName": "HAJIPUR JN", "arrivalTime": "13:55", "departureTime": "14:00", "routeNumber": "1", "haltTime": "05:00", "distance": "1005", "dayCount": "2", "stnSerialNumber": "18", "boardingDisabled": "false"}, {"stationCode": "CPR", "stationName": "CHHAPRA", "arrivalTime": "15:35", "departureTime": "15:45", "routeNumber": "1", "haltTime": "10:00", "distance": "1064", "dayCount": "2", "stnSerialNumber": "19", "boardingDisabled": "false"}, {"stationCode": "SV", "stationName": "SIWAN JN", "arrivalTime": "16:35", "departureTime": "16:40", "routeNumber": "1", "haltTime": "05:00", "distance": "1125", "dayCount": "2", "stnSerialNumber": "20", "boardingDisabled": "false"}, {"stationCode": "BTT", "stationName": "BHATNI JN", "arrivalTime": "17:25", "departureTime": "17:30", "routeNumber": "1", "haltTime": "05:00", "distance": "1174", "dayCount": "2", "stnSerialNumber": "21", "boardingDisabled": "false"}, {"stationCode": "DEOS", "stationName": "DEORIA SADAR", "arrivalTime": "17:53", "departureTime": "17:55", "routeNumber": "1", "haltTime": "02:00", "distance": "1195", "dayCount": "2", "stnSerialNumber": "22", "boardingDisabled": "false"}, {"stationCode": "GKP", "stationName": "GORAKHPUR JN", "arrivalTime": "19:30", "departureTime": "19:40", "routeNumber": "1", "haltTime": "10:00", "distance": "1244", "dayCount": "2", "stnSerialNumber": "23", "boardingDisabled": "false"}, {"stationCode": "MUR", "stationName": "MANKAPUR JN", "arrivalTime": "22:30", "departureTime": "22:35", "routeNumber": "1", "haltTime": "05:00", "distance": "1370", "dayCount": "2", "stnSerialNumber": "24", "boardingDisabled": "false"}, {"stationCode": "AY", "stationName": "AYODHYA", "arrivalTime": "23:33", "departureTime": "23:35", "routeNumber": "1", "haltTime": "02:00", "distance": "1408", "dayCount": "2", "stnSerialNumber": "25", "boardingDisabled": "false"}, {"stationCode": "AYC", "stationName": "AYODHYA CANTT", "arrivalTime": "23:53", "departureTime": "23:58", "routeNumber": "1", "haltTime": "05:00", "distance": "1415", "dayCount": "2", "stnSerialNumber": "26", "boardingDisabled": "false"}, {"stationCode": "LKO", "stationName": "LUCKNOW NR", "arrivalTime": "02:15", "departureTime": "02:25", "routeNumber": "1", "haltTime": "10:00", "distance": "1543", "dayCount": "3", "stnSerialNumber": "27", "boardingDisabled": "false"}, {"stationCode": "CNB", "stationName": "KANPUR CENTRAL", "arrivalTime": "04:05", "departureTime": "04:10", "routeNumber": "1", "haltTime": "05:00", "distance": "1617", "dayCount": "3", "stnSerialNumber": "28", "boardingDisabled": "false"}, {"stationCode": "ETW", "stationName": "ETAWAH JN", "arrivalTime": "05:48", "departureTime": "05:50", "routeNumber": "1", "haltTime": "02:00", "distance": "1756", "dayCount": "3", "stnSerialNumber": "29", "boardingDisabled": "false"}, {"stationCode": "SSDT", "stationName": "SHAMSHABAD TOWN", "arrivalTime": "07:20", "departureTime": "07:22", "routeNumber": "1", "haltTime": "02:00", "distance": "1865", "dayCount": "3", "stnSerialNumber": "30", "boardingDisabled": "false"}, {"stationCode": "AGC", "stationName": "AGRA CANTT", "arrivalTime": "08:30", "departureTime": "08:35", "routeNumber": "1", "haltTime": "05:00", "distance": "1893", "dayCount": "3", "stnSerialNumber": "31", "boardingDisabled": "false"}, {"stationCode": "AH", "stationName": "ACHHNERA JN", "arrivalTime": "09:00", "departureTime": "09:02", "routeNumber": "1", "haltTime": "02:00", "distance": "1919", "dayCount": "3", "stnSerialNumber": "32", "boardingDisabled": "false"}, {"stationCode": "BTE", "stationName": "BHARATPUR JN", "arrivalTime": "09:28", "departureTime": "09:30", "routeNumber": "1", "haltTime": "02:00", "distance": "1946", "dayCount": "3", "stnSerialNumber": "33", "boardingDisabled": "false"}, {"stationCode": "BKI", "stationName": "BANDIKUI JN", "arrivalTime": "11:30", "departureTime": "11:32", "routeNumber": "1", "haltTime": "02:00", "distance": "2043", "dayCount": "3", "stnSerialNumber": "34", "boardingDisabled": "false"}, {"stationCode": "GADJ", "stationName": "GANDHINAGAR JPR", "arrivalTime": "12:25", "departureTime": "12:28", "routeNumber": "1", "haltTime": "03:00", "distance": "2128", "dayCount": "3", "stnSerialNumber": "35", "boardingDisabled": "false"}, {"stationCode": "JP", "stationName": "JAIPUR", "arrivalTime": "13:05", "departureTime": "13:15", "routeNumber": "1", "haltTime": "10:00", "distance": "2133", "dayCount": "3", "stnSerialNumber": "36", "boardingDisabled": "false"}, {"stationCode": "KSG", "stationName": "KISHANGARH", "arrivalTime": "14:33", "departureTime": "14:35", "routeNumber": "1", "haltTime": "02:00", "distance": "2243", "dayCount": "3", "stnSerialNumber": "37", "boardingDisabled": "false"}, {"stationCode": "AII", "stationName": "AJMER JN", "arrivalTime": "15:25", "departureTime": "15:35", "routeNumber": "1", "haltTime": "10:00", "distance": "2268", "dayCount": "3", "stnSerialNumber": "38", "boardingDisabled": "false"}, {"stationCode": "NSD", "stationName": "NASIRABAD", "arrivalTime": "16:00", "departureTime": "16:02", "routeNumber": "1", "haltTime": "02:00", "distance": "2291", "dayCount": "3", "stnSerialNumber": "39", "boardingDisabled": "false"}, {"stationCode": "BJNR", "stationName": "BIJAINAGAR", "arrivalTime": "16:30", "departureTime": "16:32", "routeNumber": "1", "haltTime": "02:00", "distance": "2333", "dayCount": "3", "stnSerialNumber": "40", "boardingDisabled": "false"}, {"stationCode": "BHL", "stationName": "BHILWARA", "arrivalTime": "17:20", "departureTime": "17:25", "routeNumber": "1", "haltTime": "05:00", "distance": "2400", "dayCount": "3", "stnSerialNumber": "41", "boardingDisabled": "false"}, {"stationCode": "CNA", "stationName": "CHANDERIYA", "arrivalTime": "18:20", "departureTime": "18:22", "routeNumber": "1", "haltTime": "02:00", "distance": "2446", "dayCount": "3", "stnSerialNumber": "42", "boardingDisabled": "false"}, {"stationCode": "MVJ", "stationName": "MAVLI JN", "arrivalTime": "19:45", "departureTime": "19:47", "routeNumber": "1", "haltTime": "02:00", "distance": "2520", "dayCount": "3", "stnSerialNumber": "43", "boardingDisabled": "false"}, {"stationCode": "RPZ", "stationName": "RANAPRATAPNAGAR", "arrivalTime": "20:38", "departureTime": "20:40", "routeNumber": "1", "haltTime": "02:00", "distance": "2558", "dayCount": "3", "stnSerialNumber": "44", "boardingDisabled": "false"}, {"stationCode": "UDZ", "stationName": "UDAIPUR CITY", "arrivalTime": "21:05", "departureTime": "--", "routeNumber": "1", "haltTime": "--", "distance": "2562", "dayCount": "3", "stnSerialNumber": "45", "boardingDisabled": "false"}]}