{"trainNumber": "05639", "trainName": "SCL KOAA SPECIAL", "stationFrom": "SCL", "stationTo": "KOAA", "trainOwner": "0", "trainRunsOnMon": "N", "trainRunsOnTue": "N", "trainRunsOnWed": "N", "trainRunsOnThu": "Y", "trainRunsOnFri": "N", "trainRunsOnSat": "N", "trainRunsOnSun": "N", "timeStamp": "2023-06-19T15:31:27.045", "duration": "0", "stationList": [{"stationCode": "SCL", "stationName": "SILCHAR", "arrivalTime": "--", "departureTime": "06:00", "routeNumber": "1", "haltTime": "--", "distance": "0", "dayCount": "1", "stnSerialNumber": "1", "boardingDisabled": "false"}, {"stationCode": "BPB", "stationName": "BADARPUR JN", "arrivalTime": "06:55", "departureTime": "07:20", "routeNumber": "1", "haltTime": "25:00", "distance": "30", "dayCount": "1", "stnSerialNumber": "2", "boardingDisabled": "false"}, {"stationCode": "NHGJ", "stationName": "NEW HARANGAJAO", "arrivalTime": "09:10", "departureTime": "09:12", "routeNumber": "1", "haltTime": "02:00", "distance": "80", "dayCount": "1", "stnSerialNumber": "3", "boardingDisabled": "false"}, {"stationCode": "NHLG", "stationName": "NEW HAFLONG", "arrivalTime": "09:50", "departureTime": "09:52", "routeNumber": "1", "haltTime": "02:00", "distance": "101", "dayCount": "1", "stnSerialNumber": "4", "boardingDisabled": "false"}, {"stationCode": "MBG", "stationName": "MAIBONG", "arrivalTime": "10:45", "departureTime": "10:47", "routeNumber": "1", "haltTime": "02:00", "distance": "136", "dayCount": "1", "stnSerialNumber": "5", "boardingDisabled": "false"}, {"stationCode": "LMG", "stationName": "LUMDING JN", "arrivalTime": "13:00", "departureTime": "13:25", "routeNumber": "1", "haltTime": "25:00", "distance": "199", "dayCount": "1", "stnSerialNumber": "6", "boardingDisabled": "false"}, {"stationCode": "LKA", "stationName": "LANKA", "arrivalTime": "13:58", "departureTime": "14:00", "routeNumber": "1", "haltTime": "02:00", "distance": "230", "dayCount": "1", "stnSerialNumber": "7", "boardingDisabled": "false"}, {"stationCode": "HJI", "stationName": "HOJAI", "arrivalTime": "14:15", "departureTime": "14:17", "routeNumber": "1", "haltTime": "02:00", "distance": "244", "dayCount": "1", "stnSerialNumber": "8", "boardingDisabled": "false"}, {"stationCode": "GHY", "stationName": "GUWAHATI", "arrivalTime": "16:30", "departureTime": "16:45", "routeNumber": "1", "haltTime": "15:00", "distance": "380", "dayCount": "1", "stnSerialNumber": "9", "boardingDisabled": "false"}, {"stationCode": "KYQ", "stationName": "KAMAKHYA", "arrivalTime": "17:00", "departureTime": "17:02", "routeNumber": "1", "haltTime": "02:00", "distance": "386", "dayCount": "1", "stnSerialNumber": "10", "boardingDisabled": "false"}, {"stationCode": "GLPT", "stationName": "GOALPARA TOWN", "arrivalTime": "19:19", "departureTime": "19:21", "routeNumber": "1", "haltTime": "02:00", "distance": "508", "dayCount": "1", "stnSerialNumber": "11", "boardingDisabled": "false"}, {"stationCode": "NBQ", "stationName": "NEW BONGAIGAON", "arrivalTime": "20:42", "departureTime": "20:44", "routeNumber": "1", "haltTime": "02:00", "distance": "588", "dayCount": "1", "stnSerialNumber": "12", "boardingDisabled": "false"}, {"stationCode": "KOJ", "stationName": "KOKRAJHAR", "arrivalTime": "21:10", "departureTime": "21:12", "routeNumber": "1", "haltTime": "02:00", "distance": "616", "dayCount": "1", "stnSerialNumber": "13", "boardingDisabled": "false"}, {"stationCode": "GOGH", "stationName": "GOSSAIGAON HAT", "arrivalTime": "21:33", "departureTime": "21:35", "routeNumber": "1", "haltTime": "02:00", "distance": "649", "dayCount": "1", "stnSerialNumber": "14", "boardingDisabled": "false"}, {"stationCode": "NOQ", "stationName": "NEW ALIPURDUAR", "arrivalTime": "22:22", "departureTime": "22:24", "routeNumber": "1", "haltTime": "02:00", "distance": "695", "dayCount": "1", "stnSerialNumber": "15", "boardingDisabled": "false"}, {"stationCode": "NCB", "stationName": "NEW COOCH BEHAR", "arrivalTime": "22:25", "departureTime": "22:50", "routeNumber": "1", "haltTime": "25:00", "distance": "713", "dayCount": "1", "stnSerialNumber": "16", "boardingDisabled": "false"}, {"stationCode": "DQG", "stationName": "DHUPGURI", "arrivalTime": "23:53", "departureTime": "23:55", "routeNumber": "1", "haltTime": "02:00", "distance": "774", "dayCount": "1", "stnSerialNumber": "17", "boardingDisabled": "false"}, {"stationCode": "NJP", "stationName": "NEW JALPAIGURI", "arrivalTime": "00:50", "departureTime": "01:00", "routeNumber": "1", "haltTime": "10:00", "distance": "840", "dayCount": "2", "stnSerialNumber": "18", "boardingDisabled": "false"}, {"stationCode": "AUB", "stationName": "ALUABARI ROAD", "arrivalTime": "01:48", "departureTime": "01:50", "routeNumber": "1", "haltTime": "02:00", "distance": "896", "dayCount": "2", "stnSerialNumber": "19", "boardingDisabled": "false"}, {"stationCode": "KNE", "stationName": "KISHANGANJ", "arrivalTime": "02:20", "departureTime": "02:22", "routeNumber": "1", "haltTime": "02:00", "distance": "927", "dayCount": "2", "stnSerialNumber": "20", "boardingDisabled": "false"}, {"stationCode": "BOE", "stationName": "BARSOI JN", "arrivalTime": "03:05", "departureTime": "03:07", "routeNumber": "1", "haltTime": "02:00", "distance": "984", "dayCount": "2", "stnSerialNumber": "21", "boardingDisabled": "false"}, {"stationCode": "KDPR", "stationName": "KUMEDPUR", "arrivalTime": "03:30", "departureTime": "03:32", "routeNumber": "1", "haltTime": "02:00", "distance": "1011", "dayCount": "2", "stnSerialNumber": "22", "boardingDisabled": "false"}, {"stationCode": "MLDT", "stationName": "MALDA TOWN", "arrivalTime": "04:50", "departureTime": "05:00", "routeNumber": "1", "haltTime": "10:00", "distance": "1072", "dayCount": "2", "stnSerialNumber": "23", "boardingDisabled": "false"}, {"stationCode": "JRLE", "stationName": "JANGIPUR ROAD", "arrivalTime": "06:28", "departureTime": "06:30", "routeNumber": "1", "haltTime": "02:00", "distance": "1152", "dayCount": "2", "stnSerialNumber": "24", "boardingDisabled": "false"}, {"stationCode": "AZ", "stationName": "AZIMGANJ JN", "arrivalTime": "07:15", "departureTime": "07:20", "routeNumber": "1", "haltTime": "05:00", "distance": "1187", "dayCount": "2", "stnSerialNumber": "25", "boardingDisabled": "false"}, {"stationCode": "KWAE", "stationName": "KATWA", "arrivalTime": "09:00", "departureTime": "09:02", "routeNumber": "1", "haltTime": "02:00", "distance": "1259", "dayCount": "2", "stnSerialNumber": "26", "boardingDisabled": "false"}, {"stationCode": "BDC", "stationName": "BANDEL JN", "arrivalTime": "11:20", "departureTime": "11:22", "routeNumber": "1", "haltTime": "02:00", "distance": "1364", "dayCount": "2", "stnSerialNumber": "27", "boardingDisabled": "false"}, {"stationCode": "NH", "stationName": "NAIHATI JN", "arrivalTime": "11:42", "departureTime": "11:44", "routeNumber": "1", "haltTime": "02:00", "distance": "1373", "dayCount": "2", "stnSerialNumber": "28", "boardingDisabled": "false"}, {"stationCode": "KOAA", "stationName": "KOLKATA", "arrivalTime": "13:00", "departureTime": "--", "routeNumber": "1", "haltTime": "--", "distance": "1406", "dayCount": "2", "stnSerialNumber": "29", "boardingDisabled": "false"}]}