{"trainNumber": "05672", "trainName": "RNC GHY SPL", "stationFrom": "RNC", "stationTo": "GHY", "trainOwner": "0", "trainRunsOnMon": "N", "trainRunsOnTue": "N", "trainRunsOnWed": "N", "trainRunsOnThu": "N", "trainRunsOnFri": "N", "trainRunsOnSat": "N", "trainRunsOnSun": "Y", "timeStamp": "2023-06-19T15:30:49.669", "duration": "0", "stationList": [{"stationCode": "RNC", "stationName": "RANCHI", "arrivalTime": "--", "departureTime": "20:30", "routeNumber": "1", "haltTime": "--", "distance": "0", "dayCount": "1", "stnSerialNumber": "1", "boardingDisabled": "false"}, {"stationCode": "MURI", "stationName": "MURI", "arrivalTime": "21:30", "departureTime": "21:35", "routeNumber": "1", "haltTime": "05:00", "distance": "62", "dayCount": "1", "stnSerialNumber": "2", "boardingDisabled": "false"}, {"stationCode": "BKSC", "stationName": "BOKARO STL CITY", "arrivalTime": "22:45", "departureTime": "22:50", "routeNumber": "1", "haltTime": "05:00", "distance": "115", "dayCount": "1", "stnSerialNumber": "3", "boardingDisabled": "false"}, {"stationCode": "CRP", "stationName": "CHANDRAPURA JN", "arrivalTime": "23:26", "departureTime": "23:28", "routeNumber": "1", "haltTime": "02:00", "distance": "130", "dayCount": "1", "stnSerialNumber": "4", "boardingDisabled": "false"}, {"stationCode": "DHN", "stationName": "DHANBAD JN", "arrivalTime": "00:40", "departureTime": "00:45", "routeNumber": "1", "haltTime": "05:00", "distance": "164", "dayCount": "2", "stnSerialNumber": "5", "boardingDisabled": "false"}, {"stationCode": "ASN", "stationName": "ASANSOL JN", "arrivalTime": "02:00", "departureTime": "02:10", "routeNumber": "1", "haltTime": "10:00", "distance": "223", "dayCount": "2", "stnSerialNumber": "7", "boardingDisabled": "false"}, {"stationCode": "UDL", "stationName": "ANDAL JN", "arrivalTime": "03:00", "departureTime": "03:20", "routeNumber": "1", "haltTime": "20:00", "distance": "249", "dayCount": "2", "stnSerialNumber": "8", "boardingDisabled": "false"}, {"stationCode": "SURI", "stationName": "SIURI", "arrivalTime": "04:10", "departureTime": "04:11", "routeNumber": "1", "haltTime": "01:00", "distance": "303", "dayCount": "2", "stnSerialNumber": "9", "boardingDisabled": "false"}, {"stationCode": "SNT", "stationName": "SAINTHIA", "arrivalTime": "04:55", "departureTime": "05:00", "routeNumber": "1", "haltTime": "05:00", "distance": "322", "dayCount": "2", "stnSerialNumber": "10", "boardingDisabled": "false"}, {"stationCode": "RPH", "stationName": "RAMPUR HAT", "arrivalTime": "05:25", "departureTime": "05:30", "routeNumber": "1", "haltTime": "05:00", "distance": "350", "dayCount": "2", "stnSerialNumber": "11", "boardingDisabled": "false"}, {"stationCode": "PKR", "stationName": "PAKUR", "arrivalTime": "06:31", "departureTime": "06:32", "routeNumber": "1", "haltTime": "01:00", "distance": "403", "dayCount": "2", "stnSerialNumber": "12", "boardingDisabled": "false"}, {"stationCode": "NFK", "stationName": "NEW FARAKKA JN", "arrivalTime": "07:29", "departureTime": "07:31", "routeNumber": "1", "haltTime": "02:00", "distance": "437", "dayCount": "2", "stnSerialNumber": "13", "boardingDisabled": "false"}, {"stationCode": "MLDT", "stationName": "MALDA TOWN", "arrivalTime": "08:25", "departureTime": "08:35", "routeNumber": "1", "haltTime": "10:00", "distance": "471", "dayCount": "2", "stnSerialNumber": "14", "boardingDisabled": "false"}, {"stationCode": "AUB", "stationName": "ALUABARI ROAD", "arrivalTime": "11:00", "departureTime": "11:02", "routeNumber": "1", "haltTime": "02:00", "distance": "647", "dayCount": "2", "stnSerialNumber": "15", "boardingDisabled": "false"}, {"stationCode": "TKG", "stationName": "THAKURGANJ", "arrivalTime": "11:25", "departureTime": "11:27", "routeNumber": "1", "haltTime": "02:00", "distance": "667", "dayCount": "2", "stnSerialNumber": "16", "boardingDisabled": "false"}, {"stationCode": "SGUJ", "stationName": "SILIGURI JN", "arrivalTime": "12:40", "departureTime": "13:05", "routeNumber": "1", "haltTime": "25:00", "distance": "723", "dayCount": "2", "stnSerialNumber": "17", "boardingDisabled": "false"}, {"stationCode": "NMZ", "stationName": "NEW MAL JN", "arrivalTime": "14:45", "departureTime": "14:47", "routeNumber": "1", "haltTime": "02:00", "distance": "771", "dayCount": "2", "stnSerialNumber": "18", "boardingDisabled": "false"}, {"stationCode": "BNV", "stationName": "BINNAGURI", "arrivalTime": "15:30", "departureTime": "15:32", "routeNumber": "1", "haltTime": "02:00", "distance": "815", "dayCount": "2", "stnSerialNumber": "19", "boardingDisabled": "false"}, {"stationCode": "HSA", "stationName": "HASIMARA", "arrivalTime": "16:32", "departureTime": "16:34", "routeNumber": "1", "haltTime": "02:00", "distance": "850", "dayCount": "2", "stnSerialNumber": "20", "boardingDisabled": "false"}, {"stationCode": "APDJ", "stationName": "ALIPUR DUAR JN", "arrivalTime": "17:10", "departureTime": "17:15", "routeNumber": "1", "haltTime": "05:00", "distance": "884", "dayCount": "2", "stnSerialNumber": "21", "boardingDisabled": "false"}, {"stationCode": "GOGH", "stationName": "GOSSAIGAON HAT", "arrivalTime": "17:58", "departureTime": "18:00", "routeNumber": "1", "haltTime": "02:00", "distance": "933", "dayCount": "2", "stnSerialNumber": "22", "boardingDisabled": "false"}, {"stationCode": "NBQ", "stationName": "NEW BONGAIGAON", "arrivalTime": "19:40", "departureTime": "19:45", "routeNumber": "1", "haltTime": "05:00", "distance": "993", "dayCount": "2", "stnSerialNumber": "23", "boardingDisabled": "false"}, {"stationCode": "KYQ", "stationName": "KAMAKHYA", "arrivalTime": "23:25", "departureTime": "23:30", "routeNumber": "1", "haltTime": "05:00", "distance": "1195", "dayCount": "2", "stnSerialNumber": "25", "boardingDisabled": "false"}, {"stationCode": "GHY", "stationName": "GUWAHATI", "arrivalTime": "23:45", "departureTime": "--", "routeNumber": "1", "haltTime": "--", "distance": "1202", "dayCount": "2", "stnSerialNumber": "26", "boardingDisabled": "false"}]}