{"trainNumber": "05675", "trainName": "AGTL DMR PASS", "stationFrom": "AGTL", "stationTo": "DMR", "trainOwner": "0", "trainRunsOnMon": "Y", "trainRunsOnTue": "Y", "trainRunsOnWed": "Y", "trainRunsOnThu": "Y", "trainRunsOnFri": "Y", "trainRunsOnSat": "Y", "trainRunsOnSun": "Y", "timeStamp": "2023-06-19T15:30:49.677", "duration": "0", "stationList": [{"stationCode": "AGTL", "stationName": "AGARTALA", "arrivalTime": "--", "departureTime": "17:55", "routeNumber": "1", "haltTime": "--", "distance": "0", "dayCount": "1", "stnSerialNumber": "1", "boardingDisabled": "false"}, {"stationCode": "JGNR", "stationName": "JOGENDRANAGAR", "arrivalTime": "18:05", "departureTime": "18:06", "routeNumber": "1", "haltTime": "01:00", "distance": "4", "dayCount": "1", "stnSerialNumber": "2", "boardingDisabled": "false"}, {"stationCode": "JRNA", "stationName": "JIRANIA", "arrivalTime": "18:21", "departureTime": "18:23", "routeNumber": "1", "haltTime": "02:00", "distance": "18", "dayCount": "1", "stnSerialNumber": "3", "boardingDisabled": "false"}, {"stationCode": "TLMR", "stationName": "TELIAMURA", "arrivalTime": "18:41", "departureTime": "18:42", "routeNumber": "1", "haltTime": "01:00", "distance": "38", "dayCount": "1", "stnSerialNumber": "4", "boardingDisabled": "false"}, {"stationCode": "MGKM", "stationName": "MUNGIAKAMI", "arrivalTime": "18:57", "departureTime": "18:58", "routeNumber": "1", "haltTime": "01:00", "distance": "49", "dayCount": "1", "stnSerialNumber": "5", "boardingDisabled": "false"}, {"stationCode": "ABSA", "stationName": "AMBASA", "arrivalTime": "19:22", "departureTime": "19:24", "routeNumber": "1", "haltTime": "02:00", "distance": "67", "dayCount": "1", "stnSerialNumber": "6", "boardingDisabled": "false"}, {"stationCode": "JWNR", "stationName": "JAWAHARNAGAR", "arrivalTime": "19:32", "departureTime": "19:33", "routeNumber": "1", "haltTime": "01:00", "distance": "72", "dayCount": "1", "stnSerialNumber": "7", "boardingDisabled": "false"}, {"stationCode": "SKAP", "stationName": "S K PARA", "arrivalTime": "19:54", "departureTime": "19:55", "routeNumber": "1", "haltTime": "01:00", "distance": "84", "dayCount": "1", "stnSerialNumber": "8", "boardingDisabled": "false"}, {"stationCode": "MANU", "stationName": "MONU", "arrivalTime": "20:09", "departureTime": "20:11", "routeNumber": "1", "haltTime": "02:00", "distance": "87", "dayCount": "1", "stnSerialNumber": "9", "boardingDisabled": "false"}, {"stationCode": "NLKT", "stationName": "NALKATA", "arrivalTime": "20:22", "departureTime": "20:23", "routeNumber": "1", "haltTime": "01:00", "distance": "97", "dayCount": "1", "stnSerialNumber": "10", "boardingDisabled": "false"}, {"stationCode": "KUGT", "stationName": "KUMARGHAT", "arrivalTime": "20:43", "departureTime": "20:45", "routeNumber": "1", "haltTime": "02:00", "distance": "108", "dayCount": "1", "stnSerialNumber": "11", "boardingDisabled": "false"}, {"stationCode": "PEC", "stationName": "PENCHARTHAL", "arrivalTime": "21:05", "departureTime": "21:06", "routeNumber": "1", "haltTime": "01:00", "distance": "117", "dayCount": "1", "stnSerialNumber": "12", "boardingDisabled": "false"}, {"stationCode": "PASG", "stationName": "PANISAGAR", "arrivalTime": "21:21", "departureTime": "21:22", "routeNumber": "1", "haltTime": "01:00", "distance": "129", "dayCount": "1", "stnSerialNumber": "13", "boardingDisabled": "false"}, {"stationCode": "DMR", "stationName": "DHARMANAGAR", "arrivalTime": "22:20", "departureTime": "--", "routeNumber": "1", "haltTime": "--", "distance": "140", "dayCount": "1", "stnSerialNumber": "14", "boardingDisabled": "false"}]}