{"trainNumber": "05676", "trainName": "DMR AGTL PASS", "stationFrom": "DMR", "stationTo": "AGTL", "trainOwner": "0", "trainRunsOnMon": "Y", "trainRunsOnTue": "Y", "trainRunsOnWed": "Y", "trainRunsOnThu": "Y", "trainRunsOnFri": "Y", "trainRunsOnSat": "Y", "trainRunsOnSun": "Y", "timeStamp": "2023-06-19T15:30:49.601", "duration": "0", "stationList": [{"stationCode": "DMR", "stationName": "DHARMANAGAR", "arrivalTime": "--", "departureTime": "06:00", "routeNumber": "1", "haltTime": "--", "distance": "0", "dayCount": "1", "stnSerialNumber": "1", "boardingDisabled": "false"}, {"stationCode": "PASG", "stationName": "PANISAGAR", "arrivalTime": "06:12", "departureTime": "06:13", "routeNumber": "1", "haltTime": "01:00", "distance": "12", "dayCount": "1", "stnSerialNumber": "2", "boardingDisabled": "false"}, {"stationCode": "PEC", "stationName": "PENCHARTHAL", "arrivalTime": "06:26", "departureTime": "06:27", "routeNumber": "1", "haltTime": "01:00", "distance": "23", "dayCount": "1", "stnSerialNumber": "3", "boardingDisabled": "false"}, {"stationCode": "KUGT", "stationName": "KUMARGHAT", "arrivalTime": "06:45", "departureTime": "06:46", "routeNumber": "1", "haltTime": "01:00", "distance": "32", "dayCount": "1", "stnSerialNumber": "4", "boardingDisabled": "false"}, {"stationCode": "NLKT", "stationName": "NALKATA", "arrivalTime": "07:00", "departureTime": "07:01", "routeNumber": "1", "haltTime": "01:00", "distance": "44", "dayCount": "1", "stnSerialNumber": "5", "boardingDisabled": "false"}, {"stationCode": "MANU", "stationName": "MONU", "arrivalTime": "07:11", "departureTime": "07:13", "routeNumber": "1", "haltTime": "02:00", "distance": "53", "dayCount": "1", "stnSerialNumber": "6", "boardingDisabled": "false"}, {"stationCode": "SKAP", "stationName": "S K PARA", "arrivalTime": "07:20", "departureTime": "07:21", "routeNumber": "1", "haltTime": "01:00", "distance": "56", "dayCount": "1", "stnSerialNumber": "7", "boardingDisabled": "false"}, {"stationCode": "JWNR", "stationName": "JAWAHARNAGAR", "arrivalTime": "07:37", "departureTime": "07:38", "routeNumber": "1", "haltTime": "01:00", "distance": "68", "dayCount": "1", "stnSerialNumber": "8", "boardingDisabled": "false"}, {"stationCode": "ABSA", "stationName": "AMBASA", "arrivalTime": "07:48", "departureTime": "07:50", "routeNumber": "1", "haltTime": "02:00", "distance": "73", "dayCount": "1", "stnSerialNumber": "9", "boardingDisabled": "false"}, {"stationCode": "MGKM", "stationName": "MUNGIAKAMI", "arrivalTime": "08:09", "departureTime": "08:11", "routeNumber": "1", "haltTime": "02:00", "distance": "91", "dayCount": "1", "stnSerialNumber": "10", "boardingDisabled": "false"}, {"stationCode": "TLMR", "stationName": "TELIAMURA", "arrivalTime": "08:24", "departureTime": "08:25", "routeNumber": "1", "haltTime": "01:00", "distance": "102", "dayCount": "1", "stnSerialNumber": "11", "boardingDisabled": "false"}, {"stationCode": "JRNA", "stationName": "JIRANIA", "arrivalTime": "08:41", "departureTime": "08:43", "routeNumber": "1", "haltTime": "02:00", "distance": "122", "dayCount": "1", "stnSerialNumber": "12", "boardingDisabled": "false"}, {"stationCode": "JGNR", "stationName": "JOGENDRANAGAR", "arrivalTime": "08:59", "departureTime": "09:00", "routeNumber": "1", "haltTime": "01:00", "distance": "136", "dayCount": "1", "stnSerialNumber": "13", "boardingDisabled": "false"}, {"stationCode": "AGTL", "stationName": "AGARTALA", "arrivalTime": "09:45", "departureTime": "--", "routeNumber": "1", "haltTime": "--", "distance": "140", "dayCount": "1", "stnSerialNumber": "14", "boardingDisabled": "false"}]}