{"trainNumber": "05671", "trainName": "GHY RNC SPECIAL", "stationFrom": "GHY", "stationTo": "RNC", "trainOwner": "0", "trainRunsOnMon": "N", "trainRunsOnTue": "N", "trainRunsOnWed": "N", "trainRunsOnThu": "N", "trainRunsOnFri": "N", "trainRunsOnSat": "Y", "trainRunsOnSun": "N", "timeStamp": "2023-06-19T15:30:49.744", "duration": "0", "stationList": [{"stationCode": "GHY", "stationName": "GUWAHATI", "arrivalTime": "--", "departureTime": "11:40", "routeNumber": "1", "haltTime": "--", "distance": "0", "dayCount": "1", "stnSerialNumber": "1", "boardingDisabled": "false"}, {"stationCode": "KYQ", "stationName": "KAMAKHYA", "arrivalTime": "11:55", "departureTime": "12:00", "routeNumber": "1", "haltTime": "05:00", "distance": "7", "dayCount": "1", "stnSerialNumber": "2", "boardingDisabled": "false"}, {"stationCode": "NBQ", "stationName": "NEW BONGAIGAON", "arrivalTime": "14:55", "departureTime": "15:05", "routeNumber": "1", "haltTime": "10:00", "distance": "209", "dayCount": "1", "stnSerialNumber": "4", "boardingDisabled": "false"}, {"stationCode": "GOGH", "stationName": "GOSSAIGAON HAT", "arrivalTime": "15:52", "departureTime": "15:54", "routeNumber": "1", "haltTime": "02:00", "distance": "269", "dayCount": "1", "stnSerialNumber": "5", "boardingDisabled": "false"}, {"stationCode": "APDJ", "stationName": "ALIPUR DUAR JN", "arrivalTime": "16:35", "departureTime": "16:40", "routeNumber": "1", "haltTime": "05:00", "distance": "318", "dayCount": "1", "stnSerialNumber": "6", "boardingDisabled": "false"}, {"stationCode": "HSA", "stationName": "HASIMARA", "arrivalTime": "17:48", "departureTime": "17:50", "routeNumber": "1", "haltTime": "02:00", "distance": "353", "dayCount": "1", "stnSerialNumber": "7", "boardingDisabled": "false"}, {"stationCode": "BNV", "stationName": "BINNAGURI", "arrivalTime": "18:38", "departureTime": "18:40", "routeNumber": "1", "haltTime": "02:00", "distance": "387", "dayCount": "1", "stnSerialNumber": "8", "boardingDisabled": "false"}, {"stationCode": "NMZ", "stationName": "NEW MAL JN", "arrivalTime": "19:30", "departureTime": "19:32", "routeNumber": "1", "haltTime": "02:00", "distance": "431", "dayCount": "1", "stnSerialNumber": "9", "boardingDisabled": "false"}, {"stationCode": "SGUJ", "stationName": "SILIGURI JN", "arrivalTime": "21:20", "departureTime": "21:45", "routeNumber": "1", "haltTime": "25:00", "distance": "479", "dayCount": "1", "stnSerialNumber": "10", "boardingDisabled": "false"}, {"stationCode": "TKG", "stationName": "THAKURGANJ", "arrivalTime": "22:36", "departureTime": "22:38", "routeNumber": "1", "haltTime": "02:00", "distance": "535", "dayCount": "1", "stnSerialNumber": "11", "boardingDisabled": "false"}, {"stationCode": "AUB", "stationName": "ALUABARI ROAD", "arrivalTime": "23:00", "departureTime": "23:02", "routeNumber": "1", "haltTime": "02:00", "distance": "555", "dayCount": "1", "stnSerialNumber": "12", "boardingDisabled": "false"}, {"stationCode": "MLDT", "stationName": "MALDA TOWN", "arrivalTime": "02:00", "departureTime": "02:10", "routeNumber": "1", "haltTime": "10:00", "distance": "731", "dayCount": "2", "stnSerialNumber": "13", "boardingDisabled": "false"}, {"stationCode": "NFK", "stationName": "NEW FARAKKA JN", "arrivalTime": "02:42", "departureTime": "02:44", "routeNumber": "1", "haltTime": "02:00", "distance": "766", "dayCount": "2", "stnSerialNumber": "14", "boardingDisabled": "false"}, {"stationCode": "PKR", "stationName": "PAKUR", "arrivalTime": "03:31", "departureTime": "03:32", "routeNumber": "1", "haltTime": "01:00", "distance": "799", "dayCount": "2", "stnSerialNumber": "15", "boardingDisabled": "false"}, {"stationCode": "RPH", "stationName": "RAMPUR HAT", "arrivalTime": "04:27", "departureTime": "04:32", "routeNumber": "1", "haltTime": "05:00", "distance": "852", "dayCount": "2", "stnSerialNumber": "16", "boardingDisabled": "false"}, {"stationCode": "SNT", "stationName": "SAINTHIA", "arrivalTime": "05:20", "departureTime": "05:25", "routeNumber": "1", "haltTime": "05:00", "distance": "880", "dayCount": "2", "stnSerialNumber": "17", "boardingDisabled": "false"}, {"stationCode": "SURI", "stationName": "SIURI", "arrivalTime": "05:43", "departureTime": "05:44", "routeNumber": "1", "haltTime": "01:00", "distance": "899", "dayCount": "2", "stnSerialNumber": "18", "boardingDisabled": "false"}, {"stationCode": "UDL", "stationName": "ANDAL JN", "arrivalTime": "07:00", "departureTime": "07:20", "routeNumber": "1", "haltTime": "20:00", "distance": "954", "dayCount": "2", "stnSerialNumber": "19", "boardingDisabled": "false"}, {"stationCode": "ASN", "stationName": "ASANSOL JN", "arrivalTime": "08:40", "departureTime": "08:50", "routeNumber": "1", "haltTime": "10:00", "distance": "979", "dayCount": "2", "stnSerialNumber": "20", "boardingDisabled": "false"}, {"stationCode": "DHN", "stationName": "DHANBAD JN", "arrivalTime": "10:15", "departureTime": "10:20", "routeNumber": "1", "haltTime": "05:00", "distance": "1038", "dayCount": "2", "stnSerialNumber": "22", "boardingDisabled": "false"}, {"stationCode": "CRP", "stationName": "CHANDRAPURA JN", "arrivalTime": "11:18", "departureTime": "11:20", "routeNumber": "1", "haltTime": "02:00", "distance": "1072", "dayCount": "2", "stnSerialNumber": "23", "boardingDisabled": "false"}, {"stationCode": "BKSC", "stationName": "BOKARO STL CITY", "arrivalTime": "11:55", "departureTime": "12:00", "routeNumber": "1", "haltTime": "05:00", "distance": "1087", "dayCount": "2", "stnSerialNumber": "24", "boardingDisabled": "false"}, {"stationCode": "MURI", "stationName": "MURI", "arrivalTime": "13:03", "departureTime": "13:05", "routeNumber": "1", "haltTime": "02:00", "distance": "1140", "dayCount": "2", "stnSerialNumber": "25", "boardingDisabled": "false"}, {"stationCode": "RNC", "stationName": "RANCHI", "arrivalTime": "14:25", "departureTime": "--", "routeNumber": "1", "haltTime": "--", "distance": "1202", "dayCount": "2", "stnSerialNumber": "26", "boardingDisabled": "false"}]}