{"trainNumber": "05733", "trainName": "ASR KIR SPL", "stationFrom": "ASR", "stationTo": "KIR", "trainOwner": "0", "trainRunsOnMon": "Y", "trainRunsOnTue": "N", "trainRunsOnWed": "N", "trainRunsOnThu": "N", "trainRunsOnFri": "N", "trainRunsOnSat": "N", "trainRunsOnSun": "N", "timeStamp": "2023-06-19T15:30:55.394", "duration": "0", "stationList": [{"stationCode": "ASR", "stationName": "AMRITSAR JN", "arrivalTime": "--", "departureTime": "12:45", "routeNumber": "1", "haltTime": "--", "distance": "0", "dayCount": "1", "stnSerialNumber": "1", "boardingDisabled": "false"}, {"stationCode": "BEAS", "stationName": "BEAS", "arrivalTime": "13:15", "departureTime": "13:17", "routeNumber": "1", "haltTime": "02:00", "distance": "43", "dayCount": "1", "stnSerialNumber": "2", "boardingDisabled": "false"}, {"stationCode": "JUC", "stationName": "JALANDHAR CITY", "arrivalTime": "13:52", "departureTime": "13:57", "routeNumber": "1", "haltTime": "05:00", "distance": "79", "dayCount": "1", "stnSerialNumber": "3", "boardingDisabled": "false"}, {"stationCode": "LDH", "stationName": "LUDHIANA JN", "arrivalTime": "14:53", "departureTime": "15:03", "routeNumber": "1", "haltTime": "10:00", "distance": "136", "dayCount": "1", "stnSerialNumber": "4", "boardingDisabled": "false"}, {"stationCode": "CDG", "stationName": "CHANDIGARH", "arrivalTime": "18:43", "departureTime": "18:55", "routeNumber": "1", "haltTime": "12:00", "distance": "248", "dayCount": "1", "stnSerialNumber": "5", "boardingDisabled": "false"}, {"stationCode": "UMB", "stationName": "AMBALA CANT JN", "arrivalTime": "19:40", "departureTime": "19:45", "routeNumber": "1", "haltTime": "05:00", "distance": "316", "dayCount": "1", "stnSerialNumber": "6", "boardingDisabled": "false"}, {"stationCode": "DLI", "stationName": "DELHI", "arrivalTime": "23:00", "departureTime": "23:10", "routeNumber": "1", "haltTime": "10:00", "distance": "513", "dayCount": "1", "stnSerialNumber": "7", "boardingDisabled": "false"}, {"stationCode": "ALJN", "stationName": "ALIGARH JN", "arrivalTime": "01:20", "departureTime": "01:22", "routeNumber": "1", "haltTime": "02:00", "distance": "639", "dayCount": "2", "stnSerialNumber": "8", "boardingDisabled": "false"}, {"stationCode": "CNB", "stationName": "KANPUR CENTRAL", "arrivalTime": "06:30", "departureTime": "06:35", "routeNumber": "1", "haltTime": "05:00", "distance": "948", "dayCount": "2", "stnSerialNumber": "9", "boardingDisabled": "false"}, {"stationCode": "LKO", "stationName": "LUCKNOW NR", "arrivalTime": "08:45", "departureTime": "08:55", "routeNumber": "1", "haltTime": "10:00", "distance": "1022", "dayCount": "2", "stnSerialNumber": "10", "boardingDisabled": "false"}, {"stationCode": "GD", "stationName": "GONDA JN", "arrivalTime": "11:25", "departureTime": "11:35", "routeNumber": "1", "haltTime": "10:00", "distance": "1138", "dayCount": "2", "stnSerialNumber": "11", "boardingDisabled": "false"}, {"stationCode": "BLP", "stationName": "BALRAMPUR", "arrivalTime": "12:20", "departureTime": "12:22", "routeNumber": "1", "haltTime": "02:00", "distance": "1178", "dayCount": "2", "stnSerialNumber": "12", "boardingDisabled": "false"}, {"stationCode": "SDDN", "stationName": "SIDDHARTH NAGAR", "arrivalTime": "13:44", "departureTime": "13:46", "routeNumber": "1", "haltTime": "02:00", "distance": "1287", "dayCount": "2", "stnSerialNumber": "13", "boardingDisabled": "false"}, {"stationCode": "GKP", "stationName": "GORAKHPUR JN", "arrivalTime": "15:45", "departureTime": "15:55", "routeNumber": "1", "haltTime": "10:00", "distance": "1359", "dayCount": "2", "stnSerialNumber": "14", "boardingDisabled": "false"}, {"stationCode": "NKE", "stationName": "NARKATIAGANJ JN", "arrivalTime": "19:20", "departureTime": "19:25", "routeNumber": "1", "haltTime": "05:00", "distance": "1509", "dayCount": "2", "stnSerialNumber": "15", "boardingDisabled": "false"}, {"stationCode": "BTH", "stationName": "BETTIAH", "arrivalTime": "20:05", "departureTime": "20:07", "routeNumber": "1", "haltTime": "02:00", "distance": "1546", "dayCount": "2", "stnSerialNumber": "16", "boardingDisabled": "false"}, {"stationCode": "BMKI", "stationName": "BAPUDM MOTIHARI", "arrivalTime": "20:40", "departureTime": "20:42", "routeNumber": "1", "haltTime": "02:00", "distance": "1589", "dayCount": "2", "stnSerialNumber": "17", "boardingDisabled": "false"}, {"stationCode": "MFP", "stationName": "MUZAFFARPUR JN", "arrivalTime": "22:10", "departureTime": "22:15", "routeNumber": "1", "haltTime": "05:00", "distance": "1669", "dayCount": "2", "stnSerialNumber": "18", "boardingDisabled": "false"}, {"stationCode": "SPJ", "stationName": "SAMASTIPUR JN", "arrivalTime": "23:05", "departureTime": "23:15", "routeNumber": "1", "haltTime": "10:00", "distance": "1720", "dayCount": "2", "stnSerialNumber": "19", "boardingDisabled": "false"}, {"stationCode": "HPO", "stationName": "HASANPUR ROAD", "arrivalTime": "00:05", "departureTime": "00:07", "routeNumber": "1", "haltTime": "02:00", "distance": "1766", "dayCount": "3", "stnSerialNumber": "20", "boardingDisabled": "false"}, {"stationCode": "KGG", "stationName": "KHAGARIA JN", "arrivalTime": "00:50", "departureTime": "00:55", "routeNumber": "1", "haltTime": "05:00", "distance": "1806", "dayCount": "3", "stnSerialNumber": "21", "boardingDisabled": "false"}, {"stationCode": "NNA", "stationName": "NAUGACHIA", "arrivalTime": "01:50", "departureTime": "01:52", "routeNumber": "1", "haltTime": "02:00", "distance": "1873", "dayCount": "3", "stnSerialNumber": "22", "boardingDisabled": "false"}, {"stationCode": "KIR", "stationName": "KATIHAR JN", "arrivalTime": "03:30", "departureTime": "--", "routeNumber": "1", "haltTime": "--", "distance": "1930", "dayCount": "3", "stnSerialNumber": "23", "boardingDisabled": "false"}]}