{"trainNumber": "05761", "trainName": "RNC KIR SPL", "stationFrom": "RNC", "stationTo": "KIR", "trainOwner": "0", "trainRunsOnMon": "N", "trainRunsOnTue": "N", "trainRunsOnWed": "N", "trainRunsOnThu": "N", "trainRunsOnFri": "Y", "trainRunsOnSat": "N", "trainRunsOnSun": "N", "timeStamp": "2023-06-19T15:31:45.264", "duration": "0", "stationList": [{"stationCode": "RNC", "stationName": "RANCHI", "arrivalTime": "--", "departureTime": "05:30", "routeNumber": "1", "haltTime": "--", "distance": "0", "dayCount": "1", "stnSerialNumber": "1", "boardingDisabled": "false"}, {"stationCode": "MURI", "stationName": "MURI", "arrivalTime": "06:46", "departureTime": "06:48", "routeNumber": "1", "haltTime": "02:00", "distance": "62", "dayCount": "1", "stnSerialNumber": "2", "boardingDisabled": "false"}, {"stationCode": "BKSC", "stationName": "BOKARO STL CITY", "arrivalTime": "07:45", "departureTime": "07:50", "routeNumber": "1", "haltTime": "05:00", "distance": "115", "dayCount": "1", "stnSerialNumber": "3", "boardingDisabled": "false"}, {"stationCode": "CRP", "stationName": "CHANDRAPURA JN", "arrivalTime": "08:20", "departureTime": "08:22", "routeNumber": "1", "haltTime": "02:00", "distance": "130", "dayCount": "1", "stnSerialNumber": "4", "boardingDisabled": "false"}, {"stationCode": "DHN", "stationName": "DHANBAD JN", "arrivalTime": "09:50", "departureTime": "09:55", "routeNumber": "1", "haltTime": "05:00", "distance": "164", "dayCount": "1", "stnSerialNumber": "5", "boardingDisabled": "false"}, {"stationCode": "BRR", "stationName": "BARAKAR", "arrivalTime": "10:38", "departureTime": "10:40", "routeNumber": "1", "haltTime": "02:00", "distance": "206", "dayCount": "1", "stnSerialNumber": "6", "boardingDisabled": "false"}, {"stationCode": "CRJ", "stationName": "CHITTARANJAN", "arrivalTime": "11:28", "departureTime": "11:30", "routeNumber": "1", "haltTime": "02:00", "distance": "226", "dayCount": "1", "stnSerialNumber": "7", "boardingDisabled": "false"}, {"stationCode": "MDP", "stationName": "MADHUPUR JN", "arrivalTime": "12:13", "departureTime": "12:15", "routeNumber": "1", "haltTime": "02:00", "distance": "282", "dayCount": "1", "stnSerialNumber": "8", "boardingDisabled": "false"}, {"stationCode": "JSME", "stationName": "JASIDIH JN", "arrivalTime": "12:40", "departureTime": "12:42", "routeNumber": "1", "haltTime": "02:00", "distance": "311", "dayCount": "1", "stnSerialNumber": "9", "boardingDisabled": "false"}, {"stationCode": "JAJ", "stationName": "JHAJHA", "arrivalTime": "13:45", "departureTime": "13:50", "routeNumber": "1", "haltTime": "05:00", "distance": "355", "dayCount": "1", "stnSerialNumber": "10", "boardingDisabled": "false"}, {"stationCode": "KIUL", "stationName": "KIUL JN", "arrivalTime": "14:50", "departureTime": "14:52", "routeNumber": "1", "haltTime": "02:00", "distance": "409", "dayCount": "1", "stnSerialNumber": "11", "boardingDisabled": "false"}, {"stationCode": "NBJU", "stationName": "NEW BARAUNI JN", "arrivalTime": "16:00", "departureTime": "16:05", "routeNumber": "1", "haltTime": "05:00", "distance": "448", "dayCount": "1", "stnSerialNumber": "12", "boardingDisabled": "false"}, {"stationCode": "BGS", "stationName": "BEGU SARAI", "arrivalTime": "16:26", "departureTime": "16:28", "routeNumber": "1", "haltTime": "02:00", "distance": "461", "dayCount": "1", "stnSerialNumber": "13", "boardingDisabled": "false"}, {"stationCode": "KGG", "stationName": "KHAGARIA JN", "arrivalTime": "17:08", "departureTime": "17:10", "routeNumber": "1", "haltTime": "02:00", "distance": "502", "dayCount": "1", "stnSerialNumber": "14", "boardingDisabled": "false"}, {"stationCode": "NNA", "stationName": "NAUGACHIA", "arrivalTime": "18:10", "departureTime": "18:12", "routeNumber": "1", "haltTime": "02:00", "distance": "569", "dayCount": "1", "stnSerialNumber": "15", "boardingDisabled": "false"}, {"stationCode": "KIR", "stationName": "KATIHAR JN", "arrivalTime": "20:00", "departureTime": "--", "routeNumber": "1", "haltTime": "--", "distance": "626", "dayCount": "1", "stnSerialNumber": "16", "boardingDisabled": "false"}]}