{"trainNumber": "05921", "trainName": "DBB NTSK SPECIAL", "stationFrom": "DBB", "stationTo": "NTSK", "trainOwner": "0", "trainRunsOnMon": "Y", "trainRunsOnTue": "N", "trainRunsOnWed": "Y", "trainRunsOnThu": "N", "trainRunsOnFri": "Y", "trainRunsOnSat": "N", "trainRunsOnSun": "N", "timeStamp": "2023-06-19T15:31:43.452", "duration": "0", "stationList": [{"stationCode": "DBB", "stationName": "DHUBRI", "arrivalTime": "--", "departureTime": "05:00", "routeNumber": "1", "haltTime": "--", "distance": "0", "dayCount": "1", "stnSerialNumber": "1", "boardingDisabled": "false"}, {"stationCode": "GUP", "stationName": "GAURIPUR", "arrivalTime": "05:15", "departureTime": "05:17", "routeNumber": "1", "haltTime": "02:00", "distance": "7", "dayCount": "1", "stnSerialNumber": "2", "boardingDisabled": "false"}, {"stationCode": "GKJ", "stationName": "GOLAKGANJ", "arrivalTime": "05:45", "departureTime": "05:50", "routeNumber": "1", "haltTime": "05:00", "distance": "20", "dayCount": "1", "stnSerialNumber": "3", "boardingDisabled": "false"}, {"stationCode": "FKM", "stationName": "FAKIRAGRAM JN", "arrivalTime": "06:40", "departureTime": "06:42", "routeNumber": "1", "haltTime": "02:00", "distance": "67", "dayCount": "1", "stnSerialNumber": "4", "boardingDisabled": "false"}, {"stationCode": "KOJ", "stationName": "KOKRAJHAR", "arrivalTime": "06:58", "departureTime": "07:00", "routeNumber": "1", "haltTime": "02:00", "distance": "77", "dayCount": "1", "stnSerialNumber": "5", "boardingDisabled": "false"}, {"stationCode": "NBQ", "stationName": "NEW BONGAIGAON", "arrivalTime": "08:00", "departureTime": "08:05", "routeNumber": "1", "haltTime": "05:00", "distance": "105", "dayCount": "1", "stnSerialNumber": "6", "boardingDisabled": "false"}, {"stationCode": "BPRD", "stationName": "BARPETA ROAD", "arrivalTime": "09:00", "departureTime": "09:02", "routeNumber": "1", "haltTime": "02:00", "distance": "149", "dayCount": "1", "stnSerialNumber": "7", "boardingDisabled": "false"}, {"stationCode": "RNY", "stationName": "RANGIYA JN", "arrivalTime": "10:05", "departureTime": "10:10", "routeNumber": "1", "haltTime": "05:00", "distance": "214", "dayCount": "1", "stnSerialNumber": "8", "boardingDisabled": "false"}, {"stationCode": "TNL", "stationName": "TANGLA", "arrivalTime": "11:10", "departureTime": "11:12", "routeNumber": "1", "haltTime": "02:00", "distance": "253", "dayCount": "1", "stnSerialNumber": "9", "boardingDisabled": "false"}, {"stationCode": "ULG", "stationName": "UDALGURI", "arrivalTime": "11:35", "departureTime": "11:37", "routeNumber": "1", "haltTime": "02:00", "distance": "275", "dayCount": "1", "stnSerialNumber": "10", "boardingDisabled": "false"}, {"stationCode": "NMM", "stationName": "NEW MISAMARI", "arrivalTime": "12:18", "departureTime": "12:20", "routeNumber": "1", "haltTime": "02:00", "distance": "327", "dayCount": "1", "stnSerialNumber": "11", "boardingDisabled": "false"}, {"stationCode": "RPAN", "stationName": "RANGAPARA NORTH", "arrivalTime": "12:45", "departureTime": "12:50", "routeNumber": "1", "haltTime": "05:00", "distance": "337", "dayCount": "1", "stnSerialNumber": "12", "boardingDisabled": "false"}, {"stationCode": "VNE", "stationName": "VISWANATH CHRLI", "arrivalTime": "13:35", "departureTime": "13:37", "routeNumber": "1", "haltTime": "02:00", "distance": "388", "dayCount": "1", "stnSerialNumber": "13", "boardingDisabled": "false"}, {"stationCode": "HMY", "stationName": "HARMUTI", "arrivalTime": "14:53", "departureTime": "14:55", "routeNumber": "1", "haltTime": "02:00", "distance": "480", "dayCount": "1", "stnSerialNumber": "14", "boardingDisabled": "false"}, {"stationCode": "NLP", "stationName": "NORTH LAKHIMPUR", "arrivalTime": "15:20", "departureTime": "15:22", "routeNumber": "1", "haltTime": "02:00", "distance": "510", "dayCount": "1", "stnSerialNumber": "15", "boardingDisabled": "false"}, {"stationCode": "DMC", "stationName": "DHEMAJI", "arrivalTime": "17:00", "departureTime": "17:02", "routeNumber": "1", "haltTime": "02:00", "distance": "579", "dayCount": "1", "stnSerialNumber": "16", "boardingDisabled": "false"}, {"stationCode": "DBRG", "stationName": "DIBRUGARH", "arrivalTime": "18:10", "departureTime": "18:15", "routeNumber": "1", "haltTime": "05:00", "distance": "641", "dayCount": "1", "stnSerialNumber": "18", "boardingDisabled": "false"}, {"stationCode": "NTSK", "stationName": "NEW TINSUKIA JN", "arrivalTime": "19:45", "departureTime": "--", "routeNumber": "1", "haltTime": "--", "distance": "683", "dayCount": "1", "stnSerialNumber": "19", "boardingDisabled": "false"}]}