{"trainNumber": "05922", "trainName": "NTSK DBB SPECIAL", "stationFrom": "NTSK", "stationTo": "DBB", "trainOwner": "0", "trainRunsOnMon": "N", "trainRunsOnTue": "Y", "trainRunsOnWed": "N", "trainRunsOnThu": "Y", "trainRunsOnFri": "N", "trainRunsOnSat": "N", "trainRunsOnSun": "Y", "timeStamp": "2023-06-19T15:31:43.406", "duration": "0", "stationList": [{"stationCode": "NTSK", "stationName": "NEW TINSUKIA JN", "arrivalTime": "--", "departureTime": "14:30", "routeNumber": "1", "haltTime": "--", "distance": "0", "dayCount": "1", "stnSerialNumber": "1", "boardingDisabled": "false"}, {"stationCode": "DBRG", "stationName": "DIBRUGARH", "arrivalTime": "15:20", "departureTime": "15:25", "routeNumber": "1", "haltTime": "05:00", "distance": "42", "dayCount": "1", "stnSerialNumber": "2", "boardingDisabled": "false"}, {"stationCode": "DMC", "stationName": "DHEMAJI", "arrivalTime": "16:25", "departureTime": "16:27", "routeNumber": "1", "haltTime": "02:00", "distance": "104", "dayCount": "1", "stnSerialNumber": "4", "boardingDisabled": "false"}, {"stationCode": "NLP", "stationName": "NORTH LAKHIMPUR", "arrivalTime": "17:38", "departureTime": "17:40", "routeNumber": "1", "haltTime": "02:00", "distance": "173", "dayCount": "1", "stnSerialNumber": "5", "boardingDisabled": "false"}, {"stationCode": "HMY", "stationName": "HARMUTI", "arrivalTime": "18:15", "departureTime": "18:17", "routeNumber": "1", "haltTime": "02:00", "distance": "203", "dayCount": "1", "stnSerialNumber": "6", "boardingDisabled": "false"}, {"stationCode": "VNE", "stationName": "VISWANATH CHRLI", "arrivalTime": "19:23", "departureTime": "19:25", "routeNumber": "1", "haltTime": "02:00", "distance": "295", "dayCount": "1", "stnSerialNumber": "7", "boardingDisabled": "false"}, {"stationCode": "RPAN", "stationName": "RANGAPARA NORTH", "arrivalTime": "20:20", "departureTime": "20:25", "routeNumber": "1", "haltTime": "05:00", "distance": "346", "dayCount": "1", "stnSerialNumber": "8", "boardingDisabled": "false"}, {"stationCode": "NMM", "stationName": "NEW MISAMARI", "arrivalTime": "20:45", "departureTime": "20:47", "routeNumber": "1", "haltTime": "02:00", "distance": "357", "dayCount": "1", "stnSerialNumber": "9", "boardingDisabled": "false"}, {"stationCode": "ULG", "stationName": "UDALGURI", "arrivalTime": "21:32", "departureTime": "21:34", "routeNumber": "1", "haltTime": "02:00", "distance": "408", "dayCount": "1", "stnSerialNumber": "10", "boardingDisabled": "false"}, {"stationCode": "TNL", "stationName": "TANGLA", "arrivalTime": "21:56", "departureTime": "21:58", "routeNumber": "1", "haltTime": "02:00", "distance": "431", "dayCount": "1", "stnSerialNumber": "11", "boardingDisabled": "false"}, {"stationCode": "RNY", "stationName": "RANGIYA JN", "arrivalTime": "22:55", "departureTime": "23:00", "routeNumber": "1", "haltTime": "05:00", "distance": "469", "dayCount": "1", "stnSerialNumber": "12", "boardingDisabled": "false"}, {"stationCode": "BPRD", "stationName": "BARPETA ROAD", "arrivalTime": "23:54", "departureTime": "23:56", "routeNumber": "1", "haltTime": "02:00", "distance": "534", "dayCount": "1", "stnSerialNumber": "13", "boardingDisabled": "false"}, {"stationCode": "NBQ", "stationName": "NEW BONGAIGAON", "arrivalTime": "01:30", "departureTime": "01:35", "routeNumber": "1", "haltTime": "05:00", "distance": "579", "dayCount": "2", "stnSerialNumber": "14", "boardingDisabled": "false"}, {"stationCode": "KOJ", "stationName": "KOKRAJHAR", "arrivalTime": "02:03", "departureTime": "02:05", "routeNumber": "1", "haltTime": "02:00", "distance": "606", "dayCount": "2", "stnSerialNumber": "15", "boardingDisabled": "false"}, {"stationCode": "FKM", "stationName": "FAKIRAGRAM JN", "arrivalTime": "02:18", "departureTime": "02:20", "routeNumber": "1", "haltTime": "02:00", "distance": "616", "dayCount": "2", "stnSerialNumber": "16", "boardingDisabled": "false"}, {"stationCode": "GKJ", "stationName": "GOLAKGANJ", "arrivalTime": "03:25", "departureTime": "03:30", "routeNumber": "1", "haltTime": "05:00", "distance": "663", "dayCount": "2", "stnSerialNumber": "17", "boardingDisabled": "false"}, {"stationCode": "GUP", "stationName": "GAURIPUR", "arrivalTime": "03:50", "departureTime": "03:52", "routeNumber": "1", "haltTime": "02:00", "distance": "676", "dayCount": "2", "stnSerialNumber": "18", "boardingDisabled": "false"}, {"stationCode": "DBB", "stationName": "DHUBRI", "arrivalTime": "04:30", "departureTime": "--", "routeNumber": "1", "haltTime": "--", "distance": "683", "dayCount": "2", "stnSerialNumber": "19", "boardingDisabled": "false"}]}