{"trainNumber": "06003", "trainName": "TBM TEN SPL", "stationFrom": "TBM", "stationTo": "TEN", "trainOwner": "0", "trainRunsOnMon": "Y", "trainRunsOnTue": "N", "trainRunsOnWed": "N", "trainRunsOnThu": "N", "trainRunsOnFri": "N", "trainRunsOnSat": "N", "trainRunsOnSun": "N", "timeStamp": "2023-06-19T15:31:18.200", "duration": "0", "stationList": [{"stationCode": "TBM", "stationName": "TAMBARAM", "arrivalTime": "--", "departureTime": "22:20", "routeNumber": "1", "haltTime": "--", "distance": "0", "dayCount": "1", "stnSerialNumber": "1", "boardingDisabled": "false"}, {"stationCode": "CGL", "stationName": "CHENGALPATTU", "arrivalTime": "22:48", "departureTime": "22:50", "routeNumber": "1", "haltTime": "02:00", "distance": "31", "dayCount": "1", "stnSerialNumber": "2", "boardingDisabled": "false"}, {"stationCode": "VM", "stationName": "VILLUPURAM JN", "arrivalTime": "00:20", "departureTime": "00:23", "routeNumber": "1", "haltTime": "03:00", "distance": "134", "dayCount": "2", "stnSerialNumber": "4", "boardingDisabled": "false"}, {"stationCode": "VRI", "stationName": "VRIDHACHALAM JN", "arrivalTime": "01:05", "departureTime": "01:07", "routeNumber": "1", "haltTime": "02:00", "distance": "189", "dayCount": "2", "stnSerialNumber": "5", "boardingDisabled": "false"}, {"stationCode": "TPJ", "stationName": "TIRUCHCHIRAPALI", "arrivalTime": "03:05", "departureTime": "03:10", "routeNumber": "1", "haltTime": "05:00", "distance": "312", "dayCount": "2", "stnSerialNumber": "6", "boardingDisabled": "false"}, {"stationCode": "DG", "stationName": "DINDIGUL JN", "arrivalTime": "04:10", "departureTime": "04:15", "routeNumber": "1", "haltTime": "05:00", "distance": "406", "dayCount": "2", "stnSerialNumber": "7", "boardingDisabled": "false"}, {"stationCode": "MDU", "stationName": "MADURAI JN", "arrivalTime": "05:35", "departureTime": "05:40", "routeNumber": "1", "haltTime": "05:00", "distance": "472", "dayCount": "2", "stnSerialNumber": "8", "boardingDisabled": "false"}, {"stationCode": "VPT", "stationName": "VIRUDUNAGAR JN", "arrivalTime": "06:00", "departureTime": "06:10", "routeNumber": "1", "haltTime": "10:00", "distance": "515", "dayCount": "2", "stnSerialNumber": "9", "boardingDisabled": "false"}, {"stationCode": "SVKS", "stationName": "SIVAKASI", "arrivalTime": "06:34", "departureTime": "06:35", "routeNumber": "1", "haltTime": "01:00", "distance": "539", "dayCount": "2", "stnSerialNumber": "10", "boardingDisabled": "false"}, {"stationCode": "SVPR", "stationName": "SRIVILLIPUTTUR", "arrivalTime": "06:49", "departureTime": "06:50", "routeNumber": "1", "haltTime": "01:00", "distance": "556", "dayCount": "2", "stnSerialNumber": "11", "boardingDisabled": "false"}, {"stationCode": "RJPM", "stationName": "RAJAPALAYAM", "arrivalTime": "07:03", "departureTime": "07:05", "routeNumber": "1", "haltTime": "02:00", "distance": "568", "dayCount": "2", "stnSerialNumber": "12", "boardingDisabled": "false"}, {"stationCode": "SNKL", "stationName": "SANKARANKOVIL", "arrivalTime": "07:28", "departureTime": "07:30", "routeNumber": "1", "haltTime": "02:00", "distance": "600", "dayCount": "2", "stnSerialNumber": "13", "boardingDisabled": "false"}, {"stationCode": "TSI", "stationName": "TENKASI JN", "arrivalTime": "08:30", "departureTime": "08:50", "routeNumber": "1", "haltTime": "20:00", "distance": "637", "dayCount": "2", "stnSerialNumber": "14", "boardingDisabled": "false"}, {"stationCode": "PCM", "stationName": "PAVURCHATRAM", "arrivalTime": "09:10", "departureTime": "09:12", "routeNumber": "1", "haltTime": "02:00", "distance": "648", "dayCount": "2", "stnSerialNumber": "15", "boardingDisabled": "false"}, {"stationCode": "KKY", "stationName": "KILA KADAIYAM", "arrivalTime": "09:24", "departureTime": "09:25", "routeNumber": "1", "haltTime": "01:00", "distance": "660", "dayCount": "2", "stnSerialNumber": "16", "boardingDisabled": "false"}, {"stationCode": "ASD", "stationName": "AMBASAMUDRAM", "arrivalTime": "09:43", "departureTime": "09:45", "routeNumber": "1", "haltTime": "02:00", "distance": "675", "dayCount": "2", "stnSerialNumber": "17", "boardingDisabled": "false"}, {"stationCode": "SMD", "stationName": "CHARANMAHADEVI", "arrivalTime": "10:00", "departureTime": "10:02", "routeNumber": "1", "haltTime": "02:00", "distance": "690", "dayCount": "2", "stnSerialNumber": "18", "boardingDisabled": "false"}, {"stationCode": "TEN", "stationName": "TIRUNELVELI", "arrivalTime": "10:40", "departureTime": "--", "routeNumber": "1", "haltTime": "--", "distance": "709", "dayCount": "2", "stnSerialNumber": "19", "boardingDisabled": "false"}]}