{"trainNumber": "06004", "trainName": "TEN TBM SPL", "stationFrom": "TEN", "stationTo": "TBM", "trainOwner": "0", "trainRunsOnMon": "N", "trainRunsOnTue": "N", "trainRunsOnWed": "N", "trainRunsOnThu": "N", "trainRunsOnFri": "N", "trainRunsOnSat": "N", "trainRunsOnSun": "Y", "timeStamp": "2023-06-19T15:31:18.219", "duration": "0", "stationList": [{"stationCode": "TEN", "stationName": "TIRUNELVELI", "arrivalTime": "--", "departureTime": "19:20", "routeNumber": "1", "haltTime": "--", "distance": "0", "dayCount": "1", "stnSerialNumber": "1", "boardingDisabled": "false"}, {"stationCode": "SMD", "stationName": "CHARANMAHADEVI", "arrivalTime": "19:41", "departureTime": "19:43", "routeNumber": "1", "haltTime": "02:00", "distance": "20", "dayCount": "1", "stnSerialNumber": "2", "boardingDisabled": "false"}, {"stationCode": "ASD", "stationName": "AMBASAMUDRAM", "arrivalTime": "19:58", "departureTime": "20:00", "routeNumber": "1", "haltTime": "02:00", "distance": "35", "dayCount": "1", "stnSerialNumber": "3", "boardingDisabled": "false"}, {"stationCode": "KKY", "stationName": "KILA KADAIYAM", "arrivalTime": "20:13", "departureTime": "20:15", "routeNumber": "1", "haltTime": "02:00", "distance": "50", "dayCount": "1", "stnSerialNumber": "4", "boardingDisabled": "false"}, {"stationCode": "PCM", "stationName": "PAVURCHATRAM", "arrivalTime": "20:30", "departureTime": "20:32", "routeNumber": "1", "haltTime": "02:00", "distance": "62", "dayCount": "1", "stnSerialNumber": "5", "boardingDisabled": "false"}, {"stationCode": "TSI", "stationName": "TENKASI JN", "arrivalTime": "21:00", "departureTime": "21:20", "routeNumber": "1", "haltTime": "20:00", "distance": "73", "dayCount": "1", "stnSerialNumber": "6", "boardingDisabled": "false"}, {"stationCode": "SNKL", "stationName": "SANKARANKOVIL", "arrivalTime": "21:48", "departureTime": "21:50", "routeNumber": "1", "haltTime": "02:00", "distance": "109", "dayCount": "1", "stnSerialNumber": "7", "boardingDisabled": "false"}, {"stationCode": "RJPM", "stationName": "RAJAPALAYAM", "arrivalTime": "22:18", "departureTime": "22:20", "routeNumber": "1", "haltTime": "02:00", "distance": "142", "dayCount": "1", "stnSerialNumber": "8", "boardingDisabled": "false"}, {"stationCode": "SVPR", "stationName": "SRIVILLIPUTTUR", "arrivalTime": "22:32", "departureTime": "22:34", "routeNumber": "1", "haltTime": "02:00", "distance": "153", "dayCount": "1", "stnSerialNumber": "9", "boardingDisabled": "false"}, {"stationCode": "SVKS", "stationName": "SIVAKASI", "arrivalTime": "22:50", "departureTime": "22:52", "routeNumber": "1", "haltTime": "02:00", "distance": "170", "dayCount": "1", "stnSerialNumber": "10", "boardingDisabled": "false"}, {"stationCode": "VPT", "stationName": "VIRUDUNAGAR JN", "arrivalTime": "23:15", "departureTime": "23:35", "routeNumber": "1", "haltTime": "20:00", "distance": "195", "dayCount": "1", "stnSerialNumber": "11", "boardingDisabled": "false"}, {"stationCode": "MDU", "stationName": "MADURAI JN", "arrivalTime": "01:15", "departureTime": "01:20", "routeNumber": "1", "haltTime": "05:00", "distance": "238", "dayCount": "2", "stnSerialNumber": "12", "boardingDisabled": "false"}, {"stationCode": "DG", "stationName": "DINDIGUL JN", "arrivalTime": "02:12", "departureTime": "02:15", "routeNumber": "1", "haltTime": "03:00", "distance": "304", "dayCount": "2", "stnSerialNumber": "13", "boardingDisabled": "false"}, {"stationCode": "TPJ", "stationName": "TIRUCHCHIRAPALI", "arrivalTime": "04:20", "departureTime": "04:25", "routeNumber": "1", "haltTime": "05:00", "distance": "398", "dayCount": "2", "stnSerialNumber": "14", "boardingDisabled": "false"}, {"stationCode": "VRI", "stationName": "VRIDHACHALAM JN", "arrivalTime": "05:55", "departureTime": "05:57", "routeNumber": "1", "haltTime": "02:00", "distance": "521", "dayCount": "2", "stnSerialNumber": "15", "boardingDisabled": "false"}, {"stationCode": "VM", "stationName": "VILLUPURAM JN", "arrivalTime": "06:45", "departureTime": "06:50", "routeNumber": "1", "haltTime": "05:00", "distance": "576", "dayCount": "2", "stnSerialNumber": "16", "boardingDisabled": "false"}, {"stationCode": "CGL", "stationName": "CHENGALPATTU", "arrivalTime": "08:18", "departureTime": "08:20", "routeNumber": "1", "haltTime": "02:00", "distance": "679", "dayCount": "2", "stnSerialNumber": "18", "boardingDisabled": "false"}, {"stationCode": "TBM", "stationName": "TAMBARAM", "arrivalTime": "09:20", "departureTime": "--", "routeNumber": "1", "haltTime": "--", "distance": "709", "dayCount": "2", "stnSerialNumber": "19", "boardingDisabled": "false"}]}