{"trainNumber": "06012", "trainName": "NCJ TBM SF SPL", "stationFrom": "NCJ", "stationTo": "TBM", "trainOwner": "0", "trainRunsOnMon": "N", "trainRunsOnTue": "N", "trainRunsOnWed": "N", "trainRunsOnThu": "N", "trainRunsOnFri": "N", "trainRunsOnSat": "N", "trainRunsOnSun": "Y", "timeStamp": "2023-06-19T15:30:50.777", "duration": "0", "stationList": [{"stationCode": "NCJ", "stationName": "NAGERCOIL JN", "arrivalTime": "--", "departureTime": "16:35", "routeNumber": "1", "haltTime": "--", "distance": "0", "dayCount": "1", "stnSerialNumber": "1", "boardingDisabled": "false"}, {"stationCode": "VLY", "stationName": "VALLIYUR", "arrivalTime": "17:00", "departureTime": "17:02", "routeNumber": "1", "haltTime": "02:00", "distance": "32", "dayCount": "1", "stnSerialNumber": "2", "boardingDisabled": "false"}, {"stationCode": "TEN", "stationName": "TIRUNELVELI", "arrivalTime": "17:45", "departureTime": "17:50", "routeNumber": "1", "haltTime": "05:00", "distance": "74", "dayCount": "1", "stnSerialNumber": "3", "boardingDisabled": "false"}, {"stationCode": "CVP", "stationName": "KOVILPATTI", "arrivalTime": "18:43", "departureTime": "18:45", "routeNumber": "1", "haltTime": "02:00", "distance": "139", "dayCount": "1", "stnSerialNumber": "4", "boardingDisabled": "false"}, {"stationCode": "SRT", "stationName": "SATUR", "arrivalTime": "19:03", "departureTime": "19:05", "routeNumber": "1", "haltTime": "02:00", "distance": "160", "dayCount": "1", "stnSerialNumber": "5", "boardingDisabled": "false"}, {"stationCode": "VPT", "stationName": "VIRUDUNAGAR JN", "arrivalTime": "19:28", "departureTime": "19:30", "routeNumber": "1", "haltTime": "02:00", "distance": "187", "dayCount": "1", "stnSerialNumber": "6", "boardingDisabled": "false"}, {"stationCode": "MDU", "stationName": "MADURAI JN", "arrivalTime": "20:55", "departureTime": "21:05", "routeNumber": "1", "haltTime": "10:00", "distance": "230", "dayCount": "1", "stnSerialNumber": "7", "boardingDisabled": "false"}, {"stationCode": "DG", "stationName": "DINDIGUL JN", "arrivalTime": "22:03", "departureTime": "22:05", "routeNumber": "1", "haltTime": "02:00", "distance": "296", "dayCount": "1", "stnSerialNumber": "8", "boardingDisabled": "false"}, {"stationCode": "TPJ", "stationName": "TIRUCHCHIRAPALI", "arrivalTime": "23:10", "departureTime": "23:15", "routeNumber": "1", "haltTime": "05:00", "distance": "391", "dayCount": "1", "stnSerialNumber": "9", "boardingDisabled": "false"}, {"stationCode": "VRI", "stationName": "VRIDHACHALAM JN", "arrivalTime": "00:58", "departureTime": "01:00", "routeNumber": "1", "haltTime": "02:00", "distance": "514", "dayCount": "2", "stnSerialNumber": "10", "boardingDisabled": "false"}, {"stationCode": "VM", "stationName": "VILLUPURAM JN", "arrivalTime": "01:45", "departureTime": "01:55", "routeNumber": "1", "haltTime": "10:00", "distance": "568", "dayCount": "2", "stnSerialNumber": "11", "boardingDisabled": "false"}, {"stationCode": "CGL", "stationName": "CHENGALPATTU", "arrivalTime": "03:13", "departureTime": "03:15", "routeNumber": "1", "haltTime": "02:00", "distance": "671", "dayCount": "2", "stnSerialNumber": "12", "boardingDisabled": "false"}, {"stationCode": "TBM", "stationName": "TAMBARAM", "arrivalTime": "04:10", "departureTime": "--", "routeNumber": "1", "haltTime": "--", "distance": "702", "dayCount": "2", "stnSerialNumber": "13", "boardingDisabled": "false"}]}