{"trainNumber": "06011", "trainName": "TBM NCJ SF SPL", "stationFrom": "TBM", "stationTo": "NCJ", "trainOwner": "0", "trainRunsOnMon": "Y", "trainRunsOnTue": "N", "trainRunsOnWed": "N", "trainRunsOnThu": "N", "trainRunsOnFri": "N", "trainRunsOnSat": "N", "trainRunsOnSun": "N", "timeStamp": "2023-06-19T15:30:50.840", "duration": "0", "stationList": [{"stationCode": "TBM", "stationName": "TAMBARAM", "arrivalTime": "--", "departureTime": "08:15", "routeNumber": "1", "haltTime": "--", "distance": "0", "dayCount": "1", "stnSerialNumber": "1", "boardingDisabled": "false"}, {"stationCode": "CGL", "stationName": "CHENGALPATTU", "arrivalTime": "08:43", "departureTime": "08:45", "routeNumber": "1", "haltTime": "02:00", "distance": "31", "dayCount": "1", "stnSerialNumber": "2", "boardingDisabled": "false"}, {"stationCode": "VM", "stationName": "VILLUPURAM JN", "arrivalTime": "10:05", "departureTime": "10:10", "routeNumber": "1", "haltTime": "05:00", "distance": "134", "dayCount": "1", "stnSerialNumber": "3", "boardingDisabled": "false"}, {"stationCode": "VRI", "stationName": "VRIDHACHALAM JN", "arrivalTime": "10:58", "departureTime": "11:00", "routeNumber": "1", "haltTime": "02:00", "distance": "189", "dayCount": "1", "stnSerialNumber": "4", "boardingDisabled": "false"}, {"stationCode": "TPJ", "stationName": "TIRUCHCHIRAPALI", "arrivalTime": "12:45", "departureTime": "12:55", "routeNumber": "1", "haltTime": "10:00", "distance": "312", "dayCount": "1", "stnSerialNumber": "5", "boardingDisabled": "false"}, {"stationCode": "DG", "stationName": "DINDIGUL JN", "arrivalTime": "13:58", "departureTime": "14:00", "routeNumber": "1", "haltTime": "02:00", "distance": "406", "dayCount": "1", "stnSerialNumber": "6", "boardingDisabled": "false"}, {"stationCode": "MDU", "stationName": "MADURAI JN", "arrivalTime": "15:15", "departureTime": "15:20", "routeNumber": "1", "haltTime": "05:00", "distance": "472", "dayCount": "1", "stnSerialNumber": "7", "boardingDisabled": "false"}, {"stationCode": "VPT", "stationName": "VIRUDUNAGAR JN", "arrivalTime": "16:03", "departureTime": "16:05", "routeNumber": "1", "haltTime": "02:00", "distance": "515", "dayCount": "1", "stnSerialNumber": "8", "boardingDisabled": "false"}, {"stationCode": "SRT", "stationName": "SATUR", "arrivalTime": "16:23", "departureTime": "16:25", "routeNumber": "1", "haltTime": "02:00", "distance": "542", "dayCount": "1", "stnSerialNumber": "9", "boardingDisabled": "false"}, {"stationCode": "CVP", "stationName": "KOVILPATTI", "arrivalTime": "16:48", "departureTime": "16:50", "routeNumber": "1", "haltTime": "02:00", "distance": "563", "dayCount": "1", "stnSerialNumber": "10", "boardingDisabled": "false"}, {"stationCode": "TEN", "stationName": "TIRUNELVELI", "arrivalTime": "18:35", "departureTime": "18:45", "routeNumber": "1", "haltTime": "10:00", "distance": "628", "dayCount": "1", "stnSerialNumber": "11", "boardingDisabled": "false"}, {"stationCode": "VLY", "stationName": "VALLIYUR", "arrivalTime": "19:15", "departureTime": "19:17", "routeNumber": "1", "haltTime": "02:00", "distance": "671", "dayCount": "1", "stnSerialNumber": "12", "boardingDisabled": "false"}, {"stationCode": "NCJ", "stationName": "NAGERCOIL JN", "arrivalTime": "20:55", "departureTime": "--", "routeNumber": "1", "haltTime": "--", "distance": "702", "dayCount": "1", "stnSerialNumber": "13", "boardingDisabled": "false"}]}