{"trainNumber": "06029", "trainName": "MTP TEN SPL", "stationFrom": "MTP", "stationTo": "TEN", "trainOwner": "0", "trainRunsOnMon": "N", "trainRunsOnTue": "N", "trainRunsOnWed": "N", "trainRunsOnThu": "N", "trainRunsOnFri": "Y", "trainRunsOnSat": "N", "trainRunsOnSun": "N", "timeStamp": "2023-06-19T15:30:50.356", "duration": "0", "stationList": [{"stationCode": "MTP", "stationName": "METUPALAIYAM", "arrivalTime": "--", "departureTime": "19:45", "routeNumber": "1", "haltTime": "--", "distance": "0", "dayCount": "1", "stnSerialNumber": "1", "boardingDisabled": "false"}, {"stationCode": "CBE", "stationName": "COIMBATORE JN", "arrivalTime": "20:35", "departureTime": "20:40", "routeNumber": "1", "haltTime": "05:00", "distance": "36", "dayCount": "1", "stnSerialNumber": "2", "boardingDisabled": "false"}, {"stationCode": "PTJ", "stationName": "PODANUR JN", "arrivalTime": "20:53", "departureTime": "20:55", "routeNumber": "1", "haltTime": "02:00", "distance": "42", "dayCount": "1", "stnSerialNumber": "3", "boardingDisabled": "false"}, {"stationCode": "CNV", "stationName": "KINATTUKKADAVU", "arrivalTime": "21:17", "departureTime": "21:18", "routeNumber": "1", "haltTime": "01:00", "distance": "61", "dayCount": "1", "stnSerialNumber": "4", "boardingDisabled": "false"}, {"stationCode": "POY", "stationName": "POLLACHI JN", "arrivalTime": "22:03", "departureTime": "22:05", "routeNumber": "1", "haltTime": "02:00", "distance": "82", "dayCount": "1", "stnSerialNumber": "5", "boardingDisabled": "false"}, {"stationCode": "UDT", "stationName": "UDUMALAIPPETTAI", "arrivalTime": "22:33", "departureTime": "22:35", "routeNumber": "1", "haltTime": "02:00", "distance": "111", "dayCount": "1", "stnSerialNumber": "6", "boardingDisabled": "false"}, {"stationCode": "PLNI", "stationName": "PALANI", "arrivalTime": "23:10", "departureTime": "23:15", "routeNumber": "1", "haltTime": "05:00", "distance": "145", "dayCount": "1", "stnSerialNumber": "7", "boardingDisabled": "false"}, {"stationCode": "ODC", "stationName": "ODDANCHATRAM", "arrivalTime": "23:38", "departureTime": "23:40", "routeNumber": "1", "haltTime": "02:00", "distance": "170", "dayCount": "1", "stnSerialNumber": "8", "boardingDisabled": "false"}, {"stationCode": "DG", "stationName": "DINDIGUL JN", "arrivalTime": "00:30", "departureTime": "00:40", "routeNumber": "1", "haltTime": "10:00", "distance": "203", "dayCount": "2", "stnSerialNumber": "9", "boardingDisabled": "false"}, {"stationCode": "MDU", "stationName": "MADURAI JN", "arrivalTime": "02:10", "departureTime": "02:15", "routeNumber": "1", "haltTime": "05:00", "distance": "269", "dayCount": "2", "stnSerialNumber": "10", "boardingDisabled": "false"}, {"stationCode": "VPT", "stationName": "VIRUDUNAGAR JN", "arrivalTime": "03:00", "departureTime": "03:02", "routeNumber": "1", "haltTime": "02:00", "distance": "312", "dayCount": "2", "stnSerialNumber": "11", "boardingDisabled": "false"}, {"stationCode": "SVKS", "stationName": "SIVAKASI", "arrivalTime": "03:25", "departureTime": "03:27", "routeNumber": "1", "haltTime": "02:00", "distance": "336", "dayCount": "2", "stnSerialNumber": "12", "boardingDisabled": "false"}, {"stationCode": "SVPR", "stationName": "SRIVILLIPUTTUR", "arrivalTime": "03:42", "departureTime": "03:44", "routeNumber": "1", "haltTime": "02:00", "distance": "353", "dayCount": "2", "stnSerialNumber": "13", "boardingDisabled": "false"}, {"stationCode": "RJPM", "stationName": "RAJAPALAYAM", "arrivalTime": "03:55", "departureTime": "03:57", "routeNumber": "1", "haltTime": "02:00", "distance": "365", "dayCount": "2", "stnSerialNumber": "14", "boardingDisabled": "false"}, {"stationCode": "SNKL", "stationName": "SANKARANKOVIL", "arrivalTime": "04:18", "departureTime": "04:20", "routeNumber": "1", "haltTime": "02:00", "distance": "397", "dayCount": "2", "stnSerialNumber": "15", "boardingDisabled": "false"}, {"stationCode": "KDNL", "stationName": "KADAYANALLUR", "arrivalTime": "04:40", "departureTime": "04:42", "routeNumber": "1", "haltTime": "02:00", "distance": "418", "dayCount": "2", "stnSerialNumber": "16", "boardingDisabled": "false"}, {"stationCode": "TSI", "stationName": "TENKASI JN", "arrivalTime": "05:00", "departureTime": "05:20", "routeNumber": "1", "haltTime": "20:00", "distance": "434", "dayCount": "2", "stnSerialNumber": "17", "boardingDisabled": "false"}, {"stationCode": "PCM", "stationName": "PAVURCHATRAM", "arrivalTime": "05:33", "departureTime": "05:35", "routeNumber": "1", "haltTime": "02:00", "distance": "445", "dayCount": "2", "stnSerialNumber": "18", "boardingDisabled": "false"}, {"stationCode": "KKY", "stationName": "KILA KADAIYAM", "arrivalTime": "05:50", "departureTime": "05:52", "routeNumber": "1", "haltTime": "02:00", "distance": "457", "dayCount": "2", "stnSerialNumber": "19", "boardingDisabled": "false"}, {"stationCode": "ASD", "stationName": "AMBASAMUDRAM", "arrivalTime": "06:03", "departureTime": "06:05", "routeNumber": "1", "haltTime": "02:00", "distance": "472", "dayCount": "2", "stnSerialNumber": "20", "boardingDisabled": "false"}, {"stationCode": "SMD", "stationName": "CHARANMAHADEVI", "arrivalTime": "06:28", "departureTime": "06:30", "routeNumber": "1", "haltTime": "02:00", "distance": "487", "dayCount": "2", "stnSerialNumber": "21", "boardingDisabled": "false"}, {"stationCode": "TEN", "stationName": "TIRUNELVELI", "arrivalTime": "07:45", "departureTime": "--", "routeNumber": "1", "haltTime": "--", "distance": "506", "dayCount": "2", "stnSerialNumber": "22", "boardingDisabled": "false"}]}