{"trainNumber": "06036", "trainName": "VLNK ERS SPL", "stationFrom": "VLNK", "stationTo": "ERS", "trainOwner": "0", "trainRunsOnMon": "N", "trainRunsOnTue": "N", "trainRunsOnWed": "N", "trainRunsOnThu": "N", "trainRunsOnFri": "N", "trainRunsOnSat": "N", "trainRunsOnSun": "Y", "timeStamp": "2023-06-19T15:31:17.384", "duration": "0", "stationList": [{"stationCode": "VLNK", "stationName": "VELLANKANNI", "arrivalTime": "--", "departureTime": "18:40", "routeNumber": "1", "haltTime": "--", "distance": "0", "dayCount": "1", "stnSerialNumber": "1", "boardingDisabled": "false"}, {"stationCode": "NGT", "stationName": "NAGAPPATTINAM", "arrivalTime": "18:55", "departureTime": "19:10", "routeNumber": "1", "haltTime": "15:00", "distance": "11", "dayCount": "1", "stnSerialNumber": "2", "boardingDisabled": "false"}, {"stationCode": "TVR", "stationName": "THIRUVARUR JN", "arrivalTime": "19:50", "departureTime": "20:00", "routeNumber": "1", "haltTime": "10:00", "distance": "34", "dayCount": "1", "stnSerialNumber": "3", "boardingDisabled": "false"}, {"stationCode": "TTP", "stationName": "TIRUTURAIPDI JN", "arrivalTime": "20:32", "departureTime": "20:34", "routeNumber": "1", "haltTime": "02:00", "distance": "60", "dayCount": "1", "stnSerialNumber": "4", "boardingDisabled": "false"}, {"stationCode": "AMM", "stationName": "ATIRAMPATTINAM", "arrivalTime": "21:09", "departureTime": "21:10", "routeNumber": "1", "haltTime": "01:00", "distance": "97", "dayCount": "1", "stnSerialNumber": "5", "boardingDisabled": "false"}, {"stationCode": "PKT", "stationName": "PATTUKOTTAI", "arrivalTime": "21:25", "departureTime": "21:27", "routeNumber": "1", "haltTime": "02:00", "distance": "109", "dayCount": "1", "stnSerialNumber": "6", "boardingDisabled": "false"}, {"stationCode": "PVI", "stationName": "PERAVURANI", "arrivalTime": "21:48", "departureTime": "21:49", "routeNumber": "1", "haltTime": "01:00", "distance": "130", "dayCount": "1", "stnSerialNumber": "7", "boardingDisabled": "false"}, {"stationCode": "ATQ", "stationName": "ARANTANGI", "arrivalTime": "22:16", "departureTime": "22:18", "routeNumber": "1", "haltTime": "02:00", "distance": "155", "dayCount": "1", "stnSerialNumber": "8", "boardingDisabled": "false"}, {"stationCode": "KKDI", "stationName": "KARAIKKUDI JN", "arrivalTime": "23:00", "departureTime": "23:05", "routeNumber": "1", "haltTime": "05:00", "distance": "182", "dayCount": "1", "stnSerialNumber": "9", "boardingDisabled": "false"}, {"stationCode": "MNM", "stationName": "MANAMADURAI JN", "arrivalTime": "00:25", "departureTime": "00:30", "routeNumber": "1", "haltTime": "05:00", "distance": "244", "dayCount": "2", "stnSerialNumber": "10", "boardingDisabled": "false"}, {"stationCode": "APK", "stationName": "ARUPPUKKOTTAI", "arrivalTime": "01:18", "departureTime": "01:20", "routeNumber": "1", "haltTime": "02:00", "distance": "288", "dayCount": "2", "stnSerialNumber": "11", "boardingDisabled": "false"}, {"stationCode": "VPT", "stationName": "VIRUDUNAGAR JN", "arrivalTime": "01:58", "departureTime": "02:00", "routeNumber": "1", "haltTime": "02:00", "distance": "310", "dayCount": "2", "stnSerialNumber": "12", "boardingDisabled": "false"}, {"stationCode": "SVKS", "stationName": "SIVAKASI", "arrivalTime": "02:23", "departureTime": "02:25", "routeNumber": "1", "haltTime": "02:00", "distance": "334", "dayCount": "2", "stnSerialNumber": "13", "boardingDisabled": "false"}, {"stationCode": "RJPM", "stationName": "RAJAPALAYAM", "arrivalTime": "02:58", "departureTime": "03:00", "routeNumber": "1", "haltTime": "02:00", "distance": "363", "dayCount": "2", "stnSerialNumber": "14", "boardingDisabled": "false"}, {"stationCode": "SNKL", "stationName": "SANKARANKOVIL", "arrivalTime": "03:16", "departureTime": "03:17", "routeNumber": "1", "haltTime": "01:00", "distance": "395", "dayCount": "2", "stnSerialNumber": "15", "boardingDisabled": "false"}, {"stationCode": "KDNL", "stationName": "KADAYANALLUR", "arrivalTime": "03:37", "departureTime": "03:38", "routeNumber": "1", "haltTime": "01:00", "distance": "416", "dayCount": "2", "stnSerialNumber": "16", "boardingDisabled": "false"}, {"stationCode": "TSI", "stationName": "TENKASI JN", "arrivalTime": "03:50", "departureTime": "03:52", "routeNumber": "1", "haltTime": "02:00", "distance": "432", "dayCount": "2", "stnSerialNumber": "17", "boardingDisabled": "false"}, {"stationCode": "SCT", "stationName": "SENGOTTAI", "arrivalTime": "04:15", "departureTime": "04:20", "routeNumber": "1", "haltTime": "05:00", "distance": "440", "dayCount": "2", "stnSerialNumber": "18", "boardingDisabled": "false"}, {"stationCode": "TML", "stationName": "TENMALAI", "arrivalTime": "05:13", "departureTime": "05:15", "routeNumber": "1", "haltTime": "02:00", "distance": "468", "dayCount": "2", "stnSerialNumber": "19", "boardingDisabled": "false"}, {"stationCode": "PUU", "stationName": "PUNALUR", "arrivalTime": "06:50", "departureTime": "06:55", "routeNumber": "1", "haltTime": "05:00", "distance": "489", "dayCount": "2", "stnSerialNumber": "20", "boardingDisabled": "false"}, {"stationCode": "AVS", "stationName": "AUVANESWSAREM", "arrivalTime": "07:07", "departureTime": "07:08", "routeNumber": "1", "haltTime": "01:00", "distance": "497", "dayCount": "2", "stnSerialNumber": "21", "boardingDisabled": "false"}, {"stationCode": "KKZ", "stationName": "KOTTARAKARA", "arrivalTime": "07:18", "departureTime": "07:20", "routeNumber": "1", "haltTime": "02:00", "distance": "509", "dayCount": "2", "stnSerialNumber": "22", "boardingDisabled": "false"}, {"stationCode": "KUV", "stationName": "KUNDARA", "arrivalTime": "07:35", "departureTime": "07:36", "routeNumber": "1", "haltTime": "01:00", "distance": "521", "dayCount": "2", "stnSerialNumber": "23", "boardingDisabled": "false"}, {"stationCode": "QLN", "stationName": "KOLLAM JN", "arrivalTime": "08:15", "departureTime": "08:20", "routeNumber": "1", "haltTime": "05:00", "distance": "534", "dayCount": "2", "stnSerialNumber": "24", "boardingDisabled": "false"}, {"stationCode": "STKT", "stationName": "SASTHANKOTTA", "arrivalTime": "08:38", "departureTime": "08:39", "routeNumber": "1", "haltTime": "01:00", "distance": "553", "dayCount": "2", "stnSerialNumber": "25", "boardingDisabled": "false"}, {"stationCode": "KPY", "stationName": "KARUNAGAPALLI", "arrivalTime": "08:49", "departureTime": "08:50", "routeNumber": "1", "haltTime": "01:00", "distance": "561", "dayCount": "2", "stnSerialNumber": "26", "boardingDisabled": "false"}, {"stationCode": "KYJ", "stationName": "KAYANKULAM JN", "arrivalTime": "09:04", "departureTime": "09:06", "routeNumber": "1", "haltTime": "02:00", "distance": "574", "dayCount": "2", "stnSerialNumber": "27", "boardingDisabled": "false"}, {"stationCode": "MVLK", "stationName": "MAVELIKARA", "arrivalTime": "09:15", "departureTime": "09:16", "routeNumber": "1", "haltTime": "01:00", "distance": "582", "dayCount": "2", "stnSerialNumber": "28", "boardingDisabled": "false"}, {"stationCode": "CNGR", "stationName": "CHENGANNUR", "arrivalTime": "09:28", "departureTime": "09:30", "routeNumber": "1", "haltTime": "02:00", "distance": "595", "dayCount": "2", "stnSerialNumber": "29", "boardingDisabled": "false"}, {"stationCode": "TRVL", "stationName": "TIRUVALLA", "arrivalTime": "09:39", "departureTime": "09:40", "routeNumber": "1", "haltTime": "01:00", "distance": "604", "dayCount": "2", "stnSerialNumber": "30", "boardingDisabled": "false"}, {"stationCode": "CGY", "stationName": "CHANGANASERI", "arrivalTime": "09:49", "departureTime": "09:50", "routeNumber": "1", "haltTime": "01:00", "distance": "612", "dayCount": "2", "stnSerialNumber": "31", "boardingDisabled": "false"}, {"stationCode": "KTYM", "stationName": "KOTTAYAM", "arrivalTime": "10:10", "departureTime": "10:12", "routeNumber": "1", "haltTime": "02:00", "distance": "629", "dayCount": "2", "stnSerialNumber": "32", "boardingDisabled": "false"}, {"stationCode": "ERS", "stationName": "ERNAKULAM JN", "arrivalTime": "11:40", "departureTime": "--", "routeNumber": "1", "haltTime": "--", "distance": "689", "dayCount": "2", "stnSerialNumber": "33", "boardingDisabled": "false"}]}