{"trainNumber": "06030", "trainName": "TEN MTP SPL", "stationFrom": "TEN", "stationTo": "MTP", "trainOwner": "0", "trainRunsOnMon": "N", "trainRunsOnTue": "N", "trainRunsOnWed": "N", "trainRunsOnThu": "Y", "trainRunsOnFri": "N", "trainRunsOnSat": "N", "trainRunsOnSun": "N", "timeStamp": "2023-06-19T15:30:51.668", "duration": "0", "stationList": [{"stationCode": "TEN", "stationName": "TIRUNELVELI", "arrivalTime": "--", "departureTime": "19:00", "routeNumber": "1", "haltTime": "--", "distance": "0", "dayCount": "1", "stnSerialNumber": "1", "boardingDisabled": "false"}, {"stationCode": "SMD", "stationName": "CHARANMAHADEVI", "arrivalTime": "19:23", "departureTime": "19:25", "routeNumber": "1", "haltTime": "02:00", "distance": "20", "dayCount": "1", "stnSerialNumber": "2", "boardingDisabled": "false"}, {"stationCode": "ASD", "stationName": "AMBASAMUDRAM", "arrivalTime": "19:38", "departureTime": "19:40", "routeNumber": "1", "haltTime": "02:00", "distance": "35", "dayCount": "1", "stnSerialNumber": "3", "boardingDisabled": "false"}, {"stationCode": "KKY", "stationName": "KILA KADAIYAM", "arrivalTime": "19:58", "departureTime": "20:00", "routeNumber": "1", "haltTime": "02:00", "distance": "50", "dayCount": "1", "stnSerialNumber": "4", "boardingDisabled": "false"}, {"stationCode": "PCM", "stationName": "PAVURCHATRAM", "arrivalTime": "20:10", "departureTime": "20:12", "routeNumber": "1", "haltTime": "02:00", "distance": "62", "dayCount": "1", "stnSerialNumber": "5", "boardingDisabled": "false"}, {"stationCode": "TSI", "stationName": "TENKASI JN", "arrivalTime": "20:30", "departureTime": "20:40", "routeNumber": "1", "haltTime": "10:00", "distance": "73", "dayCount": "1", "stnSerialNumber": "6", "boardingDisabled": "false"}, {"stationCode": "KDNL", "stationName": "KADAYANALLUR", "arrivalTime": "20:54", "departureTime": "20:56", "routeNumber": "1", "haltTime": "02:00", "distance": "89", "dayCount": "1", "stnSerialNumber": "7", "boardingDisabled": "false"}, {"stationCode": "SNKL", "stationName": "SANKARANKOVIL", "arrivalTime": "21:13", "departureTime": "21:15", "routeNumber": "1", "haltTime": "02:00", "distance": "109", "dayCount": "1", "stnSerialNumber": "8", "boardingDisabled": "false"}, {"stationCode": "RJPM", "stationName": "RAJAPALAYAM", "arrivalTime": "21:43", "departureTime": "21:45", "routeNumber": "1", "haltTime": "02:00", "distance": "142", "dayCount": "1", "stnSerialNumber": "9", "boardingDisabled": "false"}, {"stationCode": "SVPR", "stationName": "SRIVILLIPUTTUR", "arrivalTime": "21:58", "departureTime": "22:00", "routeNumber": "1", "haltTime": "02:00", "distance": "153", "dayCount": "1", "stnSerialNumber": "10", "boardingDisabled": "false"}, {"stationCode": "SVKS", "stationName": "SIVAKASI", "arrivalTime": "22:13", "departureTime": "22:15", "routeNumber": "1", "haltTime": "02:00", "distance": "170", "dayCount": "1", "stnSerialNumber": "11", "boardingDisabled": "false"}, {"stationCode": "VPT", "stationName": "VIRUDUNAGAR JN", "arrivalTime": "23:10", "departureTime": "23:15", "routeNumber": "1", "haltTime": "05:00", "distance": "195", "dayCount": "1", "stnSerialNumber": "12", "boardingDisabled": "false"}, {"stationCode": "MDU", "stationName": "MADURAI JN", "arrivalTime": "00:50", "departureTime": "00:55", "routeNumber": "1", "haltTime": "05:00", "distance": "238", "dayCount": "2", "stnSerialNumber": "13", "boardingDisabled": "false"}, {"stationCode": "DG", "stationName": "DINDIGUL JN", "arrivalTime": "01:55", "departureTime": "02:00", "routeNumber": "1", "haltTime": "05:00", "distance": "304", "dayCount": "2", "stnSerialNumber": "14", "boardingDisabled": "false"}, {"stationCode": "ODC", "stationName": "ODDANCHATRAM", "arrivalTime": "02:40", "departureTime": "02:42", "routeNumber": "1", "haltTime": "02:00", "distance": "337", "dayCount": "2", "stnSerialNumber": "15", "boardingDisabled": "false"}, {"stationCode": "PLNI", "stationName": "PALANI", "arrivalTime": "03:08", "departureTime": "03:10", "routeNumber": "1", "haltTime": "02:00", "distance": "362", "dayCount": "2", "stnSerialNumber": "16", "boardingDisabled": "false"}, {"stationCode": "UDT", "stationName": "UDUMALAIPPETTAI", "arrivalTime": "03:48", "departureTime": "03:50", "routeNumber": "1", "haltTime": "02:00", "distance": "396", "dayCount": "2", "stnSerialNumber": "17", "boardingDisabled": "false"}, {"stationCode": "POY", "stationName": "POLLACHI JN", "arrivalTime": "04:45", "departureTime": "04:47", "routeNumber": "1", "haltTime": "02:00", "distance": "425", "dayCount": "2", "stnSerialNumber": "18", "boardingDisabled": "false"}, {"stationCode": "CNV", "stationName": "KINATTUKKADAVU", "arrivalTime": "05:09", "departureTime": "05:10", "routeNumber": "1", "haltTime": "01:00", "distance": "446", "dayCount": "2", "stnSerialNumber": "19", "boardingDisabled": "false"}, {"stationCode": "PTJ", "stationName": "PODANUR JN", "arrivalTime": "06:03", "departureTime": "06:05", "routeNumber": "1", "haltTime": "02:00", "distance": "465", "dayCount": "2", "stnSerialNumber": "20", "boardingDisabled": "false"}, {"stationCode": "CBE", "stationName": "COIMBATORE JN", "arrivalTime": "06:25", "departureTime": "06:30", "routeNumber": "1", "haltTime": "05:00", "distance": "471", "dayCount": "2", "stnSerialNumber": "21", "boardingDisabled": "false"}, {"stationCode": "MTP", "stationName": "METUPALAIYAM", "arrivalTime": "07:30", "departureTime": "--", "routeNumber": "1", "haltTime": "--", "distance": "506", "dayCount": "2", "stnSerialNumber": "22", "boardingDisabled": "false"}]}