{"trainNumber": "06042", "trainName": "MAJN TBM SPL", "stationFrom": "MAJN", "stationTo": "TBM", "trainOwner": "0", "trainRunsOnMon": "N", "trainRunsOnTue": "N", "trainRunsOnWed": "Y", "trainRunsOnThu": "N", "trainRunsOnFri": "N", "trainRunsOnSat": "N", "trainRunsOnSun": "N", "timeStamp": "2023-06-19T15:30:51.161", "duration": "0", "stationList": [{"stationCode": "MAJN", "stationName": "MANGALURU JN", "arrivalTime": "--", "departureTime": "10:00", "routeNumber": "1", "haltTime": "--", "distance": "0", "dayCount": "1", "stnSerialNumber": "1", "boardingDisabled": "false"}, {"stationCode": "KGQ", "stationName": "KASARAGOD", "arrivalTime": "10:40", "departureTime": "10:42", "routeNumber": "1", "haltTime": "02:00", "distance": "52", "dayCount": "1", "stnSerialNumber": "2", "boardingDisabled": "false"}, {"stationCode": "KZE", "stationName": "KANHANGAD", "arrivalTime": "11:00", "departureTime": "11:02", "routeNumber": "1", "haltTime": "02:00", "distance": "75", "dayCount": "1", "stnSerialNumber": "3", "boardingDisabled": "false"}, {"stationCode": "PAY", "stationName": "PAYYANUR", "arrivalTime": "11:22", "departureTime": "11:24", "routeNumber": "1", "haltTime": "02:00", "distance": "104", "dayCount": "1", "stnSerialNumber": "4", "boardingDisabled": "false"}, {"stationCode": "CAN", "stationName": "KANNUR", "arrivalTime": "11:55", "departureTime": "12:00", "routeNumber": "1", "haltTime": "05:00", "distance": "137", "dayCount": "1", "stnSerialNumber": "5", "boardingDisabled": "false"}, {"stationCode": "TLY", "stationName": "THALASSERY", "arrivalTime": "12:25", "departureTime": "12:27", "routeNumber": "1", "haltTime": "02:00", "distance": "158", "dayCount": "1", "stnSerialNumber": "6", "boardingDisabled": "false"}, {"stationCode": "BDJ", "stationName": "VADAKARA", "arrivalTime": "12:55", "departureTime": "12:57", "routeNumber": "1", "haltTime": "02:00", "distance": "180", "dayCount": "1", "stnSerialNumber": "7", "boardingDisabled": "false"}, {"stationCode": "CLT", "stationName": "KOZHIKKODE", "arrivalTime": "13:50", "departureTime": "13:55", "routeNumber": "1", "haltTime": "05:00", "distance": "227", "dayCount": "1", "stnSerialNumber": "8", "boardingDisabled": "false"}, {"stationCode": "FK", "stationName": "FEROK", "arrivalTime": "14:05", "departureTime": "14:07", "routeNumber": "1", "haltTime": "02:00", "distance": "236", "dayCount": "1", "stnSerialNumber": "9", "boardingDisabled": "false"}, {"stationCode": "TIR", "stationName": "TIRUR", "arrivalTime": "14:33", "departureTime": "14:35", "routeNumber": "1", "haltTime": "02:00", "distance": "268", "dayCount": "1", "stnSerialNumber": "10", "boardingDisabled": "false"}, {"stationCode": "KTU", "stationName": "KUTTIPPURAM", "arrivalTime": "14:55", "departureTime": "14:57", "routeNumber": "1", "haltTime": "02:00", "distance": "283", "dayCount": "1", "stnSerialNumber": "11", "boardingDisabled": "false"}, {"stationCode": "SRR", "stationName": "SHORANUR JN", "arrivalTime": "15:25", "departureTime": "15:35", "routeNumber": "1", "haltTime": "10:00", "distance": "313", "dayCount": "1", "stnSerialNumber": "12", "boardingDisabled": "false"}, {"stationCode": "OTP", "stationName": "OTTAPPALAM", "arrivalTime": "15:48", "departureTime": "15:50", "routeNumber": "1", "haltTime": "02:00", "distance": "326", "dayCount": "1", "stnSerialNumber": "13", "boardingDisabled": "false"}, {"stationCode": "PGT", "stationName": "PALAKKAD JN", "arrivalTime": "16:30", "departureTime": "16:35", "routeNumber": "1", "haltTime": "05:00", "distance": "357", "dayCount": "1", "stnSerialNumber": "14", "boardingDisabled": "false"}, {"stationCode": "CBE", "stationName": "COIMBATORE JN", "arrivalTime": "18:00", "departureTime": "18:05", "routeNumber": "1", "haltTime": "05:00", "distance": "411", "dayCount": "1", "stnSerialNumber": "15", "boardingDisabled": "false"}, {"stationCode": "TUP", "stationName": "TIRUPPUR", "arrivalTime": "19:45", "departureTime": "19:47", "routeNumber": "1", "haltTime": "02:00", "distance": "462", "dayCount": "1", "stnSerialNumber": "17", "boardingDisabled": "false"}, {"stationCode": "ED", "stationName": "ERODE JN", "arrivalTime": "20:30", "departureTime": "20:40", "routeNumber": "1", "haltTime": "10:00", "distance": "512", "dayCount": "1", "stnSerialNumber": "18", "boardingDisabled": "false"}, {"stationCode": "SA", "stationName": "SALEM JN", "arrivalTime": "21:33", "departureTime": "21:35", "routeNumber": "1", "haltTime": "02:00", "distance": "575", "dayCount": "1", "stnSerialNumber": "19", "boardingDisabled": "false"}, {"stationCode": "JTJ", "stationName": "JOLARPETTAI", "arrivalTime": "23:05", "departureTime": "23:10", "routeNumber": "1", "haltTime": "05:00", "distance": "695", "dayCount": "1", "stnSerialNumber": "20", "boardingDisabled": "false"}, {"stationCode": "KPD", "stationName": "KATPADI JN", "arrivalTime": "01:08", "departureTime": "01:10", "routeNumber": "1", "haltTime": "02:00", "distance": "778", "dayCount": "2", "stnSerialNumber": "21", "boardingDisabled": "false"}, {"stationCode": "AJJ", "stationName": "ARAKKONAM JN", "arrivalTime": "01:58", "departureTime": "02:00", "routeNumber": "1", "haltTime": "02:00", "distance": "839", "dayCount": "2", "stnSerialNumber": "22", "boardingDisabled": "false"}, {"stationCode": "PER", "stationName": "PERAMBUR", "arrivalTime": "02:58", "departureTime": "03:00", "routeNumber": "1", "haltTime": "02:00", "distance": "902", "dayCount": "2", "stnSerialNumber": "23", "boardingDisabled": "false"}, {"stationCode": "MS", "stationName": "CHENNAI EGMORE", "arrivalTime": "03:40", "departureTime": "03:45", "routeNumber": "1", "haltTime": "05:00", "distance": "913", "dayCount": "2", "stnSerialNumber": "25", "boardingDisabled": "false"}, {"stationCode": "TBM", "stationName": "TAMBARAM", "arrivalTime": "04:45", "departureTime": "--", "routeNumber": "1", "haltTime": "--", "distance": "938", "dayCount": "2", "stnSerialNumber": "26", "boardingDisabled": "false"}]}