{"trainNumber": "06044", "trainName": "TVC MS SPL", "stationFrom": "TVC", "stationTo": "MS", "trainOwner": "0", "trainRunsOnMon": "N", "trainRunsOnTue": "N", "trainRunsOnWed": "Y", "trainRunsOnThu": "N", "trainRunsOnFri": "N", "trainRunsOnSat": "N", "trainRunsOnSun": "N", "timeStamp": "2023-06-19T15:30:51.186", "duration": "0", "stationList": [{"stationCode": "TVC", "stationName": "TRIVANDRUM CNTL", "arrivalTime": "--", "departureTime": "19:40", "routeNumber": "1", "haltTime": "--", "distance": "0", "dayCount": "1", "stnSerialNumber": "1", "boardingDisabled": "false"}, {"stationCode": "QLN", "stationName": "KOLLAM JN", "arrivalTime": "20:42", "departureTime": "20:45", "routeNumber": "1", "haltTime": "03:00", "distance": "65", "dayCount": "1", "stnSerialNumber": "2", "boardingDisabled": "false"}, {"stationCode": "CNGR", "stationName": "CHENGANNUR", "arrivalTime": "21:34", "departureTime": "21:36", "routeNumber": "1", "haltTime": "02:00", "distance": "126", "dayCount": "1", "stnSerialNumber": "3", "boardingDisabled": "false"}, {"stationCode": "KTYM", "stationName": "KOTTAYAM", "arrivalTime": "22:03", "departureTime": "22:06", "routeNumber": "1", "haltTime": "03:00", "distance": "161", "dayCount": "1", "stnSerialNumber": "4", "boardingDisabled": "false"}, {"stationCode": "ERN", "stationName": "ERNAKULAM TOWN", "arrivalTime": "23:45", "departureTime": "23:50", "routeNumber": "1", "haltTime": "05:00", "distance": "223", "dayCount": "1", "stnSerialNumber": "5", "boardingDisabled": "false"}, {"stationCode": "AWY", "stationName": "ALUVA", "arrivalTime": "00:13", "departureTime": "00:15", "routeNumber": "1", "haltTime": "02:00", "distance": "240", "dayCount": "2", "stnSerialNumber": "6", "boardingDisabled": "false"}, {"stationCode": "TCR", "stationName": "THRISUR", "arrivalTime": "01:07", "departureTime": "01:10", "routeNumber": "1", "haltTime": "03:00", "distance": "295", "dayCount": "2", "stnSerialNumber": "7", "boardingDisabled": "false"}, {"stationCode": "PGT", "stationName": "PALAKKAD JN", "arrivalTime": "02:30", "departureTime": "02:40", "routeNumber": "1", "haltTime": "10:00", "distance": "372", "dayCount": "2", "stnSerialNumber": "9", "boardingDisabled": "false"}, {"stationCode": "CBE", "stationName": "COIMBATORE JN", "arrivalTime": "04:12", "departureTime": "04:15", "routeNumber": "1", "haltTime": "03:00", "distance": "426", "dayCount": "2", "stnSerialNumber": "11", "boardingDisabled": "false"}, {"stationCode": "TUP", "stationName": "TIRUPPUR", "arrivalTime": "05:03", "departureTime": "05:05", "routeNumber": "1", "haltTime": "02:00", "distance": "476", "dayCount": "2", "stnSerialNumber": "13", "boardingDisabled": "false"}, {"stationCode": "ED", "stationName": "ERODE JN", "arrivalTime": "05:50", "departureTime": "06:00", "routeNumber": "1", "haltTime": "10:00", "distance": "527", "dayCount": "2", "stnSerialNumber": "14", "boardingDisabled": "false"}, {"stationCode": "SA", "stationName": "SALEM JN", "arrivalTime": "06:52", "departureTime": "06:55", "routeNumber": "1", "haltTime": "03:00", "distance": "589", "dayCount": "2", "stnSerialNumber": "15", "boardingDisabled": "false"}, {"stationCode": "JTJ", "stationName": "JOLARPETTAI", "arrivalTime": "08:48", "departureTime": "08:50", "routeNumber": "1", "haltTime": "02:00", "distance": "709", "dayCount": "2", "stnSerialNumber": "16", "boardingDisabled": "false"}, {"stationCode": "KPD", "stationName": "KATPADI JN", "arrivalTime": "09:55", "departureTime": "10:05", "routeNumber": "1", "haltTime": "10:00", "distance": "793", "dayCount": "2", "stnSerialNumber": "17", "boardingDisabled": "false"}, {"stationCode": "AJJ", "stationName": "ARAKKONAM JN", "arrivalTime": "10:58", "departureTime": "11:00", "routeNumber": "1", "haltTime": "02:00", "distance": "854", "dayCount": "2", "stnSerialNumber": "18", "boardingDisabled": "false"}, {"stationCode": "PER", "stationName": "PERAMBUR", "arrivalTime": "11:43", "departureTime": "11:45", "routeNumber": "1", "haltTime": "02:00", "distance": "917", "dayCount": "2", "stnSerialNumber": "19", "boardingDisabled": "false"}, {"stationCode": "MS", "stationName": "CHENNAI EGMORE", "arrivalTime": "12:45", "departureTime": "--", "routeNumber": "1", "haltTime": "--", "distance": "928", "dayCount": "2", "stnSerialNumber": "21", "boardingDisabled": "false"}]}