{"trainNumber": "06041", "trainName": "TBM MAJN SPL", "stationFrom": "TBM", "stationTo": "MAJN", "trainOwner": "0", "trainRunsOnMon": "N", "trainRunsOnTue": "Y", "trainRunsOnWed": "N", "trainRunsOnThu": "N", "trainRunsOnFri": "N", "trainRunsOnSat": "N", "trainRunsOnSun": "N", "timeStamp": "2023-06-19T15:30:51.245", "duration": "0", "stationList": [{"stationCode": "TBM", "stationName": "TAMBARAM", "arrivalTime": "--", "departureTime": "13:30", "routeNumber": "1", "haltTime": "--", "distance": "0", "dayCount": "1", "stnSerialNumber": "1", "boardingDisabled": "false"}, {"stationCode": "MS", "stationName": "CHENNAI EGMORE", "arrivalTime": "14:00", "departureTime": "14:05", "routeNumber": "1", "haltTime": "05:00", "distance": "25", "dayCount": "1", "stnSerialNumber": "2", "boardingDisabled": "false"}, {"stationCode": "PER", "stationName": "PERAMBUR", "arrivalTime": "14:48", "departureTime": "14:50", "routeNumber": "1", "haltTime": "02:00", "distance": "37", "dayCount": "1", "stnSerialNumber": "4", "boardingDisabled": "false"}, {"stationCode": "AJJ", "stationName": "ARAKKONAM JN", "arrivalTime": "15:38", "departureTime": "15:40", "routeNumber": "1", "haltTime": "02:00", "distance": "100", "dayCount": "1", "stnSerialNumber": "5", "boardingDisabled": "false"}, {"stationCode": "KPD", "stationName": "KATPADI JN", "arrivalTime": "16:38", "departureTime": "16:40", "routeNumber": "1", "haltTime": "02:00", "distance": "160", "dayCount": "1", "stnSerialNumber": "6", "boardingDisabled": "false"}, {"stationCode": "JTJ", "stationName": "JOLARPETTAI", "arrivalTime": "17:48", "departureTime": "17:50", "routeNumber": "1", "haltTime": "02:00", "distance": "244", "dayCount": "1", "stnSerialNumber": "7", "boardingDisabled": "false"}, {"stationCode": "SA", "stationName": "SALEM JN", "arrivalTime": "19:22", "departureTime": "19:25", "routeNumber": "1", "haltTime": "03:00", "distance": "364", "dayCount": "1", "stnSerialNumber": "8", "boardingDisabled": "false"}, {"stationCode": "ED", "stationName": "ERODE JN", "arrivalTime": "20:20", "departureTime": "20:30", "routeNumber": "1", "haltTime": "10:00", "distance": "427", "dayCount": "1", "stnSerialNumber": "9", "boardingDisabled": "false"}, {"stationCode": "TUP", "stationName": "TIRUPPUR", "arrivalTime": "21:13", "departureTime": "21:15", "routeNumber": "1", "haltTime": "02:00", "distance": "477", "dayCount": "1", "stnSerialNumber": "10", "boardingDisabled": "false"}, {"stationCode": "CBE", "stationName": "COIMBATORE JN", "arrivalTime": "22:12", "departureTime": "22:15", "routeNumber": "1", "haltTime": "03:00", "distance": "527", "dayCount": "1", "stnSerialNumber": "12", "boardingDisabled": "false"}, {"stationCode": "PGT", "stationName": "PALAKKAD JN", "arrivalTime": "23:45", "departureTime": "23:50", "routeNumber": "1", "haltTime": "05:00", "distance": "582", "dayCount": "1", "stnSerialNumber": "13", "boardingDisabled": "false"}, {"stationCode": "OTP", "stationName": "OTTAPPALAM", "arrivalTime": "00:15", "departureTime": "00:17", "routeNumber": "1", "haltTime": "02:00", "distance": "613", "dayCount": "2", "stnSerialNumber": "14", "boardingDisabled": "false"}, {"stationCode": "SRR", "stationName": "SHORANUR JN", "arrivalTime": "00:50", "departureTime": "01:00", "routeNumber": "1", "haltTime": "10:00", "distance": "626", "dayCount": "2", "stnSerialNumber": "15", "boardingDisabled": "false"}, {"stationCode": "KTU", "stationName": "KUTTIPPURAM", "arrivalTime": "01:25", "departureTime": "01:27", "routeNumber": "1", "haltTime": "02:00", "distance": "656", "dayCount": "2", "stnSerialNumber": "16", "boardingDisabled": "false"}, {"stationCode": "TIR", "stationName": "TIRUR", "arrivalTime": "01:40", "departureTime": "01:42", "routeNumber": "1", "haltTime": "02:00", "distance": "671", "dayCount": "2", "stnSerialNumber": "17", "boardingDisabled": "false"}, {"stationCode": "FK", "stationName": "FEROK", "arrivalTime": "02:00", "departureTime": "02:02", "routeNumber": "1", "haltTime": "02:00", "distance": "702", "dayCount": "2", "stnSerialNumber": "18", "boardingDisabled": "false"}, {"stationCode": "CLT", "stationName": "KOZHIKKODE", "arrivalTime": "02:20", "departureTime": "02:25", "routeNumber": "1", "haltTime": "05:00", "distance": "712", "dayCount": "2", "stnSerialNumber": "19", "boardingDisabled": "false"}, {"stationCode": "BDJ", "stationName": "VADAKARA", "arrivalTime": "03:00", "departureTime": "03:02", "routeNumber": "1", "haltTime": "02:00", "distance": "758", "dayCount": "2", "stnSerialNumber": "20", "boardingDisabled": "false"}, {"stationCode": "TLY", "stationName": "THALASSERY", "arrivalTime": "03:18", "departureTime": "03:20", "routeNumber": "1", "haltTime": "02:00", "distance": "780", "dayCount": "2", "stnSerialNumber": "21", "boardingDisabled": "false"}, {"stationCode": "CAN", "stationName": "KANNUR", "arrivalTime": "03:50", "departureTime": "03:55", "routeNumber": "1", "haltTime": "05:00", "distance": "801", "dayCount": "2", "stnSerialNumber": "22", "boardingDisabled": "false"}, {"stationCode": "PAY", "stationName": "PAYYANUR", "arrivalTime": "04:15", "departureTime": "04:17", "routeNumber": "1", "haltTime": "02:00", "distance": "835", "dayCount": "2", "stnSerialNumber": "23", "boardingDisabled": "false"}, {"stationCode": "KZE", "stationName": "KANHANGAD", "arrivalTime": "04:48", "departureTime": "04:50", "routeNumber": "1", "haltTime": "02:00", "distance": "864", "dayCount": "2", "stnSerialNumber": "24", "boardingDisabled": "false"}, {"stationCode": "KGQ", "stationName": "KASARAGOD", "arrivalTime": "05:28", "departureTime": "05:30", "routeNumber": "1", "haltTime": "02:00", "distance": "887", "dayCount": "2", "stnSerialNumber": "25", "boardingDisabled": "false"}, {"stationCode": "MAJN", "stationName": "MANGALURU JN", "arrivalTime": "06:45", "departureTime": "--", "routeNumber": "1", "haltTime": "--", "distance": "938", "dayCount": "2", "stnSerialNumber": "26", "boardingDisabled": "false"}]}