{"trainNumber": "06084", "trainName": "SMVB KCVL SPL", "stationFrom": "SMVB", "stationTo": "KCVL", "trainOwner": "0", "trainRunsOnMon": "N", "trainRunsOnTue": "N", "trainRunsOnWed": "Y", "trainRunsOnThu": "N", "trainRunsOnFri": "N", "trainRunsOnSat": "N", "trainRunsOnSun": "N", "timeStamp": "2023-06-19T15:30:54.874", "duration": "0", "stationList": [{"stationCode": "SMVB", "stationName": "SMVT BENGALURU", "arrivalTime": "--", "departureTime": "12:45", "routeNumber": "1", "haltTime": "--", "distance": "0", "dayCount": "1", "stnSerialNumber": "1", "boardingDisabled": "false"}, {"stationCode": "KJM", "stationName": "KRISHNARAJAPURM", "arrivalTime": "12:53", "departureTime": "12:55", "routeNumber": "1", "haltTime": "02:00", "distance": "5", "dayCount": "1", "stnSerialNumber": "2", "boardingDisabled": "false"}, {"stationCode": "BWT", "stationName": "BANGARAPET", "arrivalTime": "13:48", "departureTime": "13:50", "routeNumber": "1", "haltTime": "02:00", "distance": "62", "dayCount": "1", "stnSerialNumber": "3", "boardingDisabled": "false"}, {"stationCode": "TPT", "stationName": "TIRUPATTUR JN", "arrivalTime": "15:28", "departureTime": "15:30", "routeNumber": "1", "haltTime": "02:00", "distance": "147", "dayCount": "1", "stnSerialNumber": "4", "boardingDisabled": "false"}, {"stationCode": "SA", "stationName": "SALEM JN", "arrivalTime": "16:57", "departureTime": "17:00", "routeNumber": "1", "haltTime": "03:00", "distance": "260", "dayCount": "1", "stnSerialNumber": "5", "boardingDisabled": "false"}, {"stationCode": "ED", "stationName": "ERODE JN", "arrivalTime": "17:55", "departureTime": "18:00", "routeNumber": "1", "haltTime": "05:00", "distance": "322", "dayCount": "1", "stnSerialNumber": "6", "boardingDisabled": "false"}, {"stationCode": "TUP", "stationName": "TIRUPPUR", "arrivalTime": "18:43", "departureTime": "18:45", "routeNumber": "1", "haltTime": "02:00", "distance": "372", "dayCount": "1", "stnSerialNumber": "7", "boardingDisabled": "false"}, {"stationCode": "CBE", "stationName": "COIMBATORE JN", "arrivalTime": "20:15", "departureTime": "20:20", "routeNumber": "1", "haltTime": "05:00", "distance": "423", "dayCount": "1", "stnSerialNumber": "8", "boardingDisabled": "false"}, {"stationCode": "PGT", "stationName": "PALAKKAD JN", "arrivalTime": "21:20", "departureTime": "21:30", "routeNumber": "1", "haltTime": "10:00", "distance": "477", "dayCount": "1", "stnSerialNumber": "9", "boardingDisabled": "false"}, {"stationCode": "TCR", "stationName": "THRISUR", "arrivalTime": "23:55", "departureTime": "23:58", "routeNumber": "1", "haltTime": "03:00", "distance": "554", "dayCount": "1", "stnSerialNumber": "10", "boardingDisabled": "false"}, {"stationCode": "AWY", "stationName": "ALUVA", "arrivalTime": "01:08", "departureTime": "01:10", "routeNumber": "1", "haltTime": "02:00", "distance": "609", "dayCount": "2", "stnSerialNumber": "11", "boardingDisabled": "false"}, {"stationCode": "ERN", "stationName": "ERNAKULAM TOWN", "arrivalTime": "01:30", "departureTime": "01:35", "routeNumber": "1", "haltTime": "05:00", "distance": "626", "dayCount": "2", "stnSerialNumber": "12", "boardingDisabled": "false"}, {"stationCode": "KTYM", "stationName": "KOTTAYAM", "arrivalTime": "02:40", "departureTime": "02:43", "routeNumber": "1", "haltTime": "03:00", "distance": "688", "dayCount": "2", "stnSerialNumber": "13", "boardingDisabled": "false"}, {"stationCode": "CGY", "stationName": "CHANGANASERI", "arrivalTime": "03:00", "departureTime": "03:02", "routeNumber": "1", "haltTime": "02:00", "distance": "706", "dayCount": "2", "stnSerialNumber": "14", "boardingDisabled": "false"}, {"stationCode": "TRVL", "stationName": "TIRUVALLA", "arrivalTime": "03:14", "departureTime": "03:15", "routeNumber": "1", "haltTime": "01:00", "distance": "714", "dayCount": "2", "stnSerialNumber": "15", "boardingDisabled": "false"}, {"stationCode": "CNGR", "stationName": "CHENGANNUR", "arrivalTime": "03:28", "departureTime": "03:30", "routeNumber": "1", "haltTime": "02:00", "distance": "723", "dayCount": "2", "stnSerialNumber": "16", "boardingDisabled": "false"}, {"stationCode": "MVLK", "stationName": "MAVELIKARA", "arrivalTime": "03:44", "departureTime": "03:45", "routeNumber": "1", "haltTime": "01:00", "distance": "735", "dayCount": "2", "stnSerialNumber": "17", "boardingDisabled": "false"}, {"stationCode": "KYJ", "stationName": "KAYANKULAM JN", "arrivalTime": "03:55", "departureTime": "03:56", "routeNumber": "1", "haltTime": "01:00", "distance": "743", "dayCount": "2", "stnSerialNumber": "18", "boardingDisabled": "false"}, {"stationCode": "QLN", "stationName": "KOLLAM JN", "arrivalTime": "04:40", "departureTime": "04:43", "routeNumber": "1", "haltTime": "03:00", "distance": "784", "dayCount": "2", "stnSerialNumber": "19", "boardingDisabled": "false"}, {"stationCode": "KCVL", "stationName": "KOCHUVELI", "arrivalTime": "06:00", "departureTime": "--", "routeNumber": "1", "haltTime": "--", "distance": "842", "dayCount": "2", "stnSerialNumber": "20", "boardingDisabled": "false"}]}