{"trainNumber": "06083", "trainName": "KCVL SMVB SPL", "stationFrom": "KCVL", "stationTo": "SMVB", "trainOwner": "0", "trainRunsOnMon": "N", "trainRunsOnTue": "Y", "trainRunsOnWed": "N", "trainRunsOnThu": "N", "trainRunsOnFri": "N", "trainRunsOnSat": "N", "trainRunsOnSun": "N", "timeStamp": "2023-06-19T15:30:54.172", "duration": "0", "stationList": [{"stationCode": "KCVL", "stationName": "KOCHUVELI", "arrivalTime": "--", "departureTime": "18:05", "routeNumber": "1", "haltTime": "--", "distance": "0", "dayCount": "1", "stnSerialNumber": "1", "boardingDisabled": "false"}, {"stationCode": "QLN", "stationName": "KOLLAM JN", "arrivalTime": "19:07", "departureTime": "19:10", "routeNumber": "1", "haltTime": "03:00", "distance": "59", "dayCount": "1", "stnSerialNumber": "2", "boardingDisabled": "false"}, {"stationCode": "KYJ", "stationName": "KAYANKULAM JN", "arrivalTime": "19:43", "departureTime": "19:45", "routeNumber": "1", "haltTime": "02:00", "distance": "100", "dayCount": "1", "stnSerialNumber": "3", "boardingDisabled": "false"}, {"stationCode": "MVLK", "stationName": "MAVELIKARA", "arrivalTime": "19:55", "departureTime": "19:56", "routeNumber": "1", "haltTime": "01:00", "distance": "107", "dayCount": "1", "stnSerialNumber": "4", "boardingDisabled": "false"}, {"stationCode": "CNGR", "stationName": "CHENGANNUR", "arrivalTime": "20:10", "departureTime": "20:12", "routeNumber": "1", "haltTime": "02:00", "distance": "120", "dayCount": "1", "stnSerialNumber": "5", "boardingDisabled": "false"}, {"stationCode": "TRVL", "stationName": "TIRUVALLA", "arrivalTime": "20:24", "departureTime": "20:25", "routeNumber": "1", "haltTime": "01:00", "distance": "129", "dayCount": "1", "stnSerialNumber": "6", "boardingDisabled": "false"}, {"stationCode": "CGY", "stationName": "CHANGANASERI", "arrivalTime": "20:35", "departureTime": "20:37", "routeNumber": "1", "haltTime": "02:00", "distance": "137", "dayCount": "1", "stnSerialNumber": "7", "boardingDisabled": "false"}, {"stationCode": "KTYM", "stationName": "KOTTAYAM", "arrivalTime": "20:57", "departureTime": "21:00", "routeNumber": "1", "haltTime": "03:00", "distance": "155", "dayCount": "1", "stnSerialNumber": "8", "boardingDisabled": "false"}, {"stationCode": "ERN", "stationName": "ERNAKULAM TOWN", "arrivalTime": "22:10", "departureTime": "22:15", "routeNumber": "1", "haltTime": "05:00", "distance": "217", "dayCount": "1", "stnSerialNumber": "9", "boardingDisabled": "false"}, {"stationCode": "AWY", "stationName": "ALUVA", "arrivalTime": "22:37", "departureTime": "22:38", "routeNumber": "1", "haltTime": "01:00", "distance": "234", "dayCount": "1", "stnSerialNumber": "10", "boardingDisabled": "false"}, {"stationCode": "TCR", "stationName": "THRISUR", "arrivalTime": "23:37", "departureTime": "23:40", "routeNumber": "1", "haltTime": "03:00", "distance": "288", "dayCount": "1", "stnSerialNumber": "11", "boardingDisabled": "false"}, {"stationCode": "PGT", "stationName": "PALAKKAD JN", "arrivalTime": "00:55", "departureTime": "01:05", "routeNumber": "1", "haltTime": "10:00", "distance": "365", "dayCount": "2", "stnSerialNumber": "12", "boardingDisabled": "false"}, {"stationCode": "CBE", "stationName": "COIMBATORE JN", "arrivalTime": "02:27", "departureTime": "02:30", "routeNumber": "1", "haltTime": "03:00", "distance": "420", "dayCount": "2", "stnSerialNumber": "13", "boardingDisabled": "false"}, {"stationCode": "TUP", "stationName": "TIRUPPUR", "arrivalTime": "03:15", "departureTime": "03:17", "routeNumber": "1", "haltTime": "02:00", "distance": "470", "dayCount": "2", "stnSerialNumber": "15", "boardingDisabled": "false"}, {"stationCode": "ED", "stationName": "ERODE JN", "arrivalTime": "04:15", "departureTime": "04:20", "routeNumber": "1", "haltTime": "05:00", "distance": "520", "dayCount": "2", "stnSerialNumber": "16", "boardingDisabled": "false"}, {"stationCode": "SA", "stationName": "SALEM JN", "arrivalTime": "05:07", "departureTime": "05:10", "routeNumber": "1", "haltTime": "03:00", "distance": "583", "dayCount": "2", "stnSerialNumber": "17", "boardingDisabled": "false"}, {"stationCode": "TPT", "stationName": "TIRUPATTUR JN", "arrivalTime": "06:30", "departureTime": "06:32", "routeNumber": "1", "haltTime": "02:00", "distance": "696", "dayCount": "2", "stnSerialNumber": "18", "boardingDisabled": "false"}, {"stationCode": "BWT", "stationName": "BANGARAPET", "arrivalTime": "08:43", "departureTime": "08:45", "routeNumber": "1", "haltTime": "02:00", "distance": "781", "dayCount": "2", "stnSerialNumber": "20", "boardingDisabled": "false"}, {"stationCode": "KJM", "stationName": "KRISHNARAJAPURM", "arrivalTime": "09:28", "departureTime": "09:30", "routeNumber": "1", "haltTime": "02:00", "distance": "837", "dayCount": "2", "stnSerialNumber": "21", "boardingDisabled": "false"}, {"stationCode": "SMVB", "stationName": "SMVT BENGALURU", "arrivalTime": "10:55", "departureTime": "--", "routeNumber": "1", "haltTime": "--", "distance": "842", "dayCount": "2", "stnSerialNumber": "22", "boardingDisabled": "false"}]}