{"trainNumber": "06137", "trainName": "UAM MTP SPL", "stationFrom": "UAM", "stationTo": "MTP", "trainOwner": "0", "trainRunsOnMon": "Y", "trainRunsOnTue": "Y", "trainRunsOnWed": "Y", "trainRunsOnThu": "Y", "trainRunsOnFri": "Y", "trainRunsOnSat": "Y", "trainRunsOnSun": "Y", "timeStamp": "2023-06-19T15:30:07.161", "duration": "0", "stationList": [{"stationCode": "UAM", "stationName": "UDAGAMANDALAM", "arrivalTime": "--", "departureTime": "14:00", "routeNumber": "1", "haltTime": "--", "distance": "0", "dayCount": "1", "stnSerialNumber": "1", "boardingDisabled": "false"}, {"stationCode": "LOV", "stationName": "LOVEDALE", "arrivalTime": "14:10", "departureTime": "14:11", "routeNumber": "1", "haltTime": "01:00", "distance": "5", "dayCount": "1", "stnSerialNumber": "2", "boardingDisabled": "false"}, {"stationCode": "KXT", "stationName": "KETTI", "arrivalTime": "14:24", "departureTime": "14:25", "routeNumber": "1", "haltTime": "01:00", "distance": "9", "dayCount": "1", "stnSerialNumber": "3", "boardingDisabled": "false"}, {"stationCode": "AVK", "stationName": "ARAVANKADU", "arrivalTime": "14:37", "departureTime": "14:38", "routeNumber": "1", "haltTime": "01:00", "distance": "15", "dayCount": "1", "stnSerialNumber": "4", "boardingDisabled": "false"}, {"stationCode": "ONR", "stationName": "COONOOR", "arrivalTime": "15:05", "departureTime": "15:15", "routeNumber": "1", "haltTime": "10:00", "distance": "19", "dayCount": "1", "stnSerialNumber": "5", "boardingDisabled": "false"}, {"stationCode": "MTP", "stationName": "METUPALAIYAM", "arrivalTime": "17:30", "departureTime": "--", "routeNumber": "1", "haltTime": "--", "distance": "46", "dayCount": "1", "stnSerialNumber": "6", "boardingDisabled": "false"}]}