{"trainNumber": "06136", "trainName": "MTP UAM SPL", "stationFrom": "MTP", "stationTo": "UAM", "trainOwner": "0", "trainRunsOnMon": "Y", "trainRunsOnTue": "Y", "trainRunsOnWed": "Y", "trainRunsOnThu": "Y", "trainRunsOnFri": "Y", "trainRunsOnSat": "Y", "trainRunsOnSun": "Y", "timeStamp": "2023-06-19T15:30:07.165", "duration": "0", "stationList": [{"stationCode": "MTP", "stationName": "METUPALAIYAM", "arrivalTime": "--", "departureTime": "07:10", "routeNumber": "1", "haltTime": "--", "distance": "0", "dayCount": "1", "stnSerialNumber": "1", "boardingDisabled": "false"}, {"stationCode": "ONR", "stationName": "COONOOR", "arrivalTime": "10:30", "departureTime": "10:40", "routeNumber": "1", "haltTime": "10:00", "distance": "28", "dayCount": "1", "stnSerialNumber": "2", "boardingDisabled": "false"}, {"stationCode": "AVK", "stationName": "ARAVANKADU", "arrivalTime": "10:59", "departureTime": "11:00", "routeNumber": "1", "haltTime": "01:00", "distance": "32", "dayCount": "1", "stnSerialNumber": "3", "boardingDisabled": "false"}, {"stationCode": "KXT", "stationName": "KETTI", "arrivalTime": "11:19", "departureTime": "11:20", "routeNumber": "1", "haltTime": "01:00", "distance": "38", "dayCount": "1", "stnSerialNumber": "4", "boardingDisabled": "false"}, {"stationCode": "LOV", "stationName": "LOVEDALE", "arrivalTime": "11:39", "departureTime": "11:40", "routeNumber": "1", "haltTime": "01:00", "distance": "42", "dayCount": "1", "stnSerialNumber": "5", "boardingDisabled": "false"}, {"stationCode": "UAM", "stationName": "UDAGAMANDALAM", "arrivalTime": "11:55", "departureTime": "--", "routeNumber": "1", "haltTime": "--", "distance": "46", "dayCount": "1", "stnSerialNumber": "6", "boardingDisabled": "false"}]}