{"trainNumber": "06139", "trainName": "UAM ONR SPL", "stationFrom": "UAM", "stationTo": "ONR", "trainOwner": "0", "trainRunsOnMon": "Y", "trainRunsOnTue": "Y", "trainRunsOnWed": "Y", "trainRunsOnThu": "Y", "trainRunsOnFri": "Y", "trainRunsOnSat": "Y", "trainRunsOnSun": "Y", "timeStamp": "2023-06-19T15:31:23.412", "duration": "0", "stationList": [{"stationCode": "UAM", "stationName": "UDAGAMANDALAM", "arrivalTime": "--", "departureTime": "09:15", "routeNumber": "1", "haltTime": "--", "distance": "0", "dayCount": "1", "stnSerialNumber": "1", "boardingDisabled": "false"}, {"stationCode": "LOV", "stationName": "LOVEDALE", "arrivalTime": "09:25", "departureTime": "09:26", "routeNumber": "1", "haltTime": "01:00", "distance": "5", "dayCount": "1", "stnSerialNumber": "2", "boardingDisabled": "false"}, {"stationCode": "KXT", "stationName": "KETTI", "arrivalTime": "09:38", "departureTime": "09:39", "routeNumber": "1", "haltTime": "01:00", "distance": "9", "dayCount": "1", "stnSerialNumber": "3", "boardingDisabled": "false"}, {"stationCode": "AVK", "stationName": "ARAVANKADU", "arrivalTime": "09:54", "departureTime": "09:55", "routeNumber": "1", "haltTime": "01:00", "distance": "15", "dayCount": "1", "stnSerialNumber": "4", "boardingDisabled": "false"}, {"stationCode": "WEL", "stationName": "WELLINGTON", "arrivalTime": "10:01", "departureTime": "10:02", "routeNumber": "1", "haltTime": "01:00", "distance": "18", "dayCount": "1", "stnSerialNumber": "5", "boardingDisabled": "false"}, {"stationCode": "ONR", "stationName": "COONOOR", "arrivalTime": "10:20", "departureTime": "--", "routeNumber": "1", "haltTime": "--", "distance": "19", "dayCount": "1", "stnSerialNumber": "6", "boardingDisabled": "false"}]}