{"trainNumber": "06141", "trainName": "ONR UAM SPL", "stationFrom": "ONR", "stationTo": "UAM", "trainOwner": "0", "trainRunsOnMon": "Y", "trainRunsOnTue": "Y", "trainRunsOnWed": "Y", "trainRunsOnThu": "Y", "trainRunsOnFri": "Y", "trainRunsOnSat": "Y", "trainRunsOnSun": "Y", "timeStamp": "2023-06-19T15:31:23.308", "duration": "0", "stationList": [{"stationCode": "ONR", "stationName": "COONOOR", "arrivalTime": "--", "departureTime": "07:45", "routeNumber": "1", "haltTime": "--", "distance": "0", "dayCount": "1", "stnSerialNumber": "1", "boardingDisabled": "false"}, {"stationCode": "WEL", "stationName": "WELLINGTON", "arrivalTime": "07:52", "departureTime": "07:53", "routeNumber": "1", "haltTime": "01:00", "distance": "2", "dayCount": "1", "stnSerialNumber": "2", "boardingDisabled": "false"}, {"stationCode": "AVK", "stationName": "ARAVANKADU", "arrivalTime": "08:04", "departureTime": "08:05", "routeNumber": "1", "haltTime": "01:00", "distance": "5", "dayCount": "1", "stnSerialNumber": "3", "boardingDisabled": "false"}, {"stationCode": "KXT", "stationName": "KETTI", "arrivalTime": "08:24", "departureTime": "08:25", "routeNumber": "1", "haltTime": "01:00", "distance": "11", "dayCount": "1", "stnSerialNumber": "4", "boardingDisabled": "false"}, {"stationCode": "LOV", "stationName": "LOVEDALE", "arrivalTime": "08:41", "departureTime": "08:42", "routeNumber": "1", "haltTime": "01:00", "distance": "15", "dayCount": "1", "stnSerialNumber": "5", "boardingDisabled": "false"}, {"stationCode": "UAM", "stationName": "UDAGAMANDALAM", "arrivalTime": "09:00", "departureTime": "--", "routeNumber": "1", "haltTime": "--", "distance": "19", "dayCount": "1", "stnSerialNumber": "6", "boardingDisabled": "false"}]}