{"trainNumber": "06143", "trainName": "ONR UAM SPL", "stationFrom": "ONR", "stationTo": "UAM", "trainOwner": "0", "trainRunsOnMon": "Y", "trainRunsOnTue": "Y", "trainRunsOnWed": "Y", "trainRunsOnThu": "Y", "trainRunsOnFri": "Y", "trainRunsOnSat": "Y", "trainRunsOnSun": "Y", "timeStamp": "2023-06-19T15:31:23.320", "duration": "0", "stationList": [{"stationCode": "ONR", "stationName": "COONOOR", "arrivalTime": "--", "departureTime": "12:35", "routeNumber": "1", "haltTime": "--", "distance": "0", "dayCount": "1", "stnSerialNumber": "1", "boardingDisabled": "false"}, {"stationCode": "WEL", "stationName": "WELLINGTON", "arrivalTime": "12:42", "departureTime": "12:43", "routeNumber": "1", "haltTime": "01:00", "distance": "2", "dayCount": "1", "stnSerialNumber": "2", "boardingDisabled": "false"}, {"stationCode": "AVK", "stationName": "ARAVANKADU", "arrivalTime": "12:52", "departureTime": "12:53", "routeNumber": "1", "haltTime": "01:00", "distance": "5", "dayCount": "1", "stnSerialNumber": "3", "boardingDisabled": "false"}, {"stationCode": "KXT", "stationName": "KETTI", "arrivalTime": "13:09", "departureTime": "13:10", "routeNumber": "1", "haltTime": "01:00", "distance": "11", "dayCount": "1", "stnSerialNumber": "4", "boardingDisabled": "false"}, {"stationCode": "LOV", "stationName": "LOVEDALE", "arrivalTime": "13:26", "departureTime": "13:27", "routeNumber": "1", "haltTime": "01:00", "distance": "15", "dayCount": "1", "stnSerialNumber": "5", "boardingDisabled": "false"}, {"stationCode": "UAM", "stationName": "UDAGAMANDALAM", "arrivalTime": "13:45", "departureTime": "--", "routeNumber": "1", "haltTime": "--", "distance": "19", "dayCount": "1", "stnSerialNumber": "6", "boardingDisabled": "false"}]}