{"trainNumber": "06142", "trainName": "UAM ONR SPL", "stationFrom": "UAM", "stationTo": "ONR", "trainOwner": "0", "trainRunsOnMon": "Y", "trainRunsOnTue": "Y", "trainRunsOnWed": "Y", "trainRunsOnThu": "Y", "trainRunsOnFri": "Y", "trainRunsOnSat": "Y", "trainRunsOnSun": "Y", "timeStamp": "2023-06-19T16:11:49.447", "duration": "0", "stationList": [{"stationCode": "UAM", "stationName": "UDAGAMANDALAM", "arrivalTime": "--", "departureTime": "12:15", "routeNumber": "1", "haltTime": "--", "distance": "0", "dayCount": "1", "stnSerialNumber": "1", "boardingDisabled": "false"}, {"stationCode": "LOV", "stationName": "LOVEDALE", "arrivalTime": "12:25", "departureTime": "12:26", "routeNumber": "1", "haltTime": "01:00", "distance": "5", "dayCount": "1", "stnSerialNumber": "2", "boardingDisabled": "false"}, {"stationCode": "KXT", "stationName": "KETTI", "arrivalTime": "12:37", "departureTime": "12:38", "routeNumber": "1", "haltTime": "01:00", "distance": "9", "dayCount": "1", "stnSerialNumber": "3", "boardingDisabled": "false"}, {"stationCode": "AVK", "stationName": "ARAVANKADU", "arrivalTime": "12:52", "departureTime": "12:53", "routeNumber": "1", "haltTime": "01:00", "distance": "15", "dayCount": "1", "stnSerialNumber": "4", "boardingDisabled": "false"}, {"stationCode": "WEL", "stationName": "WELLINGTON", "arrivalTime": "12:59", "departureTime": "13:00", "routeNumber": "1", "haltTime": "01:00", "distance": "18", "dayCount": "1", "stnSerialNumber": "5", "boardingDisabled": "false"}, {"stationCode": "ONR", "stationName": "COONOOR", "arrivalTime": "13:15", "departureTime": "--", "routeNumber": "1", "haltTime": "--", "distance": "19", "dayCount": "1", "stnSerialNumber": "6", "boardingDisabled": "false"}]}