{"trainNumber": "06173", "trainName": "UAM ROUND TRIP", "stationFrom": "UAM", "stationTo": "UAMR", "trainOwner": "0", "trainRunsOnMon": "Y", "trainRunsOnTue": "N", "trainRunsOnWed": "N", "trainRunsOnThu": "N", "trainRunsOnFri": "Y", "trainRunsOnSat": "Y", "trainRunsOnSun": "Y", "timeStamp": "2023-06-19T15:31:26.032", "duration": "0", "stationList": [{"stationCode": "UAM", "stationName": "UDAGAMANDALAM", "arrivalTime": "--", "departureTime": "09:45", "routeNumber": "1", "haltTime": "--", "distance": "0", "dayCount": "1", "stnSerialNumber": "1", "boardingDisabled": "false"}, {"stationCode": "KXT", "stationName": "KETTI", "arrivalTime": "10:10", "departureTime": "10:30", "routeNumber": "1", "haltTime": "20:00", "distance": "9", "dayCount": "1", "stnSerialNumber": "2", "boardingDisabled": "true"}, {"stationCode": "UAMR", "stationName": "UAM ROUND TRIP", "arrivalTime": "11:00", "departureTime": "--", "routeNumber": "1", "haltTime": "--", "distance": "18", "dayCount": "1", "stnSerialNumber": "3", "boardingDisabled": "false"}]}