{"trainNumber": "06171", "trainName": "MTP UAM SPECIAL", "stationFrom": "MTP", "stationTo": "UAM", "trainOwner": "0", "trainRunsOnMon": "N", "trainRunsOnTue": "N", "trainRunsOnWed": "N", "trainRunsOnThu": "N", "trainRunsOnFri": "N", "trainRunsOnSat": "Y", "trainRunsOnSun": "N", "timeStamp": "2023-06-19T15:31:26.028", "duration": "0", "stationList": [{"stationCode": "MTP", "stationName": "METUPALAIYAM", "arrivalTime": "--", "departureTime": "09:10", "routeNumber": "1", "haltTime": "--", "distance": "0", "dayCount": "1", "stnSerialNumber": "1", "boardingDisabled": "false"}, {"stationCode": "ONR", "stationName": "COONOOR", "arrivalTime": "12:30", "departureTime": "12:55", "routeNumber": "1", "haltTime": "25:00", "distance": "28", "dayCount": "1", "stnSerialNumber": "2", "boardingDisabled": "false"}, {"stationCode": "UAM", "stationName": "UDAGAMANDALAM", "arrivalTime": "14:25", "departureTime": "--", "routeNumber": "1", "haltTime": "--", "distance": "46", "dayCount": "1", "stnSerialNumber": "3", "boardingDisabled": "false"}]}