{"trainNumber": "06177", "trainName": "ONR UAM SPECIAL", "stationFrom": "ONR", "stationTo": "UAM", "trainOwner": "0", "trainRunsOnMon": "Y", "trainRunsOnTue": "N", "trainRunsOnWed": "N", "trainRunsOnThu": "N", "trainRunsOnFri": "Y", "trainRunsOnSat": "Y", "trainRunsOnSun": "Y", "timeStamp": "2023-06-19T15:31:26.011", "duration": "0", "stationList": [{"stationCode": "ONR", "stationName": "COONOOR", "arrivalTime": "--", "departureTime": "08:20", "routeNumber": "1", "haltTime": "--", "distance": "0", "dayCount": "1", "stnSerialNumber": "1", "boardingDisabled": "false"}, {"stationCode": "UAM", "stationName": "UDAGAMANDALAM", "arrivalTime": "09:40", "departureTime": "--", "routeNumber": "1", "haltTime": "--", "distance": "19", "dayCount": "1", "stnSerialNumber": "2", "boardingDisabled": "false"}]}