{"trainNumber": "06180", "trainName": "UAM ONR SPECIAL", "stationFrom": "UAM", "stationTo": "ONR", "trainOwner": "0", "trainRunsOnMon": "Y", "trainRunsOnTue": "N", "trainRunsOnWed": "N", "trainRunsOnThu": "N", "trainRunsOnFri": "Y", "trainRunsOnSat": "Y", "trainRunsOnSun": "Y", "timeStamp": "2023-06-19T15:31:25.756", "duration": "0", "stationList": [{"stationCode": "UAM", "stationName": "UDAGAMANDALAM", "arrivalTime": "--", "departureTime": "16:45", "routeNumber": "1", "haltTime": "--", "distance": "0", "dayCount": "1", "stnSerialNumber": "1", "boardingDisabled": "false"}, {"stationCode": "ONR", "stationName": "COONOOR", "arrivalTime": "17:55", "departureTime": "--", "routeNumber": "1", "haltTime": "--", "distance": "19", "dayCount": "1", "stnSerialNumber": "2", "boardingDisabled": "false"}]}