{"trainNumber": "06211", "trainName": "KCVL SMVB SPL", "stationFrom": "KCVL", "stationTo": "SMVB", "trainOwner": "0", "trainRunsOnMon": "N", "trainRunsOnTue": "N", "trainRunsOnWed": "N", "trainRunsOnThu": "N", "trainRunsOnFri": "N", "trainRunsOnSat": "N", "trainRunsOnSun": "Y", "timeStamp": "2023-06-19T15:30:51.941", "duration": "0", "stationList": [{"stationCode": "KCVL", "stationName": "KOCHUVELI", "arrivalTime": "--", "departureTime": "17:00", "routeNumber": "1", "haltTime": "--", "distance": "0", "dayCount": "1", "stnSerialNumber": "1", "boardingDisabled": "false"}, {"stationCode": "QLN", "stationName": "KOLLAM JN", "arrivalTime": "17:50", "departureTime": "17:53", "routeNumber": "1", "haltTime": "03:00", "distance": "59", "dayCount": "1", "stnSerialNumber": "2", "boardingDisabled": "false"}, {"stationCode": "KYJ", "stationName": "KAYANKULAM JN", "arrivalTime": "18:33", "departureTime": "18:35", "routeNumber": "1", "haltTime": "02:00", "distance": "100", "dayCount": "1", "stnSerialNumber": "3", "boardingDisabled": "false"}, {"stationCode": "MVLK", "stationName": "MAVELIKARA", "arrivalTime": "18:44", "departureTime": "18:45", "routeNumber": "1", "haltTime": "01:00", "distance": "107", "dayCount": "1", "stnSerialNumber": "4", "boardingDisabled": "false"}, {"stationCode": "CNGR", "stationName": "CHENGANNUR", "arrivalTime": "18:55", "departureTime": "18:57", "routeNumber": "1", "haltTime": "02:00", "distance": "120", "dayCount": "1", "stnSerialNumber": "5", "boardingDisabled": "false"}, {"stationCode": "TRVL", "stationName": "TIRUVALLA", "arrivalTime": "19:06", "departureTime": "19:07", "routeNumber": "1", "haltTime": "01:00", "distance": "129", "dayCount": "1", "stnSerialNumber": "6", "boardingDisabled": "false"}, {"stationCode": "CGY", "stationName": "CHANGANASERI", "arrivalTime": "19:16", "departureTime": "19:17", "routeNumber": "1", "haltTime": "01:00", "distance": "137", "dayCount": "1", "stnSerialNumber": "7", "boardingDisabled": "false"}, {"stationCode": "KTYM", "stationName": "KOTTAYAM", "arrivalTime": "19:40", "departureTime": "19:43", "routeNumber": "1", "haltTime": "03:00", "distance": "155", "dayCount": "1", "stnSerialNumber": "8", "boardingDisabled": "false"}, {"stationCode": "ERN", "stationName": "ERNAKULAM TOWN", "arrivalTime": "21:10", "departureTime": "21:15", "routeNumber": "1", "haltTime": "05:00", "distance": "217", "dayCount": "1", "stnSerialNumber": "9", "boardingDisabled": "false"}, {"stationCode": "AWY", "stationName": "ALUVA", "arrivalTime": "21:38", "departureTime": "21:40", "routeNumber": "1", "haltTime": "02:00", "distance": "234", "dayCount": "1", "stnSerialNumber": "10", "boardingDisabled": "false"}, {"stationCode": "TCR", "stationName": "THRISUR", "arrivalTime": "22:37", "departureTime": "22:40", "routeNumber": "1", "haltTime": "03:00", "distance": "288", "dayCount": "1", "stnSerialNumber": "11", "boardingDisabled": "false"}, {"stationCode": "PGT", "stationName": "PALAKKAD JN", "arrivalTime": "00:07", "departureTime": "00:10", "routeNumber": "1", "haltTime": "03:00", "distance": "365", "dayCount": "2", "stnSerialNumber": "12", "boardingDisabled": "false"}, {"stationCode": "CBE", "stationName": "COIMBATORE JN", "arrivalTime": "01:32", "departureTime": "01:35", "routeNumber": "1", "haltTime": "03:00", "distance": "420", "dayCount": "2", "stnSerialNumber": "13", "boardingDisabled": "false"}, {"stationCode": "TUP", "stationName": "TIRUPPUR", "arrivalTime": "02:18", "departureTime": "02:20", "routeNumber": "1", "haltTime": "02:00", "distance": "470", "dayCount": "2", "stnSerialNumber": "15", "boardingDisabled": "false"}, {"stationCode": "ED", "stationName": "ERODE JN", "arrivalTime": "03:10", "departureTime": "03:15", "routeNumber": "1", "haltTime": "05:00", "distance": "520", "dayCount": "2", "stnSerialNumber": "16", "boardingDisabled": "false"}, {"stationCode": "SA", "stationName": "SALEM JN", "arrivalTime": "04:12", "departureTime": "04:15", "routeNumber": "1", "haltTime": "03:00", "distance": "583", "dayCount": "2", "stnSerialNumber": "17", "boardingDisabled": "false"}, {"stationCode": "DPJ", "stationName": "DHARMAPURI", "arrivalTime": "06:19", "departureTime": "06:20", "routeNumber": "1", "haltTime": "01:00", "distance": "649", "dayCount": "2", "stnSerialNumber": "19", "boardingDisabled": "false"}, {"stationCode": "HSRA", "stationName": "HOSUR", "arrivalTime": "07:49", "departureTime": "07:50", "routeNumber": "1", "haltTime": "01:00", "distance": "741", "dayCount": "2", "stnSerialNumber": "20", "boardingDisabled": "false"}, {"stationCode": "SMVB", "stationName": "SMVT BENGALURU", "arrivalTime": "10:00", "departureTime": "--", "routeNumber": "1", "haltTime": "--", "distance": "792", "dayCount": "2", "stnSerialNumber": "21", "boardingDisabled": "false"}]}