{"trainNumber": "06212", "trainName": "SMVB KCVL SPL", "stationFrom": "SMVB", "stationTo": "KCVL", "trainOwner": "0", "trainRunsOnMon": "Y", "trainRunsOnTue": "N", "trainRunsOnWed": "N", "trainRunsOnThu": "N", "trainRunsOnFri": "N", "trainRunsOnSat": "N", "trainRunsOnSun": "N", "timeStamp": "2023-06-19T15:30:51.907", "duration": "0", "stationList": [{"stationCode": "SMVB", "stationName": "SMVT BENGALURU", "arrivalTime": "--", "departureTime": "13:00", "routeNumber": "1", "haltTime": "--", "distance": "0", "dayCount": "1", "stnSerialNumber": "1", "boardingDisabled": "false"}, {"stationCode": "HSRA", "stationName": "HOSUR", "arrivalTime": "14:19", "departureTime": "14:21", "routeNumber": "1", "haltTime": "02:00", "distance": "51", "dayCount": "1", "stnSerialNumber": "2", "boardingDisabled": "false"}, {"stationCode": "DPJ", "stationName": "DHARMAPURI", "arrivalTime": "15:48", "departureTime": "15:49", "routeNumber": "1", "haltTime": "01:00", "distance": "143", "dayCount": "1", "stnSerialNumber": "3", "boardingDisabled": "false"}, {"stationCode": "SA", "stationName": "SALEM JN", "arrivalTime": "18:02", "departureTime": "18:05", "routeNumber": "1", "haltTime": "03:00", "distance": "209", "dayCount": "1", "stnSerialNumber": "4", "boardingDisabled": "false"}, {"stationCode": "ED", "stationName": "ERODE JN", "arrivalTime": "19:05", "departureTime": "19:10", "routeNumber": "1", "haltTime": "05:00", "distance": "272", "dayCount": "1", "stnSerialNumber": "5", "boardingDisabled": "false"}, {"stationCode": "TUP", "stationName": "TIRUPPUR", "arrivalTime": "19:53", "departureTime": "19:55", "routeNumber": "1", "haltTime": "02:00", "distance": "322", "dayCount": "1", "stnSerialNumber": "6", "boardingDisabled": "false"}, {"stationCode": "CBE", "stationName": "COIMBATORE JN", "arrivalTime": "20:45", "departureTime": "20:50", "routeNumber": "1", "haltTime": "05:00", "distance": "372", "dayCount": "1", "stnSerialNumber": "8", "boardingDisabled": "false"}, {"stationCode": "PGT", "stationName": "PALAKKAD JN", "arrivalTime": "21:50", "departureTime": "21:55", "routeNumber": "1", "haltTime": "05:00", "distance": "427", "dayCount": "1", "stnSerialNumber": "9", "boardingDisabled": "false"}, {"stationCode": "TCR", "stationName": "THRISUR", "arrivalTime": "00:52", "departureTime": "00:55", "routeNumber": "1", "haltTime": "03:00", "distance": "504", "dayCount": "2", "stnSerialNumber": "10", "boardingDisabled": "false"}, {"stationCode": "AWY", "stationName": "ALUVA", "arrivalTime": "01:43", "departureTime": "01:45", "routeNumber": "1", "haltTime": "02:00", "distance": "558", "dayCount": "2", "stnSerialNumber": "11", "boardingDisabled": "false"}, {"stationCode": "ERN", "stationName": "ERNAKULAM TOWN", "arrivalTime": "02:10", "departureTime": "02:15", "routeNumber": "1", "haltTime": "05:00", "distance": "575", "dayCount": "2", "stnSerialNumber": "12", "boardingDisabled": "false"}, {"stationCode": "KTYM", "stationName": "KOTTAYAM", "arrivalTime": "03:32", "departureTime": "03:35", "routeNumber": "1", "haltTime": "03:00", "distance": "638", "dayCount": "2", "stnSerialNumber": "13", "boardingDisabled": "false"}, {"stationCode": "CGY", "stationName": "CHANGANASERI", "arrivalTime": "04:18", "departureTime": "04:20", "routeNumber": "1", "haltTime": "02:00", "distance": "655", "dayCount": "2", "stnSerialNumber": "14", "boardingDisabled": "false"}, {"stationCode": "TRVL", "stationName": "TIRUVALLA", "arrivalTime": "04:30", "departureTime": "04:31", "routeNumber": "1", "haltTime": "01:00", "distance": "663", "dayCount": "2", "stnSerialNumber": "15", "boardingDisabled": "false"}, {"stationCode": "CNGR", "stationName": "CHENGANNUR", "arrivalTime": "04:40", "departureTime": "04:41", "routeNumber": "1", "haltTime": "01:00", "distance": "672", "dayCount": "2", "stnSerialNumber": "16", "boardingDisabled": "false"}, {"stationCode": "MVLK", "stationName": "MAVELIKARA", "arrivalTime": "04:52", "departureTime": "04:54", "routeNumber": "1", "haltTime": "02:00", "distance": "685", "dayCount": "2", "stnSerialNumber": "17", "boardingDisabled": "false"}, {"stationCode": "KYJ", "stationName": "KAYANKULAM JN", "arrivalTime": "05:01", "departureTime": "05:02", "routeNumber": "1", "haltTime": "01:00", "distance": "693", "dayCount": "2", "stnSerialNumber": "18", "boardingDisabled": "false"}, {"stationCode": "QLN", "stationName": "KOLLAM JN", "arrivalTime": "05:32", "departureTime": "05:35", "routeNumber": "1", "haltTime": "03:00", "distance": "733", "dayCount": "2", "stnSerialNumber": "19", "boardingDisabled": "false"}, {"stationCode": "KCVL", "stationName": "KOCHUVELI", "arrivalTime": "06:50", "departureTime": "--", "routeNumber": "1", "haltTime": "--", "distance": "792", "dayCount": "2", "stnSerialNumber": "20", "boardingDisabled": "false"}]}