{"trainNumber": "06224", "trainName": "MAS SMET EXP", "stationFrom": "MAS", "stationTo": "SMET", "trainOwner": "0", "trainRunsOnMon": "Y", "trainRunsOnTue": "N", "trainRunsOnWed": "Y", "trainRunsOnThu": "N", "trainRunsOnFri": "N", "trainRunsOnSat": "N", "trainRunsOnSun": "N", "timeStamp": "2023-06-19T15:31:30.671", "duration": "0", "stationList": [{"stationCode": "MAS", "stationName": "MGR CHENNAI CTL", "arrivalTime": "--", "departureTime": "15:50", "routeNumber": "1", "haltTime": "--", "distance": "0", "dayCount": "1", "stnSerialNumber": "1", "boardingDisabled": "false"}, {"stationCode": "AJJ", "stationName": "ARAKKONAM JN", "arrivalTime": "16:48", "departureTime": "16:50", "routeNumber": "1", "haltTime": "02:00", "distance": "69", "dayCount": "1", "stnSerialNumber": "3", "boardingDisabled": "false"}, {"stationCode": "RU", "stationName": "RENIGUNTA JN", "arrivalTime": "18:10", "departureTime": "18:15", "routeNumber": "1", "haltTime": "05:00", "distance": "141", "dayCount": "1", "stnSerialNumber": "4", "boardingDisabled": "false"}, {"stationCode": "RJP", "stationName": "RAZAMPETA", "arrivalTime": "19:14", "departureTime": "19:15", "routeNumber": "1", "haltTime": "01:00", "distance": "216", "dayCount": "1", "stnSerialNumber": "5", "boardingDisabled": "false"}, {"stationCode": "HX", "stationName": "CUDDAPAH", "arrivalTime": "20:03", "departureTime": "20:05", "routeNumber": "1", "haltTime": "02:00", "distance": "266", "dayCount": "1", "stnSerialNumber": "6", "boardingDisabled": "false"}, {"stationCode": "YA", "stationName": "YERRAGUNTLA", "arrivalTime": "20:39", "departureTime": "20:40", "routeNumber": "1", "haltTime": "01:00", "distance": "305", "dayCount": "1", "stnSerialNumber": "7", "boardingDisabled": "false"}, {"stationCode": "TU", "stationName": "TADIPATRI", "arrivalTime": "21:29", "departureTime": "21:30", "routeNumber": "1", "haltTime": "01:00", "distance": "375", "dayCount": "1", "stnSerialNumber": "8", "boardingDisabled": "false"}, {"stationCode": "GY", "stationName": "GOOTY", "arrivalTime": "22:19", "departureTime": "22:20", "routeNumber": "1", "haltTime": "01:00", "distance": "423", "dayCount": "1", "stnSerialNumber": "9", "boardingDisabled": "false"}, {"stationCode": "GTL", "stationName": "GUNTAKAL JN", "arrivalTime": "23:15", "departureTime": "23:20", "routeNumber": "1", "haltTime": "05:00", "distance": "451", "dayCount": "1", "stnSerialNumber": "10", "boardingDisabled": "false"}, {"stationCode": "BAY", "stationName": "BALLARI JN", "arrivalTime": "00:35", "departureTime": "00:40", "routeNumber": "1", "haltTime": "05:00", "distance": "501", "dayCount": "2", "stnSerialNumber": "11", "boardingDisabled": "false"}, {"stationCode": "RDG", "stationName": "RAYADRUG", "arrivalTime": "02:00", "departureTime": "02:02", "routeNumber": "1", "haltTime": "02:00", "distance": "555", "dayCount": "2", "stnSerialNumber": "12", "boardingDisabled": "false"}, {"stationCode": "MOMU", "stationName": "MOLAKALMURU", "arrivalTime": "02:20", "departureTime": "02:21", "routeNumber": "1", "haltTime": "01:00", "distance": "570", "dayCount": "2", "stnSerialNumber": "13", "boardingDisabled": "false"}, {"stationCode": "CHKE", "stationName": "CHALLAKERE", "arrivalTime": "02:59", "departureTime": "03:00", "routeNumber": "1", "haltTime": "01:00", "distance": "617", "dayCount": "2", "stnSerialNumber": "14", "boardingDisabled": "false"}, {"stationCode": "CTA", "stationName": "CHITRADURG", "arrivalTime": "03:43", "departureTime": "03:45", "routeNumber": "1", "haltTime": "02:00", "distance": "652", "dayCount": "2", "stnSerialNumber": "15", "boardingDisabled": "false"}, {"stationCode": "JRU", "stationName": "CHIKJAJUR JN", "arrivalTime": "04:30", "departureTime": "04:35", "routeNumber": "1", "haltTime": "05:00", "distance": "686", "dayCount": "2", "stnSerialNumber": "16", "boardingDisabled": "false"}, {"stationCode": "HSD", "stationName": "HOSDURGA ROAD", "arrivalTime": "04:59", "departureTime": "05:00", "routeNumber": "1", "haltTime": "01:00", "distance": "716", "dayCount": "2", "stnSerialNumber": "17", "boardingDisabled": "false"}, {"stationCode": "AJP", "stationName": "AJJAMPUR", "arrivalTime": "05:19", "departureTime": "05:20", "routeNumber": "1", "haltTime": "01:00", "distance": "736", "dayCount": "2", "stnSerialNumber": "18", "boardingDisabled": "false"}, {"stationCode": "RRB", "stationName": "BIRUR JN", "arrivalTime": "05:40", "departureTime": "06:20", "routeNumber": "1", "haltTime": "40:00", "distance": "754", "dayCount": "2", "stnSerialNumber": "19", "boardingDisabled": "false"}, {"stationCode": "TKE", "stationName": "TARIKERE JN", "arrivalTime": "06:45", "departureTime": "06:47", "routeNumber": "1", "haltTime": "02:00", "distance": "779", "dayCount": "2", "stnSerialNumber": "20", "boardingDisabled": "false"}, {"stationCode": "BDVT", "stationName": "BHADRAVATI", "arrivalTime": "07:23", "departureTime": "07:25", "routeNumber": "1", "haltTime": "02:00", "distance": "799", "dayCount": "2", "stnSerialNumber": "21", "boardingDisabled": "false"}, {"stationCode": "SMET", "stationName": "SHIVAMOGGA TOWN", "arrivalTime": "07:55", "departureTime": "--", "routeNumber": "1", "haltTime": "--", "distance": "817", "dayCount": "2", "stnSerialNumber": "22", "boardingDisabled": "false"}]}