{"trainNumber": "06243", "trainName": "SBC HPT EXP", "stationFrom": "SBC", "stationTo": "HPT", "trainOwner": "0", "trainRunsOnMon": "Y", "trainRunsOnTue": "Y", "trainRunsOnWed": "Y", "trainRunsOnThu": "Y", "trainRunsOnFri": "Y", "trainRunsOnSat": "Y", "trainRunsOnSun": "Y", "timeStamp": "2023-06-19T15:31:30.942", "duration": "0", "stationList": [{"stationCode": "SBC", "stationName": "KSR BENGALURU", "arrivalTime": "--", "departureTime": "05:00", "routeNumber": "1", "haltTime": "--", "distance": "0", "dayCount": "1", "stnSerialNumber": "1", "boardingDisabled": "false"}, {"stationCode": "YPR", "stationName": "YESVANTPUR JN", "arrivalTime": "05:13", "departureTime": "05:15", "routeNumber": "1", "haltTime": "02:00", "distance": "6", "dayCount": "1", "stnSerialNumber": "2", "boardingDisabled": "false"}, {"stationCode": "BAW", "stationName": "CHIK BANAVAR", "arrivalTime": "05:25", "departureTime": "05:26", "routeNumber": "1", "haltTime": "01:00", "distance": "14", "dayCount": "1", "stnSerialNumber": "3", "boardingDisabled": "false"}, {"stationCode": "DBL", "stationName": "DODBELE", "arrivalTime": "05:44", "departureTime": "05:45", "routeNumber": "1", "haltTime": "01:00", "distance": "37", "dayCount": "1", "stnSerialNumber": "4", "boardingDisabled": "false"}, {"stationCode": "KIAT", "stationName": "KYATSANDRA", "arrivalTime": "06:08", "departureTime": "06:09", "routeNumber": "1", "haltTime": "01:00", "distance": "64", "dayCount": "1", "stnSerialNumber": "5", "boardingDisabled": "false"}, {"stationCode": "TK", "stationName": "TUMAKURU", "arrivalTime": "06:13", "departureTime": "06:15", "routeNumber": "1", "haltTime": "02:00", "distance": "70", "dayCount": "1", "stnSerialNumber": "6", "boardingDisabled": "false"}, {"stationCode": "GBB", "stationName": "GUBBI", "arrivalTime": "06:33", "departureTime": "06:34", "routeNumber": "1", "haltTime": "01:00", "distance": "87", "dayCount": "1", "stnSerialNumber": "7", "boardingDisabled": "false"}, {"stationCode": "AMSA", "stationName": "AMMASANDRA", "arrivalTime": "06:47", "departureTime": "06:48", "routeNumber": "1", "haltTime": "01:00", "distance": "114", "dayCount": "1", "stnSerialNumber": "8", "boardingDisabled": "false"}, {"stationCode": "TTR", "stationName": "TIPTUR", "arrivalTime": "07:08", "departureTime": "07:10", "routeNumber": "1", "haltTime": "02:00", "distance": "140", "dayCount": "1", "stnSerialNumber": "9", "boardingDisabled": "false"}, {"stationCode": "ASK", "stationName": "ARSIKERE JN", "arrivalTime": "07:30", "departureTime": "07:35", "routeNumber": "1", "haltTime": "05:00", "distance": "166", "dayCount": "1", "stnSerialNumber": "10", "boardingDisabled": "false"}, {"stationCode": "DRU", "stationName": "KADUR", "arrivalTime": "08:09", "departureTime": "08:10", "routeNumber": "1", "haltTime": "01:00", "distance": "205", "dayCount": "1", "stnSerialNumber": "11", "boardingDisabled": "false"}, {"stationCode": "RRB", "stationName": "BIRUR JN", "arrivalTime": "08:20", "departureTime": "08:21", "routeNumber": "1", "haltTime": "01:00", "distance": "211", "dayCount": "1", "stnSerialNumber": "12", "boardingDisabled": "false"}, {"stationCode": "AJP", "stationName": "AJJAMPUR", "arrivalTime": "08:36", "departureTime": "08:37", "routeNumber": "1", "haltTime": "01:00", "distance": "229", "dayCount": "1", "stnSerialNumber": "13", "boardingDisabled": "false"}, {"stationCode": "HSD", "stationName": "HOSDURGA ROAD", "arrivalTime": "08:55", "departureTime": "08:56", "routeNumber": "1", "haltTime": "01:00", "distance": "250", "dayCount": "1", "stnSerialNumber": "14", "boardingDisabled": "false"}, {"stationCode": "RGI", "stationName": "RAMGIRI", "arrivalTime": "09:05", "departureTime": "09:06", "routeNumber": "1", "haltTime": "01:00", "distance": "260", "dayCount": "1", "stnSerialNumber": "15", "boardingDisabled": "false"}, {"stationCode": "JRU", "stationName": "CHIKJAJUR JN", "arrivalTime": "09:43", "departureTime": "09:45", "routeNumber": "1", "haltTime": "02:00", "distance": "280", "dayCount": "1", "stnSerialNumber": "16", "boardingDisabled": "false"}, {"stationCode": "CTA", "stationName": "CHITRADURG", "arrivalTime": "10:23", "departureTime": "10:25", "routeNumber": "1", "haltTime": "02:00", "distance": "313", "dayCount": "1", "stnSerialNumber": "17", "boardingDisabled": "false"}, {"stationCode": "CHKE", "stationName": "CHALLAKERE", "arrivalTime": "10:59", "departureTime": "11:00", "routeNumber": "1", "haltTime": "01:00", "distance": "348", "dayCount": "1", "stnSerialNumber": "18", "boardingDisabled": "false"}, {"stationCode": "THKU", "stationName": "THALLAK", "arrivalTime": "11:16", "departureTime": "11:17", "routeNumber": "1", "haltTime": "01:00", "distance": "363", "dayCount": "1", "stnSerialNumber": "19", "boardingDisabled": "false"}, {"stationCode": "MOMU", "stationName": "MOLAKALMURU", "arrivalTime": "11:44", "departureTime": "11:45", "routeNumber": "1", "haltTime": "01:00", "distance": "396", "dayCount": "1", "stnSerialNumber": "20", "boardingDisabled": "false"}, {"stationCode": "RDG", "stationName": "RAYADRUG", "arrivalTime": "11:53", "departureTime": "11:55", "routeNumber": "1", "haltTime": "02:00", "distance": "411", "dayCount": "1", "stnSerialNumber": "21", "boardingDisabled": "false"}, {"stationCode": "BYC", "stationName": "BALLARI CANTT", "arrivalTime": "14:05", "departureTime": "14:10", "routeNumber": "1", "haltTime": "05:00", "distance": "469", "dayCount": "1", "stnSerialNumber": "23", "boardingDisabled": "false"}, {"stationCode": "TNGL", "stationName": "TORANAGALLU", "arrivalTime": "14:40", "departureTime": "14:42", "routeNumber": "1", "haltTime": "02:00", "distance": "497", "dayCount": "1", "stnSerialNumber": "24", "boardingDisabled": "false"}, {"stationCode": "HPT", "stationName": "HOSAPETE JN", "arrivalTime": "15:45", "departureTime": "--", "routeNumber": "1", "haltTime": "--", "distance": "529", "dayCount": "1", "stnSerialNumber": "25", "boardingDisabled": "false"}]}