{"trainNumber": "06244", "trainName": "HPT SBC EXP", "stationFrom": "HPT", "stationTo": "SBC", "trainOwner": "0", "trainRunsOnMon": "Y", "trainRunsOnTue": "Y", "trainRunsOnWed": "Y", "trainRunsOnThu": "Y", "trainRunsOnFri": "Y", "trainRunsOnSat": "Y", "trainRunsOnSun": "Y", "timeStamp": "2023-06-19T15:31:30.873", "duration": "0", "stationList": [{"stationCode": "HPT", "stationName": "HOSAPETE JN", "arrivalTime": "--", "departureTime": "12:05", "routeNumber": "1", "haltTime": "--", "distance": "0", "dayCount": "1", "stnSerialNumber": "1", "boardingDisabled": "false"}, {"stationCode": "TNGL", "stationName": "TORANAGALLU", "arrivalTime": "12:28", "departureTime": "12:30", "routeNumber": "1", "haltTime": "02:00", "distance": "33", "dayCount": "1", "stnSerialNumber": "2", "boardingDisabled": "false"}, {"stationCode": "BYC", "stationName": "BALLARI CANTT", "arrivalTime": "12:59", "departureTime": "13:00", "routeNumber": "1", "haltTime": "01:00", "distance": "61", "dayCount": "1", "stnSerialNumber": "3", "boardingDisabled": "false"}, {"stationCode": "RDG", "stationName": "RAYADRUG", "arrivalTime": "14:23", "departureTime": "14:25", "routeNumber": "1", "haltTime": "02:00", "distance": "119", "dayCount": "1", "stnSerialNumber": "5", "boardingDisabled": "false"}, {"stationCode": "MOMU", "stationName": "MOLAKALMURU", "arrivalTime": "14:59", "departureTime": "15:00", "routeNumber": "1", "haltTime": "01:00", "distance": "134", "dayCount": "1", "stnSerialNumber": "6", "boardingDisabled": "false"}, {"stationCode": "THKU", "stationName": "THALLAK", "arrivalTime": "15:26", "departureTime": "15:27", "routeNumber": "1", "haltTime": "01:00", "distance": "167", "dayCount": "1", "stnSerialNumber": "7", "boardingDisabled": "false"}, {"stationCode": "CHKE", "stationName": "CHALLAKERE", "arrivalTime": "15:43", "departureTime": "15:44", "routeNumber": "1", "haltTime": "01:00", "distance": "182", "dayCount": "1", "stnSerialNumber": "8", "boardingDisabled": "false"}, {"stationCode": "CTA", "stationName": "CHITRADURG", "arrivalTime": "16:28", "departureTime": "16:30", "routeNumber": "1", "haltTime": "02:00", "distance": "217", "dayCount": "1", "stnSerialNumber": "9", "boardingDisabled": "false"}, {"stationCode": "JRU", "stationName": "CHIKJAJUR JN", "arrivalTime": "17:13", "departureTime": "17:15", "routeNumber": "1", "haltTime": "02:00", "distance": "250", "dayCount": "1", "stnSerialNumber": "10", "boardingDisabled": "false"}, {"stationCode": "RGI", "stationName": "RAMGIRI", "arrivalTime": "17:30", "departureTime": "17:31", "routeNumber": "1", "haltTime": "01:00", "distance": "270", "dayCount": "1", "stnSerialNumber": "11", "boardingDisabled": "false"}, {"stationCode": "HSD", "stationName": "HOSDURGA ROAD", "arrivalTime": "17:39", "departureTime": "17:40", "routeNumber": "1", "haltTime": "01:00", "distance": "280", "dayCount": "1", "stnSerialNumber": "12", "boardingDisabled": "false"}, {"stationCode": "AJP", "stationName": "AJJAMPUR", "arrivalTime": "17:56", "departureTime": "17:57", "routeNumber": "1", "haltTime": "01:00", "distance": "301", "dayCount": "1", "stnSerialNumber": "13", "boardingDisabled": "false"}, {"stationCode": "RRB", "stationName": "BIRUR JN", "arrivalTime": "18:13", "departureTime": "18:15", "routeNumber": "1", "haltTime": "02:00", "distance": "319", "dayCount": "1", "stnSerialNumber": "14", "boardingDisabled": "false"}, {"stationCode": "DRU", "stationName": "KADUR", "arrivalTime": "18:23", "departureTime": "18:25", "routeNumber": "1", "haltTime": "02:00", "distance": "325", "dayCount": "1", "stnSerialNumber": "15", "boardingDisabled": "false"}, {"stationCode": "ASK", "stationName": "ARSIKERE JN", "arrivalTime": "18:55", "departureTime": "19:00", "routeNumber": "1", "haltTime": "05:00", "distance": "364", "dayCount": "1", "stnSerialNumber": "16", "boardingDisabled": "false"}, {"stationCode": "TTR", "stationName": "TIPTUR", "arrivalTime": "19:20", "departureTime": "19:22", "routeNumber": "1", "haltTime": "02:00", "distance": "390", "dayCount": "1", "stnSerialNumber": "17", "boardingDisabled": "false"}, {"stationCode": "AMSA", "stationName": "AMMASANDRA", "arrivalTime": "19:44", "departureTime": "19:45", "routeNumber": "1", "haltTime": "01:00", "distance": "416", "dayCount": "1", "stnSerialNumber": "18", "boardingDisabled": "false"}, {"stationCode": "GBB", "stationName": "GUBBI", "arrivalTime": "19:49", "departureTime": "19:50", "routeNumber": "1", "haltTime": "01:00", "distance": "442", "dayCount": "1", "stnSerialNumber": "19", "boardingDisabled": "false"}, {"stationCode": "TK", "stationName": "TUMAKURU", "arrivalTime": "20:06", "departureTime": "20:08", "routeNumber": "1", "haltTime": "02:00", "distance": "460", "dayCount": "1", "stnSerialNumber": "20", "boardingDisabled": "false"}, {"stationCode": "KIAT", "stationName": "KYATSANDRA", "arrivalTime": "20:15", "departureTime": "20:16", "routeNumber": "1", "haltTime": "01:00", "distance": "466", "dayCount": "1", "stnSerialNumber": "21", "boardingDisabled": "false"}, {"stationCode": "DBL", "stationName": "DODBELE", "arrivalTime": "20:41", "departureTime": "20:42", "routeNumber": "1", "haltTime": "01:00", "distance": "493", "dayCount": "1", "stnSerialNumber": "22", "boardingDisabled": "false"}, {"stationCode": "BAW", "stationName": "CHIK BANAVAR", "arrivalTime": "21:00", "departureTime": "21:01", "routeNumber": "1", "haltTime": "01:00", "distance": "516", "dayCount": "1", "stnSerialNumber": "23", "boardingDisabled": "false"}, {"stationCode": "YPR", "stationName": "YESVANTPUR JN", "arrivalTime": "21:10", "departureTime": "21:12", "routeNumber": "1", "haltTime": "02:00", "distance": "524", "dayCount": "1", "stnSerialNumber": "24", "boardingDisabled": "false"}, {"stationCode": "SBC", "stationName": "KSR BENGALURU", "arrivalTime": "22:45", "departureTime": "--", "routeNumber": "1", "haltTime": "--", "distance": "529", "dayCount": "1", "stnSerialNumber": "25", "boardingDisabled": "false"}]}