{"trainNumber": "06509", "trainName": "SBCDNR HUMSAFAR", "stationFrom": "SBC", "stationTo": "DNR", "trainOwner": "0", "trainRunsOnMon": "Y", "trainRunsOnTue": "N", "trainRunsOnWed": "N", "trainRunsOnThu": "N", "trainRunsOnFri": "N", "trainRunsOnSat": "N", "trainRunsOnSun": "N", "timeStamp": "2023-06-19T15:31:05.183", "duration": "0", "stationList": [{"stationCode": "SBC", "stationName": "KSR BENGALURU", "arrivalTime": "--", "departureTime": "07:50", "routeNumber": "1", "haltTime": "--", "distance": "0", "dayCount": "1", "stnSerialNumber": "1", "boardingDisabled": "false"}, {"stationCode": "KJM", "stationName": "KRISHNARAJAPURM", "arrivalTime": "08:13", "departureTime": "08:15", "routeNumber": "1", "haltTime": "02:00", "distance": "15", "dayCount": "1", "stnSerialNumber": "2", "boardingDisabled": "false"}, {"stationCode": "JTJ", "stationName": "JOLARPETTAI", "arrivalTime": "10:13", "departureTime": "10:15", "routeNumber": "1", "haltTime": "02:00", "distance": "149", "dayCount": "1", "stnSerialNumber": "3", "boardingDisabled": "false"}, {"stationCode": "KPD", "stationName": "KATPADI JN", "arrivalTime": "11:35", "departureTime": "11:40", "routeNumber": "1", "haltTime": "05:00", "distance": "232", "dayCount": "1", "stnSerialNumber": "4", "boardingDisabled": "false"}, {"stationCode": "MAS", "stationName": "MGR CHENNAI CTL", "arrivalTime": "14:15", "departureTime": "14:40", "routeNumber": "1", "haltTime": "25:00", "distance": "362", "dayCount": "1", "stnSerialNumber": "6", "boardingDisabled": "false"}, {"stationCode": "BZA", "stationName": "VIJAYAWADA JN", "arrivalTime": "21:10", "departureTime": "21:20", "routeNumber": "1", "haltTime": "10:00", "distance": "792", "dayCount": "1", "stnSerialNumber": "8", "boardingDisabled": "false"}, {"stationCode": "WL", "stationName": "WARANGAL", "arrivalTime": "00:05", "departureTime": "00:06", "routeNumber": "1", "haltTime": "01:00", "distance": "999", "dayCount": "2", "stnSerialNumber": "9", "boardingDisabled": "false"}, {"stationCode": "BPQ", "stationName": "BALHARSHAH", "arrivalTime": "03:55", "departureTime": "04:00", "routeNumber": "1", "haltTime": "05:00", "distance": "1241", "dayCount": "2", "stnSerialNumber": "10", "boardingDisabled": "false"}, {"stationCode": "NGP", "stationName": "NAGPUR", "arrivalTime": "07:25", "departureTime": "07:30", "routeNumber": "1", "haltTime": "05:00", "distance": "1453", "dayCount": "2", "stnSerialNumber": "11", "boardingDisabled": "false"}, {"stationCode": "ET", "stationName": "ITARSI JN", "arrivalTime": "13:35", "departureTime": "13:45", "routeNumber": "1", "haltTime": "10:00", "distance": "1750", "dayCount": "2", "stnSerialNumber": "12", "boardingDisabled": "false"}, {"stationCode": "JBP", "stationName": "JABALPUR", "arrivalTime": "16:40", "departureTime": "16:50", "routeNumber": "1", "haltTime": "10:00", "distance": "1995", "dayCount": "2", "stnSerialNumber": "13", "boardingDisabled": "false"}, {"stationCode": "STA", "stationName": "SATNA", "arrivalTime": "19:35", "departureTime": "19:45", "routeNumber": "1", "haltTime": "10:00", "distance": "2184", "dayCount": "2", "stnSerialNumber": "15", "boardingDisabled": "false"}, {"stationCode": "PCOI", "stationName": "PRAYAGRAJCHEOKI", "arrivalTime": "00:10", "departureTime": "00:15", "routeNumber": "1", "haltTime": "05:00", "distance": "2353", "dayCount": "3", "stnSerialNumber": "16", "boardingDisabled": "false"}, {"stationCode": "DDU", "stationName": "DD UPADHYAYA JN", "arrivalTime": "04:08", "departureTime": "04:18", "routeNumber": "1", "haltTime": "10:00", "distance": "2497", "dayCount": "3", "stnSerialNumber": "17", "boardingDisabled": "false"}, {"stationCode": "ARA", "stationName": "ARA JN", "arrivalTime": "06:53", "departureTime": "06:55", "routeNumber": "1", "haltTime": "02:00", "distance": "2660", "dayCount": "3", "stnSerialNumber": "18", "boardingDisabled": "false"}, {"stationCode": "DNR", "stationName": "DANAPUR", "arrivalTime": "08:00", "departureTime": "--", "routeNumber": "1", "haltTime": "--", "distance": "2699", "dayCount": "3", "stnSerialNumber": "19", "boardingDisabled": "false"}]}