{"trainNumber": "06548", "trainName": "VLNK SBC SPL", "stationFrom": "VLNK", "stationTo": "SBC", "trainOwner": "0", "trainRunsOnMon": "N", "trainRunsOnTue": "N", "trainRunsOnWed": "N", "trainRunsOnThu": "N", "trainRunsOnFri": "N", "trainRunsOnSat": "Y", "trainRunsOnSun": "N", "timeStamp": "2023-06-19T15:30:34.481", "duration": "0", "stationList": [{"stationCode": "VLNK", "stationName": "VELLANKANNI", "arrivalTime": "--", "departureTime": "23:55", "routeNumber": "1", "haltTime": "--", "distance": "0", "dayCount": "1", "stnSerialNumber": "1", "boardingDisabled": "false"}, {"stationCode": "NGT", "stationName": "NAGAPPATTINAM", "arrivalTime": "00:15", "departureTime": "00:35", "routeNumber": "1", "haltTime": "20:00", "distance": "11", "dayCount": "2", "stnSerialNumber": "2", "boardingDisabled": "false"}, {"stationCode": "TVR", "stationName": "THIRUVARUR JN", "arrivalTime": "00:45", "departureTime": "00:47", "routeNumber": "1", "haltTime": "02:00", "distance": "34", "dayCount": "2", "stnSerialNumber": "3", "boardingDisabled": "false"}, {"stationCode": "NMJ", "stationName": "NIDAMANGALAM", "arrivalTime": "01:11", "departureTime": "01:12", "routeNumber": "1", "haltTime": "01:00", "distance": "58", "dayCount": "2", "stnSerialNumber": "4", "boardingDisabled": "false"}, {"stationCode": "TJ", "stationName": "THANJAVUR", "arrivalTime": "01:35", "departureTime": "01:37", "routeNumber": "1", "haltTime": "02:00", "distance": "88", "dayCount": "2", "stnSerialNumber": "5", "boardingDisabled": "false"}, {"stationCode": "TPJ", "stationName": "TIRUCHCHIRAPALI", "arrivalTime": "03:10", "departureTime": "03:25", "routeNumber": "1", "haltTime": "15:00", "distance": "138", "dayCount": "2", "stnSerialNumber": "6", "boardingDisabled": "false"}, {"stationCode": "KRR", "stationName": "KARUR", "arrivalTime": "04:28", "departureTime": "04:30", "routeNumber": "1", "haltTime": "02:00", "distance": "214", "dayCount": "2", "stnSerialNumber": "7", "boardingDisabled": "false"}, {"stationCode": "NMKL", "stationName": "NAMAKKAL", "arrivalTime": "05:09", "departureTime": "05:10", "routeNumber": "1", "haltTime": "01:00", "distance": "248", "dayCount": "2", "stnSerialNumber": "8", "boardingDisabled": "false"}, {"stationCode": "SA", "stationName": "SALEM JN", "arrivalTime": "06:10", "departureTime": "06:15", "routeNumber": "1", "haltTime": "05:00", "distance": "299", "dayCount": "2", "stnSerialNumber": "9", "boardingDisabled": "false"}, {"stationCode": "BWT", "stationName": "BANGARAPET", "arrivalTime": "10:33", "departureTime": "10:35", "routeNumber": "1", "haltTime": "02:00", "distance": "497", "dayCount": "2", "stnSerialNumber": "11", "boardingDisabled": "false"}, {"stationCode": "KJM", "stationName": "KRISHNARAJAPURM", "arrivalTime": "11:30", "departureTime": "11:32", "routeNumber": "1", "haltTime": "02:00", "distance": "553", "dayCount": "2", "stnSerialNumber": "12", "boardingDisabled": "false"}, {"stationCode": "BNC", "stationName": "BENGALURU CANT", "arrivalTime": "11:43", "departureTime": "11:45", "routeNumber": "1", "haltTime": "02:00", "distance": "563", "dayCount": "2", "stnSerialNumber": "13", "boardingDisabled": "false"}, {"stationCode": "SBC", "stationName": "KSR BENGALURU", "arrivalTime": "12:30", "departureTime": "--", "routeNumber": "1", "haltTime": "--", "distance": "567", "dayCount": "2", "stnSerialNumber": "14", "boardingDisabled": "false"}]}