{"trainNumber": "06545", "trainName": "YPR BJP EXP", "stationFrom": "YPR", "stationTo": "BJP", "trainOwner": "0", "trainRunsOnMon": "Y", "trainRunsOnTue": "Y", "trainRunsOnWed": "Y", "trainRunsOnThu": "Y", "trainRunsOnFri": "Y", "trainRunsOnSat": "Y", "trainRunsOnSun": "Y", "timeStamp": "2023-06-19T15:31:04.331", "duration": "0", "stationList": [{"stationCode": "YPR", "stationName": "YESVANTPUR JN", "arrivalTime": "--", "departureTime": "21:30", "routeNumber": "1", "haltTime": "--", "distance": "0", "dayCount": "1", "stnSerialNumber": "1", "boardingDisabled": "false"}, {"stationCode": "TK", "stationName": "TUMAKURU", "arrivalTime": "22:15", "departureTime": "22:17", "routeNumber": "1", "haltTime": "02:00", "distance": "65", "dayCount": "1", "stnSerialNumber": "2", "boardingDisabled": "false"}, {"stationCode": "TTR", "stationName": "TIPTUR", "arrivalTime": "23:13", "departureTime": "23:15", "routeNumber": "1", "haltTime": "02:00", "distance": "135", "dayCount": "1", "stnSerialNumber": "3", "boardingDisabled": "false"}, {"stationCode": "ASK", "stationName": "ARSIKERE JN", "arrivalTime": "23:35", "departureTime": "23:40", "routeNumber": "1", "haltTime": "05:00", "distance": "161", "dayCount": "1", "stnSerialNumber": "4", "boardingDisabled": "false"}, {"stationCode": "DRU", "stationName": "KADUR", "arrivalTime": "00:10", "departureTime": "00:12", "routeNumber": "1", "haltTime": "02:00", "distance": "200", "dayCount": "2", "stnSerialNumber": "5", "boardingDisabled": "false"}, {"stationCode": "HSD", "stationName": "HOSDURGA ROAD", "arrivalTime": "00:44", "departureTime": "00:45", "routeNumber": "1", "haltTime": "01:00", "distance": "245", "dayCount": "2", "stnSerialNumber": "6", "boardingDisabled": "false"}, {"stationCode": "JRU", "stationName": "CHIKJAJUR JN", "arrivalTime": "01:03", "departureTime": "01:05", "routeNumber": "1", "haltTime": "02:00", "distance": "274", "dayCount": "2", "stnSerialNumber": "7", "boardingDisabled": "false"}, {"stationCode": "DVG", "stationName": "DAVANGERE", "arrivalTime": "01:45", "departureTime": "01:47", "routeNumber": "1", "haltTime": "02:00", "distance": "320", "dayCount": "2", "stnSerialNumber": "8", "boardingDisabled": "false"}, {"stationCode": "HPHI", "stationName": "HARAPANAHALLI", "arrivalTime": "02:24", "departureTime": "02:25", "routeNumber": "1", "haltTime": "01:00", "distance": "368", "dayCount": "2", "stnSerialNumber": "9", "boardingDisabled": "false"}, {"stationCode": "KTY", "stationName": "KOTTURU", "arrivalTime": "03:10", "departureTime": "03:12", "routeNumber": "1", "haltTime": "02:00", "distance": "394", "dayCount": "2", "stnSerialNumber": "10", "boardingDisabled": "false"}, {"stationCode": "HBI", "stationName": "HGRIBOMANAHALLI", "arrivalTime": "03:44", "departureTime": "03:45", "routeNumber": "1", "haltTime": "01:00", "distance": "421", "dayCount": "2", "stnSerialNumber": "11", "boardingDisabled": "false"}, {"stationCode": "MMI", "stationName": "MARIYAMANAHALLI", "arrivalTime": "04:14", "departureTime": "04:15", "routeNumber": "1", "haltTime": "01:00", "distance": "443", "dayCount": "2", "stnSerialNumber": "12", "boardingDisabled": "false"}, {"stationCode": "HPT", "stationName": "HOSAPETE JN", "arrivalTime": "05:50", "departureTime": "05:55", "routeNumber": "1", "haltTime": "05:00", "distance": "465", "dayCount": "2", "stnSerialNumber": "13", "boardingDisabled": "false"}, {"stationCode": "KBL", "stationName": "KOPPAL", "arrivalTime": "06:24", "departureTime": "06:26", "routeNumber": "1", "haltTime": "02:00", "distance": "492", "dayCount": "2", "stnSerialNumber": "14", "boardingDisabled": "false"}, {"stationCode": "GDG", "stationName": "GADAG JN", "arrivalTime": "07:18", "departureTime": "07:20", "routeNumber": "1", "haltTime": "02:00", "distance": "550", "dayCount": "2", "stnSerialNumber": "15", "boardingDisabled": "false"}, {"stationCode": "MLP", "stationName": "MALLAPUR", "arrivalTime": "07:53", "departureTime": "07:54", "routeNumber": "1", "haltTime": "01:00", "distance": "581", "dayCount": "2", "stnSerialNumber": "16", "boardingDisabled": "false"}, {"stationCode": "HLAR", "stationName": "HOLE ALUR", "arrivalTime": "08:14", "departureTime": "08:15", "routeNumber": "1", "haltTime": "01:00", "distance": "598", "dayCount": "2", "stnSerialNumber": "17", "boardingDisabled": "false"}, {"stationCode": "BDM", "stationName": "BADAMI", "arrivalTime": "08:37", "departureTime": "08:38", "routeNumber": "1", "haltTime": "01:00", "distance": "617", "dayCount": "2", "stnSerialNumber": "18", "boardingDisabled": "false"}, {"stationCode": "GED", "stationName": "GULEDAGUDDA RD", "arrivalTime": "08:52", "departureTime": "08:53", "routeNumber": "1", "haltTime": "01:00", "distance": "630", "dayCount": "2", "stnSerialNumber": "19", "boardingDisabled": "false"}, {"stationCode": "BGK", "stationName": "BAGALKOT", "arrivalTime": "09:08", "departureTime": "09:10", "routeNumber": "1", "haltTime": "02:00", "distance": "643", "dayCount": "2", "stnSerialNumber": "20", "boardingDisabled": "false"}, {"stationCode": "LMT", "stationName": "ALMATTI", "arrivalTime": "09:49", "departureTime": "09:50", "routeNumber": "1", "haltTime": "01:00", "distance": "678", "dayCount": "2", "stnSerialNumber": "21", "boardingDisabled": "false"}, {"stationCode": "BSRX", "stationName": "BAGEVADI RD", "arrivalTime": "10:10", "departureTime": "10:11", "routeNumber": "1", "haltTime": "01:00", "distance": "696", "dayCount": "2", "stnSerialNumber": "22", "boardingDisabled": "false"}, {"stationCode": "BJP", "stationName": "VIJAYAPURA", "arrivalTime": "11:25", "departureTime": "--", "routeNumber": "1", "haltTime": "--", "distance": "740", "dayCount": "2", "stnSerialNumber": "23", "boardingDisabled": "false"}]}