{"trainNumber": "06547", "trainName": "SBC VLNK SPL", "stationFrom": "SBC", "stationTo": "VLNK", "trainOwner": "0", "trainRunsOnMon": "N", "trainRunsOnTue": "N", "trainRunsOnWed": "N", "trainRunsOnThu": "N", "trainRunsOnFri": "N", "trainRunsOnSat": "Y", "trainRunsOnSun": "N", "timeStamp": "2023-06-19T15:30:34.478", "duration": "0", "stationList": [{"stationCode": "SBC", "stationName": "KSR BENGALURU", "arrivalTime": "--", "departureTime": "07:50", "routeNumber": "1", "haltTime": "--", "distance": "0", "dayCount": "1", "stnSerialNumber": "1", "boardingDisabled": "false"}, {"stationCode": "BNC", "stationName": "BENGALURU CANT", "arrivalTime": "08:00", "departureTime": "08:02", "routeNumber": "1", "haltTime": "02:00", "distance": "5", "dayCount": "1", "stnSerialNumber": "2", "boardingDisabled": "false"}, {"stationCode": "KJM", "stationName": "KRISHNARAJAPURM", "arrivalTime": "08:13", "departureTime": "08:15", "routeNumber": "1", "haltTime": "02:00", "distance": "15", "dayCount": "1", "stnSerialNumber": "3", "boardingDisabled": "false"}, {"stationCode": "BWT", "stationName": "BANGARAPET", "arrivalTime": "08:50", "departureTime": "08:52", "routeNumber": "1", "haltTime": "02:00", "distance": "71", "dayCount": "1", "stnSerialNumber": "4", "boardingDisabled": "false"}, {"stationCode": "SA", "stationName": "SALEM JN", "arrivalTime": "11:50", "departureTime": "11:55", "routeNumber": "1", "haltTime": "05:00", "distance": "269", "dayCount": "1", "stnSerialNumber": "5", "boardingDisabled": "false"}, {"stationCode": "NMKL", "stationName": "NAMAKKAL", "arrivalTime": "12:49", "departureTime": "12:50", "routeNumber": "1", "haltTime": "01:00", "distance": "320", "dayCount": "1", "stnSerialNumber": "6", "boardingDisabled": "false"}, {"stationCode": "KRR", "stationName": "KARUR", "arrivalTime": "13:30", "departureTime": "13:32", "routeNumber": "1", "haltTime": "02:00", "distance": "354", "dayCount": "1", "stnSerialNumber": "7", "boardingDisabled": "false"}, {"stationCode": "TPJ", "stationName": "TIRUCHCHIRAPALI", "arrivalTime": "15:30", "departureTime": "15:50", "routeNumber": "1", "haltTime": "20:00", "distance": "430", "dayCount": "1", "stnSerialNumber": "8", "boardingDisabled": "false"}, {"stationCode": "TJ", "stationName": "THANJAVUR", "arrivalTime": "16:43", "departureTime": "16:45", "routeNumber": "1", "haltTime": "02:00", "distance": "480", "dayCount": "1", "stnSerialNumber": "9", "boardingDisabled": "false"}, {"stationCode": "NMJ", "stationName": "NIDAMANGALAM", "arrivalTime": "17:11", "departureTime": "17:12", "routeNumber": "1", "haltTime": "01:00", "distance": "510", "dayCount": "1", "stnSerialNumber": "10", "boardingDisabled": "false"}, {"stationCode": "TVR", "stationName": "THIRUVARUR JN", "arrivalTime": "17:40", "departureTime": "17:45", "routeNumber": "1", "haltTime": "05:00", "distance": "534", "dayCount": "1", "stnSerialNumber": "11", "boardingDisabled": "false"}, {"stationCode": "NGT", "stationName": "NAGAPPATTINAM", "arrivalTime": "18:15", "departureTime": "18:35", "routeNumber": "1", "haltTime": "20:00", "distance": "557", "dayCount": "1", "stnSerialNumber": "12", "boardingDisabled": "false"}, {"stationCode": "VLNK", "stationName": "VELLANKANNI", "arrivalTime": "19:00", "departureTime": "--", "routeNumber": "1", "haltTime": "--", "distance": "567", "dayCount": "1", "stnSerialNumber": "13", "boardingDisabled": "false"}]}