{"trainNumber": "06563", "trainName": "YPR MRDW EXP", "stationFrom": "YPR", "stationTo": "MRDW", "trainOwner": "0", "trainRunsOnMon": "N", "trainRunsOnTue": "N", "trainRunsOnWed": "N", "trainRunsOnThu": "N", "trainRunsOnFri": "N", "trainRunsOnSat": "Y", "trainRunsOnSun": "N", "timeStamp": "2023-06-19T15:31:04.796", "duration": "0", "stationList": [{"stationCode": "YPR", "stationName": "YESVANTPUR JN", "arrivalTime": "--", "departureTime": "23:55", "routeNumber": "1", "haltTime": "--", "distance": "0", "dayCount": "1", "stnSerialNumber": "1", "boardingDisabled": "false"}, {"stationCode": "BAW", "stationName": "CHIK BANAVAR", "arrivalTime": "00:06", "departureTime": "00:07", "routeNumber": "1", "haltTime": "01:00", "distance": "9", "dayCount": "2", "stnSerialNumber": "2", "boardingDisabled": "false"}, {"stationCode": "NMGA", "stationName": "NELAMANGALA", "arrivalTime": "00:23", "departureTime": "00:25", "routeNumber": "1", "haltTime": "02:00", "distance": "22", "dayCount": "2", "stnSerialNumber": "3", "boardingDisabled": "false"}, {"stationCode": "KIGL", "stationName": "KUNIGAL", "arrivalTime": "00:53", "departureTime": "00:55", "routeNumber": "1", "haltTime": "02:00", "distance": "67", "dayCount": "2", "stnSerialNumber": "4", "boardingDisabled": "false"}, {"stationCode": "SBGA", "stationName": "SHRAVANBELAGOLA", "arrivalTime": "01:40", "departureTime": "01:42", "routeNumber": "1", "haltTime": "02:00", "distance": "133", "dayCount": "2", "stnSerialNumber": "5", "boardingDisabled": "false"}, {"stationCode": "CNPA", "stationName": "CHANNARAYAPATNA", "arrivalTime": "01:56", "departureTime": "01:58", "routeNumber": "1", "haltTime": "02:00", "distance": "142", "dayCount": "2", "stnSerialNumber": "6", "boardingDisabled": "false"}, {"stationCode": "HAS", "stationName": "HASSAN", "arrivalTime": "03:05", "departureTime": "03:25", "routeNumber": "1", "haltTime": "20:00", "distance": "174", "dayCount": "2", "stnSerialNumber": "7", "boardingDisabled": "false"}, {"stationCode": "SKLR", "stationName": "SAKLESHPUR", "arrivalTime": "04:40", "departureTime": "04:50", "routeNumber": "1", "haltTime": "10:00", "distance": "216", "dayCount": "2", "stnSerialNumber": "8", "boardingDisabled": "false"}, {"stationCode": "SBHR", "stationName": "SUBRAHMANYA RD", "arrivalTime": "07:25", "departureTime": "07:30", "routeNumber": "1", "haltTime": "05:00", "distance": "327", "dayCount": "2", "stnSerialNumber": "9", "boardingDisabled": "false"}, {"stationCode": "KBPR", "stationName": "KABAKAPUTTUR", "arrivalTime": "08:13", "departureTime": "08:15", "routeNumber": "1", "haltTime": "02:00", "distance": "369", "dayCount": "2", "stnSerialNumber": "10", "boardingDisabled": "false"}, {"stationCode": "BNTL", "stationName": "BANTAWALA", "arrivalTime": "08:55", "departureTime": "08:57", "routeNumber": "1", "haltTime": "02:00", "distance": "394", "dayCount": "2", "stnSerialNumber": "11", "boardingDisabled": "false"}, {"stationCode": "SL", "stationName": "SURATHKAL", "arrivalTime": "09:58", "departureTime": "10:00", "routeNumber": "1", "haltTime": "02:00", "distance": "435", "dayCount": "2", "stnSerialNumber": "12", "boardingDisabled": "false"}, {"stationCode": "MULK", "stationName": "MULKI", "arrivalTime": "10:16", "departureTime": "10:18", "routeNumber": "1", "haltTime": "02:00", "distance": "448", "dayCount": "2", "stnSerialNumber": "13", "boardingDisabled": "false"}, {"stationCode": "UD", "stationName": "UDUPI", "arrivalTime": "10:40", "departureTime": "10:42", "routeNumber": "1", "haltTime": "02:00", "distance": "494", "dayCount": "2", "stnSerialNumber": "14", "boardingDisabled": "false"}, {"stationCode": "BKJ", "stationName": "BARKUR", "arrivalTime": "10:56", "departureTime": "10:58", "routeNumber": "1", "haltTime": "02:00", "distance": "517", "dayCount": "2", "stnSerialNumber": "15", "boardingDisabled": "false"}, {"stationCode": "KUDA", "stationName": "KUNDAPURA", "arrivalTime": "11:14", "departureTime": "11:16", "routeNumber": "1", "haltTime": "02:00", "distance": "539", "dayCount": "2", "stnSerialNumber": "16", "boardingDisabled": "false"}, {"stationCode": "BYNR", "stationName": "MOOKAMBIKA ROAD", "arrivalTime": "11:40", "departureTime": "11:42", "routeNumber": "1", "haltTime": "02:00", "distance": "586", "dayCount": "2", "stnSerialNumber": "17", "boardingDisabled": "false"}, {"stationCode": "BTJL", "stationName": "BHATKAL", "arrivalTime": "12:00", "departureTime": "12:02", "routeNumber": "1", "haltTime": "02:00", "distance": "608", "dayCount": "2", "stnSerialNumber": "18", "boardingDisabled": "false"}, {"stationCode": "MRDW", "stationName": "MURDESHWAR", "arrivalTime": "12:55", "departureTime": "--", "routeNumber": "1", "haltTime": "--", "distance": "628", "dayCount": "2", "stnSerialNumber": "19", "boardingDisabled": "false"}]}