{"trainNumber": "06564", "trainName": "MRDW YPR EXP SPL", "stationFrom": "MRDW", "stationTo": "YPR", "trainOwner": "0", "trainRunsOnMon": "N", "trainRunsOnTue": "N", "trainRunsOnWed": "N", "trainRunsOnThu": "N", "trainRunsOnFri": "N", "trainRunsOnSat": "N", "trainRunsOnSun": "Y", "timeStamp": "2023-06-19T15:31:04.781", "duration": "0", "stationList": [{"stationCode": "MRDW", "stationName": "MURDESHWAR", "arrivalTime": "--", "departureTime": "13:30", "routeNumber": "1", "haltTime": "--", "distance": "0", "dayCount": "1", "stnSerialNumber": "1", "boardingDisabled": "false"}, {"stationCode": "BTJL", "stationName": "BHATKAL", "arrivalTime": "13:42", "departureTime": "13:44", "routeNumber": "1", "haltTime": "02:00", "distance": "21", "dayCount": "1", "stnSerialNumber": "2", "boardingDisabled": "false"}, {"stationCode": "BYNR", "stationName": "MOOKAMBIKA ROAD", "arrivalTime": "13:56", "departureTime": "13:58", "routeNumber": "1", "haltTime": "02:00", "distance": "43", "dayCount": "1", "stnSerialNumber": "3", "boardingDisabled": "false"}, {"stationCode": "KUDA", "stationName": "KUNDAPURA", "arrivalTime": "14:30", "departureTime": "14:32", "routeNumber": "1", "haltTime": "02:00", "distance": "90", "dayCount": "1", "stnSerialNumber": "4", "boardingDisabled": "false"}, {"stationCode": "BKJ", "stationName": "BARKUR", "arrivalTime": "15:00", "departureTime": "15:02", "routeNumber": "1", "haltTime": "02:00", "distance": "112", "dayCount": "1", "stnSerialNumber": "5", "boardingDisabled": "false"}, {"stationCode": "UD", "stationName": "UDUPI", "arrivalTime": "15:15", "departureTime": "15:17", "routeNumber": "1", "haltTime": "02:00", "distance": "135", "dayCount": "1", "stnSerialNumber": "6", "boardingDisabled": "false"}, {"stationCode": "MULK", "stationName": "MULKI", "arrivalTime": "15:50", "departureTime": "15:52", "routeNumber": "1", "haltTime": "02:00", "distance": "181", "dayCount": "1", "stnSerialNumber": "7", "boardingDisabled": "false"}, {"stationCode": "SL", "stationName": "SURATHKAL", "arrivalTime": "16:20", "departureTime": "16:22", "routeNumber": "1", "haltTime": "02:00", "distance": "193", "dayCount": "1", "stnSerialNumber": "8", "boardingDisabled": "false"}, {"stationCode": "BNTL", "stationName": "BANTAWALA", "arrivalTime": "17:50", "departureTime": "17:52", "routeNumber": "1", "haltTime": "02:00", "distance": "235", "dayCount": "1", "stnSerialNumber": "10", "boardingDisabled": "false"}, {"stationCode": "KBPR", "stationName": "KABAKAPUTTUR", "arrivalTime": "18:18", "departureTime": "18:20", "routeNumber": "1", "haltTime": "02:00", "distance": "260", "dayCount": "1", "stnSerialNumber": "11", "boardingDisabled": "false"}, {"stationCode": "SBHR", "stationName": "SUBRAHMANYA RD", "arrivalTime": "19:05", "departureTime": "19:15", "routeNumber": "1", "haltTime": "10:00", "distance": "302", "dayCount": "1", "stnSerialNumber": "12", "boardingDisabled": "false"}, {"stationCode": "SKLR", "stationName": "SAKLESHPUR", "arrivalTime": "21:30", "departureTime": "21:40", "routeNumber": "1", "haltTime": "10:00", "distance": "412", "dayCount": "1", "stnSerialNumber": "13", "boardingDisabled": "false"}, {"stationCode": "HAS", "stationName": "HASSAN", "arrivalTime": "22:45", "departureTime": "23:15", "routeNumber": "1", "haltTime": "30:00", "distance": "454", "dayCount": "1", "stnSerialNumber": "14", "boardingDisabled": "false"}, {"stationCode": "CNPA", "stationName": "CHANNARAYAPATNA", "arrivalTime": "00:18", "departureTime": "00:20", "routeNumber": "1", "haltTime": "02:00", "distance": "487", "dayCount": "2", "stnSerialNumber": "15", "boardingDisabled": "false"}, {"stationCode": "SBGA", "stationName": "SHRAVANBELAGOLA", "arrivalTime": "00:33", "departureTime": "00:35", "routeNumber": "1", "haltTime": "02:00", "distance": "496", "dayCount": "2", "stnSerialNumber": "16", "boardingDisabled": "false"}, {"stationCode": "KIGL", "stationName": "KUNIGAL", "arrivalTime": "01:28", "departureTime": "01:30", "routeNumber": "1", "haltTime": "02:00", "distance": "561", "dayCount": "2", "stnSerialNumber": "17", "boardingDisabled": "false"}, {"stationCode": "NMGA", "stationName": "NELAMANGALA", "arrivalTime": "02:43", "departureTime": "02:45", "routeNumber": "1", "haltTime": "02:00", "distance": "607", "dayCount": "2", "stnSerialNumber": "18", "boardingDisabled": "false"}, {"stationCode": "BAW", "stationName": "CHIK BANAVAR", "arrivalTime": "03:28", "departureTime": "03:30", "routeNumber": "1", "haltTime": "02:00", "distance": "620", "dayCount": "2", "stnSerialNumber": "19", "boardingDisabled": "false"}, {"stationCode": "YPR", "stationName": "YESVANTPUR JN", "arrivalTime": "04:00", "departureTime": "--", "routeNumber": "1", "haltTime": "--", "distance": "628", "dayCount": "2", "stnSerialNumber": "20", "boardingDisabled": "false"}]}{"trainNumber": "06564", "trainName": "MRDW YPR EXP SPL", "stationFrom": "MRDW", "stationTo": "YPR", "trainOwner": "0", "trainRunsOnMon": "N", "trainRunsOnTue": "N", "trainRunsOnWed": "N", "trainRunsOnThu": "N", "trainRunsOnFri": "N", "trainRunsOnSat": "N", "trainRunsOnSun": "Y", "timeStamp": "2023-06-19T15:31:51.108", "duration": "0", "stationList": [{"stationCode": "MRDW", "stationName": "MURDESHWAR", "arrivalTime": "--", "departureTime": "13:30", "routeNumber": "1", "haltTime": "--", "distance": "0", "dayCount": "1", "stnSerialNumber": "1", "boardingDisabled": "false"}, {"stationCode": "BTJL", "stationName": "BHATKAL", "arrivalTime": "13:42", "departureTime": "13:44", "routeNumber": "1", "haltTime": "02:00", "distance": "21", "dayCount": "1", "stnSerialNumber": "2", "boardingDisabled": "false"}, {"stationCode": "BYNR", "stationName": "MOOKAMBIKA ROAD", "arrivalTime": "13:56", "departureTime": "13:58", "routeNumber": "1", "haltTime": "02:00", "distance": "43", "dayCount": "1", "stnSerialNumber": "3", "boardingDisabled": "false"}, {"stationCode": "KUDA", "stationName": "KUNDAPURA", "arrivalTime": "14:30", "departureTime": "14:32", "routeNumber": "1", "haltTime": "02:00", "distance": "90", "dayCount": "1", "stnSerialNumber": "4", "boardingDisabled": "false"}, {"stationCode": "BKJ", "stationName": "BARKUR", "arrivalTime": "15:00", "departureTime": "15:02", "routeNumber": "1", "haltTime": "02:00", "distance": "112", "dayCount": "1", "stnSerialNumber": "5", "boardingDisabled": "false"}, {"stationCode": "UD", "stationName": "UDUPI", "arrivalTime": "15:15", "departureTime": "15:17", "routeNumber": "1", "haltTime": "02:00", "distance": "135", "dayCount": "1", "stnSerialNumber": "6", "boardingDisabled": "false"}, {"stationCode": "MULK", "stationName": "MULKI", "arrivalTime": "15:50", "departureTime": "15:52", "routeNumber": "1", "haltTime": "02:00", "distance": "181", "dayCount": "1", "stnSerialNumber": "7", "boardingDisabled": "false"}, {"stationCode": "SL", "stationName": "SURATHKAL", "arrivalTime": "16:20", "departureTime": "16:22", "routeNumber": "1", "haltTime": "02:00", "distance": "193", "dayCount": "1", "stnSerialNumber": "8", "boardingDisabled": "false"}, {"stationCode": "BNTL", "stationName": "BANTAWALA", "arrivalTime": "17:50", "departureTime": "17:52", "routeNumber": "1", "haltTime": "02:00", "distance": "235", "dayCount": "1", "stnSerialNumber": "10", "boardingDisabled": "false"}, {"stationCode": "KBPR", "stationName": "KABAKAPUTTUR", "arrivalTime": "18:18", "departureTime": "18:20", "routeNumber": "1", "haltTime": "02:00", "distance": "260", "dayCount": "1", "stnSerialNumber": "11", "boardingDisabled": "false"}, {"stationCode": "SBHR", "stationName": "SUBRAHMANYA RD", "arrivalTime": "19:05", "departureTime": "19:15", "routeNumber": "1", "haltTime": "10:00", "distance": "302", "dayCount": "1", "stnSerialNumber": "12", "boardingDisabled": "false"}, {"stationCode": "SKLR", "stationName": "SAKLESHPUR", "arrivalTime": "21:30", "departureTime": "21:40", "routeNumber": "1", "haltTime": "10:00", "distance": "412", "dayCount": "1", "stnSerialNumber": "13", "boardingDisabled": "false"}, {"stationCode": "HAS", "stationName": "HASSAN", "arrivalTime": "22:45", "departureTime": "23:15", "routeNumber": "1", "haltTime": "30:00", "distance": "454", "dayCount": "1", "stnSerialNumber": "14", "boardingDisabled": "false"}, {"stationCode": "CNPA", "stationName": "CHANNARAYAPATNA", "arrivalTime": "00:18", "departureTime": "00:20", "routeNumber": "1", "haltTime": "02:00", "distance": "487", "dayCount": "2", "stnSerialNumber": "15", "boardingDisabled": "false"}, {"stationCode": "SBGA", "stationName": "SHRAVANBELAGOLA", "arrivalTime": "00:33", "departureTime": "00:35", "routeNumber": "1", "haltTime": "02:00", "distance": "496", "dayCount": "2", "stnSerialNumber": "16", "boardingDisabled": "false"}, {"stationCode": "KIGL", "stationName": "KUNIGAL", "arrivalTime": "01:28", "departureTime": "01:30", "routeNumber": "1", "haltTime": "02:00", "distance": "561", "dayCount": "2", "stnSerialNumber": "17", "boardingDisabled": "false"}, {"stationCode": "NMGA", "stationName": "NELAMANGALA", "arrivalTime": "02:43", "departureTime": "02:45", "routeNumber": "1", "haltTime": "02:00", "distance": "607", "dayCount": "2", "stnSerialNumber": "18", "boardingDisabled": "false"}, {"stationCode": "BAW", "stationName": "CHIK BANAVAR", "arrivalTime": "03:28", "departureTime": "03:30", "routeNumber": "1", "haltTime": "02:00", "distance": "620", "dayCount": "2", "stnSerialNumber": "19", "boardingDisabled": "false"}, {"stationCode": "YPR", "stationName": "YESVANTPUR JN", "arrivalTime": "04:00", "departureTime": "--", "routeNumber": "1", "haltTime": "--", "distance": "628", "dayCount": "2", "stnSerialNumber": "20", "boardingDisabled": "false"}]}