{"trainNumber": "06601", "trainName": "MAO MAQ SPL", "stationFrom": "MAO", "stationTo": "MAQ", "trainOwner": "0", "trainRunsOnMon": "Y", "trainRunsOnTue": "Y", "trainRunsOnWed": "Y", "trainRunsOnThu": "Y", "trainRunsOnFri": "Y", "trainRunsOnSat": "Y", "trainRunsOnSun": "Y", "timeStamp": "2023-06-19T15:31:08.581", "duration": "0", "stationList": [{"stationCode": "MAO", "stationName": "MADGAON", "arrivalTime": "--", "departureTime": "13:50", "routeNumber": "1", "haltTime": "--", "distance": "0", "dayCount": "1", "stnSerialNumber": "1", "boardingDisabled": "false"}, {"stationCode": "BLLI", "stationName": "BALLI", "arrivalTime": "14:08", "departureTime": "14:09", "routeNumber": "1", "haltTime": "01:00", "distance": "23", "dayCount": "1", "stnSerialNumber": "2", "boardingDisabled": "false"}, {"stationCode": "CNO", "stationName": "CANCONA", "arrivalTime": "14:26", "departureTime": "14:27", "routeNumber": "1", "haltTime": "01:00", "distance": "46", "dayCount": "1", "stnSerialNumber": "3", "boardingDisabled": "false"}, {"stationCode": "LOL", "stationName": "LOLIEM", "arrivalTime": "14:39", "departureTime": "14:40", "routeNumber": "1", "haltTime": "01:00", "distance": "60", "dayCount": "1", "stnSerialNumber": "4", "boardingDisabled": "false"}, {"stationCode": "AT", "stationName": "ASNOTI", "arrivalTime": "14:47", "departureTime": "14:48", "routeNumber": "1", "haltTime": "01:00", "distance": "72", "dayCount": "1", "stnSerialNumber": "5", "boardingDisabled": "false"}, {"stationCode": "KAWR", "stationName": "KARWAR", "arrivalTime": "14:57", "departureTime": "14:58", "routeNumber": "1", "haltTime": "01:00", "distance": "82", "dayCount": "1", "stnSerialNumber": "6", "boardingDisabled": "false"}, {"stationCode": "HAA", "stationName": "HARWADA", "arrivalTime": "15:13", "departureTime": "15:14", "routeNumber": "1", "haltTime": "01:00", "distance": "102", "dayCount": "1", "stnSerialNumber": "7", "boardingDisabled": "false"}, {"stationCode": "ANKL", "stationName": "ANKOLA", "arrivalTime": "15:27", "departureTime": "15:28", "routeNumber": "1", "haltTime": "01:00", "distance": "122", "dayCount": "1", "stnSerialNumber": "8", "boardingDisabled": "false"}, {"stationCode": "GOK", "stationName": "GOKARNA ROAD", "arrivalTime": "15:39", "departureTime": "15:40", "routeNumber": "1", "haltTime": "01:00", "distance": "133", "dayCount": "1", "stnSerialNumber": "9", "boardingDisabled": "false"}, {"stationCode": "MRJN", "stationName": "MIRJAN", "arrivalTime": "15:50", "departureTime": "15:51", "routeNumber": "1", "haltTime": "01:00", "distance": "149", "dayCount": "1", "stnSerialNumber": "10", "boardingDisabled": "false"}, {"stationCode": "KT", "stationName": "KUMTA", "arrivalTime": "16:00", "departureTime": "16:01", "routeNumber": "1", "haltTime": "01:00", "distance": "159", "dayCount": "1", "stnSerialNumber": "11", "boardingDisabled": "false"}, {"stationCode": "HNA", "stationName": "HONNAVAR", "arrivalTime": "16:16", "departureTime": "16:17", "routeNumber": "1", "haltTime": "01:00", "distance": "179", "dayCount": "1", "stnSerialNumber": "12", "boardingDisabled": "false"}, {"stationCode": "MANK", "stationName": "MANKI", "arrivalTime": "16:32", "departureTime": "16:33", "routeNumber": "1", "haltTime": "01:00", "distance": "204", "dayCount": "1", "stnSerialNumber": "13", "boardingDisabled": "false"}, {"stationCode": "MRDW", "stationName": "MURDESHWAR", "arrivalTime": "16:43", "departureTime": "16:44", "routeNumber": "1", "haltTime": "01:00", "distance": "216", "dayCount": "1", "stnSerialNumber": "14", "boardingDisabled": "false"}, {"stationCode": "CTTP", "stationName": "CHITRAPUR (H)", "arrivalTime": "16:55", "departureTime": "16:56", "routeNumber": "1", "haltTime": "01:00", "distance": "227", "dayCount": "1", "stnSerialNumber": "15", "boardingDisabled": "false"}, {"stationCode": "BTJL", "stationName": "BHATKAL", "arrivalTime": "17:06", "departureTime": "17:07", "routeNumber": "1", "haltTime": "01:00", "distance": "236", "dayCount": "1", "stnSerialNumber": "16", "boardingDisabled": "false"}, {"stationCode": "SHMI", "stationName": "SHIROOR", "arrivalTime": "17:16", "departureTime": "17:17", "routeNumber": "1", "haltTime": "01:00", "distance": "247", "dayCount": "1", "stnSerialNumber": "17", "boardingDisabled": "false"}, {"stationCode": "BYNR", "stationName": "MOOKAMBIKA ROAD", "arrivalTime": "17:27", "departureTime": "17:28", "routeNumber": "1", "haltTime": "01:00", "distance": "258", "dayCount": "1", "stnSerialNumber": "18", "boardingDisabled": "false"}, {"stationCode": "BIJR", "stationName": "BIJOOR", "arrivalTime": "17:39", "departureTime": "17:40", "routeNumber": "1", "haltTime": "01:00", "distance": "266", "dayCount": "1", "stnSerialNumber": "19", "boardingDisabled": "false"}, {"stationCode": "SEN", "stationName": "SENAPURA", "arrivalTime": "18:02", "departureTime": "18:03", "routeNumber": "1", "haltTime": "01:00", "distance": "286", "dayCount": "1", "stnSerialNumber": "20", "boardingDisabled": "false"}, {"stationCode": "KUDA", "stationName": "KUNDAPURA", "arrivalTime": "18:16", "departureTime": "18:17", "routeNumber": "1", "haltTime": "01:00", "distance": "305", "dayCount": "1", "stnSerialNumber": "21", "boardingDisabled": "false"}, {"stationCode": "BKJ", "stationName": "BARKUR", "arrivalTime": "18:30", "departureTime": "18:31", "routeNumber": "1", "haltTime": "01:00", "distance": "327", "dayCount": "1", "stnSerialNumber": "22", "boardingDisabled": "false"}, {"stationCode": "UD", "stationName": "UDUPI", "arrivalTime": "18:54", "departureTime": "18:55", "routeNumber": "1", "haltTime": "01:00", "distance": "350", "dayCount": "1", "stnSerialNumber": "23", "boardingDisabled": "false"}, {"stationCode": "INJ", "stationName": "INNANJE", "arrivalTime": "19:04", "departureTime": "19:05", "routeNumber": "1", "haltTime": "01:00", "distance": "363", "dayCount": "1", "stnSerialNumber": "24", "boardingDisabled": "false"}, {"stationCode": "PDD", "stationName": "PADUBIDRI", "arrivalTime": "19:15", "departureTime": "19:16", "routeNumber": "1", "haltTime": "01:00", "distance": "373", "dayCount": "1", "stnSerialNumber": "25", "boardingDisabled": "false"}, {"stationCode": "NAND", "stationName": "NANDIKOOR", "arrivalTime": "19:26", "departureTime": "19:27", "routeNumber": "1", "haltTime": "01:00", "distance": "385", "dayCount": "1", "stnSerialNumber": "26", "boardingDisabled": "false"}, {"stationCode": "MULK", "stationName": "MULKI", "arrivalTime": "19:36", "departureTime": "19:37", "routeNumber": "1", "haltTime": "01:00", "distance": "396", "dayCount": "1", "stnSerialNumber": "27", "boardingDisabled": "false"}, {"stationCode": "SL", "stationName": "SURATHKAL", "arrivalTime": "19:46", "departureTime": "19:47", "routeNumber": "1", "haltTime": "01:00", "distance": "408", "dayCount": "1", "stnSerialNumber": "28", "boardingDisabled": "false"}, {"stationCode": "TOK", "stationName": "THOKUR", "arrivalTime": "19:57", "departureTime": "19:58", "routeNumber": "1", "haltTime": "01:00", "distance": "415", "dayCount": "1", "stnSerialNumber": "29", "boardingDisabled": "false"}, {"stationCode": "MAJN", "stationName": "MANGALURU JN", "arrivalTime": "21:08", "departureTime": "21:10", "routeNumber": "1", "haltTime": "02:00", "distance": "431", "dayCount": "1", "stnSerialNumber": "30", "boardingDisabled": "false"}, {"stationCode": "MAQ", "stationName": "MANGALURU CNTL", "arrivalTime": "21:40", "departureTime": "--", "routeNumber": "1", "haltTime": "--", "distance": "437", "dayCount": "1", "stnSerialNumber": "31", "boardingDisabled": "false"}]}