{"trainNumber": "07004", "trainName": "SUR HYDERABAD SP", "stationFrom": "SUR", "stationTo": "HYB", "trainOwner": "0", "trainRunsOnMon": "Y", "trainRunsOnTue": "Y", "trainRunsOnWed": "Y", "trainRunsOnThu": "Y", "trainRunsOnFri": "Y", "trainRunsOnSat": "Y", "trainRunsOnSun": "Y", "timeStamp": "2023-06-19T15:30:59.696", "duration": "0", "stationList": [{"stationCode": "SUR", "stationName": "SOLAPUR JN", "arrivalTime": "--", "departureTime": "13:20", "routeNumber": "1", "haltTime": "--", "distance": "0", "dayCount": "1", "stnSerialNumber": "1", "boardingDisabled": "false"}, {"stationCode": "TLT", "stationName": "TILATI", "arrivalTime": "13:42", "departureTime": "13:44", "routeNumber": "1", "haltTime": "02:00", "distance": "25", "dayCount": "1", "stnSerialNumber": "2", "boardingDisabled": "false"}, {"stationCode": "AKOR", "stationName": "AKALKOT ROAD", "arrivalTime": "13:55", "departureTime": "13:57", "routeNumber": "1", "haltTime": "02:00", "distance": "36", "dayCount": "1", "stnSerialNumber": "3", "boardingDisabled": "false"}, {"stationCode": "GUR", "stationName": "GANAGAPUR ROAD", "arrivalTime": "14:35", "departureTime": "14:37", "routeNumber": "1", "haltTime": "02:00", "distance": "87", "dayCount": "1", "stnSerialNumber": "4", "boardingDisabled": "false"}, {"stationCode": "KLBG", "stationName": "KALABURAGI", "arrivalTime": "15:02", "departureTime": "15:05", "routeNumber": "1", "haltTime": "03:00", "distance": "113", "dayCount": "1", "stnSerialNumber": "5", "boardingDisabled": "false"}, {"stationCode": "SDB", "stationName": "SHAHABAD", "arrivalTime": "15:25", "departureTime": "15:27", "routeNumber": "1", "haltTime": "02:00", "distance": "140", "dayCount": "1", "stnSerialNumber": "6", "boardingDisabled": "false"}, {"stationCode": "WADI", "stationName": "WADI", "arrivalTime": "16:20", "departureTime": "16:25", "routeNumber": "1", "haltTime": "05:00", "distance": "150", "dayCount": "1", "stnSerialNumber": "7", "boardingDisabled": "false"}, {"stationCode": "SEM", "stationName": "SERAM", "arrivalTime": "17:00", "departureTime": "17:01", "routeNumber": "1", "haltTime": "01:00", "distance": "187", "dayCount": "1", "stnSerialNumber": "8", "boardingDisabled": "false"}, {"stationCode": "TDU", "stationName": "TANDUR", "arrivalTime": "17:27", "departureTime": "17:28", "routeNumber": "1", "haltTime": "01:00", "distance": "221", "dayCount": "1", "stnSerialNumber": "9", "boardingDisabled": "false"}, {"stationCode": "VKB", "stationName": "VIKARABAD JN", "arrivalTime": "18:15", "departureTime": "18:17", "routeNumber": "1", "haltTime": "02:00", "distance": "262", "dayCount": "1", "stnSerialNumber": "10", "boardingDisabled": "false"}, {"stationCode": "LPI", "stationName": "LINGAMPALLI", "arrivalTime": "19:05", "departureTime": "19:07", "routeNumber": "1", "haltTime": "02:00", "distance": "311", "dayCount": "1", "stnSerialNumber": "11", "boardingDisabled": "false"}, {"stationCode": "BMT", "stationName": "BEGAMPET", "arrivalTime": "19:35", "departureTime": "19:38", "routeNumber": "1", "haltTime": "03:00", "distance": "329", "dayCount": "1", "stnSerialNumber": "12", "boardingDisabled": "false"}, {"stationCode": "HYB", "stationName": "HYDERABAD DECAN", "arrivalTime": "20:30", "departureTime": "--", "routeNumber": "1", "haltTime": "--", "distance": "335", "dayCount": "1", "stnSerialNumber": "13", "boardingDisabled": "false"}]}