{"trainNumber": "07029", "trainName": "AGTL SC SPECIAL", "stationFrom": "AGTL", "stationTo": "SC", "trainOwner": "0", "trainRunsOnMon": "N", "trainRunsOnTue": "N", "trainRunsOnWed": "N", "trainRunsOnThu": "N", "trainRunsOnFri": "Y", "trainRunsOnSat": "N", "trainRunsOnSun": "N", "timeStamp": "2023-06-19T15:30:15.767", "duration": "0", "stationList": [{"stationCode": "AGTL", "stationName": "AGARTALA", "arrivalTime": "--", "departureTime": "06:10", "routeNumber": "1", "haltTime": "--", "distance": "0", "dayCount": "1", "stnSerialNumber": "1", "boardingDisabled": "false"}, {"stationCode": "ABSA", "stationName": "AMBASA", "arrivalTime": "07:08", "departureTime": "07:10", "routeNumber": "1", "haltTime": "02:00", "distance": "67", "dayCount": "1", "stnSerialNumber": "2", "boardingDisabled": "false"}, {"stationCode": "DMR", "stationName": "DHARMANAGAR", "arrivalTime": "08:28", "departureTime": "08:30", "routeNumber": "1", "haltTime": "02:00", "distance": "140", "dayCount": "1", "stnSerialNumber": "3", "boardingDisabled": "false"}, {"stationCode": "NKMG", "stationName": "NEW KARIMGANJ", "arrivalTime": "09:55", "departureTime": "09:57", "routeNumber": "1", "haltTime": "02:00", "distance": "204", "dayCount": "1", "stnSerialNumber": "4", "boardingDisabled": "false"}, {"stationCode": "BPB", "stationName": "BADARPUR JN", "arrivalTime": "10:20", "departureTime": "10:30", "routeNumber": "1", "haltTime": "10:00", "distance": "221", "dayCount": "1", "stnSerialNumber": "5", "boardingDisabled": "false"}, {"stationCode": "NHLG", "stationName": "NEW HAFLONG", "arrivalTime": "12:33", "departureTime": "12:38", "routeNumber": "1", "haltTime": "05:00", "distance": "292", "dayCount": "1", "stnSerialNumber": "6", "boardingDisabled": "false"}, {"stationCode": "GHY", "stationName": "GUWAHATI", "arrivalTime": "19:30", "departureTime": "19:45", "routeNumber": "1", "haltTime": "15:00", "distance": "561", "dayCount": "1", "stnSerialNumber": "7", "boardingDisabled": "false"}, {"stationCode": "KYQ", "stationName": "KAMAKHYA", "arrivalTime": "20:08", "departureTime": "20:10", "routeNumber": "1", "haltTime": "02:00", "distance": "567", "dayCount": "1", "stnSerialNumber": "8", "boardingDisabled": "false"}, {"stationCode": "NBQ", "stationName": "NEW BONGAIGAON", "arrivalTime": "22:50", "departureTime": "22:52", "routeNumber": "1", "haltTime": "02:00", "distance": "769", "dayCount": "1", "stnSerialNumber": "10", "boardingDisabled": "false"}, {"stationCode": "NOQ", "stationName": "NEW ALIPURDUAR", "arrivalTime": "00:30", "departureTime": "00:32", "routeNumber": "1", "haltTime": "02:00", "distance": "876", "dayCount": "2", "stnSerialNumber": "11", "boardingDisabled": "false"}, {"stationCode": "NCB", "stationName": "NEW COOCH BEHAR", "arrivalTime": "00:50", "departureTime": "00:55", "routeNumber": "1", "haltTime": "05:00", "distance": "894", "dayCount": "2", "stnSerialNumber": "12", "boardingDisabled": "false"}, {"stationCode": "NJP", "stationName": "NEW JALPAIGURI", "arrivalTime": "03:05", "departureTime": "03:15", "routeNumber": "1", "haltTime": "10:00", "distance": "1021", "dayCount": "2", "stnSerialNumber": "14", "boardingDisabled": "false"}, {"stationCode": "KNE", "stationName": "KISHANGANJ", "arrivalTime": "04:20", "departureTime": "04:22", "routeNumber": "1", "haltTime": "02:00", "distance": "1108", "dayCount": "2", "stnSerialNumber": "15", "boardingDisabled": "false"}, {"stationCode": "MLDT", "stationName": "MALDA TOWN", "arrivalTime": "06:50", "departureTime": "07:00", "routeNumber": "1", "haltTime": "10:00", "distance": "1253", "dayCount": "2", "stnSerialNumber": "16", "boardingDisabled": "false"}, {"stationCode": "RPH", "stationName": "RAMPUR HAT", "arrivalTime": "08:52", "departureTime": "08:54", "routeNumber": "1", "haltTime": "02:00", "distance": "1374", "dayCount": "2", "stnSerialNumber": "17", "boardingDisabled": "false"}, {"stationCode": "DKAE", "stationName": "DANKUNI", "arrivalTime": "11:48", "departureTime": "11:53", "routeNumber": "1", "haltTime": "05:00", "distance": "1566", "dayCount": "2", "stnSerialNumber": "18", "boardingDisabled": "false"}, {"stationCode": "KGP", "stationName": "KHARAGPUR JN", "arrivalTime": "14:10", "departureTime": "14:20", "routeNumber": "1", "haltTime": "10:00", "distance": "1688", "dayCount": "2", "stnSerialNumber": "20", "boardingDisabled": "false"}, {"stationCode": "BLS", "stationName": "BALASORE", "arrivalTime": "15:58", "departureTime": "16:00", "routeNumber": "1", "haltTime": "02:00", "distance": "1806", "dayCount": "2", "stnSerialNumber": "21", "boardingDisabled": "false"}, {"stationCode": "BHC", "stationName": "BHADRAK", "arrivalTime": "17:58", "departureTime": "18:00", "routeNumber": "1", "haltTime": "02:00", "distance": "1869", "dayCount": "2", "stnSerialNumber": "22", "boardingDisabled": "false"}, {"stationCode": "CTC", "stationName": "CUTTACK", "arrivalTime": "19:23", "departureTime": "19:25", "routeNumber": "1", "haltTime": "02:00", "distance": "1984", "dayCount": "2", "stnSerialNumber": "23", "boardingDisabled": "false"}, {"stationCode": "BBS", "stationName": "BHUBANESWAR", "arrivalTime": "20:00", "departureTime": "20:05", "routeNumber": "1", "haltTime": "05:00", "distance": "2012", "dayCount": "2", "stnSerialNumber": "24", "boardingDisabled": "false"}, {"stationCode": "KUR", "stationName": "KHURDA ROAD JN", "arrivalTime": "21:25", "departureTime": "21:40", "routeNumber": "1", "haltTime": "15:00", "distance": "2031", "dayCount": "2", "stnSerialNumber": "25", "boardingDisabled": "false"}, {"stationCode": "BAM", "stationName": "BRAHMAPUR", "arrivalTime": "22:07", "departureTime": "22:12", "routeNumber": "1", "haltTime": "05:00", "distance": "2178", "dayCount": "2", "stnSerialNumber": "26", "boardingDisabled": "false"}, {"stationCode": "CHE", "stationName": "SRIKAKULAM ROAD", "arrivalTime": "00:47", "departureTime": "00:49", "routeNumber": "1", "haltTime": "02:00", "distance": "2324", "dayCount": "3", "stnSerialNumber": "27", "boardingDisabled": "false"}, {"stationCode": "VZM", "stationName": "VIZIANAGRAM JN", "arrivalTime": "01:45", "departureTime": "01:47", "routeNumber": "1", "haltTime": "02:00", "distance": "2394", "dayCount": "3", "stnSerialNumber": "28", "boardingDisabled": "false"}, {"stationCode": "VSKP", "stationName": "VISAKHAPATNAM", "arrivalTime": "03:05", "departureTime": "03:15", "routeNumber": "1", "haltTime": "10:00", "distance": "2454", "dayCount": "3", "stnSerialNumber": "29", "boardingDisabled": "false"}, {"stationCode": "DVD", "stationName": "DUVVADA", "arrivalTime": "03:35", "departureTime": "03:37", "routeNumber": "1", "haltTime": "02:00", "distance": "2472", "dayCount": "3", "stnSerialNumber": "30", "boardingDisabled": "false"}, {"stationCode": "RJY", "stationName": "RAJAHMUNDRY", "arrivalTime": "05:50", "departureTime": "05:52", "routeNumber": "1", "haltTime": "02:00", "distance": "2655", "dayCount": "3", "stnSerialNumber": "31", "boardingDisabled": "false"}, {"stationCode": "BZA", "stationName": "VIJAYAWADA JN", "arrivalTime": "08:20", "departureTime": "08:30", "routeNumber": "1", "haltTime": "10:00", "distance": "2804", "dayCount": "3", "stnSerialNumber": "32", "boardingDisabled": "false"}, {"stationCode": "GNT", "stationName": "GUNTUR JN", "arrivalTime": "09:35", "departureTime": "09:40", "routeNumber": "1", "haltTime": "05:00", "distance": "2836", "dayCount": "3", "stnSerialNumber": "34", "boardingDisabled": "false"}, {"stationCode": "SC", "stationName": "SECUNDERABAD JN", "arrivalTime": "16:15", "departureTime": "--", "routeNumber": "1", "haltTime": "--", "distance": "3117", "dayCount": "3", "stnSerialNumber": "35", "boardingDisabled": "false"}]}