{"trainNumber": "07030", "trainName": "SC AGTL SPL", "stationFrom": "SC", "stationTo": "AGTL", "trainOwner": "0", "trainRunsOnMon": "Y", "trainRunsOnTue": "N", "trainRunsOnWed": "N", "trainRunsOnThu": "N", "trainRunsOnFri": "N", "trainRunsOnSat": "N", "trainRunsOnSun": "N", "timeStamp": "2023-06-19T15:30:15.532", "duration": "0", "stationList": [{"stationCode": "SC", "stationName": "SECUNDERABAD JN", "arrivalTime": "--", "departureTime": "16:35", "routeNumber": "1", "haltTime": "--", "distance": "0", "dayCount": "1", "stnSerialNumber": "1", "boardingDisabled": "false"}, {"stationCode": "GNT", "stationName": "GUNTUR JN", "arrivalTime": "21:10", "departureTime": "21:15", "routeNumber": "1", "haltTime": "05:00", "distance": "282", "dayCount": "1", "stnSerialNumber": "2", "boardingDisabled": "false"}, {"stationCode": "BZA", "stationName": "VIJAYAWADA JN", "arrivalTime": "22:05", "departureTime": "22:15", "routeNumber": "1", "haltTime": "10:00", "distance": "313", "dayCount": "1", "stnSerialNumber": "3", "boardingDisabled": "false"}, {"stationCode": "RJY", "stationName": "RAJAHMUNDRY", "arrivalTime": "00:23", "departureTime": "00:24", "routeNumber": "1", "haltTime": "01:00", "distance": "463", "dayCount": "2", "stnSerialNumber": "4", "boardingDisabled": "false"}, {"stationCode": "DVD", "stationName": "DUVVADA", "arrivalTime": "03:38", "departureTime": "03:40", "routeNumber": "1", "haltTime": "02:00", "distance": "646", "dayCount": "2", "stnSerialNumber": "5", "boardingDisabled": "false"}, {"stationCode": "VSKP", "stationName": "VISAKHAPATNAM", "arrivalTime": "04:20", "departureTime": "04:40", "routeNumber": "1", "haltTime": "20:00", "distance": "663", "dayCount": "2", "stnSerialNumber": "6", "boardingDisabled": "false"}, {"stationCode": "VZM", "stationName": "VIZIANAGRAM JN", "arrivalTime": "05:32", "departureTime": "05:37", "routeNumber": "1", "haltTime": "05:00", "distance": "724", "dayCount": "2", "stnSerialNumber": "7", "boardingDisabled": "false"}, {"stationCode": "CHE", "stationName": "SRIKAKULAM ROAD", "arrivalTime": "06:31", "departureTime": "06:33", "routeNumber": "1", "haltTime": "02:00", "distance": "793", "dayCount": "2", "stnSerialNumber": "8", "boardingDisabled": "false"}, {"stationCode": "BAM", "stationName": "BRAHMAPUR", "arrivalTime": "07:35", "departureTime": "07:37", "routeNumber": "1", "haltTime": "02:00", "distance": "940", "dayCount": "2", "stnSerialNumber": "9", "boardingDisabled": "false"}, {"stationCode": "KUR", "stationName": "KHURDA ROAD JN", "arrivalTime": "10:25", "departureTime": "10:40", "routeNumber": "1", "haltTime": "15:00", "distance": "1087", "dayCount": "2", "stnSerialNumber": "10", "boardingDisabled": "false"}, {"stationCode": "BBS", "stationName": "BHUBANESWAR", "arrivalTime": "11:05", "departureTime": "11:10", "routeNumber": "1", "haltTime": "05:00", "distance": "1106", "dayCount": "2", "stnSerialNumber": "11", "boardingDisabled": "false"}, {"stationCode": "CTC", "stationName": "CUTTACK", "arrivalTime": "11:43", "departureTime": "11:45", "routeNumber": "1", "haltTime": "02:00", "distance": "1133", "dayCount": "2", "stnSerialNumber": "12", "boardingDisabled": "false"}, {"stationCode": "BHC", "stationName": "BHADRAK", "arrivalTime": "13:48", "departureTime": "13:50", "routeNumber": "1", "haltTime": "02:00", "distance": "1249", "dayCount": "2", "stnSerialNumber": "13", "boardingDisabled": "false"}, {"stationCode": "BLS", "stationName": "BALASORE", "arrivalTime": "14:40", "departureTime": "14:42", "routeNumber": "1", "haltTime": "02:00", "distance": "1311", "dayCount": "2", "stnSerialNumber": "14", "boardingDisabled": "false"}, {"stationCode": "KGP", "stationName": "KHARAGPUR JN", "arrivalTime": "16:20", "departureTime": "16:25", "routeNumber": "1", "haltTime": "05:00", "distance": "1429", "dayCount": "2", "stnSerialNumber": "15", "boardingDisabled": "false"}, {"stationCode": "DKAE", "stationName": "DANKUNI", "arrivalTime": "18:52", "departureTime": "18:57", "routeNumber": "1", "haltTime": "05:00", "distance": "1552", "dayCount": "2", "stnSerialNumber": "16", "boardingDisabled": "false"}, {"stationCode": "RPH", "stationName": "RAMPUR HAT", "arrivalTime": "21:41", "departureTime": "21:43", "routeNumber": "1", "haltTime": "02:00", "distance": "1743", "dayCount": "2", "stnSerialNumber": "17", "boardingDisabled": "false"}, {"stationCode": "MLDT", "stationName": "MALDA TOWN", "arrivalTime": "00:25", "departureTime": "00:35", "routeNumber": "1", "haltTime": "10:00", "distance": "1864", "dayCount": "3", "stnSerialNumber": "18", "boardingDisabled": "false"}, {"stationCode": "KNE", "stationName": "KISHANGANJ", "arrivalTime": "02:38", "departureTime": "02:40", "routeNumber": "1", "haltTime": "02:00", "distance": "2010", "dayCount": "3", "stnSerialNumber": "19", "boardingDisabled": "false"}, {"stationCode": "NJP", "stationName": "NEW JALPAIGURI", "arrivalTime": "04:40", "departureTime": "04:50", "routeNumber": "1", "haltTime": "10:00", "distance": "2097", "dayCount": "3", "stnSerialNumber": "20", "boardingDisabled": "false"}, {"stationCode": "NCB", "stationName": "NEW COOCH BEHAR", "arrivalTime": "06:45", "departureTime": "06:50", "routeNumber": "1", "haltTime": "05:00", "distance": "2223", "dayCount": "3", "stnSerialNumber": "21", "boardingDisabled": "false"}, {"stationCode": "NOQ", "stationName": "NEW ALIPURDUAR", "arrivalTime": "07:27", "departureTime": "07:29", "routeNumber": "1", "haltTime": "02:00", "distance": "2242", "dayCount": "3", "stnSerialNumber": "22", "boardingDisabled": "false"}, {"stationCode": "NBQ", "stationName": "NEW BONGAIGAON", "arrivalTime": "09:10", "departureTime": "09:12", "routeNumber": "1", "haltTime": "02:00", "distance": "2348", "dayCount": "3", "stnSerialNumber": "23", "boardingDisabled": "false"}, {"stationCode": "KYQ", "stationName": "KAMAKHYA", "arrivalTime": "12:25", "departureTime": "12:27", "routeNumber": "1", "haltTime": "02:00", "distance": "2550", "dayCount": "3", "stnSerialNumber": "24", "boardingDisabled": "false"}, {"stationCode": "GHY", "stationName": "GUWAHATI", "arrivalTime": "13:05", "departureTime": "13:20", "routeNumber": "1", "haltTime": "15:00", "distance": "2557", "dayCount": "3", "stnSerialNumber": "25", "boardingDisabled": "false"}, {"stationCode": "NHLG", "stationName": "NEW HAFLONG", "arrivalTime": "19:00", "departureTime": "19:05", "routeNumber": "1", "haltTime": "05:00", "distance": "2826", "dayCount": "3", "stnSerialNumber": "26", "boardingDisabled": "false"}, {"stationCode": "BPB", "stationName": "BADARPUR JN", "arrivalTime": "21:40", "departureTime": "21:50", "routeNumber": "1", "haltTime": "10:00", "distance": "2897", "dayCount": "3", "stnSerialNumber": "27", "boardingDisabled": "false"}, {"stationCode": "NKMG", "stationName": "NEW KARIMGANJ", "arrivalTime": "22:10", "departureTime": "22:12", "routeNumber": "1", "haltTime": "02:00", "distance": "2914", "dayCount": "3", "stnSerialNumber": "28", "boardingDisabled": "false"}, {"stationCode": "DMR", "stationName": "DHARMANAGAR", "arrivalTime": "23:28", "departureTime": "23:30", "routeNumber": "1", "haltTime": "02:00", "distance": "2978", "dayCount": "3", "stnSerialNumber": "29", "boardingDisabled": "false"}, {"stationCode": "ABSA", "stationName": "AMBASA", "arrivalTime": "00:48", "departureTime": "00:50", "routeNumber": "1", "haltTime": "02:00", "distance": "3050", "dayCount": "4", "stnSerialNumber": "30", "boardingDisabled": "false"}, {"stationCode": "AGTL", "stationName": "AGARTALA", "arrivalTime": "03:00", "departureTime": "--", "routeNumber": "1", "haltTime": "--", "distance": "3117", "dayCount": "4", "stnSerialNumber": "31", "boardingDisabled": "false"}]}