{"trainNumber": "07046", "trainName": "SC DBRG SPL", "stationFrom": "SC", "stationTo": "DBRG", "trainOwner": "0", "trainRunsOnMon": "Y", "trainRunsOnTue": "N", "trainRunsOnWed": "N", "trainRunsOnThu": "N", "trainRunsOnFri": "N", "trainRunsOnSat": "N", "trainRunsOnSun": "N", "timeStamp": "2023-06-19T15:30:16.488", "duration": "0", "stationList": [{"stationCode": "SC", "stationName": "SECUNDERABAD JN", "arrivalTime": "--", "departureTime": "11:00", "routeNumber": "1", "haltTime": "--", "distance": "0", "dayCount": "1", "stnSerialNumber": "1", "boardingDisabled": "false"}, {"stationCode": "NLDA", "stationName": "NALGONDA", "arrivalTime": "12:35", "departureTime": "12:36", "routeNumber": "1", "haltTime": "01:00", "distance": "110", "dayCount": "1", "stnSerialNumber": "2", "boardingDisabled": "false"}, {"stationCode": "MRGA", "stationName": "MIRYALAGUDA", "arrivalTime": "13:05", "departureTime": "13:06", "routeNumber": "1", "haltTime": "01:00", "distance": "148", "dayCount": "1", "stnSerialNumber": "3", "boardingDisabled": "false"}, {"stationCode": "SAP", "stationName": "SATTENAPALLE", "arrivalTime": "14:45", "departureTime": "14:46", "routeNumber": "1", "haltTime": "01:00", "distance": "239", "dayCount": "1", "stnSerialNumber": "4", "boardingDisabled": "false"}, {"stationCode": "GNT", "stationName": "GUNTUR JN", "arrivalTime": "15:50", "departureTime": "16:00", "routeNumber": "1", "haltTime": "10:00", "distance": "282", "dayCount": "1", "stnSerialNumber": "5", "boardingDisabled": "false"}, {"stationCode": "BZA", "stationName": "VIJAYAWADA JN", "arrivalTime": "17:20", "departureTime": "17:30", "routeNumber": "1", "haltTime": "10:00", "distance": "313", "dayCount": "1", "stnSerialNumber": "6", "boardingDisabled": "false"}, {"stationCode": "EE", "stationName": "ELURU", "arrivalTime": "18:38", "departureTime": "18:40", "routeNumber": "1", "haltTime": "02:00", "distance": "373", "dayCount": "1", "stnSerialNumber": "7", "boardingDisabled": "false"}, {"stationCode": "RJY", "stationName": "RAJAHMUNDRY", "arrivalTime": "19:48", "departureTime": "19:50", "routeNumber": "1", "haltTime": "02:00", "distance": "463", "dayCount": "1", "stnSerialNumber": "8", "boardingDisabled": "false"}, {"stationCode": "SLO", "stationName": "SAMALKOT JN", "arrivalTime": "20:33", "departureTime": "20:35", "routeNumber": "1", "haltTime": "02:00", "distance": "513", "dayCount": "1", "stnSerialNumber": "9", "boardingDisabled": "false"}, {"stationCode": "DVD", "stationName": "DUVVADA", "arrivalTime": "23:18", "departureTime": "23:20", "routeNumber": "1", "haltTime": "02:00", "distance": "646", "dayCount": "1", "stnSerialNumber": "10", "boardingDisabled": "false"}, {"stationCode": "VSKP", "stationName": "VISAKHAPATNAM", "arrivalTime": "23:45", "departureTime": "00:05", "routeNumber": "1", "haltTime": "20:00", "distance": "663", "dayCount": "2", "stnSerialNumber": "11", "boardingDisabled": "false"}, {"stationCode": "VZM", "stationName": "VIZIANAGRAM JN", "arrivalTime": "00:55", "departureTime": "01:00", "routeNumber": "1", "haltTime": "05:00", "distance": "724", "dayCount": "2", "stnSerialNumber": "12", "boardingDisabled": "false"}, {"stationCode": "CHE", "stationName": "SRIKAKULAM ROAD", "arrivalTime": "01:53", "departureTime": "01:55", "routeNumber": "1", "haltTime": "02:00", "distance": "793", "dayCount": "2", "stnSerialNumber": "13", "boardingDisabled": "false"}, {"stationCode": "PSA", "stationName": "PALASA", "arrivalTime": "03:05", "departureTime": "03:07", "routeNumber": "1", "haltTime": "02:00", "distance": "866", "dayCount": "2", "stnSerialNumber": "14", "boardingDisabled": "false"}, {"stationCode": "BAM", "stationName": "BRAHMAPUR", "arrivalTime": "04:07", "departureTime": "04:12", "routeNumber": "1", "haltTime": "05:00", "distance": "940", "dayCount": "2", "stnSerialNumber": "15", "boardingDisabled": "false"}, {"stationCode": "KUR", "stationName": "KHURDA ROAD JN", "arrivalTime": "06:00", "departureTime": "06:20", "routeNumber": "1", "haltTime": "20:00", "distance": "1087", "dayCount": "2", "stnSerialNumber": "16", "boardingDisabled": "false"}, {"stationCode": "BBS", "stationName": "BHUBANESWAR", "arrivalTime": "06:45", "departureTime": "06:50", "routeNumber": "1", "haltTime": "05:00", "distance": "1106", "dayCount": "2", "stnSerialNumber": "17", "boardingDisabled": "false"}, {"stationCode": "CTC", "stationName": "CUTTACK", "arrivalTime": "07:05", "departureTime": "07:10", "routeNumber": "1", "haltTime": "05:00", "distance": "1133", "dayCount": "2", "stnSerialNumber": "18", "boardingDisabled": "false"}, {"stationCode": "BHC", "stationName": "BHADRAK", "arrivalTime": "09:18", "departureTime": "09:20", "routeNumber": "1", "haltTime": "02:00", "distance": "1249", "dayCount": "2", "stnSerialNumber": "19", "boardingDisabled": "false"}, {"stationCode": "BLS", "stationName": "BALASORE", "arrivalTime": "10:04", "departureTime": "10:06", "routeNumber": "1", "haltTime": "02:00", "distance": "1311", "dayCount": "2", "stnSerialNumber": "20", "boardingDisabled": "false"}, {"stationCode": "KGP", "stationName": "KHARAGPUR JN", "arrivalTime": "11:45", "departureTime": "11:55", "routeNumber": "1", "haltTime": "10:00", "distance": "1429", "dayCount": "2", "stnSerialNumber": "21", "boardingDisabled": "false"}, {"stationCode": "DKAE", "stationName": "DANKUNI", "arrivalTime": "14:35", "departureTime": "14:40", "routeNumber": "1", "haltTime": "05:00", "distance": "1552", "dayCount": "2", "stnSerialNumber": "22", "boardingDisabled": "false"}, {"stationCode": "BWN", "stationName": "BARDDHAMAN JN", "arrivalTime": "15:30", "departureTime": "15:32", "routeNumber": "1", "haltTime": "02:00", "distance": "1631", "dayCount": "2", "stnSerialNumber": "23", "boardingDisabled": "false"}, {"stationCode": "RPH", "stationName": "RAMPUR HAT", "arrivalTime": "17:31", "departureTime": "17:36", "routeNumber": "1", "haltTime": "05:00", "distance": "1743", "dayCount": "2", "stnSerialNumber": "24", "boardingDisabled": "false"}, {"stationCode": "MLDT", "stationName": "MALDA TOWN", "arrivalTime": "20:10", "departureTime": "20:20", "routeNumber": "1", "haltTime": "10:00", "distance": "1864", "dayCount": "2", "stnSerialNumber": "25", "boardingDisabled": "false"}, {"stationCode": "KNE", "stationName": "KISHANGANJ", "arrivalTime": "22:15", "departureTime": "22:17", "routeNumber": "1", "haltTime": "02:00", "distance": "2010", "dayCount": "2", "stnSerialNumber": "26", "boardingDisabled": "false"}, {"stationCode": "NJP", "stationName": "NEW JALPAIGURI", "arrivalTime": "00:05", "departureTime": "00:20", "routeNumber": "1", "haltTime": "15:00", "distance": "2097", "dayCount": "3", "stnSerialNumber": "27", "boardingDisabled": "false"}, {"stationCode": "JPE", "stationName": "JALPAIGURI ROAD", "arrivalTime": "01:06", "departureTime": "01:08", "routeNumber": "1", "haltTime": "02:00", "distance": "2131", "dayCount": "3", "stnSerialNumber": "28", "boardingDisabled": "false"}, {"stationCode": "NCB", "stationName": "NEW COOCH BEHAR", "arrivalTime": "02:27", "departureTime": "02:32", "routeNumber": "1", "haltTime": "05:00", "distance": "2224", "dayCount": "3", "stnSerialNumber": "29", "boardingDisabled": "false"}, {"stationCode": "NOQ", "stationName": "NEW ALIPURDUAR", "arrivalTime": "02:50", "departureTime": "02:55", "routeNumber": "1", "haltTime": "05:00", "distance": "2243", "dayCount": "3", "stnSerialNumber": "30", "boardingDisabled": "false"}, {"stationCode": "KOJ", "stationName": "KOKRAJHAR", "arrivalTime": "03:48", "departureTime": "03:50", "routeNumber": "1", "haltTime": "02:00", "distance": "2322", "dayCount": "3", "stnSerialNumber": "31", "boardingDisabled": "false"}, {"stationCode": "NBQ", "stationName": "NEW BONGAIGAON", "arrivalTime": "04:40", "departureTime": "04:45", "routeNumber": "1", "haltTime": "05:00", "distance": "2350", "dayCount": "3", "stnSerialNumber": "32", "boardingDisabled": "false"}, {"stationCode": "GLPT", "stationName": "GOALPARA TOWN", "arrivalTime": "05:30", "departureTime": "05:32", "routeNumber": "1", "haltTime": "02:00", "distance": "2430", "dayCount": "3", "stnSerialNumber": "33", "boardingDisabled": "false"}, {"stationCode": "GHY", "stationName": "GUWAHATI", "arrivalTime": "08:55", "departureTime": "09:10", "routeNumber": "1", "haltTime": "15:00", "distance": "2558", "dayCount": "3", "stnSerialNumber": "34", "boardingDisabled": "false"}, {"stationCode": "JID", "stationName": "JAGI ROAD", "arrivalTime": "10:03", "departureTime": "10:05", "routeNumber": "1", "haltTime": "02:00", "distance": "2615", "dayCount": "3", "stnSerialNumber": "35", "boardingDisabled": "false"}, {"stationCode": "HJI", "stationName": "HOJAI", "arrivalTime": "11:04", "departureTime": "11:06", "routeNumber": "1", "haltTime": "02:00", "distance": "2694", "dayCount": "3", "stnSerialNumber": "36", "boardingDisabled": "false"}, {"stationCode": "LMG", "stationName": "LUMDING JN", "arrivalTime": "12:00", "departureTime": "12:05", "routeNumber": "1", "haltTime": "05:00", "distance": "2738", "dayCount": "3", "stnSerialNumber": "37", "boardingDisabled": "false"}, {"stationCode": "DPU", "stationName": "DIPHU", "arrivalTime": "12:37", "departureTime": "12:39", "routeNumber": "1", "haltTime": "02:00", "distance": "2770", "dayCount": "3", "stnSerialNumber": "38", "boardingDisabled": "false"}, {"stationCode": "DMV", "stationName": "DIMAPUR", "arrivalTime": "13:15", "departureTime": "13:22", "routeNumber": "1", "haltTime": "07:00", "distance": "2807", "dayCount": "3", "stnSerialNumber": "39", "boardingDisabled": "false"}, {"stationCode": "FKG", "stationName": "FURKATING JN", "arrivalTime": "15:40", "departureTime": "15:42", "routeNumber": "1", "haltTime": "02:00", "distance": "2877", "dayCount": "3", "stnSerialNumber": "40", "boardingDisabled": "false"}, {"stationCode": "MXN", "stationName": "MARIANI JN", "arrivalTime": "16:20", "departureTime": "16:30", "routeNumber": "1", "haltTime": "10:00", "distance": "2916", "dayCount": "3", "stnSerialNumber": "41", "boardingDisabled": "false"}, {"stationCode": "SLGR", "stationName": "SIMALUGURI JN", "arrivalTime": "17:21", "departureTime": "17:23", "routeNumber": "1", "haltTime": "02:00", "distance": "2970", "dayCount": "3", "stnSerialNumber": "42", "boardingDisabled": "false"}, {"stationCode": "NHK", "stationName": "NAHARKATIYA", "arrivalTime": "19:00", "departureTime": "19:02", "routeNumber": "1", "haltTime": "02:00", "distance": "3047", "dayCount": "3", "stnSerialNumber": "43", "boardingDisabled": "false"}, {"stationCode": "NTSK", "stationName": "NEW TINSUKIA JN", "arrivalTime": "19:35", "departureTime": "19:45", "routeNumber": "1", "haltTime": "10:00", "distance": "3072", "dayCount": "3", "stnSerialNumber": "44", "boardingDisabled": "false"}, {"stationCode": "DBRG", "stationName": "DIBRUGARH", "arrivalTime": "20:50", "departureTime": "--", "routeNumber": "1", "haltTime": "--", "distance": "3114", "dayCount": "3", "stnSerialNumber": "45", "boardingDisabled": "false"}]}