{"trainNumber": "07047", "trainName": "DBRG SC SPECIAL", "stationFrom": "DBRG", "stationTo": "SC", "trainOwner": "0", "trainRunsOnMon": "N", "trainRunsOnTue": "N", "trainRunsOnWed": "N", "trainRunsOnThu": "Y", "trainRunsOnFri": "N", "trainRunsOnSat": "N", "trainRunsOnSun": "N", "timeStamp": "2023-06-19T15:30:16.412", "duration": "0", "stationList": [{"stationCode": "DBRG", "stationName": "DIBRUGARH", "arrivalTime": "--", "departureTime": "09:20", "routeNumber": "1", "haltTime": "--", "distance": "0", "dayCount": "1", "stnSerialNumber": "1", "boardingDisabled": "false"}, {"stationCode": "NTSK", "stationName": "NEW TINSUKIA JN", "arrivalTime": "10:10", "departureTime": "10:20", "routeNumber": "1", "haltTime": "10:00", "distance": "42", "dayCount": "1", "stnSerialNumber": "2", "boardingDisabled": "false"}, {"stationCode": "NHK", "stationName": "NAHARKATIYA", "arrivalTime": "10:48", "departureTime": "10:50", "routeNumber": "1", "haltTime": "02:00", "distance": "67", "dayCount": "1", "stnSerialNumber": "3", "boardingDisabled": "false"}, {"stationCode": "SLGR", "stationName": "SIMALUGURI JN", "arrivalTime": "11:56", "departureTime": "11:58", "routeNumber": "1", "haltTime": "02:00", "distance": "145", "dayCount": "1", "stnSerialNumber": "4", "boardingDisabled": "false"}, {"stationCode": "MXN", "stationName": "MARIANI JN", "arrivalTime": "12:40", "departureTime": "12:45", "routeNumber": "1", "haltTime": "05:00", "distance": "199", "dayCount": "1", "stnSerialNumber": "5", "boardingDisabled": "false"}, {"stationCode": "FKG", "stationName": "FURKATING JN", "arrivalTime": "13:48", "departureTime": "13:50", "routeNumber": "1", "haltTime": "02:00", "distance": "237", "dayCount": "1", "stnSerialNumber": "6", "boardingDisabled": "false"}, {"stationCode": "DMV", "stationName": "DIMAPUR", "arrivalTime": "14:45", "departureTime": "14:50", "routeNumber": "1", "haltTime": "05:00", "distance": "307", "dayCount": "1", "stnSerialNumber": "7", "boardingDisabled": "false"}, {"stationCode": "DPU", "stationName": "DIPHU", "arrivalTime": "15:25", "departureTime": "15:27", "routeNumber": "1", "haltTime": "02:00", "distance": "344", "dayCount": "1", "stnSerialNumber": "8", "boardingDisabled": "false"}, {"stationCode": "LMG", "stationName": "LUMDING JN", "arrivalTime": "16:10", "departureTime": "16:15", "routeNumber": "1", "haltTime": "05:00", "distance": "376", "dayCount": "1", "stnSerialNumber": "9", "boardingDisabled": "false"}, {"stationCode": "HJI", "stationName": "HOJAI", "arrivalTime": "16:59", "departureTime": "17:01", "routeNumber": "1", "haltTime": "02:00", "distance": "421", "dayCount": "1", "stnSerialNumber": "10", "boardingDisabled": "false"}, {"stationCode": "JID", "stationName": "JAGI ROAD", "arrivalTime": "18:05", "departureTime": "18:07", "routeNumber": "1", "haltTime": "02:00", "distance": "499", "dayCount": "1", "stnSerialNumber": "11", "boardingDisabled": "false"}, {"stationCode": "GHY", "stationName": "GUWAHATI", "arrivalTime": "19:20", "departureTime": "19:35", "routeNumber": "1", "haltTime": "15:00", "distance": "557", "dayCount": "1", "stnSerialNumber": "12", "boardingDisabled": "false"}, {"stationCode": "GLPT", "stationName": "GOALPARA TOWN", "arrivalTime": "21:30", "departureTime": "21:32", "routeNumber": "1", "haltTime": "02:00", "distance": "685", "dayCount": "1", "stnSerialNumber": "13", "boardingDisabled": "false"}, {"stationCode": "NBQ", "stationName": "NEW BONGAIGAON", "arrivalTime": "23:00", "departureTime": "23:05", "routeNumber": "1", "haltTime": "05:00", "distance": "765", "dayCount": "1", "stnSerialNumber": "14", "boardingDisabled": "false"}, {"stationCode": "KOJ", "stationName": "KOKRAJHAR", "arrivalTime": "23:36", "departureTime": "23:38", "routeNumber": "1", "haltTime": "02:00", "distance": "793", "dayCount": "1", "stnSerialNumber": "15", "boardingDisabled": "false"}, {"stationCode": "NOQ", "stationName": "NEW ALIPURDUAR", "arrivalTime": "00:33", "departureTime": "00:35", "routeNumber": "1", "haltTime": "02:00", "distance": "872", "dayCount": "2", "stnSerialNumber": "16", "boardingDisabled": "false"}, {"stationCode": "NCB", "stationName": "NEW COOCH BEHAR", "arrivalTime": "00:50", "departureTime": "00:55", "routeNumber": "1", "haltTime": "05:00", "distance": "890", "dayCount": "2", "stnSerialNumber": "17", "boardingDisabled": "false"}, {"stationCode": "JPE", "stationName": "JALPAIGURI ROAD", "arrivalTime": "01:58", "departureTime": "02:00", "routeNumber": "1", "haltTime": "02:00", "distance": "983", "dayCount": "2", "stnSerialNumber": "18", "boardingDisabled": "false"}, {"stationCode": "NJP", "stationName": "NEW JALPAIGURI", "arrivalTime": "02:50", "departureTime": "03:15", "routeNumber": "1", "haltTime": "25:00", "distance": "1016", "dayCount": "2", "stnSerialNumber": "19", "boardingDisabled": "false"}, {"stationCode": "KNE", "stationName": "KISHANGANJ", "arrivalTime": "04:20", "departureTime": "04:22", "routeNumber": "1", "haltTime": "02:00", "distance": "1103", "dayCount": "2", "stnSerialNumber": "20", "boardingDisabled": "false"}, {"stationCode": "MLDT", "stationName": "MALDA TOWN", "arrivalTime": "06:50", "departureTime": "07:00", "routeNumber": "1", "haltTime": "10:00", "distance": "1249", "dayCount": "2", "stnSerialNumber": "21", "boardingDisabled": "false"}, {"stationCode": "RPH", "stationName": "RAMPUR HAT", "arrivalTime": "08:52", "departureTime": "08:54", "routeNumber": "1", "haltTime": "02:00", "distance": "1370", "dayCount": "2", "stnSerialNumber": "22", "boardingDisabled": "false"}, {"stationCode": "BWN", "stationName": "BARDDHAMAN JN", "arrivalTime": "10:55", "departureTime": "10:57", "routeNumber": "1", "haltTime": "02:00", "distance": "1482", "dayCount": "2", "stnSerialNumber": "23", "boardingDisabled": "false"}, {"stationCode": "DKAE", "stationName": "DANKUNI", "arrivalTime": "12:00", "departureTime": "12:05", "routeNumber": "1", "haltTime": "05:00", "distance": "1561", "dayCount": "2", "stnSerialNumber": "24", "boardingDisabled": "false"}, {"stationCode": "RCD", "stationName": "RAJCHANDRAPUR", "arrivalTime": "12:45", "departureTime": "12:46", "routeNumber": "1", "haltTime": "01:00", "distance": "1566", "dayCount": "2", "stnSerialNumber": "25", "boardingDisabled": "false"}, {"stationCode": "KGP", "stationName": "KHARAGPUR JN", "arrivalTime": "14:40", "departureTime": "14:55", "routeNumber": "1", "haltTime": "15:00", "distance": "1684", "dayCount": "2", "stnSerialNumber": "26", "boardingDisabled": "false"}, {"stationCode": "BLS", "stationName": "BALASORE", "arrivalTime": "16:20", "departureTime": "16:25", "routeNumber": "1", "haltTime": "05:00", "distance": "1802", "dayCount": "2", "stnSerialNumber": "27", "boardingDisabled": "false"}, {"stationCode": "BHC", "stationName": "BHADRAK", "arrivalTime": "17:20", "departureTime": "17:22", "routeNumber": "1", "haltTime": "02:00", "distance": "1864", "dayCount": "2", "stnSerialNumber": "28", "boardingDisabled": "false"}, {"stationCode": "CTC", "stationName": "CUTTACK", "arrivalTime": "18:50", "departureTime": "18:55", "routeNumber": "1", "haltTime": "05:00", "distance": "1980", "dayCount": "2", "stnSerialNumber": "29", "boardingDisabled": "false"}, {"stationCode": "BBS", "stationName": "BHUBANESWAR", "arrivalTime": "19:25", "departureTime": "19:30", "routeNumber": "1", "haltTime": "05:00", "distance": "2007", "dayCount": "2", "stnSerialNumber": "30", "boardingDisabled": "false"}, {"stationCode": "KUR", "stationName": "KHURDA ROAD JN", "arrivalTime": "20:00", "departureTime": "20:15", "routeNumber": "1", "haltTime": "15:00", "distance": "2026", "dayCount": "2", "stnSerialNumber": "31", "boardingDisabled": "false"}, {"stationCode": "BAM", "stationName": "BRAHMAPUR", "arrivalTime": "22:15", "departureTime": "22:20", "routeNumber": "1", "haltTime": "05:00", "distance": "2173", "dayCount": "2", "stnSerialNumber": "32", "boardingDisabled": "false"}, {"stationCode": "PSA", "stationName": "PALASA", "arrivalTime": "23:30", "departureTime": "23:32", "routeNumber": "1", "haltTime": "02:00", "distance": "2247", "dayCount": "2", "stnSerialNumber": "33", "boardingDisabled": "false"}, {"stationCode": "CHE", "stationName": "SRIKAKULAM ROAD", "arrivalTime": "00:20", "departureTime": "00:23", "routeNumber": "1", "haltTime": "03:00", "distance": "2320", "dayCount": "3", "stnSerialNumber": "34", "boardingDisabled": "false"}, {"stationCode": "VZM", "stationName": "VIZIANAGRAM JN", "arrivalTime": "01:10", "departureTime": "01:15", "routeNumber": "1", "haltTime": "05:00", "distance": "2389", "dayCount": "3", "stnSerialNumber": "35", "boardingDisabled": "false"}, {"stationCode": "VSKP", "stationName": "VISAKHAPATNAM", "arrivalTime": "02:00", "departureTime": "02:20", "routeNumber": "1", "haltTime": "20:00", "distance": "2450", "dayCount": "3", "stnSerialNumber": "36", "boardingDisabled": "false"}, {"stationCode": "DVD", "stationName": "DUVVADA", "arrivalTime": "03:00", "departureTime": "03:02", "routeNumber": "1", "haltTime": "02:00", "distance": "2467", "dayCount": "3", "stnSerialNumber": "37", "boardingDisabled": "false"}, {"stationCode": "SLO", "stationName": "SAMALKOT JN", "arrivalTime": "04:45", "departureTime": "04:47", "routeNumber": "1", "haltTime": "02:00", "distance": "2600", "dayCount": "3", "stnSerialNumber": "38", "boardingDisabled": "false"}, {"stationCode": "RJY", "stationName": "RAJAHMUNDRY", "arrivalTime": "05:30", "departureTime": "05:32", "routeNumber": "1", "haltTime": "02:00", "distance": "2650", "dayCount": "3", "stnSerialNumber": "39", "boardingDisabled": "false"}, {"stationCode": "EE", "stationName": "ELURU", "arrivalTime": "06:45", "departureTime": "06:47", "routeNumber": "1", "haltTime": "02:00", "distance": "2740", "dayCount": "3", "stnSerialNumber": "40", "boardingDisabled": "false"}, {"stationCode": "BZA", "stationName": "VIJAYAWADA JN", "arrivalTime": "08:00", "departureTime": "08:10", "routeNumber": "1", "haltTime": "10:00", "distance": "2800", "dayCount": "3", "stnSerialNumber": "41", "boardingDisabled": "false"}, {"stationCode": "KCC", "stationName": "KRISHNA CANAL", "arrivalTime": "08:23", "departureTime": "08:24", "routeNumber": "1", "haltTime": "01:00", "distance": "2805", "dayCount": "3", "stnSerialNumber": "42", "boardingDisabled": "false"}, {"stationCode": "GNT", "stationName": "GUNTUR JN", "arrivalTime": "09:10", "departureTime": "09:20", "routeNumber": "1", "haltTime": "10:00", "distance": "2831", "dayCount": "3", "stnSerialNumber": "43", "boardingDisabled": "false"}, {"stationCode": "SAP", "stationName": "SATTENAPALLE", "arrivalTime": "09:50", "departureTime": "09:51", "routeNumber": "1", "haltTime": "01:00", "distance": "2874", "dayCount": "3", "stnSerialNumber": "44", "boardingDisabled": "false"}, {"stationCode": "MRGA", "stationName": "MIRYALAGUDA", "arrivalTime": "11:20", "departureTime": "11:22", "routeNumber": "1", "haltTime": "02:00", "distance": "2965", "dayCount": "3", "stnSerialNumber": "45", "boardingDisabled": "false"}, {"stationCode": "NLDA", "stationName": "NALGONDA", "arrivalTime": "12:00", "departureTime": "12:02", "routeNumber": "1", "haltTime": "02:00", "distance": "3003", "dayCount": "3", "stnSerialNumber": "46", "boardingDisabled": "false"}, {"stationCode": "PGDP", "stationName": "PAGIDIPALLI", "arrivalTime": "15:20", "departureTime": "15:21", "routeNumber": "1", "haltTime": "01:00", "distance": "3075", "dayCount": "3", "stnSerialNumber": "47", "boardingDisabled": "false"}, {"stationCode": "SC", "stationName": "SECUNDERABAD JN", "arrivalTime": "16:30", "departureTime": "--", "routeNumber": "1", "haltTime": "--", "distance": "3113", "dayCount": "3", "stnSerialNumber": "48", "boardingDisabled": "false"}]}