{"trainNumber": "07052", "trainName": "RXL SC SPL", "stationFrom": "RXL", "stationTo": "SC", "trainOwner": "0", "trainRunsOnMon": "N", "trainRunsOnTue": "Y", "trainRunsOnWed": "N", "trainRunsOnThu": "N", "trainRunsOnFri": "N", "trainRunsOnSat": "N", "trainRunsOnSun": "N", "timeStamp": "2023-06-19T15:30:16.184", "duration": "0", "stationList": [{"stationCode": "RXL", "stationName": "RAXAUL JN", "arrivalTime": "--", "departureTime": "08:30", "routeNumber": "1", "haltTime": "--", "distance": "0", "dayCount": "1", "stnSerialNumber": "1", "boardingDisabled": "false"}, {"stationCode": "SMI", "stationName": "SITAMARHI", "arrivalTime": "09:55", "departureTime": "10:00", "routeNumber": "1", "haltTime": "05:00", "distance": "83", "dayCount": "1", "stnSerialNumber": "2", "boardingDisabled": "false"}, {"stationCode": "DBG", "stationName": "DARBHANGA JN", "arrivalTime": "11:20", "departureTime": "11:25", "routeNumber": "1", "haltTime": "05:00", "distance": "151", "dayCount": "1", "stnSerialNumber": "3", "boardingDisabled": "false"}, {"stationCode": "SPJ", "stationName": "SAMASTIPUR JN", "arrivalTime": "12:25", "departureTime": "12:30", "routeNumber": "1", "haltTime": "05:00", "distance": "188", "dayCount": "1", "stnSerialNumber": "4", "boardingDisabled": "false"}, {"stationCode": "BJU", "stationName": "BARAUNI JN", "arrivalTime": "13:30", "departureTime": "13:40", "routeNumber": "1", "haltTime": "10:00", "distance": "239", "dayCount": "1", "stnSerialNumber": "5", "boardingDisabled": "false"}, {"stationCode": "KIUL", "stationName": "KIUL JN", "arrivalTime": "15:10", "departureTime": "15:15", "routeNumber": "1", "haltTime": "05:00", "distance": "278", "dayCount": "1", "stnSerialNumber": "6", "boardingDisabled": "false"}, {"stationCode": "JAJ", "stationName": "JHAJHA", "arrivalTime": "16:40", "departureTime": "16:45", "routeNumber": "1", "haltTime": "05:00", "distance": "332", "dayCount": "1", "stnSerialNumber": "7", "boardingDisabled": "false"}, {"stationCode": "JSME", "stationName": "JASIDIH JN", "arrivalTime": "17:53", "departureTime": "17:55", "routeNumber": "1", "haltTime": "02:00", "distance": "376", "dayCount": "1", "stnSerialNumber": "8", "boardingDisabled": "false"}, {"stationCode": "MDP", "stationName": "MADHUPUR JN", "arrivalTime": "18:28", "departureTime": "18:30", "routeNumber": "1", "haltTime": "02:00", "distance": "405", "dayCount": "1", "stnSerialNumber": "9", "boardingDisabled": "false"}, {"stationCode": "CRJ", "stationName": "CHITTARANJAN", "arrivalTime": "19:21", "departureTime": "19:23", "routeNumber": "1", "haltTime": "02:00", "distance": "462", "dayCount": "1", "stnSerialNumber": "10", "boardingDisabled": "false"}, {"stationCode": "BRR", "stationName": "BARAKAR", "arrivalTime": "20:08", "departureTime": "20:10", "routeNumber": "1", "haltTime": "02:00", "distance": "486", "dayCount": "1", "stnSerialNumber": "13", "boardingDisabled": "false"}, {"stationCode": "DHN", "stationName": "DHANBAD JN", "arrivalTime": "21:25", "departureTime": "21:30", "routeNumber": "1", "haltTime": "05:00", "distance": "527", "dayCount": "1", "stnSerialNumber": "15", "boardingDisabled": "false"}, {"stationCode": "CRP", "stationName": "CHANDRAPURA JN", "arrivalTime": "23:00", "departureTime": "23:02", "routeNumber": "1", "haltTime": "02:00", "distance": "561", "dayCount": "1", "stnSerialNumber": "16", "boardingDisabled": "false"}, {"stationCode": "BKSC", "stationName": "BOKARO STL CITY", "arrivalTime": "23:35", "departureTime": "23:40", "routeNumber": "1", "haltTime": "05:00", "distance": "577", "dayCount": "1", "stnSerialNumber": "18", "boardingDisabled": "false"}, {"stationCode": "MURI", "stationName": "MURI", "arrivalTime": "00:50", "departureTime": "00:52", "routeNumber": "1", "haltTime": "02:00", "distance": "629", "dayCount": "2", "stnSerialNumber": "19", "boardingDisabled": "false"}, {"stationCode": "RNC", "stationName": "RANCHI", "arrivalTime": "02:10", "departureTime": "02:20", "routeNumber": "1", "haltTime": "10:00", "distance": "691", "dayCount": "2", "stnSerialNumber": "20", "boardingDisabled": "false"}, {"stationCode": "HTE", "stationName": "HATIA", "arrivalTime": "02:35", "departureTime": "02:40", "routeNumber": "1", "haltTime": "05:00", "distance": "698", "dayCount": "2", "stnSerialNumber": "21", "boardingDisabled": "false"}, {"stationCode": "ROU", "stationName": "ROURKELA", "arrivalTime": "05:55", "departureTime": "06:00", "routeNumber": "1", "haltTime": "05:00", "distance": "865", "dayCount": "2", "stnSerialNumber": "22", "boardingDisabled": "false"}, {"stationCode": "JSG", "stationName": "JHARSUGUDA JN", "arrivalTime": "07:50", "departureTime": "07:55", "routeNumber": "1", "haltTime": "05:00", "distance": "966", "dayCount": "2", "stnSerialNumber": "23", "boardingDisabled": "false"}, {"stationCode": "BSP", "stationName": "BILASPUR JN", "arrivalTime": "11:45", "departureTime": "11:50", "routeNumber": "1", "haltTime": "05:00", "distance": "1170", "dayCount": "2", "stnSerialNumber": "24", "boardingDisabled": "false"}, {"stationCode": "R", "stationName": "RAIPUR JN", "arrivalTime": "14:00", "departureTime": "14:10", "routeNumber": "1", "haltTime": "10:00", "distance": "1281", "dayCount": "2", "stnSerialNumber": "25", "boardingDisabled": "false"}, {"stationCode": "DURG", "stationName": "DURG", "arrivalTime": "15:10", "departureTime": "15:15", "routeNumber": "1", "haltTime": "05:00", "distance": "1317", "dayCount": "2", "stnSerialNumber": "26", "boardingDisabled": "false"}, {"stationCode": "G", "stationName": "GONDIA JN", "arrivalTime": "17:45", "departureTime": "17:47", "routeNumber": "1", "haltTime": "02:00", "distance": "1453", "dayCount": "2", "stnSerialNumber": "27", "boardingDisabled": "false"}, {"stationCode": "BPQ", "stationName": "BALHARSHAH", "arrivalTime": "22:00", "departureTime": "22:10", "routeNumber": "1", "haltTime": "10:00", "distance": "1702", "dayCount": "2", "stnSerialNumber": "28", "boardingDisabled": "false"}, {"stationCode": "SKZR", "stationName": "SIRPUR KAGAZNGR", "arrivalTime": "23:10", "departureTime": "23:12", "routeNumber": "1", "haltTime": "02:00", "distance": "1772", "dayCount": "2", "stnSerialNumber": "29", "boardingDisabled": "false"}, {"stationCode": "MCI", "stationName": "MANCHIRYAL", "arrivalTime": "00:05", "departureTime": "00:07", "routeNumber": "1", "haltTime": "02:00", "distance": "1830", "dayCount": "3", "stnSerialNumber": "30", "boardingDisabled": "false"}, {"stationCode": "PDPL", "stationName": "PEDDAPALLI JN", "arrivalTime": "00:40", "departureTime": "00:42", "routeNumber": "1", "haltTime": "02:00", "distance": "1861", "dayCount": "3", "stnSerialNumber": "31", "boardingDisabled": "false"}, {"stationCode": "KZJ", "stationName": "KAZIPET JN", "arrivalTime": "02:00", "departureTime": "02:02", "routeNumber": "1", "haltTime": "02:00", "distance": "1937", "dayCount": "3", "stnSerialNumber": "32", "boardingDisabled": "false"}, {"stationCode": "SC", "stationName": "SECUNDERABAD JN", "arrivalTime": "04:50", "departureTime": "--", "routeNumber": "1", "haltTime": "--", "distance": "2068", "dayCount": "3", "stnSerialNumber": "33", "boardingDisabled": "false"}]}