{"trainNumber": "07051", "trainName": "HYB RXL SPL", "stationFrom": "HYB", "stationTo": "RXL", "trainOwner": "0", "trainRunsOnMon": "N", "trainRunsOnTue": "N", "trainRunsOnWed": "N", "trainRunsOnThu": "N", "trainRunsOnFri": "N", "trainRunsOnSat": "Y", "trainRunsOnSun": "N", "timeStamp": "2023-06-19T15:30:16.203", "duration": "0", "stationList": [{"stationCode": "HYB", "stationName": "HYDERABAD DECAN", "arrivalTime": "--", "departureTime": "20:35", "routeNumber": "1", "haltTime": "--", "distance": "0", "dayCount": "1", "stnSerialNumber": "1", "boardingDisabled": "false"}, {"stationCode": "SC", "stationName": "SECUNDERABAD JN", "arrivalTime": "20:55", "departureTime": "21:05", "routeNumber": "1", "haltTime": "10:00", "distance": "10", "dayCount": "1", "stnSerialNumber": "2", "boardingDisabled": "false"}, {"stationCode": "KZJ", "stationName": "KAZIPET JN", "arrivalTime": "22:48", "departureTime": "22:50", "routeNumber": "1", "haltTime": "02:00", "distance": "142", "dayCount": "1", "stnSerialNumber": "3", "boardingDisabled": "false"}, {"stationCode": "PDPL", "stationName": "PEDDAPALLI JN", "arrivalTime": "23:55", "departureTime": "23:57", "routeNumber": "1", "haltTime": "02:00", "distance": "217", "dayCount": "1", "stnSerialNumber": "4", "boardingDisabled": "false"}, {"stationCode": "MCI", "stationName": "MANCHIRYAL", "arrivalTime": "00:30", "departureTime": "00:32", "routeNumber": "1", "haltTime": "02:00", "distance": "248", "dayCount": "2", "stnSerialNumber": "5", "boardingDisabled": "false"}, {"stationCode": "SKZR", "stationName": "SIRPUR KAGAZNGR", "arrivalTime": "01:20", "departureTime": "01:22", "routeNumber": "1", "haltTime": "02:00", "distance": "306", "dayCount": "2", "stnSerialNumber": "6", "boardingDisabled": "false"}, {"stationCode": "BPQ", "stationName": "BALHARSHAH", "arrivalTime": "03:10", "departureTime": "03:20", "routeNumber": "1", "haltTime": "10:00", "distance": "376", "dayCount": "2", "stnSerialNumber": "7", "boardingDisabled": "false"}, {"stationCode": "G", "stationName": "GONDIA JN", "arrivalTime": "07:05", "departureTime": "07:07", "routeNumber": "1", "haltTime": "02:00", "distance": "626", "dayCount": "2", "stnSerialNumber": "8", "boardingDisabled": "false"}, {"stationCode": "DURG", "stationName": "DURG", "arrivalTime": "09:25", "departureTime": "09:30", "routeNumber": "1", "haltTime": "05:00", "distance": "761", "dayCount": "2", "stnSerialNumber": "9", "boardingDisabled": "false"}, {"stationCode": "R", "stationName": "RAIPUR JN", "arrivalTime": "10:20", "departureTime": "10:30", "routeNumber": "1", "haltTime": "10:00", "distance": "798", "dayCount": "2", "stnSerialNumber": "10", "boardingDisabled": "false"}, {"stationCode": "BSP", "stationName": "BILASPUR JN", "arrivalTime": "11:50", "departureTime": "11:55", "routeNumber": "1", "haltTime": "05:00", "distance": "908", "dayCount": "2", "stnSerialNumber": "11", "boardingDisabled": "false"}, {"stationCode": "JSG", "stationName": "JHARSUGUDA JN", "arrivalTime": "15:20", "departureTime": "15:25", "routeNumber": "1", "haltTime": "05:00", "distance": "1112", "dayCount": "2", "stnSerialNumber": "12", "boardingDisabled": "false"}, {"stationCode": "ROU", "stationName": "ROURKELA", "arrivalTime": "16:55", "departureTime": "17:00", "routeNumber": "1", "haltTime": "05:00", "distance": "1214", "dayCount": "2", "stnSerialNumber": "13", "boardingDisabled": "false"}, {"stationCode": "HTE", "stationName": "HATIA", "arrivalTime": "20:00", "departureTime": "20:05", "routeNumber": "1", "haltTime": "05:00", "distance": "1380", "dayCount": "2", "stnSerialNumber": "14", "boardingDisabled": "false"}, {"stationCode": "RNC", "stationName": "RANCHI", "arrivalTime": "20:20", "departureTime": "20:30", "routeNumber": "1", "haltTime": "10:00", "distance": "1387", "dayCount": "2", "stnSerialNumber": "15", "boardingDisabled": "false"}, {"stationCode": "MURI", "stationName": "MURI", "arrivalTime": "21:40", "departureTime": "21:42", "routeNumber": "1", "haltTime": "02:00", "distance": "1449", "dayCount": "2", "stnSerialNumber": "16", "boardingDisabled": "false"}, {"stationCode": "BKSC", "stationName": "BOKARO STL CITY", "arrivalTime": "22:45", "departureTime": "22:50", "routeNumber": "1", "haltTime": "05:00", "distance": "1502", "dayCount": "2", "stnSerialNumber": "17", "boardingDisabled": "false"}, {"stationCode": "CRP", "stationName": "CHANDRAPURA JN", "arrivalTime": "23:28", "departureTime": "23:30", "routeNumber": "1", "haltTime": "02:00", "distance": "1517", "dayCount": "2", "stnSerialNumber": "18", "boardingDisabled": "false"}, {"stationCode": "DHN", "stationName": "DHANBAD JN", "arrivalTime": "00:40", "departureTime": "00:45", "routeNumber": "1", "haltTime": "05:00", "distance": "1551", "dayCount": "3", "stnSerialNumber": "19", "boardingDisabled": "false"}, {"stationCode": "BRR", "stationName": "BARAKAR", "arrivalTime": "01:32", "departureTime": "01:34", "routeNumber": "1", "haltTime": "02:00", "distance": "1592", "dayCount": "3", "stnSerialNumber": "20", "boardingDisabled": "false"}, {"stationCode": "CRJ", "stationName": "CHITTARANJAN", "arrivalTime": "02:03", "departureTime": "02:05", "routeNumber": "1", "haltTime": "02:00", "distance": "1612", "dayCount": "3", "stnSerialNumber": "21", "boardingDisabled": "false"}, {"stationCode": "MDP", "stationName": "MADHUPUR JN", "arrivalTime": "02:45", "departureTime": "02:47", "routeNumber": "1", "haltTime": "02:00", "distance": "1669", "dayCount": "3", "stnSerialNumber": "22", "boardingDisabled": "false"}, {"stationCode": "JSME", "stationName": "JASIDIH JN", "arrivalTime": "03:13", "departureTime": "03:15", "routeNumber": "1", "haltTime": "02:00", "distance": "1698", "dayCount": "3", "stnSerialNumber": "23", "boardingDisabled": "false"}, {"stationCode": "JAJ", "stationName": "JHAJHA", "arrivalTime": "04:40", "departureTime": "04:45", "routeNumber": "1", "haltTime": "05:00", "distance": "1742", "dayCount": "3", "stnSerialNumber": "24", "boardingDisabled": "false"}, {"stationCode": "KIUL", "stationName": "KIUL JN", "arrivalTime": "05:28", "departureTime": "05:30", "routeNumber": "1", "haltTime": "02:00", "distance": "1796", "dayCount": "3", "stnSerialNumber": "25", "boardingDisabled": "false"}, {"stationCode": "BJU", "stationName": "BARAUNI JN", "arrivalTime": "06:50", "departureTime": "07:00", "routeNumber": "1", "haltTime": "10:00", "distance": "1835", "dayCount": "3", "stnSerialNumber": "26", "boardingDisabled": "false"}, {"stationCode": "SPJ", "stationName": "SAMASTIPUR JN", "arrivalTime": "08:25", "departureTime": "08:30", "routeNumber": "1", "haltTime": "05:00", "distance": "1886", "dayCount": "3", "stnSerialNumber": "27", "boardingDisabled": "false"}, {"stationCode": "DBG", "stationName": "DARBHANGA JN", "arrivalTime": "09:45", "departureTime": "09:50", "routeNumber": "1", "haltTime": "05:00", "distance": "1923", "dayCount": "3", "stnSerialNumber": "28", "boardingDisabled": "false"}, {"stationCode": "SMI", "stationName": "SITAMARHI", "arrivalTime": "11:00", "departureTime": "11:05", "routeNumber": "1", "haltTime": "05:00", "distance": "1991", "dayCount": "3", "stnSerialNumber": "29", "boardingDisabled": "false"}, {"stationCode": "RXL", "stationName": "RAXAUL JN", "arrivalTime": "13:30", "departureTime": "--", "routeNumber": "1", "haltTime": "--", "distance": "2073", "dayCount": "3", "stnSerialNumber": "30", "boardingDisabled": "false"}]}