{"trainNumber": "07053", "trainName": "KCG BKN SPL", "stationFrom": "KCG", "stationTo": "BKN", "trainOwner": "0", "trainRunsOnMon": "N", "trainRunsOnTue": "N", "trainRunsOnWed": "N", "trainRunsOnThu": "N", "trainRunsOnFri": "N", "trainRunsOnSat": "Y", "trainRunsOnSun": "N", "timeStamp": "2023-06-19T15:30:16.188", "duration": "0", "stationList": [{"stationCode": "KCG", "stationName": "KACHEGUDA", "arrivalTime": "--", "departureTime": "21:30", "routeNumber": "1", "haltTime": "--", "distance": "0", "dayCount": "1", "stnSerialNumber": "1", "boardingDisabled": "false"}, {"stationCode": "MED", "stationName": "MEDCHAL", "arrivalTime": "22:09", "departureTime": "22:10", "routeNumber": "1", "haltTime": "01:00", "distance": "33", "dayCount": "1", "stnSerialNumber": "2", "boardingDisabled": "false"}, {"stationCode": "WDR", "stationName": "WADIARAM", "arrivalTime": "22:50", "departureTime": "22:51", "routeNumber": "1", "haltTime": "01:00", "distance": "71", "dayCount": "1", "stnSerialNumber": "3", "boardingDisabled": "false"}, {"stationCode": "KMC", "stationName": "KAMAREDDI", "arrivalTime": "23:19", "departureTime": "23:20", "routeNumber": "1", "haltTime": "01:00", "distance": "114", "dayCount": "1", "stnSerialNumber": "4", "boardingDisabled": "false"}, {"stationCode": "NZB", "stationName": "NIZAMABAD JN", "arrivalTime": "00:18", "departureTime": "00:20", "routeNumber": "1", "haltTime": "02:00", "distance": "166", "dayCount": "2", "stnSerialNumber": "5", "boardingDisabled": "false"}, {"stationCode": "BSX", "stationName": "BASAR", "arrivalTime": "01:05", "departureTime": "01:07", "routeNumber": "1", "haltTime": "02:00", "distance": "195", "dayCount": "2", "stnSerialNumber": "6", "boardingDisabled": "false"}, {"stationCode": "MUE", "stationName": "MUDKHED", "arrivalTime": "02:30", "departureTime": "02:32", "routeNumber": "1", "haltTime": "02:00", "distance": "254", "dayCount": "2", "stnSerialNumber": "7", "boardingDisabled": "false"}, {"stationCode": "NED", "stationName": "H SAHIB NANDED", "arrivalTime": "03:10", "departureTime": "03:15", "routeNumber": "1", "haltTime": "05:00", "distance": "277", "dayCount": "2", "stnSerialNumber": "8", "boardingDisabled": "false"}, {"stationCode": "PAU", "stationName": "PURNA JN", "arrivalTime": "03:55", "departureTime": "04:15", "routeNumber": "1", "haltTime": "20:00", "distance": "307", "dayCount": "2", "stnSerialNumber": "9", "boardingDisabled": "false"}, {"stationCode": "BMF", "stationName": "BASMAT", "arrivalTime": "05:10", "departureTime": "05:12", "routeNumber": "1", "haltTime": "02:00", "distance": "329", "dayCount": "2", "stnSerialNumber": "10", "boardingDisabled": "false"}, {"stationCode": "HNL", "stationName": "HINGOLI DECCAN", "arrivalTime": "06:15", "departureTime": "06:16", "routeNumber": "1", "haltTime": "01:00", "distance": "388", "dayCount": "2", "stnSerialNumber": "11", "boardingDisabled": "false"}, {"stationCode": "WHM", "stationName": "WASHIM", "arrivalTime": "07:00", "departureTime": "07:02", "routeNumber": "1", "haltTime": "02:00", "distance": "435", "dayCount": "2", "stnSerialNumber": "12", "boardingDisabled": "false"}, {"stationCode": "AK", "stationName": "AKOLA JN", "arrivalTime": "09:20", "departureTime": "09:25", "routeNumber": "1", "haltTime": "05:00", "distance": "514", "dayCount": "2", "stnSerialNumber": "13", "boardingDisabled": "false"}, {"stationCode": "SEG", "stationName": "SHEGAON", "arrivalTime": "10:10", "departureTime": "10:11", "routeNumber": "1", "haltTime": "01:00", "distance": "551", "dayCount": "2", "stnSerialNumber": "14", "boardingDisabled": "false"}, {"stationCode": "MKU", "stationName": "MALKAPUR", "arrivalTime": "10:50", "departureTime": "10:52", "routeNumber": "1", "haltTime": "02:00", "distance": "604", "dayCount": "2", "stnSerialNumber": "15", "boardingDisabled": "false"}, {"stationCode": "BSL", "stationName": "BHUSAVAL JN", "arrivalTime": "11:50", "departureTime": "11:55", "routeNumber": "1", "haltTime": "05:00", "distance": "654", "dayCount": "2", "stnSerialNumber": "16", "boardingDisabled": "false"}, {"stationCode": "JL", "stationName": "JALGAON JN", "arrivalTime": "12:35", "departureTime": "12:37", "routeNumber": "1", "haltTime": "02:00", "distance": "678", "dayCount": "2", "stnSerialNumber": "17", "boardingDisabled": "false"}, {"stationCode": "NDB", "stationName": "NANDURBAR", "arrivalTime": "15:50", "departureTime": "15:55", "routeNumber": "1", "haltTime": "05:00", "distance": "829", "dayCount": "2", "stnSerialNumber": "18", "boardingDisabled": "false"}, {"stationCode": "ST", "stationName": "SURAT", "arrivalTime": "18:45", "departureTime": "18:50", "routeNumber": "1", "haltTime": "05:00", "distance": "989", "dayCount": "2", "stnSerialNumber": "19", "boardingDisabled": "false"}, {"stationCode": "BRC", "stationName": "VADODARA JN", "arrivalTime": "20:53", "departureTime": "20:58", "routeNumber": "1", "haltTime": "05:00", "distance": "1118", "dayCount": "2", "stnSerialNumber": "20", "boardingDisabled": "false"}, {"stationCode": "ADI", "stationName": "AHMEDABAD JN", "arrivalTime": "23:15", "departureTime": "23:20", "routeNumber": "1", "haltTime": "05:00", "distance": "1217", "dayCount": "2", "stnSerialNumber": "21", "boardingDisabled": "false"}, {"stationCode": "MSH", "stationName": "MAHESANA JN", "arrivalTime": "00:30", "departureTime": "00:32", "routeNumber": "1", "haltTime": "02:00", "distance": "1285", "dayCount": "3", "stnSerialNumber": "22", "boardingDisabled": "false"}, {"stationCode": "PNU", "stationName": "PALANPUR JN", "arrivalTime": "02:25", "departureTime": "02:30", "routeNumber": "1", "haltTime": "05:00", "distance": "1350", "dayCount": "3", "stnSerialNumber": "23", "boardingDisabled": "false"}, {"stationCode": "ABR", "stationName": "ABU ROAD", "arrivalTime": "03:10", "departureTime": "03:20", "routeNumber": "1", "haltTime": "10:00", "distance": "1403", "dayCount": "3", "stnSerialNumber": "24", "boardingDisabled": "false"}, {"stationCode": "FA", "stationName": "FALNA", "arrivalTime": "04:30", "departureTime": "04:32", "routeNumber": "1", "haltTime": "02:00", "distance": "1502", "dayCount": "3", "stnSerialNumber": "25", "boardingDisabled": "false"}, {"stationCode": "MJ", "stationName": "MARWAR JN", "arrivalTime": "05:40", "departureTime": "05:45", "routeNumber": "1", "haltTime": "05:00", "distance": "1568", "dayCount": "3", "stnSerialNumber": "26", "boardingDisabled": "false"}, {"stationCode": "PMY", "stationName": "PALI MARWAR", "arrivalTime": "06:12", "departureTime": "06:15", "routeNumber": "1", "haltTime": "03:00", "distance": "1598", "dayCount": "3", "stnSerialNumber": "27", "boardingDisabled": "false"}, {"stationCode": "LUNI", "stationName": "LUNI JN", "arrivalTime": "06:43", "departureTime": "06:45", "routeNumber": "1", "haltTime": "02:00", "distance": "1640", "dayCount": "3", "stnSerialNumber": "28", "boardingDisabled": "false"}, {"stationCode": "JU", "stationName": "JODHPUR JN", "arrivalTime": "07:30", "departureTime": "07:45", "routeNumber": "1", "haltTime": "15:00", "distance": "1672", "dayCount": "3", "stnSerialNumber": "29", "boardingDisabled": "false"}, {"stationCode": "GOTN", "stationName": "GOTAN", "arrivalTime": "08:50", "departureTime": "08:52", "routeNumber": "1", "haltTime": "02:00", "distance": "1755", "dayCount": "3", "stnSerialNumber": "30", "boardingDisabled": "false"}, {"stationCode": "MTD", "stationName": "MERTA ROAD JN", "arrivalTime": "09:15", "departureTime": "09:20", "routeNumber": "1", "haltTime": "05:00", "distance": "1776", "dayCount": "3", "stnSerialNumber": "31", "boardingDisabled": "false"}, {"stationCode": "NGO", "stationName": "NAGAUR", "arrivalTime": "10:05", "departureTime": "10:10", "routeNumber": "1", "haltTime": "05:00", "distance": "1833", "dayCount": "3", "stnSerialNumber": "32", "boardingDisabled": "false"}, {"stationCode": "NOK", "stationName": "NOKHA", "arrivalTime": "10:48", "departureTime": "10:50", "routeNumber": "1", "haltTime": "02:00", "distance": "1884", "dayCount": "3", "stnSerialNumber": "33", "boardingDisabled": "false"}, {"stationCode": "BKN", "stationName": "BIKANER JN", "arrivalTime": "13:50", "departureTime": "--", "routeNumber": "1", "haltTime": "--", "distance": "1949", "dayCount": "3", "stnSerialNumber": "34", "boardingDisabled": "false"}]}