{"trainNumber": "07054", "trainName": "BKN KCG SPL", "stationFrom": "BKN", "stationTo": "KCG", "trainOwner": "0", "trainRunsOnMon": "N", "trainRunsOnTue": "Y", "trainRunsOnWed": "N", "trainRunsOnThu": "N", "trainRunsOnFri": "N", "trainRunsOnSat": "N", "trainRunsOnSun": "N", "timeStamp": "2023-06-19T15:30:16.161", "duration": "0", "stationList": [{"stationCode": "BKN", "stationName": "BIKANER JN", "arrivalTime": "--", "departureTime": "20:15", "routeNumber": "1", "haltTime": "--", "distance": "0", "dayCount": "1", "stnSerialNumber": "1", "boardingDisabled": "false"}, {"stationCode": "NOK", "stationName": "NOKHA", "arrivalTime": "21:01", "departureTime": "21:03", "routeNumber": "1", "haltTime": "02:00", "distance": "65", "dayCount": "1", "stnSerialNumber": "2", "boardingDisabled": "false"}, {"stationCode": "NGO", "stationName": "NAGAUR", "arrivalTime": "21:50", "departureTime": "21:55", "routeNumber": "1", "haltTime": "05:00", "distance": "116", "dayCount": "1", "stnSerialNumber": "3", "boardingDisabled": "false"}, {"stationCode": "MTD", "stationName": "MERTA ROAD JN", "arrivalTime": "22:55", "departureTime": "23:00", "routeNumber": "1", "haltTime": "05:00", "distance": "173", "dayCount": "1", "stnSerialNumber": "4", "boardingDisabled": "false"}, {"stationCode": "GOTN", "stationName": "GOTAN", "arrivalTime": "23:18", "departureTime": "23:20", "routeNumber": "1", "haltTime": "02:00", "distance": "194", "dayCount": "1", "stnSerialNumber": "5", "boardingDisabled": "false"}, {"stationCode": "JU", "stationName": "JODHPUR JN", "arrivalTime": "00:30", "departureTime": "00:40", "routeNumber": "1", "haltTime": "10:00", "distance": "278", "dayCount": "2", "stnSerialNumber": "6", "boardingDisabled": "false"}, {"stationCode": "LUNI", "stationName": "LUNI JN", "arrivalTime": "01:10", "departureTime": "01:12", "routeNumber": "1", "haltTime": "02:00", "distance": "309", "dayCount": "2", "stnSerialNumber": "7", "boardingDisabled": "false"}, {"stationCode": "PMY", "stationName": "PALI MARWAR", "arrivalTime": "01:42", "departureTime": "01:47", "routeNumber": "1", "haltTime": "05:00", "distance": "351", "dayCount": "2", "stnSerialNumber": "8", "boardingDisabled": "false"}, {"stationCode": "MJ", "stationName": "MARWAR JN", "arrivalTime": "02:30", "departureTime": "02:35", "routeNumber": "1", "haltTime": "05:00", "distance": "381", "dayCount": "2", "stnSerialNumber": "9", "boardingDisabled": "false"}, {"stationCode": "FA", "stationName": "FALNA", "arrivalTime": "03:30", "departureTime": "03:32", "routeNumber": "1", "haltTime": "02:00", "distance": "447", "dayCount": "2", "stnSerialNumber": "10", "boardingDisabled": "false"}, {"stationCode": "ABR", "stationName": "ABU ROAD", "arrivalTime": "04:40", "departureTime": "04:45", "routeNumber": "1", "haltTime": "05:00", "distance": "546", "dayCount": "2", "stnSerialNumber": "11", "boardingDisabled": "false"}, {"stationCode": "PNU", "stationName": "PALANPUR JN", "arrivalTime": "05:50", "departureTime": "05:52", "routeNumber": "1", "haltTime": "02:00", "distance": "599", "dayCount": "2", "stnSerialNumber": "12", "boardingDisabled": "false"}, {"stationCode": "MSH", "stationName": "MAHESANA JN", "arrivalTime": "06:45", "departureTime": "06:47", "routeNumber": "1", "haltTime": "02:00", "distance": "664", "dayCount": "2", "stnSerialNumber": "13", "boardingDisabled": "false"}, {"stationCode": "ADI", "stationName": "AHMEDABAD JN", "arrivalTime": "08:25", "departureTime": "08:30", "routeNumber": "1", "haltTime": "05:00", "distance": "732", "dayCount": "2", "stnSerialNumber": "14", "boardingDisabled": "false"}, {"stationCode": "BRC", "stationName": "VADODARA JN", "arrivalTime": "10:25", "departureTime": "10:30", "routeNumber": "1", "haltTime": "05:00", "distance": "831", "dayCount": "2", "stnSerialNumber": "16", "boardingDisabled": "false"}, {"stationCode": "ST", "stationName": "SURAT", "arrivalTime": "12:47", "departureTime": "12:52", "routeNumber": "1", "haltTime": "05:00", "distance": "960", "dayCount": "2", "stnSerialNumber": "17", "boardingDisabled": "false"}, {"stationCode": "NDB", "stationName": "NANDURBAR", "arrivalTime": "15:10", "departureTime": "15:15", "routeNumber": "1", "haltTime": "05:00", "distance": "1120", "dayCount": "2", "stnSerialNumber": "18", "boardingDisabled": "false"}, {"stationCode": "JL", "stationName": "JALGAON JN", "arrivalTime": "18:10", "departureTime": "18:12", "routeNumber": "1", "haltTime": "02:00", "distance": "1271", "dayCount": "2", "stnSerialNumber": "20", "boardingDisabled": "false"}, {"stationCode": "BSL", "stationName": "BHUSAVAL JN", "arrivalTime": "18:45", "departureTime": "18:50", "routeNumber": "1", "haltTime": "05:00", "distance": "1295", "dayCount": "2", "stnSerialNumber": "21", "boardingDisabled": "false"}, {"stationCode": "MKU", "stationName": "MALKAPUR", "arrivalTime": "19:39", "departureTime": "19:40", "routeNumber": "1", "haltTime": "01:00", "distance": "1345", "dayCount": "2", "stnSerialNumber": "22", "boardingDisabled": "false"}, {"stationCode": "SEG", "stationName": "SHEGAON", "arrivalTime": "20:24", "departureTime": "20:25", "routeNumber": "1", "haltTime": "01:00", "distance": "1398", "dayCount": "2", "stnSerialNumber": "23", "boardingDisabled": "false"}, {"stationCode": "AK", "stationName": "AKOLA JN", "arrivalTime": "21:20", "departureTime": "21:30", "routeNumber": "1", "haltTime": "10:00", "distance": "1435", "dayCount": "2", "stnSerialNumber": "24", "boardingDisabled": "false"}, {"stationCode": "WHM", "stationName": "WASHIM", "arrivalTime": "22:29", "departureTime": "22:30", "routeNumber": "1", "haltTime": "01:00", "distance": "1514", "dayCount": "2", "stnSerialNumber": "25", "boardingDisabled": "false"}, {"stationCode": "HNL", "stationName": "HINGOLI DECCAN", "arrivalTime": "23:19", "departureTime": "23:20", "routeNumber": "1", "haltTime": "01:00", "distance": "1562", "dayCount": "2", "stnSerialNumber": "26", "boardingDisabled": "false"}, {"stationCode": "BMF", "stationName": "BASMAT", "arrivalTime": "00:24", "departureTime": "00:25", "routeNumber": "1", "haltTime": "01:00", "distance": "1620", "dayCount": "3", "stnSerialNumber": "27", "boardingDisabled": "false"}, {"stationCode": "PAU", "stationName": "PURNA JN", "arrivalTime": "01:10", "departureTime": "01:30", "routeNumber": "1", "haltTime": "20:00", "distance": "1642", "dayCount": "3", "stnSerialNumber": "28", "boardingDisabled": "false"}, {"stationCode": "NED", "stationName": "H SAHIB NANDED", "arrivalTime": "02:00", "departureTime": "02:05", "routeNumber": "1", "haltTime": "05:00", "distance": "1672", "dayCount": "3", "stnSerialNumber": "29", "boardingDisabled": "false"}, {"stationCode": "MUE", "stationName": "MUDKHED", "arrivalTime": "03:00", "departureTime": "03:02", "routeNumber": "1", "haltTime": "02:00", "distance": "1695", "dayCount": "3", "stnSerialNumber": "30", "boardingDisabled": "false"}, {"stationCode": "BSX", "stationName": "BASAR", "arrivalTime": "03:55", "departureTime": "03:57", "routeNumber": "1", "haltTime": "02:00", "distance": "1754", "dayCount": "3", "stnSerialNumber": "31", "boardingDisabled": "false"}, {"stationCode": "NZB", "stationName": "NIZAMABAD JN", "arrivalTime": "04:40", "departureTime": "04:42", "routeNumber": "1", "haltTime": "02:00", "distance": "1783", "dayCount": "3", "stnSerialNumber": "32", "boardingDisabled": "false"}, {"stationCode": "KMC", "stationName": "KAMAREDDI", "arrivalTime": "05:30", "departureTime": "05:32", "routeNumber": "1", "haltTime": "02:00", "distance": "1835", "dayCount": "3", "stnSerialNumber": "33", "boardingDisabled": "false"}, {"stationCode": "WDR", "stationName": "WADIARAM", "arrivalTime": "06:05", "departureTime": "06:07", "routeNumber": "1", "haltTime": "02:00", "distance": "1878", "dayCount": "3", "stnSerialNumber": "34", "boardingDisabled": "false"}, {"stationCode": "MED", "stationName": "MEDCHAL", "arrivalTime": "06:55", "departureTime": "06:57", "routeNumber": "1", "haltTime": "02:00", "distance": "1916", "dayCount": "3", "stnSerialNumber": "35", "boardingDisabled": "false"}, {"stationCode": "KCG", "stationName": "KACHEGUDA", "arrivalTime": "09:40", "departureTime": "--", "routeNumber": "1", "haltTime": "--", "distance": "1949", "dayCount": "3", "stnSerialNumber": "36", "boardingDisabled": "false"}]}