{"trainNumber": "07068", "trainName": "KRNT MTM SPL", "stationFrom": "KRNT", "stationTo": "MTM", "trainOwner": "0", "trainRunsOnMon": "N", "trainRunsOnTue": "N", "trainRunsOnWed": "Y", "trainRunsOnThu": "N", "trainRunsOnFri": "Y", "trainRunsOnSat": "N", "trainRunsOnSun": "Y", "timeStamp": "2023-06-19T15:31:00.652", "duration": "0", "stationList": [{"stationCode": "KRNT", "stationName": "KURNOOL CITY", "arrivalTime": "--", "departureTime": "20:00", "routeNumber": "1", "haltTime": "--", "distance": "0", "dayCount": "1", "stnSerialNumber": "1", "boardingDisabled": "false"}, {"stationCode": "DHNE", "stationName": "DHONE", "arrivalTime": "21:05", "departureTime": "21:15", "routeNumber": "1", "haltTime": "10:00", "distance": "54", "dayCount": "1", "stnSerialNumber": "2", "boardingDisabled": "false"}, {"stationCode": "NDL", "stationName": "NANDYAL", "arrivalTime": "22:25", "departureTime": "22:30", "routeNumber": "1", "haltTime": "05:00", "distance": "130", "dayCount": "1", "stnSerialNumber": "3", "boardingDisabled": "false"}, {"stationCode": "GID", "stationName": "GIDDALUR", "arrivalTime": "23:29", "departureTime": "23:30", "routeNumber": "1", "haltTime": "01:00", "distance": "183", "dayCount": "1", "stnSerialNumber": "4", "boardingDisabled": "false"}, {"stationCode": "CBM", "stationName": "CUMBUM", "arrivalTime": "00:04", "departureTime": "00:05", "routeNumber": "1", "haltTime": "01:00", "distance": "217", "dayCount": "2", "stnSerialNumber": "5", "boardingDisabled": "false"}, {"stationCode": "MRK", "stationName": "MARKAPUR ROAD", "arrivalTime": "00:21", "departureTime": "00:22", "routeNumber": "1", "haltTime": "01:00", "distance": "243", "dayCount": "2", "stnSerialNumber": "6", "boardingDisabled": "false"}, {"stationCode": "DKD", "stationName": "DONAKONDA", "arrivalTime": "00:39", "departureTime": "00:40", "routeNumber": "1", "haltTime": "01:00", "distance": "267", "dayCount": "2", "stnSerialNumber": "7", "boardingDisabled": "false"}, {"stationCode": "NRT", "stationName": "NARASARAOPET", "arrivalTime": "01:39", "departureTime": "01:40", "routeNumber": "1", "haltTime": "01:00", "distance": "342", "dayCount": "2", "stnSerialNumber": "8", "boardingDisabled": "false"}, {"stationCode": "GNT", "stationName": "GUNTUR JN", "arrivalTime": "03:35", "departureTime": "03:40", "routeNumber": "1", "haltTime": "05:00", "distance": "387", "dayCount": "2", "stnSerialNumber": "9", "boardingDisabled": "false"}, {"stationCode": "BZA", "stationName": "VIJAYAWADA JN", "arrivalTime": "04:50", "departureTime": "05:00", "routeNumber": "1", "haltTime": "10:00", "distance": "419", "dayCount": "2", "stnSerialNumber": "10", "boardingDisabled": "false"}, {"stationCode": "GDV", "stationName": "GUDIVADA JN", "arrivalTime": "05:48", "departureTime": "05:50", "routeNumber": "1", "haltTime": "02:00", "distance": "463", "dayCount": "2", "stnSerialNumber": "11", "boardingDisabled": "false"}, {"stationCode": "MTM", "stationName": "MACHILIPATNAM", "arrivalTime": "07:05", "departureTime": "--", "routeNumber": "1", "haltTime": "--", "distance": "499", "dayCount": "2", "stnSerialNumber": "12", "boardingDisabled": "false"}]}