{"trainNumber": "07067", "trainName": "MTM KRNT SPL", "stationFrom": "MTM", "stationTo": "KRNT", "trainOwner": "0", "trainRunsOnMon": "N", "trainRunsOnTue": "Y", "trainRunsOnWed": "N", "trainRunsOnThu": "Y", "trainRunsOnFri": "N", "trainRunsOnSat": "Y", "trainRunsOnSun": "N", "timeStamp": "2023-06-19T15:31:00.606", "duration": "0", "stationList": [{"stationCode": "MTM", "stationName": "MACHILIPATNAM", "arrivalTime": "--", "departureTime": "20:00", "routeNumber": "1", "haltTime": "--", "distance": "0", "dayCount": "1", "stnSerialNumber": "1", "boardingDisabled": "false"}, {"stationCode": "GDV", "stationName": "GUDIVADA JN", "arrivalTime": "20:45", "departureTime": "20:47", "routeNumber": "1", "haltTime": "02:00", "distance": "37", "dayCount": "1", "stnSerialNumber": "2", "boardingDisabled": "false"}, {"stationCode": "BZA", "stationName": "VIJAYAWADA JN", "arrivalTime": "21:45", "departureTime": "21:55", "routeNumber": "1", "haltTime": "10:00", "distance": "81", "dayCount": "1", "stnSerialNumber": "3", "boardingDisabled": "false"}, {"stationCode": "GNT", "stationName": "GUNTUR JN", "arrivalTime": "22:40", "departureTime": "22:45", "routeNumber": "1", "haltTime": "05:00", "distance": "113", "dayCount": "1", "stnSerialNumber": "4", "boardingDisabled": "false"}, {"stationCode": "NRT", "stationName": "NARASARAOPET", "arrivalTime": "23:39", "departureTime": "23:40", "routeNumber": "1", "haltTime": "01:00", "distance": "158", "dayCount": "1", "stnSerialNumber": "5", "boardingDisabled": "false"}, {"stationCode": "DKD", "stationName": "DONAKONDA", "arrivalTime": "00:44", "departureTime": "00:45", "routeNumber": "1", "haltTime": "01:00", "distance": "233", "dayCount": "2", "stnSerialNumber": "6", "boardingDisabled": "false"}, {"stationCode": "MRK", "stationName": "MARKAPUR ROAD", "arrivalTime": "01:14", "departureTime": "01:15", "routeNumber": "1", "haltTime": "01:00", "distance": "257", "dayCount": "2", "stnSerialNumber": "7", "boardingDisabled": "false"}, {"stationCode": "CBM", "stationName": "CUMBUM", "arrivalTime": "01:34", "departureTime": "01:35", "routeNumber": "1", "haltTime": "01:00", "distance": "283", "dayCount": "2", "stnSerialNumber": "8", "boardingDisabled": "false"}, {"stationCode": "GID", "stationName": "GIDDALUR", "arrivalTime": "02:09", "departureTime": "02:10", "routeNumber": "1", "haltTime": "01:00", "distance": "316", "dayCount": "2", "stnSerialNumber": "9", "boardingDisabled": "false"}, {"stationCode": "NDL", "stationName": "NANDYAL", "arrivalTime": "03:20", "departureTime": "03:25", "routeNumber": "1", "haltTime": "05:00", "distance": "370", "dayCount": "2", "stnSerialNumber": "10", "boardingDisabled": "false"}, {"stationCode": "DHNE", "stationName": "DHONE", "arrivalTime": "05:45", "departureTime": "05:55", "routeNumber": "1", "haltTime": "10:00", "distance": "446", "dayCount": "2", "stnSerialNumber": "11", "boardingDisabled": "false"}, {"stationCode": "KRNT", "stationName": "KURNOOL CITY", "arrivalTime": "07:30", "departureTime": "--", "routeNumber": "1", "haltTime": "--", "distance": "499", "dayCount": "2", "stnSerialNumber": "12", "boardingDisabled": "false"}]}