{"trainNumber": "07091", "trainName": "KZJ TPTY SPL", "stationFrom": "KZJ", "stationTo": "TPTY", "trainOwner": "0", "trainRunsOnMon": "N", "trainRunsOnTue": "Y", "trainRunsOnWed": "N", "trainRunsOnThu": "N", "trainRunsOnFri": "N", "trainRunsOnSat": "N", "trainRunsOnSun": "N", "timeStamp": "2023-06-19T15:31:01.080", "duration": "0", "stationList": [{"stationCode": "KZJ", "stationName": "KAZIPET JN", "arrivalTime": "--", "departureTime": "11:00", "routeNumber": "1", "haltTime": "--", "distance": "0", "dayCount": "1", "stnSerialNumber": "1", "boardingDisabled": "false"}, {"stationCode": "WL", "stationName": "WARANGAL", "arrivalTime": "11:14", "departureTime": "11:16", "routeNumber": "1", "haltTime": "02:00", "distance": "11", "dayCount": "1", "stnSerialNumber": "2", "boardingDisabled": "false"}, {"stationCode": "KDM", "stationName": "KESAMUDRAM", "arrivalTime": "11:58", "departureTime": "12:00", "routeNumber": "1", "haltTime": "02:00", "distance": "56", "dayCount": "1", "stnSerialNumber": "3", "boardingDisabled": "false"}, {"stationCode": "MABD", "stationName": "MAHBUBABAD", "arrivalTime": "12:20", "departureTime": "12:22", "routeNumber": "1", "haltTime": "02:00", "distance": "71", "dayCount": "1", "stnSerialNumber": "4", "boardingDisabled": "false"}, {"stationCode": "DKJ", "stationName": "DORNAKAL JN", "arrivalTime": "12:42", "departureTime": "12:44", "routeNumber": "1", "haltTime": "02:00", "distance": "95", "dayCount": "1", "stnSerialNumber": "5", "boardingDisabled": "false"}, {"stationCode": "KMT", "stationName": "KHAMMAM", "arrivalTime": "13:05", "departureTime": "13:07", "routeNumber": "1", "haltTime": "02:00", "distance": "118", "dayCount": "1", "stnSerialNumber": "6", "boardingDisabled": "false"}, {"stationCode": "BZA", "stationName": "VIJAYAWADA JN", "arrivalTime": "14:55", "departureTime": "15:05", "routeNumber": "1", "haltTime": "10:00", "distance": "218", "dayCount": "1", "stnSerialNumber": "7", "boardingDisabled": "false"}, {"stationCode": "TEL", "stationName": "TENALI JN", "arrivalTime": "15:35", "departureTime": "15:37", "routeNumber": "1", "haltTime": "02:00", "distance": "249", "dayCount": "1", "stnSerialNumber": "8", "boardingDisabled": "false"}, {"stationCode": "CLX", "stationName": "CHIRALA", "arrivalTime": "16:28", "departureTime": "16:30", "routeNumber": "1", "haltTime": "02:00", "distance": "307", "dayCount": "1", "stnSerialNumber": "9", "boardingDisabled": "false"}, {"stationCode": "OGL", "stationName": "ONGOLE", "arrivalTime": "17:12", "departureTime": "17:14", "routeNumber": "1", "haltTime": "02:00", "distance": "356", "dayCount": "1", "stnSerialNumber": "10", "boardingDisabled": "false"}, {"stationCode": "NLR", "stationName": "NELLORE", "arrivalTime": "19:10", "departureTime": "19:12", "routeNumber": "1", "haltTime": "02:00", "distance": "472", "dayCount": "1", "stnSerialNumber": "11", "boardingDisabled": "false"}, {"stationCode": "GDR", "stationName": "GUDUR JN", "arrivalTime": "20:08", "departureTime": "20:10", "routeNumber": "1", "haltTime": "02:00", "distance": "511", "dayCount": "1", "stnSerialNumber": "12", "boardingDisabled": "false"}, {"stationCode": "RU", "stationName": "RENIGUNTA JN", "arrivalTime": "21:40", "departureTime": "21:42", "routeNumber": "1", "haltTime": "02:00", "distance": "594", "dayCount": "1", "stnSerialNumber": "13", "boardingDisabled": "false"}, {"stationCode": "TPTY", "stationName": "TIRUPATI", "arrivalTime": "22:20", "departureTime": "--", "routeNumber": "1", "haltTime": "--", "distance": "603", "dayCount": "1", "stnSerialNumber": "14", "boardingDisabled": "false"}]}