{"trainNumber": "07095", "trainName": "MTM TPTY SPL", "stationFrom": "MTM", "stationTo": "TPTY", "trainOwner": "0", "trainRunsOnMon": "Y", "trainRunsOnTue": "N", "trainRunsOnWed": "Y", "trainRunsOnThu": "N", "trainRunsOnFri": "Y", "trainRunsOnSat": "N", "trainRunsOnSun": "Y", "timeStamp": "2023-06-19T15:31:01.012", "duration": "0", "stationList": [{"stationCode": "MTM", "stationName": "MACHILIPATNAM", "arrivalTime": "--", "departureTime": "17:40", "routeNumber": "1", "haltTime": "--", "distance": "0", "dayCount": "1", "stnSerialNumber": "1", "boardingDisabled": "false"}, {"stationCode": "GDV", "stationName": "GUDIVADA JN", "arrivalTime": "18:15", "departureTime": "18:17", "routeNumber": "1", "haltTime": "02:00", "distance": "37", "dayCount": "1", "stnSerialNumber": "2", "boardingDisabled": "false"}, {"stationCode": "BZA", "stationName": "VIJAYAWADA JN", "arrivalTime": "19:10", "departureTime": "19:20", "routeNumber": "1", "haltTime": "10:00", "distance": "81", "dayCount": "1", "stnSerialNumber": "3", "boardingDisabled": "false"}, {"stationCode": "TEL", "stationName": "TENALI JN", "arrivalTime": "19:55", "departureTime": "19:57", "routeNumber": "1", "haltTime": "02:00", "distance": "113", "dayCount": "1", "stnSerialNumber": "4", "boardingDisabled": "false"}, {"stationCode": "CLX", "stationName": "CHIRALA", "arrivalTime": "20:50", "departureTime": "20:52", "routeNumber": "1", "haltTime": "02:00", "distance": "170", "dayCount": "1", "stnSerialNumber": "5", "boardingDisabled": "false"}, {"stationCode": "OGL", "stationName": "ONGOLE", "arrivalTime": "21:35", "departureTime": "21:37", "routeNumber": "1", "haltTime": "02:00", "distance": "219", "dayCount": "1", "stnSerialNumber": "6", "boardingDisabled": "false"}, {"stationCode": "NLR", "stationName": "NELLORE", "arrivalTime": "23:50", "departureTime": "23:52", "routeNumber": "1", "haltTime": "02:00", "distance": "335", "dayCount": "1", "stnSerialNumber": "7", "boardingDisabled": "false"}, {"stationCode": "GDR", "stationName": "GUDUR JN", "arrivalTime": "00:45", "departureTime": "00:47", "routeNumber": "1", "haltTime": "02:00", "distance": "374", "dayCount": "2", "stnSerialNumber": "8", "boardingDisabled": "false"}, {"stationCode": "RU", "stationName": "RENIGUNTA JN", "arrivalTime": "02:30", "departureTime": "02:32", "routeNumber": "1", "haltTime": "02:00", "distance": "457", "dayCount": "2", "stnSerialNumber": "9", "boardingDisabled": "false"}, {"stationCode": "TPTY", "stationName": "TIRUPATI", "arrivalTime": "04:00", "departureTime": "--", "routeNumber": "1", "haltTime": "--", "distance": "467", "dayCount": "2", "stnSerialNumber": "10", "boardingDisabled": "false"}]}