{"trainNumber": "07092", "trainName": "TPTY KZJ SPL", "stationFrom": "TPTY", "stationTo": "KZJ", "trainOwner": "0", "trainRunsOnMon": "N", "trainRunsOnTue": "Y", "trainRunsOnWed": "N", "trainRunsOnThu": "N", "trainRunsOnFri": "N", "trainRunsOnSat": "N", "trainRunsOnSun": "N", "timeStamp": "2023-06-19T15:31:01.020", "duration": "0", "stationList": [{"stationCode": "TPTY", "stationName": "TIRUPATI", "arrivalTime": "--", "departureTime": "23:40", "routeNumber": "1", "haltTime": "--", "distance": "0", "dayCount": "1", "stnSerialNumber": "1", "boardingDisabled": "false"}, {"stationCode": "RU", "stationName": "RENIGUNTA JN", "arrivalTime": "00:10", "departureTime": "00:12", "routeNumber": "1", "haltTime": "02:00", "distance": "10", "dayCount": "2", "stnSerialNumber": "2", "boardingDisabled": "false"}, {"stationCode": "GDR", "stationName": "GUDUR JN", "arrivalTime": "01:38", "departureTime": "01:40", "routeNumber": "1", "haltTime": "02:00", "distance": "93", "dayCount": "2", "stnSerialNumber": "3", "boardingDisabled": "false"}, {"stationCode": "NLR", "stationName": "NELLORE", "arrivalTime": "02:10", "departureTime": "02:12", "routeNumber": "1", "haltTime": "02:00", "distance": "132", "dayCount": "2", "stnSerialNumber": "4", "boardingDisabled": "false"}, {"stationCode": "OGL", "stationName": "ONGOLE", "arrivalTime": "03:40", "departureTime": "03:42", "routeNumber": "1", "haltTime": "02:00", "distance": "248", "dayCount": "2", "stnSerialNumber": "5", "boardingDisabled": "false"}, {"stationCode": "CLX", "stationName": "CHIRALA", "arrivalTime": "04:20", "departureTime": "04:22", "routeNumber": "1", "haltTime": "02:00", "distance": "297", "dayCount": "2", "stnSerialNumber": "6", "boardingDisabled": "false"}, {"stationCode": "TEL", "stationName": "TENALI JN", "arrivalTime": "05:20", "departureTime": "05:22", "routeNumber": "1", "haltTime": "02:00", "distance": "355", "dayCount": "2", "stnSerialNumber": "7", "boardingDisabled": "false"}, {"stationCode": "BZA", "stationName": "VIJAYAWADA JN", "arrivalTime": "06:00", "departureTime": "06:10", "routeNumber": "1", "haltTime": "10:00", "distance": "386", "dayCount": "2", "stnSerialNumber": "8", "boardingDisabled": "false"}, {"stationCode": "KMT", "stationName": "KHAMMAM", "arrivalTime": "07:25", "departureTime": "07:27", "routeNumber": "1", "haltTime": "02:00", "distance": "486", "dayCount": "2", "stnSerialNumber": "9", "boardingDisabled": "false"}, {"stationCode": "DKJ", "stationName": "DORNAKAL JN", "arrivalTime": "07:55", "departureTime": "07:57", "routeNumber": "1", "haltTime": "02:00", "distance": "509", "dayCount": "2", "stnSerialNumber": "10", "boardingDisabled": "false"}, {"stationCode": "MABD", "stationName": "MAHBUBABAD", "arrivalTime": "08:15", "departureTime": "08:17", "routeNumber": "1", "haltTime": "02:00", "distance": "533", "dayCount": "2", "stnSerialNumber": "11", "boardingDisabled": "false"}, {"stationCode": "KDM", "stationName": "KESAMUDRAM", "arrivalTime": "08:45", "departureTime": "08:47", "routeNumber": "1", "haltTime": "02:00", "distance": "548", "dayCount": "2", "stnSerialNumber": "12", "boardingDisabled": "false"}, {"stationCode": "WL", "stationName": "WARANGAL", "arrivalTime": "09:48", "departureTime": "09:50", "routeNumber": "1", "haltTime": "02:00", "distance": "593", "dayCount": "2", "stnSerialNumber": "13", "boardingDisabled": "false"}, {"stationCode": "KZJ", "stationName": "KAZIPET JN", "arrivalTime": "10:45", "departureTime": "--", "routeNumber": "1", "haltTime": "--", "distance": "603", "dayCount": "2", "stnSerialNumber": "14", "boardingDisabled": "false"}]}