{"trainNumber": "07096", "trainName": "TPTY MTM SPL", "stationFrom": "TPTY", "stationTo": "MTM", "trainOwner": "0", "trainRunsOnMon": "Y", "trainRunsOnTue": "Y", "trainRunsOnWed": "N", "trainRunsOnThu": "Y", "trainRunsOnFri": "N", "trainRunsOnSat": "Y", "trainRunsOnSun": "N", "timeStamp": "2023-06-19T15:31:00.992", "duration": "0", "stationList": [{"stationCode": "TPTY", "stationName": "TIRUPATI", "arrivalTime": "--", "departureTime": "21:00", "routeNumber": "1", "haltTime": "--", "distance": "0", "dayCount": "1", "stnSerialNumber": "1", "boardingDisabled": "false"}, {"stationCode": "RU", "stationName": "RENIGUNTA JN", "arrivalTime": "21:18", "departureTime": "21:20", "routeNumber": "1", "haltTime": "02:00", "distance": "10", "dayCount": "1", "stnSerialNumber": "2", "boardingDisabled": "false"}, {"stationCode": "GDR", "stationName": "GUDUR JN", "arrivalTime": "22:55", "departureTime": "22:57", "routeNumber": "1", "haltTime": "02:00", "distance": "93", "dayCount": "1", "stnSerialNumber": "3", "boardingDisabled": "false"}, {"stationCode": "NLR", "stationName": "NELLORE", "arrivalTime": "23:30", "departureTime": "23:32", "routeNumber": "1", "haltTime": "02:00", "distance": "132", "dayCount": "1", "stnSerialNumber": "4", "boardingDisabled": "false"}, {"stationCode": "OGL", "stationName": "ONGOLE", "arrivalTime": "01:00", "departureTime": "01:02", "routeNumber": "1", "haltTime": "02:00", "distance": "248", "dayCount": "2", "stnSerialNumber": "5", "boardingDisabled": "false"}, {"stationCode": "CLX", "stationName": "CHIRALA", "arrivalTime": "01:35", "departureTime": "01:37", "routeNumber": "1", "haltTime": "02:00", "distance": "297", "dayCount": "2", "stnSerialNumber": "6", "boardingDisabled": "false"}, {"stationCode": "TEL", "stationName": "TENALI JN", "arrivalTime": "02:30", "departureTime": "02:32", "routeNumber": "1", "haltTime": "02:00", "distance": "355", "dayCount": "2", "stnSerialNumber": "7", "boardingDisabled": "false"}, {"stationCode": "BZA", "stationName": "VIJAYAWADA JN", "arrivalTime": "03:10", "departureTime": "03:20", "routeNumber": "1", "haltTime": "10:00", "distance": "386", "dayCount": "2", "stnSerialNumber": "8", "boardingDisabled": "false"}, {"stationCode": "GDV", "stationName": "GUDIVADA JN", "arrivalTime": "04:28", "departureTime": "04:30", "routeNumber": "1", "haltTime": "02:00", "distance": "430", "dayCount": "2", "stnSerialNumber": "9", "boardingDisabled": "false"}, {"stationCode": "MTM", "stationName": "MACHILIPATNAM", "arrivalTime": "07:45", "departureTime": "--", "routeNumber": "1", "haltTime": "--", "distance": "467", "dayCount": "2", "stnSerialNumber": "10", "boardingDisabled": "false"}]}