{"trainNumber": "07116", "trainName": "JP HYB EXP SPL", "stationFrom": "JP", "stationTo": "HYB", "trainOwner": "0", "trainRunsOnMon": "N", "trainRunsOnTue": "N", "trainRunsOnWed": "N", "trainRunsOnThu": "N", "trainRunsOnFri": "N", "trainRunsOnSat": "N", "trainRunsOnSun": "Y", "timeStamp": "2023-06-19T15:31:06.220", "duration": "0", "stationList": [{"stationCode": "JP", "stationName": "JAIPUR", "arrivalTime": "--", "departureTime": "15:20", "routeNumber": "1", "haltTime": "--", "distance": "0", "dayCount": "1", "stnSerialNumber": "1", "boardingDisabled": "false"}, {"stationCode": "FL", "stationName": "PHULERA JN", "arrivalTime": "16:01", "departureTime": "16:03", "routeNumber": "1", "haltTime": "02:00", "distance": "55", "dayCount": "1", "stnSerialNumber": "2", "boardingDisabled": "false"}, {"stationCode": "KSG", "stationName": "KISHANGARH", "arrivalTime": "16:41", "departureTime": "16:43", "routeNumber": "1", "haltTime": "02:00", "distance": "110", "dayCount": "1", "stnSerialNumber": "3", "boardingDisabled": "false"}, {"stationCode": "AII", "stationName": "AJMER JN", "arrivalTime": "17:15", "departureTime": "17:25", "routeNumber": "1", "haltTime": "10:00", "distance": "135", "dayCount": "1", "stnSerialNumber": "4", "boardingDisabled": "false"}, {"stationCode": "BJNR", "stationName": "BIJAINAGAR", "arrivalTime": "18:25", "departureTime": "18:27", "routeNumber": "1", "haltTime": "02:00", "distance": "200", "dayCount": "1", "stnSerialNumber": "5", "boardingDisabled": "false"}, {"stationCode": "BHL", "stationName": "BHILWARA", "arrivalTime": "19:20", "departureTime": "19:25", "routeNumber": "1", "haltTime": "05:00", "distance": "267", "dayCount": "1", "stnSerialNumber": "6", "boardingDisabled": "false"}, {"stationCode": "COR", "stationName": "CHITTAURGARH", "arrivalTime": "20:40", "departureTime": "20:50", "routeNumber": "1", "haltTime": "10:00", "distance": "321", "dayCount": "1", "stnSerialNumber": "8", "boardingDisabled": "false"}, {"stationCode": "NMH", "stationName": "NIMACH", "arrivalTime": "21:48", "departureTime": "21:50", "routeNumber": "1", "haltTime": "02:00", "distance": "377", "dayCount": "1", "stnSerialNumber": "9", "boardingDisabled": "false"}, {"stationCode": "MDS", "stationName": "MANDASOR", "arrivalTime": "22:32", "departureTime": "22:34", "routeNumber": "1", "haltTime": "02:00", "distance": "426", "dayCount": "1", "stnSerialNumber": "10", "boardingDisabled": "false"}, {"stationCode": "RTM", "stationName": "RATLAM JN", "arrivalTime": "00:20", "departureTime": "00:35", "routeNumber": "1", "haltTime": "15:00", "distance": "510", "dayCount": "2", "stnSerialNumber": "11", "boardingDisabled": "false"}, {"stationCode": "UJN", "stationName": "UJJAIN JN", "arrivalTime": "02:25", "departureTime": "02:30", "routeNumber": "1", "haltTime": "05:00", "distance": "606", "dayCount": "2", "stnSerialNumber": "12", "boardingDisabled": "false"}, {"stationCode": "BPL", "stationName": "BHOPAL  JN", "arrivalTime": "06:10", "departureTime": "06:20", "routeNumber": "1", "haltTime": "10:00", "distance": "790", "dayCount": "2", "stnSerialNumber": "14", "boardingDisabled": "false"}, {"stationCode": "ET", "stationName": "ITARSI JN", "arrivalTime": "08:00", "departureTime": "08:10", "routeNumber": "1", "haltTime": "10:00", "distance": "881", "dayCount": "2", "stnSerialNumber": "15", "boardingDisabled": "false"}, {"stationCode": "KNW", "stationName": "KHANDWA", "arrivalTime": "11:38", "departureTime": "11:40", "routeNumber": "1", "haltTime": "02:00", "distance": "1065", "dayCount": "2", "stnSerialNumber": "16", "boardingDisabled": "false"}, {"stationCode": "MKU", "stationName": "MALKAPUR", "arrivalTime": "13:49", "departureTime": "13:50", "routeNumber": "1", "haltTime": "01:00", "distance": "1232", "dayCount": "2", "stnSerialNumber": "17", "boardingDisabled": "false"}, {"stationCode": "AK", "stationName": "AKOLA JN", "arrivalTime": "15:10", "departureTime": "15:15", "routeNumber": "1", "haltTime": "05:00", "distance": "1321", "dayCount": "2", "stnSerialNumber": "18", "boardingDisabled": "false"}, {"stationCode": "WHM", "stationName": "WASHIM", "arrivalTime": "16:14", "departureTime": "16:15", "routeNumber": "1", "haltTime": "01:00", "distance": "1400", "dayCount": "2", "stnSerialNumber": "19", "boardingDisabled": "false"}, {"stationCode": "HNL", "stationName": "HINGOLI DECCAN", "arrivalTime": "16:59", "departureTime": "17:00", "routeNumber": "1", "haltTime": "01:00", "distance": "1448", "dayCount": "2", "stnSerialNumber": "20", "boardingDisabled": "false"}, {"stationCode": "BMF", "stationName": "BASMAT", "arrivalTime": "17:49", "departureTime": "17:50", "routeNumber": "1", "haltTime": "01:00", "distance": "1506", "dayCount": "2", "stnSerialNumber": "21", "boardingDisabled": "false"}, {"stationCode": "PAU", "stationName": "PURNA JN", "arrivalTime": "18:40", "departureTime": "19:00", "routeNumber": "1", "haltTime": "20:00", "distance": "1528", "dayCount": "2", "stnSerialNumber": "22", "boardingDisabled": "false"}, {"stationCode": "NED", "stationName": "H SAHIB NANDED", "arrivalTime": "19:35", "departureTime": "19:40", "routeNumber": "1", "haltTime": "05:00", "distance": "1559", "dayCount": "2", "stnSerialNumber": "23", "boardingDisabled": "false"}, {"stationCode": "MUE", "stationName": "MUDKHED", "arrivalTime": "20:48", "departureTime": "20:50", "routeNumber": "1", "haltTime": "02:00", "distance": "1581", "dayCount": "2", "stnSerialNumber": "24", "boardingDisabled": "false"}, {"stationCode": "NZB", "stationName": "NIZAMABAD JN", "arrivalTime": "22:15", "departureTime": "22:17", "routeNumber": "1", "haltTime": "02:00", "distance": "1669", "dayCount": "2", "stnSerialNumber": "25", "boardingDisabled": "false"}, {"stationCode": "KMC", "stationName": "KAMAREDDI", "arrivalTime": "23:03", "departureTime": "23:04", "routeNumber": "1", "haltTime": "01:00", "distance": "1721", "dayCount": "2", "stnSerialNumber": "26", "boardingDisabled": "false"}, {"stationCode": "SC", "stationName": "SECUNDERABAD JN", "arrivalTime": "02:00", "departureTime": "02:10", "routeNumber": "1", "haltTime": "10:00", "distance": "1830", "dayCount": "3", "stnSerialNumber": "27", "boardingDisabled": "false"}, {"stationCode": "HYB", "stationName": "HYDERABAD DECAN", "arrivalTime": "03:00", "departureTime": "--", "routeNumber": "1", "haltTime": "--", "distance": "1852", "dayCount": "3", "stnSerialNumber": "28", "boardingDisabled": "false"}]}