{"trainNumber": "07115", "trainName": "HYB JP SPL", "stationFrom": "HYB", "stationTo": "JP", "trainOwner": "0", "trainRunsOnMon": "N", "trainRunsOnTue": "N", "trainRunsOnWed": "N", "trainRunsOnThu": "N", "trainRunsOnFri": "Y", "trainRunsOnSat": "N", "trainRunsOnSun": "N", "timeStamp": "2023-06-19T15:31:06.151", "duration": "0", "stationList": [{"stationCode": "HYB", "stationName": "HYDERABAD DECAN", "arrivalTime": "--", "departureTime": "20:20", "routeNumber": "1", "haltTime": "--", "distance": "0", "dayCount": "1", "stnSerialNumber": "1", "boardingDisabled": "false"}, {"stationCode": "SC", "stationName": "SECUNDERABAD JN", "arrivalTime": "20:50", "departureTime": "21:00", "routeNumber": "1", "haltTime": "10:00", "distance": "10", "dayCount": "1", "stnSerialNumber": "2", "boardingDisabled": "false"}, {"stationCode": "KMC", "stationName": "KAMAREDDI", "arrivalTime": "22:19", "departureTime": "22:20", "routeNumber": "1", "haltTime": "01:00", "distance": "119", "dayCount": "1", "stnSerialNumber": "3", "boardingDisabled": "false"}, {"stationCode": "NZB", "stationName": "NIZAMABAD JN", "arrivalTime": "23:03", "departureTime": "23:05", "routeNumber": "1", "haltTime": "02:00", "distance": "170", "dayCount": "1", "stnSerialNumber": "4", "boardingDisabled": "false"}, {"stationCode": "MUE", "stationName": "MUDKHED", "arrivalTime": "00:48", "departureTime": "00:50", "routeNumber": "1", "haltTime": "02:00", "distance": "259", "dayCount": "2", "stnSerialNumber": "5", "boardingDisabled": "false"}, {"stationCode": "NED", "stationName": "H SAHIB NANDED", "arrivalTime": "01:18", "departureTime": "01:20", "routeNumber": "1", "haltTime": "02:00", "distance": "281", "dayCount": "2", "stnSerialNumber": "6", "boardingDisabled": "false"}, {"stationCode": "PAU", "stationName": "PURNA JN", "arrivalTime": "02:05", "departureTime": "02:20", "routeNumber": "1", "haltTime": "15:00", "distance": "312", "dayCount": "2", "stnSerialNumber": "7", "boardingDisabled": "false"}, {"stationCode": "BMF", "stationName": "BASMAT", "arrivalTime": "02:39", "departureTime": "02:40", "routeNumber": "1", "haltTime": "01:00", "distance": "334", "dayCount": "2", "stnSerialNumber": "8", "boardingDisabled": "false"}, {"stationCode": "HNL", "stationName": "HINGOLI DECCAN", "arrivalTime": "03:24", "departureTime": "03:25", "routeNumber": "1", "haltTime": "01:00", "distance": "392", "dayCount": "2", "stnSerialNumber": "9", "boardingDisabled": "false"}, {"stationCode": "WHM", "stationName": "WASHIM", "arrivalTime": "04:04", "departureTime": "04:05", "routeNumber": "1", "haltTime": "01:00", "distance": "440", "dayCount": "2", "stnSerialNumber": "10", "boardingDisabled": "false"}, {"stationCode": "AK", "stationName": "AKOLA JN", "arrivalTime": "05:40", "departureTime": "05:45", "routeNumber": "1", "haltTime": "05:00", "distance": "519", "dayCount": "2", "stnSerialNumber": "11", "boardingDisabled": "false"}, {"stationCode": "MKU", "stationName": "MALKAPUR", "arrivalTime": "06:49", "departureTime": "06:50", "routeNumber": "1", "haltTime": "01:00", "distance": "608", "dayCount": "2", "stnSerialNumber": "12", "boardingDisabled": "false"}, {"stationCode": "KNW", "stationName": "KHANDWA", "arrivalTime": "09:37", "departureTime": "09:40", "routeNumber": "1", "haltTime": "03:00", "distance": "775", "dayCount": "2", "stnSerialNumber": "13", "boardingDisabled": "false"}, {"stationCode": "ET", "stationName": "ITARSI JN", "arrivalTime": "12:05", "departureTime": "12:10", "routeNumber": "1", "haltTime": "05:00", "distance": "959", "dayCount": "2", "stnSerialNumber": "14", "boardingDisabled": "false"}, {"stationCode": "BPL", "stationName": "BHOPAL  JN", "arrivalTime": "13:55", "departureTime": "14:05", "routeNumber": "1", "haltTime": "10:00", "distance": "1057", "dayCount": "2", "stnSerialNumber": "15", "boardingDisabled": "false"}, {"stationCode": "UJN", "stationName": "UJJAIN JN", "arrivalTime": "16:55", "departureTime": "17:00", "routeNumber": "1", "haltTime": "05:00", "distance": "1241", "dayCount": "2", "stnSerialNumber": "16", "boardingDisabled": "false"}, {"stationCode": "RTM", "stationName": "RATLAM JN", "arrivalTime": "19:00", "departureTime": "19:15", "routeNumber": "1", "haltTime": "15:00", "distance": "1343", "dayCount": "2", "stnSerialNumber": "17", "boardingDisabled": "false"}, {"stationCode": "MDS", "stationName": "MANDASOR", "arrivalTime": "20:23", "departureTime": "20:25", "routeNumber": "1", "haltTime": "02:00", "distance": "1427", "dayCount": "2", "stnSerialNumber": "18", "boardingDisabled": "false"}, {"stationCode": "NMH", "stationName": "NIMACH", "arrivalTime": "21:16", "departureTime": "21:18", "routeNumber": "1", "haltTime": "02:00", "distance": "1476", "dayCount": "2", "stnSerialNumber": "19", "boardingDisabled": "false"}, {"stationCode": "COR", "stationName": "CHITTAURGARH", "arrivalTime": "23:05", "departureTime": "23:15", "routeNumber": "1", "haltTime": "10:00", "distance": "1532", "dayCount": "2", "stnSerialNumber": "20", "boardingDisabled": "false"}, {"stationCode": "BHL", "stationName": "BHILWARA", "arrivalTime": "00:10", "departureTime": "00:15", "routeNumber": "1", "haltTime": "05:00", "distance": "1586", "dayCount": "3", "stnSerialNumber": "22", "boardingDisabled": "false"}, {"stationCode": "BJNR", "stationName": "BIJAINAGAR", "arrivalTime": "01:06", "departureTime": "01:08", "routeNumber": "1", "haltTime": "02:00", "distance": "1652", "dayCount": "3", "stnSerialNumber": "23", "boardingDisabled": "false"}, {"stationCode": "AII", "stationName": "AJMER JN", "arrivalTime": "02:45", "departureTime": "02:55", "routeNumber": "1", "haltTime": "10:00", "distance": "1718", "dayCount": "3", "stnSerialNumber": "24", "boardingDisabled": "false"}, {"stationCode": "KSG", "stationName": "KISHANGARH", "arrivalTime": "03:25", "departureTime": "03:27", "routeNumber": "1", "haltTime": "02:00", "distance": "1743", "dayCount": "3", "stnSerialNumber": "25", "boardingDisabled": "false"}, {"stationCode": "FL", "stationName": "PHULERA JN", "arrivalTime": "04:08", "departureTime": "04:10", "routeNumber": "1", "haltTime": "02:00", "distance": "1797", "dayCount": "3", "stnSerialNumber": "26", "boardingDisabled": "false"}, {"stationCode": "JP", "stationName": "JAIPUR", "arrivalTime": "05:25", "departureTime": "--", "routeNumber": "1", "haltTime": "--", "distance": "1852", "dayCount": "3", "stnSerialNumber": "27", "boardingDisabled": "false"}]}