{"trainNumber": "07165", "trainName": "HYB CTC SPL", "stationFrom": "HYB", "stationTo": "CTC", "trainOwner": "0", "trainRunsOnMon": "N", "trainRunsOnTue": "Y", "trainRunsOnWed": "N", "trainRunsOnThu": "N", "trainRunsOnFri": "N", "trainRunsOnSat": "N", "trainRunsOnSun": "N", "timeStamp": "2023-06-19T15:30:55.092", "duration": "0", "stationList": [{"stationCode": "HYB", "stationName": "HYDERABAD DECAN", "arrivalTime": "--", "departureTime": "20:10", "routeNumber": "1", "haltTime": "--", "distance": "0", "dayCount": "1", "stnSerialNumber": "1", "boardingDisabled": "false"}, {"stationCode": "SC", "stationName": "SECUNDERABAD JN", "arrivalTime": "20:35", "departureTime": "20:45", "routeNumber": "1", "haltTime": "10:00", "distance": "10", "dayCount": "1", "stnSerialNumber": "2", "boardingDisabled": "false"}, {"stationCode": "NLDA", "stationName": "NALGONDA", "arrivalTime": "22:35", "departureTime": "22:37", "routeNumber": "1", "haltTime": "02:00", "distance": "120", "dayCount": "1", "stnSerialNumber": "3", "boardingDisabled": "false"}, {"stationCode": "MRGA", "stationName": "MIRYALAGUDA", "arrivalTime": "23:10", "departureTime": "23:12", "routeNumber": "1", "haltTime": "02:00", "distance": "158", "dayCount": "1", "stnSerialNumber": "4", "boardingDisabled": "false"}, {"stationCode": "SAP", "stationName": "SATTENAPALLE", "arrivalTime": "00:33", "departureTime": "00:34", "routeNumber": "1", "haltTime": "01:00", "distance": "249", "dayCount": "2", "stnSerialNumber": "5", "boardingDisabled": "false"}, {"stationCode": "GNT", "stationName": "GUNTUR JN", "arrivalTime": "01:25", "departureTime": "01:35", "routeNumber": "1", "haltTime": "10:00", "distance": "291", "dayCount": "2", "stnSerialNumber": "6", "boardingDisabled": "false"}, {"stationCode": "BZA", "stationName": "VIJAYAWADA JN", "arrivalTime": "03:00", "departureTime": "03:10", "routeNumber": "1", "haltTime": "10:00", "distance": "323", "dayCount": "2", "stnSerialNumber": "7", "boardingDisabled": "false"}, {"stationCode": "EE", "stationName": "ELURU", "arrivalTime": "03:53", "departureTime": "03:55", "routeNumber": "1", "haltTime": "02:00", "distance": "382", "dayCount": "2", "stnSerialNumber": "8", "boardingDisabled": "false"}, {"stationCode": "RJY", "stationName": "RAJAHMUNDRY", "arrivalTime": "05:05", "departureTime": "05:07", "routeNumber": "1", "haltTime": "02:00", "distance": "472", "dayCount": "2", "stnSerialNumber": "9", "boardingDisabled": "false"}, {"stationCode": "SLO", "stationName": "SAMALKOT JN", "arrivalTime": "06:15", "departureTime": "06:17", "routeNumber": "1", "haltTime": "02:00", "distance": "522", "dayCount": "2", "stnSerialNumber": "10", "boardingDisabled": "false"}, {"stationCode": "ANV", "stationName": "ANNAVARAM", "arrivalTime": "07:02", "departureTime": "07:04", "routeNumber": "1", "haltTime": "02:00", "distance": "559", "dayCount": "2", "stnSerialNumber": "11", "boardingDisabled": "false"}, {"stationCode": "AKP", "stationName": "ANAKAPALLE", "arrivalTime": "08:10", "departureTime": "08:12", "routeNumber": "1", "haltTime": "02:00", "distance": "640", "dayCount": "2", "stnSerialNumber": "12", "boardingDisabled": "false"}, {"stationCode": "DVD", "stationName": "DUVVADA", "arrivalTime": "09:05", "departureTime": "09:07", "routeNumber": "1", "haltTime": "02:00", "distance": "656", "dayCount": "2", "stnSerialNumber": "13", "boardingDisabled": "false"}, {"stationCode": "KTV", "stationName": "KOTTAVALASA", "arrivalTime": "10:30", "departureTime": "10:32", "routeNumber": "1", "haltTime": "02:00", "distance": "685", "dayCount": "2", "stnSerialNumber": "14", "boardingDisabled": "false"}, {"stationCode": "VZM", "stationName": "VIZIANAGRAM JN", "arrivalTime": "11:00", "departureTime": "11:10", "routeNumber": "1", "haltTime": "10:00", "distance": "720", "dayCount": "2", "stnSerialNumber": "15", "boardingDisabled": "false"}, {"stationCode": "CHE", "stationName": "SRIKAKULAM ROAD", "arrivalTime": "12:05", "departureTime": "12:10", "routeNumber": "1", "haltTime": "05:00", "distance": "789", "dayCount": "2", "stnSerialNumber": "16", "boardingDisabled": "false"}, {"stationCode": "PSA", "stationName": "PALASA", "arrivalTime": "13:10", "departureTime": "13:12", "routeNumber": "1", "haltTime": "02:00", "distance": "862", "dayCount": "2", "stnSerialNumber": "17", "boardingDisabled": "false"}, {"stationCode": "BAM", "stationName": "BRAHMAPUR", "arrivalTime": "14:01", "departureTime": "14:03", "routeNumber": "1", "haltTime": "02:00", "distance": "936", "dayCount": "2", "stnSerialNumber": "18", "boardingDisabled": "false"}, {"stationCode": "KUR", "stationName": "KHURDA ROAD JN", "arrivalTime": "16:10", "departureTime": "16:15", "routeNumber": "1", "haltTime": "05:00", "distance": "1083", "dayCount": "2", "stnSerialNumber": "19", "boardingDisabled": "false"}, {"stationCode": "BBS", "stationName": "BHUBANESWAR", "arrivalTime": "16:40", "departureTime": "16:45", "routeNumber": "1", "haltTime": "05:00", "distance": "1102", "dayCount": "2", "stnSerialNumber": "20", "boardingDisabled": "false"}, {"stationCode": "CTC", "stationName": "CUTTACK", "arrivalTime": "17:45", "departureTime": "--", "routeNumber": "1", "haltTime": "--", "distance": "1130", "dayCount": "2", "stnSerialNumber": "21", "boardingDisabled": "false"}]}