{"trainNumber": "07166", "trainName": "CTC HYB SPL", "stationFrom": "CTC", "stationTo": "HYB", "trainOwner": "0", "trainRunsOnMon": "N", "trainRunsOnTue": "N", "trainRunsOnWed": "Y", "trainRunsOnThu": "N", "trainRunsOnFri": "N", "trainRunsOnSat": "N", "trainRunsOnSun": "N", "timeStamp": "2023-06-19T15:30:55.024", "duration": "0", "stationList": [{"stationCode": "CTC", "stationName": "CUTTACK", "arrivalTime": "--", "departureTime": "22:30", "routeNumber": "1", "haltTime": "--", "distance": "0", "dayCount": "1", "stnSerialNumber": "1", "boardingDisabled": "false"}, {"stationCode": "BBS", "stationName": "BHUBANESWAR", "arrivalTime": "23:05", "departureTime": "23:10", "routeNumber": "1", "haltTime": "05:00", "distance": "28", "dayCount": "1", "stnSerialNumber": "2", "boardingDisabled": "false"}, {"stationCode": "KUR", "stationName": "KHURDA ROAD JN", "arrivalTime": "23:45", "departureTime": "00:05", "routeNumber": "1", "haltTime": "20:00", "distance": "47", "dayCount": "2", "stnSerialNumber": "3", "boardingDisabled": "false"}, {"stationCode": "BAM", "stationName": "BRAHMAPUR", "arrivalTime": "03:05", "departureTime": "03:10", "routeNumber": "1", "haltTime": "05:00", "distance": "194", "dayCount": "2", "stnSerialNumber": "4", "boardingDisabled": "false"}, {"stationCode": "PSA", "stationName": "PALASA", "arrivalTime": "04:10", "departureTime": "04:12", "routeNumber": "1", "haltTime": "02:00", "distance": "268", "dayCount": "2", "stnSerialNumber": "5", "boardingDisabled": "false"}, {"stationCode": "CHE", "stationName": "SRIKAKULAM ROAD", "arrivalTime": "05:05", "departureTime": "05:10", "routeNumber": "1", "haltTime": "05:00", "distance": "341", "dayCount": "2", "stnSerialNumber": "6", "boardingDisabled": "false"}, {"stationCode": "VZM", "stationName": "VIZIANAGRAM JN", "arrivalTime": "06:00", "departureTime": "06:10", "routeNumber": "1", "haltTime": "10:00", "distance": "410", "dayCount": "2", "stnSerialNumber": "7", "boardingDisabled": "false"}, {"stationCode": "KTV", "stationName": "KOTTAVALASA", "arrivalTime": "06:40", "departureTime": "06:42", "routeNumber": "1", "haltTime": "02:00", "distance": "445", "dayCount": "2", "stnSerialNumber": "8", "boardingDisabled": "false"}, {"stationCode": "DVD", "stationName": "DUVVADA", "arrivalTime": "07:35", "departureTime": "07:37", "routeNumber": "1", "haltTime": "02:00", "distance": "475", "dayCount": "2", "stnSerialNumber": "9", "boardingDisabled": "false"}, {"stationCode": "AKP", "stationName": "ANAKAPALLE", "arrivalTime": "07:48", "departureTime": "07:50", "routeNumber": "1", "haltTime": "02:00", "distance": "490", "dayCount": "2", "stnSerialNumber": "10", "boardingDisabled": "false"}, {"stationCode": "ANV", "stationName": "ANNAVARAM", "arrivalTime": "08:55", "departureTime": "08:57", "routeNumber": "1", "haltTime": "02:00", "distance": "571", "dayCount": "2", "stnSerialNumber": "11", "boardingDisabled": "false"}, {"stationCode": "SLO", "stationName": "SAMALKOT JN", "arrivalTime": "09:38", "departureTime": "09:40", "routeNumber": "1", "haltTime": "02:00", "distance": "608", "dayCount": "2", "stnSerialNumber": "12", "boardingDisabled": "false"}, {"stationCode": "RJY", "stationName": "RAJAHMUNDRY", "arrivalTime": "10:12", "departureTime": "10:14", "routeNumber": "1", "haltTime": "02:00", "distance": "658", "dayCount": "2", "stnSerialNumber": "13", "boardingDisabled": "false"}, {"stationCode": "EE", "stationName": "ELURU", "arrivalTime": "11:20", "departureTime": "11:22", "routeNumber": "1", "haltTime": "02:00", "distance": "748", "dayCount": "2", "stnSerialNumber": "14", "boardingDisabled": "false"}, {"stationCode": "BZA", "stationName": "VIJAYAWADA JN", "arrivalTime": "12:30", "departureTime": "12:40", "routeNumber": "1", "haltTime": "10:00", "distance": "807", "dayCount": "2", "stnSerialNumber": "15", "boardingDisabled": "false"}, {"stationCode": "GNT", "stationName": "GUNTUR JN", "arrivalTime": "13:30", "departureTime": "13:35", "routeNumber": "1", "haltTime": "05:00", "distance": "839", "dayCount": "2", "stnSerialNumber": "16", "boardingDisabled": "false"}, {"stationCode": "SAP", "stationName": "SATTENAPALLE", "arrivalTime": "14:15", "departureTime": "14:16", "routeNumber": "1", "haltTime": "01:00", "distance": "881", "dayCount": "2", "stnSerialNumber": "17", "boardingDisabled": "false"}, {"stationCode": "MRGA", "stationName": "MIRYALAGUDA", "arrivalTime": "15:30", "departureTime": "15:32", "routeNumber": "1", "haltTime": "02:00", "distance": "973", "dayCount": "2", "stnSerialNumber": "18", "boardingDisabled": "false"}, {"stationCode": "NLDA", "stationName": "NALGONDA", "arrivalTime": "16:00", "departureTime": "16:02", "routeNumber": "1", "haltTime": "02:00", "distance": "1010", "dayCount": "2", "stnSerialNumber": "19", "boardingDisabled": "false"}, {"stationCode": "SC", "stationName": "SECUNDERABAD JN", "arrivalTime": "19:45", "departureTime": "19:55", "routeNumber": "1", "haltTime": "10:00", "distance": "1120", "dayCount": "2", "stnSerialNumber": "20", "boardingDisabled": "false"}, {"stationCode": "HYB", "stationName": "HYDERABAD DECAN", "arrivalTime": "21:00", "departureTime": "--", "routeNumber": "1", "haltTime": "--", "distance": "1130", "dayCount": "2", "stnSerialNumber": "21", "boardingDisabled": "false"}]}