{"trainNumber": "07185", "trainName": "MTM SC SF SPL", "stationFrom": "MTM", "stationTo": "SC", "trainOwner": "0", "trainRunsOnMon": "N", "trainRunsOnTue": "N", "trainRunsOnWed": "N", "trainRunsOnThu": "N", "trainRunsOnFri": "N", "trainRunsOnSat": "N", "trainRunsOnSun": "Y", "timeStamp": "2023-06-19T15:30:52.976", "duration": "0", "stationList": [{"stationCode": "MTM", "stationName": "MACHILIPATNAM", "arrivalTime": "--", "departureTime": "15:15", "routeNumber": "1", "haltTime": "--", "distance": "0", "dayCount": "1", "stnSerialNumber": "1", "boardingDisabled": "false"}, {"stationCode": "GDV", "stationName": "GUDIVADA JN", "arrivalTime": "15:48", "departureTime": "15:50", "routeNumber": "1", "haltTime": "02:00", "distance": "37", "dayCount": "1", "stnSerialNumber": "2", "boardingDisabled": "false"}, {"stationCode": "BZA", "stationName": "VIJAYAWADA JN", "arrivalTime": "17:00", "departureTime": "17:15", "routeNumber": "1", "haltTime": "15:00", "distance": "81", "dayCount": "1", "stnSerialNumber": "3", "boardingDisabled": "false"}, {"stationCode": "KMT", "stationName": "KHAMMAM", "arrivalTime": "18:45", "departureTime": "18:47", "routeNumber": "1", "haltTime": "02:00", "distance": "181", "dayCount": "1", "stnSerialNumber": "4", "boardingDisabled": "false"}, {"stationCode": "DKJ", "stationName": "DORNAKAL JN", "arrivalTime": "19:07", "departureTime": "19:08", "routeNumber": "1", "haltTime": "01:00", "distance": "204", "dayCount": "1", "stnSerialNumber": "5", "boardingDisabled": "false"}, {"stationCode": "WL", "stationName": "WARANGAL", "arrivalTime": "20:15", "departureTime": "20:17", "routeNumber": "1", "haltTime": "02:00", "distance": "288", "dayCount": "1", "stnSerialNumber": "6", "boardingDisabled": "false"}, {"stationCode": "KZJ", "stationName": "KAZIPET JN", "arrivalTime": "20:32", "departureTime": "20:34", "routeNumber": "1", "haltTime": "02:00", "distance": "298", "dayCount": "1", "stnSerialNumber": "7", "boardingDisabled": "false"}, {"stationCode": "SC", "stationName": "SECUNDERABAD JN", "arrivalTime": "23:00", "departureTime": "--", "routeNumber": "1", "haltTime": "--", "distance": "430", "dayCount": "1", "stnSerialNumber": "8", "boardingDisabled": "false"}]}