{"trainNumber": "07186", "trainName": "SC MTM  SPL", "stationFrom": "SC", "stationTo": "MTM", "trainOwner": "0", "trainRunsOnMon": "N", "trainRunsOnTue": "N", "trainRunsOnWed": "N", "trainRunsOnThu": "N", "trainRunsOnFri": "N", "trainRunsOnSat": "N", "trainRunsOnSun": "Y", "timeStamp": "2023-06-19T15:30:52.940", "duration": "0", "stationList": [{"stationCode": "SC", "stationName": "SECUNDERABAD JN", "arrivalTime": "--", "departureTime": "23:55", "routeNumber": "1", "haltTime": "--", "distance": "0", "dayCount": "1", "stnSerialNumber": "1", "boardingDisabled": "false"}, {"stationCode": "KZJ", "stationName": "KAZIPET JN", "arrivalTime": "01:50", "departureTime": "01:52", "routeNumber": "1", "haltTime": "02:00", "distance": "132", "dayCount": "2", "stnSerialNumber": "2", "boardingDisabled": "false"}, {"stationCode": "WL", "stationName": "WARANGAL", "arrivalTime": "02:03", "departureTime": "02:05", "routeNumber": "1", "haltTime": "02:00", "distance": "142", "dayCount": "2", "stnSerialNumber": "3", "boardingDisabled": "false"}, {"stationCode": "KMT", "stationName": "KHAMMAM", "arrivalTime": "03:30", "departureTime": "03:32", "routeNumber": "1", "haltTime": "02:00", "distance": "250", "dayCount": "2", "stnSerialNumber": "4", "boardingDisabled": "false"}, {"stationCode": "BZA", "stationName": "VIJAYAWADA JN", "arrivalTime": "05:50", "departureTime": "06:05", "routeNumber": "1", "haltTime": "15:00", "distance": "350", "dayCount": "2", "stnSerialNumber": "5", "boardingDisabled": "false"}, {"stationCode": "GDV", "stationName": "GUDIVADA JN", "arrivalTime": "06:53", "departureTime": "06:55", "routeNumber": "1", "haltTime": "02:00", "distance": "393", "dayCount": "2", "stnSerialNumber": "6", "boardingDisabled": "false"}, {"stationCode": "MTM", "stationName": "MACHILIPATNAM", "arrivalTime": "08:30", "departureTime": "--", "routeNumber": "1", "haltTime": "--", "distance": "430", "dayCount": "2", "stnSerialNumber": "7", "boardingDisabled": "false"}]}