{"trainNumber": "07189", "trainName": "NED ED SPL", "stationFrom": "NED", "stationTo": "ED", "trainOwner": "0", "trainRunsOnMon": "N", "trainRunsOnTue": "N", "trainRunsOnWed": "N", "trainRunsOnThu": "N", "trainRunsOnFri": "Y", "trainRunsOnSat": "N", "trainRunsOnSun": "N", "timeStamp": "2023-06-19T15:30:52.908", "duration": "0", "stationList": [{"stationCode": "NED", "stationName": "H SAHIB NANDED", "arrivalTime": "--", "departureTime": "14:20", "routeNumber": "1", "haltTime": "--", "distance": "0", "dayCount": "1", "stnSerialNumber": "1", "boardingDisabled": "false"}, {"stationCode": "MUE", "stationName": "MUDKHED", "arrivalTime": "15:18", "departureTime": "15:20", "routeNumber": "1", "haltTime": "02:00", "distance": "23", "dayCount": "1", "stnSerialNumber": "2", "boardingDisabled": "false"}, {"stationCode": "DAB", "stationName": "DHARMABAD", "arrivalTime": "16:08", "departureTime": "16:10", "routeNumber": "1", "haltTime": "02:00", "distance": "72", "dayCount": "1", "stnSerialNumber": "3", "boardingDisabled": "false"}, {"stationCode": "BSX", "stationName": "BASAR", "arrivalTime": "16:22", "departureTime": "16:24", "routeNumber": "1", "haltTime": "02:00", "distance": "82", "dayCount": "1", "stnSerialNumber": "4", "boardingDisabled": "false"}, {"stationCode": "NZB", "stationName": "NIZAMABAD JN", "arrivalTime": "17:00", "departureTime": "17:02", "routeNumber": "1", "haltTime": "02:00", "distance": "111", "dayCount": "1", "stnSerialNumber": "5", "boardingDisabled": "false"}, {"stationCode": "KMC", "stationName": "KAMAREDDI", "arrivalTime": "17:55", "departureTime": "17:57", "routeNumber": "1", "haltTime": "02:00", "distance": "163", "dayCount": "1", "stnSerialNumber": "6", "boardingDisabled": "false"}, {"stationCode": "SC", "stationName": "SECUNDERABAD JN", "arrivalTime": "20:45", "departureTime": "21:05", "routeNumber": "1", "haltTime": "20:00", "distance": "272", "dayCount": "1", "stnSerialNumber": "7", "boardingDisabled": "false"}, {"stationCode": "NLDA", "stationName": "NALGONDA", "arrivalTime": "22:35", "departureTime": "22:37", "routeNumber": "1", "haltTime": "02:00", "distance": "382", "dayCount": "1", "stnSerialNumber": "8", "boardingDisabled": "false"}, {"stationCode": "MRGA", "stationName": "MIRYALAGUDA", "arrivalTime": "23:07", "departureTime": "23:09", "routeNumber": "1", "haltTime": "02:00", "distance": "419", "dayCount": "1", "stnSerialNumber": "9", "boardingDisabled": "false"}, {"stationCode": "PGRL", "stationName": "PIDUGURALLA", "arrivalTime": "23:55", "departureTime": "23:57", "routeNumber": "1", "haltTime": "02:00", "distance": "479", "dayCount": "1", "stnSerialNumber": "10", "boardingDisabled": "false"}, {"stationCode": "GNT", "stationName": "GUNTUR JN", "arrivalTime": "01:40", "departureTime": "01:50", "routeNumber": "1", "haltTime": "10:00", "distance": "553", "dayCount": "2", "stnSerialNumber": "11", "boardingDisabled": "false"}, {"stationCode": "TEL", "stationName": "TENALI JN", "arrivalTime": "02:28", "departureTime": "02:30", "routeNumber": "1", "haltTime": "02:00", "distance": "578", "dayCount": "2", "stnSerialNumber": "12", "boardingDisabled": "false"}, {"stationCode": "CLX", "stationName": "CHIRALA", "arrivalTime": "03:18", "departureTime": "03:20", "routeNumber": "1", "haltTime": "02:00", "distance": "636", "dayCount": "2", "stnSerialNumber": "13", "boardingDisabled": "false"}, {"stationCode": "OGL", "stationName": "ONGOLE", "arrivalTime": "03:56", "departureTime": "03:58", "routeNumber": "1", "haltTime": "02:00", "distance": "685", "dayCount": "2", "stnSerialNumber": "14", "boardingDisabled": "false"}, {"stationCode": "NLR", "stationName": "NELLORE", "arrivalTime": "05:26", "departureTime": "05:28", "routeNumber": "1", "haltTime": "02:00", "distance": "801", "dayCount": "2", "stnSerialNumber": "15", "boardingDisabled": "false"}, {"stationCode": "GDR", "stationName": "GUDUR JN", "arrivalTime": "06:08", "departureTime": "06:10", "routeNumber": "1", "haltTime": "02:00", "distance": "840", "dayCount": "2", "stnSerialNumber": "16", "boardingDisabled": "false"}, {"stationCode": "RU", "stationName": "RENIGUNTA JN", "arrivalTime": "07:28", "departureTime": "07:30", "routeNumber": "1", "haltTime": "02:00", "distance": "923", "dayCount": "2", "stnSerialNumber": "17", "boardingDisabled": "false"}, {"stationCode": "KPD", "stationName": "KATPADI JN", "arrivalTime": "09:45", "departureTime": "09:55", "routeNumber": "1", "haltTime": "10:00", "distance": "1056", "dayCount": "2", "stnSerialNumber": "18", "boardingDisabled": "false"}, {"stationCode": "JTJ", "stationName": "JOLARPETTAI", "arrivalTime": "11:08", "departureTime": "11:10", "routeNumber": "1", "haltTime": "02:00", "distance": "1139", "dayCount": "2", "stnSerialNumber": "19", "boardingDisabled": "false"}, {"stationCode": "SA", "stationName": "SALEM JN", "arrivalTime": "12:47", "departureTime": "12:50", "routeNumber": "1", "haltTime": "03:00", "distance": "1259", "dayCount": "2", "stnSerialNumber": "20", "boardingDisabled": "false"}, {"stationCode": "ED", "stationName": "ERODE JN", "arrivalTime": "14:00", "departureTime": "--", "routeNumber": "1", "haltTime": "--", "distance": "1322", "dayCount": "2", "stnSerialNumber": "21", "boardingDisabled": "false"}]}