{"trainNumber": "07197", "trainName": "KZJ DR SPL", "stationFrom": "KZJ", "stationTo": "DR", "trainOwner": "0", "trainRunsOnMon": "N", "trainRunsOnTue": "N", "trainRunsOnWed": "N", "trainRunsOnThu": "N", "trainRunsOnFri": "N", "trainRunsOnSat": "Y", "trainRunsOnSun": "N", "timeStamp": "2023-06-19T15:31:07.192", "duration": "0", "stationList": [{"stationCode": "KZJ", "stationName": "KAZIPET JN", "arrivalTime": "--", "departureTime": "11:30", "routeNumber": "1", "haltTime": "--", "distance": "0", "dayCount": "1", "stnSerialNumber": "1", "boardingDisabled": "false"}, {"stationCode": "JMKT", "stationName": "JAMIKUNTA", "arrivalTime": "12:03", "departureTime": "12:05", "routeNumber": "1", "haltTime": "02:00", "distance": "36", "dayCount": "1", "stnSerialNumber": "2", "boardingDisabled": "false"}, {"stationCode": "PDPL", "stationName": "PEDDAPALLI JN", "arrivalTime": "12:37", "departureTime": "12:38", "routeNumber": "1", "haltTime": "01:00", "distance": "76", "dayCount": "1", "stnSerialNumber": "3", "boardingDisabled": "false"}, {"stationCode": "MCI", "stationName": "MANCHIRYAL", "arrivalTime": "12:59", "departureTime": "13:00", "routeNumber": "1", "haltTime": "01:00", "distance": "107", "dayCount": "1", "stnSerialNumber": "4", "boardingDisabled": "false"}, {"stationCode": "BPA", "stationName": "BELLAMPALLI", "arrivalTime": "13:20", "departureTime": "13:21", "routeNumber": "1", "haltTime": "01:00", "distance": "127", "dayCount": "1", "stnSerialNumber": "5", "boardingDisabled": "false"}, {"stationCode": "SKZR", "stationName": "SIRPUR KAGAZNGR", "arrivalTime": "14:00", "departureTime": "14:01", "routeNumber": "1", "haltTime": "01:00", "distance": "165", "dayCount": "1", "stnSerialNumber": "6", "boardingDisabled": "false"}, {"stationCode": "BPQ", "stationName": "BALHARSHAH", "arrivalTime": "16:00", "departureTime": "16:05", "routeNumber": "1", "haltTime": "05:00", "distance": "235", "dayCount": "1", "stnSerialNumber": "7", "boardingDisabled": "false"}, {"stationCode": "CD", "stationName": "CHANDRAPUR", "arrivalTime": "16:23", "departureTime": "16:25", "routeNumber": "1", "haltTime": "02:00", "distance": "249", "dayCount": "1", "stnSerialNumber": "8", "boardingDisabled": "false"}, {"stationCode": "BUX", "stationName": "BHANDAK", "arrivalTime": "16:44", "departureTime": "16:45", "routeNumber": "1", "haltTime": "01:00", "distance": "273", "dayCount": "1", "stnSerialNumber": "9", "boardingDisabled": "false"}, {"stationCode": "WANI", "stationName": "WANI", "arrivalTime": "17:20", "departureTime": "17:25", "routeNumber": "1", "haltTime": "05:00", "distance": "296", "dayCount": "1", "stnSerialNumber": "10", "boardingDisabled": "false"}, {"stationCode": "KAYR", "stationName": "KAYAR", "arrivalTime": "18:03", "departureTime": "18:05", "routeNumber": "1", "haltTime": "02:00", "distance": "317", "dayCount": "1", "stnSerialNumber": "11", "boardingDisabled": "false"}, {"stationCode": "LNT", "stationName": "LINGTI", "arrivalTime": "18:40", "departureTime": "18:42", "routeNumber": "1", "haltTime": "02:00", "distance": "342", "dayCount": "1", "stnSerialNumber": "12", "boardingDisabled": "false"}, {"stationCode": "PMKT", "stationName": "PIMPALKHUTI", "arrivalTime": "19:50", "departureTime": "19:55", "routeNumber": "1", "haltTime": "05:00", "distance": "362", "dayCount": "1", "stnSerialNumber": "13", "boardingDisabled": "false"}, {"stationCode": "ADB", "stationName": "ADILABAD", "arrivalTime": "21:30", "departureTime": "21:35", "routeNumber": "1", "haltTime": "05:00", "distance": "383", "dayCount": "1", "stnSerialNumber": "14", "boardingDisabled": "false"}, {"stationCode": "KNVT", "stationName": "KINWAT", "arrivalTime": "22:08", "departureTime": "22:09", "routeNumber": "1", "haltTime": "01:00", "distance": "451", "dayCount": "1", "stnSerialNumber": "15", "boardingDisabled": "false"}, {"stationCode": "HEM", "stationName": "HIMAYATNAGAR", "arrivalTime": "23:10", "departureTime": "23:11", "routeNumber": "1", "haltTime": "01:00", "distance": "540", "dayCount": "1", "stnSerialNumber": "16", "boardingDisabled": "false"}, {"stationCode": "BOKR", "stationName": "BHOKAR", "arrivalTime": "23:40", "departureTime": "23:41", "routeNumber": "1", "haltTime": "01:00", "distance": "594", "dayCount": "1", "stnSerialNumber": "17", "boardingDisabled": "false"}, {"stationCode": "MUE", "stationName": "MUDKHED", "arrivalTime": "00:58", "departureTime": "01:00", "routeNumber": "1", "haltTime": "02:00", "distance": "626", "dayCount": "2", "stnSerialNumber": "18", "boardingDisabled": "false"}, {"stationCode": "NED", "stationName": "H SAHIB NANDED", "arrivalTime": "01:40", "departureTime": "01:45", "routeNumber": "1", "haltTime": "05:00", "distance": "648", "dayCount": "2", "stnSerialNumber": "19", "boardingDisabled": "false"}, {"stationCode": "PAU", "stationName": "PURNA JN", "arrivalTime": "02:20", "departureTime": "02:25", "routeNumber": "1", "haltTime": "05:00", "distance": "679", "dayCount": "2", "stnSerialNumber": "20", "boardingDisabled": "false"}, {"stationCode": "PBN", "stationName": "PARBHANI JN", "arrivalTime": "03:00", "departureTime": "03:02", "routeNumber": "1", "haltTime": "02:00", "distance": "707", "dayCount": "2", "stnSerialNumber": "21", "boardingDisabled": "false"}, {"stationCode": "SELU", "stationName": "SELU", "arrivalTime": "03:48", "departureTime": "03:49", "routeNumber": "1", "haltTime": "01:00", "distance": "750", "dayCount": "2", "stnSerialNumber": "22", "boardingDisabled": "false"}, {"stationCode": "PTU", "stationName": "PARTUR", "arrivalTime": "04:08", "departureTime": "04:09", "routeNumber": "1", "haltTime": "01:00", "distance": "777", "dayCount": "2", "stnSerialNumber": "23", "boardingDisabled": "false"}, {"stationCode": "J", "stationName": "JALNA", "arrivalTime": "04:58", "departureTime": "05:00", "routeNumber": "1", "haltTime": "02:00", "distance": "822", "dayCount": "2", "stnSerialNumber": "24", "boardingDisabled": "false"}, {"stationCode": "AWB", "stationName": "AURANGABAD", "arrivalTime": "06:15", "departureTime": "06:20", "routeNumber": "1", "haltTime": "05:00", "distance": "885", "dayCount": "2", "stnSerialNumber": "25", "boardingDisabled": "false"}, {"stationCode": "LSR", "stationName": "LASUR", "arrivalTime": "06:49", "departureTime": "06:50", "routeNumber": "1", "haltTime": "01:00", "distance": "918", "dayCount": "2", "stnSerialNumber": "26", "boardingDisabled": "false"}, {"stationCode": "RGO", "stationName": "ROTEGAON", "arrivalTime": "07:29", "departureTime": "07:30", "routeNumber": "1", "haltTime": "01:00", "distance": "946", "dayCount": "2", "stnSerialNumber": "27", "boardingDisabled": "false"}, {"stationCode": "NSL", "stationName": "NAGARSOL", "arrivalTime": "07:55", "departureTime": "07:57", "routeNumber": "1", "haltTime": "02:00", "distance": "973", "dayCount": "2", "stnSerialNumber": "28", "boardingDisabled": "false"}, {"stationCode": "MMR", "stationName": "MANMAD JN", "arrivalTime": "08:45", "departureTime": "08:50", "routeNumber": "1", "haltTime": "05:00", "distance": "996", "dayCount": "2", "stnSerialNumber": "30", "boardingDisabled": "false"}, {"stationCode": "NK", "stationName": "NASHIK ROAD", "arrivalTime": "09:42", "departureTime": "09:45", "routeNumber": "1", "haltTime": "03:00", "distance": "1069", "dayCount": "2", "stnSerialNumber": "31", "boardingDisabled": "false"}, {"stationCode": "KYN", "stationName": "KALYAN JN", "arrivalTime": "12:23", "departureTime": "12:25", "routeNumber": "1", "haltTime": "02:00", "distance": "1203", "dayCount": "2", "stnSerialNumber": "32", "boardingDisabled": "false"}, {"stationCode": "TNA", "stationName": "THANE", "arrivalTime": "12:42", "departureTime": "12:45", "routeNumber": "1", "haltTime": "03:00", "distance": "1223", "dayCount": "2", "stnSerialNumber": "33", "boardingDisabled": "false"}, {"stationCode": "DR", "stationName": "DADAR", "arrivalTime": "13:25", "departureTime": "--", "routeNumber": "1", "haltTime": "--", "distance": "1247", "dayCount": "2", "stnSerialNumber": "34", "boardingDisabled": "false"}]}