{"trainNumber": "07198", "trainName": "DR KZJ SPL", "stationFrom": "DR", "stationTo": "KZJ", "trainOwner": "0", "trainRunsOnMon": "N", "trainRunsOnTue": "N", "trainRunsOnWed": "N", "trainRunsOnThu": "N", "trainRunsOnFri": "N", "trainRunsOnSat": "N", "trainRunsOnSun": "Y", "timeStamp": "2023-06-19T15:31:07.213", "duration": "0", "stationList": [{"stationCode": "DR", "stationName": "DADAR", "arrivalTime": "--", "departureTime": "21:45", "routeNumber": "1", "haltTime": "--", "distance": "0", "dayCount": "1", "stnSerialNumber": "1", "boardingDisabled": "false"}, {"stationCode": "TNA", "stationName": "THANE", "arrivalTime": "22:03", "departureTime": "22:05", "routeNumber": "1", "haltTime": "02:00", "distance": "25", "dayCount": "1", "stnSerialNumber": "2", "boardingDisabled": "false"}, {"stationCode": "KYN", "stationName": "KALYAN JN", "arrivalTime": "22:23", "departureTime": "22:25", "routeNumber": "1", "haltTime": "02:00", "distance": "45", "dayCount": "1", "stnSerialNumber": "3", "boardingDisabled": "false"}, {"stationCode": "NK", "stationName": "NASHIK ROAD", "arrivalTime": "00:37", "departureTime": "00:40", "routeNumber": "1", "haltTime": "03:00", "distance": "179", "dayCount": "2", "stnSerialNumber": "4", "boardingDisabled": "false"}, {"stationCode": "MMR", "stationName": "MANMAD JN", "arrivalTime": "01:45", "departureTime": "01:50", "routeNumber": "1", "haltTime": "05:00", "distance": "252", "dayCount": "2", "stnSerialNumber": "5", "boardingDisabled": "false"}, {"stationCode": "NSL", "stationName": "NAGARSOL", "arrivalTime": "02:43", "departureTime": "02:45", "routeNumber": "1", "haltTime": "02:00", "distance": "274", "dayCount": "2", "stnSerialNumber": "7", "boardingDisabled": "false"}, {"stationCode": "RGO", "stationName": "ROTEGAON", "arrivalTime": "03:03", "departureTime": "03:04", "routeNumber": "1", "haltTime": "01:00", "distance": "302", "dayCount": "2", "stnSerialNumber": "8", "boardingDisabled": "false"}, {"stationCode": "LSR", "stationName": "LASUR", "arrivalTime": "03:32", "departureTime": "03:33", "routeNumber": "1", "haltTime": "01:00", "distance": "330", "dayCount": "2", "stnSerialNumber": "9", "boardingDisabled": "false"}, {"stationCode": "AWB", "stationName": "AURANGABAD", "arrivalTime": "04:10", "departureTime": "04:15", "routeNumber": "1", "haltTime": "05:00", "distance": "363", "dayCount": "2", "stnSerialNumber": "10", "boardingDisabled": "false"}, {"stationCode": "J", "stationName": "JALNA", "arrivalTime": "05:20", "departureTime": "05:22", "routeNumber": "1", "haltTime": "02:00", "distance": "426", "dayCount": "2", "stnSerialNumber": "11", "boardingDisabled": "false"}, {"stationCode": "PTU", "stationName": "PARTUR", "arrivalTime": "05:59", "departureTime": "06:00", "routeNumber": "1", "haltTime": "01:00", "distance": "471", "dayCount": "2", "stnSerialNumber": "12", "boardingDisabled": "false"}, {"stationCode": "SELU", "stationName": "SELU", "arrivalTime": "06:29", "departureTime": "06:30", "routeNumber": "1", "haltTime": "01:00", "distance": "498", "dayCount": "2", "stnSerialNumber": "13", "boardingDisabled": "false"}, {"stationCode": "PBN", "stationName": "PARBHANI JN", "arrivalTime": "07:43", "departureTime": "07:45", "routeNumber": "1", "haltTime": "02:00", "distance": "541", "dayCount": "2", "stnSerialNumber": "14", "boardingDisabled": "false"}, {"stationCode": "PAU", "stationName": "PURNA JN", "arrivalTime": "08:50", "departureTime": "08:55", "routeNumber": "1", "haltTime": "05:00", "distance": "569", "dayCount": "2", "stnSerialNumber": "15", "boardingDisabled": "false"}, {"stationCode": "NED", "stationName": "H SAHIB NANDED", "arrivalTime": "09:40", "departureTime": "09:45", "routeNumber": "1", "haltTime": "05:00", "distance": "600", "dayCount": "2", "stnSerialNumber": "16", "boardingDisabled": "false"}, {"stationCode": "MUE", "stationName": "MUDKHED", "arrivalTime": "11:00", "departureTime": "11:02", "routeNumber": "1", "haltTime": "02:00", "distance": "622", "dayCount": "2", "stnSerialNumber": "17", "boardingDisabled": "false"}, {"stationCode": "BOKR", "stationName": "BHOKAR", "arrivalTime": "11:29", "departureTime": "11:30", "routeNumber": "1", "haltTime": "01:00", "distance": "654", "dayCount": "2", "stnSerialNumber": "18", "boardingDisabled": "false"}, {"stationCode": "HEM", "stationName": "HIMAYATNAGAR", "arrivalTime": "11:59", "departureTime": "12:00", "routeNumber": "1", "haltTime": "01:00", "distance": "708", "dayCount": "2", "stnSerialNumber": "19", "boardingDisabled": "false"}, {"stationCode": "KNVT", "stationName": "KINWAT", "arrivalTime": "12:59", "departureTime": "13:00", "routeNumber": "1", "haltTime": "01:00", "distance": "797", "dayCount": "2", "stnSerialNumber": "20", "boardingDisabled": "false"}, {"stationCode": "ADB", "stationName": "ADILABAD", "arrivalTime": "14:30", "departureTime": "14:35", "routeNumber": "1", "haltTime": "05:00", "distance": "865", "dayCount": "2", "stnSerialNumber": "21", "boardingDisabled": "false"}, {"stationCode": "PMKT", "stationName": "PIMPALKHUTI", "arrivalTime": "15:15", "departureTime": "15:20", "routeNumber": "1", "haltTime": "05:00", "distance": "886", "dayCount": "2", "stnSerialNumber": "22", "boardingDisabled": "false"}, {"stationCode": "LNT", "stationName": "LINGTI", "arrivalTime": "15:55", "departureTime": "15:57", "routeNumber": "1", "haltTime": "02:00", "distance": "906", "dayCount": "2", "stnSerialNumber": "23", "boardingDisabled": "false"}, {"stationCode": "KAYR", "stationName": "KAYAR", "arrivalTime": "16:30", "departureTime": "16:32", "routeNumber": "1", "haltTime": "02:00", "distance": "931", "dayCount": "2", "stnSerialNumber": "24", "boardingDisabled": "false"}, {"stationCode": "WANI", "stationName": "WANI", "arrivalTime": "17:10", "departureTime": "17:15", "routeNumber": "1", "haltTime": "05:00", "distance": "952", "dayCount": "2", "stnSerialNumber": "25", "boardingDisabled": "false"}, {"stationCode": "BUX", "stationName": "BHANDAK", "arrivalTime": "18:09", "departureTime": "18:10", "routeNumber": "1", "haltTime": "01:00", "distance": "975", "dayCount": "2", "stnSerialNumber": "26", "boardingDisabled": "false"}, {"stationCode": "CD", "stationName": "CHANDRAPUR", "arrivalTime": "18:38", "departureTime": "18:40", "routeNumber": "1", "haltTime": "02:00", "distance": "999", "dayCount": "2", "stnSerialNumber": "27", "boardingDisabled": "false"}, {"stationCode": "BPQ", "stationName": "BALHARSHAH", "arrivalTime": "19:50", "departureTime": "19:55", "routeNumber": "1", "haltTime": "05:00", "distance": "1013", "dayCount": "2", "stnSerialNumber": "28", "boardingDisabled": "false"}, {"stationCode": "SKZR", "stationName": "SIRPUR KAGAZNGR", "arrivalTime": "20:53", "departureTime": "20:54", "routeNumber": "1", "haltTime": "01:00", "distance": "1083", "dayCount": "2", "stnSerialNumber": "29", "boardingDisabled": "false"}, {"stationCode": "BPA", "stationName": "BELLAMPALLI", "arrivalTime": "21:34", "departureTime": "21:35", "routeNumber": "1", "haltTime": "01:00", "distance": "1121", "dayCount": "2", "stnSerialNumber": "30", "boardingDisabled": "false"}, {"stationCode": "MCI", "stationName": "MANCHIRYAL", "arrivalTime": "21:54", "departureTime": "21:55", "routeNumber": "1", "haltTime": "01:00", "distance": "1141", "dayCount": "2", "stnSerialNumber": "31", "boardingDisabled": "false"}, {"stationCode": "PDPL", "stationName": "PEDDAPALLI JN", "arrivalTime": "22:23", "departureTime": "22:25", "routeNumber": "1", "haltTime": "02:00", "distance": "1172", "dayCount": "2", "stnSerialNumber": "32", "boardingDisabled": "false"}, {"stationCode": "JMKT", "stationName": "JAMIKUNTA", "arrivalTime": "22:54", "departureTime": "22:55", "routeNumber": "1", "haltTime": "01:00", "distance": "1212", "dayCount": "2", "stnSerialNumber": "33", "boardingDisabled": "false"}, {"stationCode": "KZJ", "stationName": "KAZIPET JN", "arrivalTime": "23:45", "departureTime": "--", "routeNumber": "1", "haltTime": "--", "distance": "1247", "dayCount": "2", "stnSerialNumber": "34", "boardingDisabled": "false"}]}