{"trainNumber": "07192", "trainName": "MDU KCG SPL", "stationFrom": "MDU", "stationTo": "KCG", "trainOwner": "0", "trainRunsOnMon": "N", "trainRunsOnTue": "N", "trainRunsOnWed": "Y", "trainRunsOnThu": "N", "trainRunsOnFri": "N", "trainRunsOnSat": "N", "trainRunsOnSun": "N", "timeStamp": "2023-06-19T15:30:52.767", "duration": "0", "stationList": [{"stationCode": "MDU", "stationName": "MADURAI JN", "arrivalTime": "--", "departureTime": "05:30", "routeNumber": "1", "haltTime": "--", "distance": "0", "dayCount": "1", "stnSerialNumber": "1", "boardingDisabled": "false"}, {"stationCode": "DG", "stationName": "DINDIGUL JN", "arrivalTime": "06:22", "departureTime": "06:25", "routeNumber": "1", "haltTime": "03:00", "distance": "66", "dayCount": "1", "stnSerialNumber": "2", "boardingDisabled": "false"}, {"stationCode": "TPJ", "stationName": "TIRUCHCHIRAPALI", "arrivalTime": "08:00", "departureTime": "08:05", "routeNumber": "1", "haltTime": "05:00", "distance": "161", "dayCount": "1", "stnSerialNumber": "3", "boardingDisabled": "false"}, {"stationCode": "SRGM", "stationName": "SRIRANGAM", "arrivalTime": "08:25", "departureTime": "08:27", "routeNumber": "1", "haltTime": "02:00", "distance": "173", "dayCount": "1", "stnSerialNumber": "4", "boardingDisabled": "false"}, {"stationCode": "VRI", "stationName": "VRIDHACHALAM JN", "arrivalTime": "09:50", "departureTime": "09:52", "routeNumber": "1", "haltTime": "02:00", "distance": "284", "dayCount": "1", "stnSerialNumber": "5", "boardingDisabled": "false"}, {"stationCode": "VM", "stationName": "VILLUPURAM JN", "arrivalTime": "10:35", "departureTime": "10:40", "routeNumber": "1", "haltTime": "05:00", "distance": "338", "dayCount": "1", "stnSerialNumber": "6", "boardingDisabled": "false"}, {"stationCode": "TNM", "stationName": "TIRUVANNAMALAI", "arrivalTime": "11:51", "departureTime": "11:53", "routeNumber": "1", "haltTime": "02:00", "distance": "406", "dayCount": "1", "stnSerialNumber": "7", "boardingDisabled": "false"}, {"stationCode": "KPD", "stationName": "KATPADI JN", "arrivalTime": "13:35", "departureTime": "13:40", "routeNumber": "1", "haltTime": "05:00", "distance": "498", "dayCount": "1", "stnSerialNumber": "8", "boardingDisabled": "false"}, {"stationCode": "CTO", "stationName": "CHITTOOR", "arrivalTime": "14:13", "departureTime": "14:15", "routeNumber": "1", "haltTime": "02:00", "distance": "531", "dayCount": "1", "stnSerialNumber": "9", "boardingDisabled": "false"}, {"stationCode": "TPTY", "stationName": "TIRUPATI", "arrivalTime": "16:35", "departureTime": "16:40", "routeNumber": "1", "haltTime": "05:00", "distance": "603", "dayCount": "1", "stnSerialNumber": "10", "boardingDisabled": "false"}, {"stationCode": "RU", "stationName": "RENIGUNTA JN", "arrivalTime": "17:00", "departureTime": "17:10", "routeNumber": "1", "haltTime": "10:00", "distance": "613", "dayCount": "1", "stnSerialNumber": "11", "boardingDisabled": "false"}, {"stationCode": "GDR", "stationName": "GUDUR JN", "arrivalTime": "18:58", "departureTime": "19:00", "routeNumber": "1", "haltTime": "02:00", "distance": "696", "dayCount": "1", "stnSerialNumber": "12", "boardingDisabled": "false"}, {"stationCode": "NLR", "stationName": "NELLORE", "arrivalTime": "19:29", "departureTime": "19:31", "routeNumber": "1", "haltTime": "02:00", "distance": "734", "dayCount": "1", "stnSerialNumber": "13", "boardingDisabled": "false"}, {"stationCode": "OGL", "stationName": "ONGOLE", "arrivalTime": "21:09", "departureTime": "21:11", "routeNumber": "1", "haltTime": "02:00", "distance": "850", "dayCount": "1", "stnSerialNumber": "14", "boardingDisabled": "false"}, {"stationCode": "BPP", "stationName": "BAPATLA", "arrivalTime": "21:48", "departureTime": "21:50", "routeNumber": "1", "haltTime": "02:00", "distance": "915", "dayCount": "1", "stnSerialNumber": "15", "boardingDisabled": "false"}, {"stationCode": "TEL", "stationName": "TENALI JN", "arrivalTime": "22:38", "departureTime": "22:40", "routeNumber": "1", "haltTime": "02:00", "distance": "957", "dayCount": "1", "stnSerialNumber": "16", "boardingDisabled": "false"}, {"stationCode": "GNT", "stationName": "GUNTUR JN", "arrivalTime": "23:35", "departureTime": "23:45", "routeNumber": "1", "haltTime": "10:00", "distance": "982", "dayCount": "1", "stnSerialNumber": "17", "boardingDisabled": "false"}, {"stationCode": "MRGA", "stationName": "MIRYALAGUDA", "arrivalTime": "01:45", "departureTime": "01:47", "routeNumber": "1", "haltTime": "02:00", "distance": "1116", "dayCount": "2", "stnSerialNumber": "18", "boardingDisabled": "false"}, {"stationCode": "NLDA", "stationName": "NALGONDA", "arrivalTime": "02:30", "departureTime": "02:32", "routeNumber": "1", "haltTime": "02:00", "distance": "1154", "dayCount": "2", "stnSerialNumber": "19", "boardingDisabled": "false"}, {"stationCode": "MJF", "stationName": "MALKAJGIRI", "arrivalTime": "05:58", "departureTime": "06:00", "routeNumber": "1", "haltTime": "02:00", "distance": "1261", "dayCount": "2", "stnSerialNumber": "20", "boardingDisabled": "false"}, {"stationCode": "KCG", "stationName": "KACHEGUDA", "arrivalTime": "07:05", "departureTime": "--", "routeNumber": "1", "haltTime": "--", "distance": "1270", "dayCount": "2", "stnSerialNumber": "21", "boardingDisabled": "false"}]}