{"trainNumber": "07191", "trainName": "KCG MDU SPL", "stationFrom": "KCG", "stationTo": "MDU", "trainOwner": "0", "trainRunsOnMon": "Y", "trainRunsOnTue": "N", "trainRunsOnWed": "N", "trainRunsOnThu": "N", "trainRunsOnFri": "N", "trainRunsOnSat": "N", "trainRunsOnSun": "N", "timeStamp": "2023-06-19T15:31:07.349", "duration": "0", "stationList": [{"stationCode": "KCG", "stationName": "KACHEGUDA", "arrivalTime": "--", "departureTime": "20:50", "routeNumber": "1", "haltTime": "--", "distance": "0", "dayCount": "1", "stnSerialNumber": "1", "boardingDisabled": "false"}, {"stationCode": "MJF", "stationName": "MALKAJGIRI", "arrivalTime": "21:10", "departureTime": "21:11", "routeNumber": "1", "haltTime": "01:00", "distance": "9", "dayCount": "1", "stnSerialNumber": "2", "boardingDisabled": "false"}, {"stationCode": "NLDA", "stationName": "NALGONDA", "arrivalTime": "22:45", "departureTime": "22:47", "routeNumber": "1", "haltTime": "02:00", "distance": "116", "dayCount": "1", "stnSerialNumber": "3", "boardingDisabled": "false"}, {"stationCode": "MRGA", "stationName": "MIRYALAGUDA", "arrivalTime": "23:15", "departureTime": "23:17", "routeNumber": "1", "haltTime": "02:00", "distance": "154", "dayCount": "1", "stnSerialNumber": "4", "boardingDisabled": "false"}, {"stationCode": "GNT", "stationName": "GUNTUR JN", "arrivalTime": "02:05", "departureTime": "02:15", "routeNumber": "1", "haltTime": "10:00", "distance": "288", "dayCount": "2", "stnSerialNumber": "5", "boardingDisabled": "false"}, {"stationCode": "TEL", "stationName": "TENALI JN", "arrivalTime": "03:05", "departureTime": "03:07", "routeNumber": "1", "haltTime": "02:00", "distance": "313", "dayCount": "2", "stnSerialNumber": "6", "boardingDisabled": "false"}, {"stationCode": "BPP", "stationName": "BAPATLA", "arrivalTime": "03:35", "departureTime": "03:37", "routeNumber": "1", "haltTime": "02:00", "distance": "355", "dayCount": "2", "stnSerialNumber": "7", "boardingDisabled": "false"}, {"stationCode": "OGL", "stationName": "ONGOLE", "arrivalTime": "04:35", "departureTime": "04:37", "routeNumber": "1", "haltTime": "02:00", "distance": "420", "dayCount": "2", "stnSerialNumber": "8", "boardingDisabled": "false"}, {"stationCode": "NLR", "stationName": "NELLORE", "arrivalTime": "06:15", "departureTime": "06:17", "routeNumber": "1", "haltTime": "02:00", "distance": "536", "dayCount": "2", "stnSerialNumber": "9", "boardingDisabled": "false"}, {"stationCode": "GDR", "stationName": "GUDUR JN", "arrivalTime": "08:02", "departureTime": "08:04", "routeNumber": "1", "haltTime": "02:00", "distance": "574", "dayCount": "2", "stnSerialNumber": "10", "boardingDisabled": "false"}, {"stationCode": "RU", "stationName": "RENIGUNTA JN", "arrivalTime": "09:38", "departureTime": "09:40", "routeNumber": "1", "haltTime": "02:00", "distance": "657", "dayCount": "2", "stnSerialNumber": "11", "boardingDisabled": "false"}, {"stationCode": "TPTY", "stationName": "TIRUPATI", "arrivalTime": "10:00", "departureTime": "10:05", "routeNumber": "1", "haltTime": "05:00", "distance": "667", "dayCount": "2", "stnSerialNumber": "12", "boardingDisabled": "false"}, {"stationCode": "CTO", "stationName": "CHITTOOR", "arrivalTime": "11:18", "departureTime": "11:20", "routeNumber": "1", "haltTime": "02:00", "distance": "739", "dayCount": "2", "stnSerialNumber": "13", "boardingDisabled": "false"}, {"stationCode": "KPD", "stationName": "KATPADI JN", "arrivalTime": "12:10", "departureTime": "12:15", "routeNumber": "1", "haltTime": "05:00", "distance": "772", "dayCount": "2", "stnSerialNumber": "14", "boardingDisabled": "false"}, {"stationCode": "TNM", "stationName": "TIRUVANNAMALAI", "arrivalTime": "14:17", "departureTime": "14:18", "routeNumber": "1", "haltTime": "01:00", "distance": "864", "dayCount": "2", "stnSerialNumber": "15", "boardingDisabled": "false"}, {"stationCode": "VM", "stationName": "VILLUPURAM JN", "arrivalTime": "15:30", "departureTime": "15:35", "routeNumber": "1", "haltTime": "05:00", "distance": "932", "dayCount": "2", "stnSerialNumber": "16", "boardingDisabled": "false"}, {"stationCode": "VRI", "stationName": "VRIDHACHALAM JN", "arrivalTime": "16:12", "departureTime": "16:14", "routeNumber": "1", "haltTime": "02:00", "distance": "986", "dayCount": "2", "stnSerialNumber": "17", "boardingDisabled": "false"}, {"stationCode": "SRGM", "stationName": "SRIRANGAM", "arrivalTime": "17:35", "departureTime": "17:37", "routeNumber": "1", "haltTime": "02:00", "distance": "1097", "dayCount": "2", "stnSerialNumber": "18", "boardingDisabled": "false"}, {"stationCode": "TPJ", "stationName": "TIRUCHCHIRAPALI", "arrivalTime": "18:10", "departureTime": "18:15", "routeNumber": "1", "haltTime": "05:00", "distance": "1109", "dayCount": "2", "stnSerialNumber": "19", "boardingDisabled": "false"}, {"stationCode": "DG", "stationName": "DINDIGUL JN", "arrivalTime": "19:12", "departureTime": "19:15", "routeNumber": "1", "haltTime": "03:00", "distance": "1204", "dayCount": "2", "stnSerialNumber": "20", "boardingDisabled": "false"}, {"stationCode": "MDU", "stationName": "MADURAI JN", "arrivalTime": "20:45", "departureTime": "--", "routeNumber": "1", "haltTime": "--", "distance": "1270", "dayCount": "2", "stnSerialNumber": "21", "boardingDisabled": "false"}]}