{"trainNumber": "07190", "trainName": "ED NED SPL", "stationFrom": "ED", "stationTo": "NED", "trainOwner": "0", "trainRunsOnMon": "N", "trainRunsOnTue": "N", "trainRunsOnWed": "N", "trainRunsOnThu": "N", "trainRunsOnFri": "N", "trainRunsOnSat": "N", "trainRunsOnSun": "Y", "timeStamp": "2023-06-19T15:30:52.824", "duration": "0", "stationList": [{"stationCode": "ED", "stationName": "ERODE JN", "arrivalTime": "--", "departureTime": "05:15", "routeNumber": "1", "haltTime": "--", "distance": "0", "dayCount": "1", "stnSerialNumber": "1", "boardingDisabled": "false"}, {"stationCode": "SA", "stationName": "SALEM JN", "arrivalTime": "06:12", "departureTime": "06:15", "routeNumber": "1", "haltTime": "03:00", "distance": "63", "dayCount": "1", "stnSerialNumber": "2", "boardingDisabled": "false"}, {"stationCode": "JTJ", "stationName": "JOLARPETTAI", "arrivalTime": "08:03", "departureTime": "08:05", "routeNumber": "1", "haltTime": "02:00", "distance": "183", "dayCount": "1", "stnSerialNumber": "3", "boardingDisabled": "false"}, {"stationCode": "KPD", "stationName": "KATPADI JN", "arrivalTime": "09:15", "departureTime": "09:25", "routeNumber": "1", "haltTime": "10:00", "distance": "267", "dayCount": "1", "stnSerialNumber": "4", "boardingDisabled": "false"}, {"stationCode": "RU", "stationName": "RENIGUNTA JN", "arrivalTime": "11:18", "departureTime": "11:20", "routeNumber": "1", "haltTime": "02:00", "distance": "400", "dayCount": "1", "stnSerialNumber": "6", "boardingDisabled": "false"}, {"stationCode": "GDR", "stationName": "GUDUR JN", "arrivalTime": "12:43", "departureTime": "12:45", "routeNumber": "1", "haltTime": "02:00", "distance": "483", "dayCount": "1", "stnSerialNumber": "7", "boardingDisabled": "false"}, {"stationCode": "NLR", "stationName": "NELLORE", "arrivalTime": "13:13", "departureTime": "13:15", "routeNumber": "1", "haltTime": "02:00", "distance": "521", "dayCount": "1", "stnSerialNumber": "8", "boardingDisabled": "false"}, {"stationCode": "OGL", "stationName": "ONGOLE", "arrivalTime": "14:23", "departureTime": "14:25", "routeNumber": "1", "haltTime": "02:00", "distance": "637", "dayCount": "1", "stnSerialNumber": "9", "boardingDisabled": "false"}, {"stationCode": "CLX", "stationName": "CHIRALA", "arrivalTime": "15:05", "departureTime": "15:07", "routeNumber": "1", "haltTime": "02:00", "distance": "687", "dayCount": "1", "stnSerialNumber": "10", "boardingDisabled": "false"}, {"stationCode": "TEL", "stationName": "TENALI JN", "arrivalTime": "16:03", "departureTime": "16:05", "routeNumber": "1", "haltTime": "02:00", "distance": "744", "dayCount": "1", "stnSerialNumber": "11", "boardingDisabled": "false"}, {"stationCode": "GNT", "stationName": "GUNTUR JN", "arrivalTime": "16:50", "departureTime": "17:00", "routeNumber": "1", "haltTime": "10:00", "distance": "770", "dayCount": "1", "stnSerialNumber": "12", "boardingDisabled": "false"}, {"stationCode": "PGRL", "stationName": "PIDUGURALLA", "arrivalTime": "18:00", "departureTime": "18:01", "routeNumber": "1", "haltTime": "01:00", "distance": "844", "dayCount": "1", "stnSerialNumber": "13", "boardingDisabled": "false"}, {"stationCode": "MRGA", "stationName": "MIRYALAGUDA", "arrivalTime": "18:48", "departureTime": "18:50", "routeNumber": "1", "haltTime": "02:00", "distance": "903", "dayCount": "1", "stnSerialNumber": "14", "boardingDisabled": "false"}, {"stationCode": "NLDA", "stationName": "NALGONDA", "arrivalTime": "19:35", "departureTime": "19:37", "routeNumber": "1", "haltTime": "02:00", "distance": "941", "dayCount": "1", "stnSerialNumber": "15", "boardingDisabled": "false"}, {"stationCode": "SC", "stationName": "SECUNDERABAD JN", "arrivalTime": "23:20", "departureTime": "23:40", "routeNumber": "1", "haltTime": "20:00", "distance": "1051", "dayCount": "1", "stnSerialNumber": "16", "boardingDisabled": "false"}, {"stationCode": "KMC", "stationName": "KAMAREDDI", "arrivalTime": "01:30", "departureTime": "01:32", "routeNumber": "1", "haltTime": "02:00", "distance": "1159", "dayCount": "2", "stnSerialNumber": "17", "boardingDisabled": "false"}, {"stationCode": "NZB", "stationName": "NIZAMABAD JN", "arrivalTime": "02:12", "departureTime": "02:14", "routeNumber": "1", "haltTime": "02:00", "distance": "1211", "dayCount": "2", "stnSerialNumber": "18", "boardingDisabled": "false"}, {"stationCode": "BSX", "stationName": "BASAR", "arrivalTime": "03:00", "departureTime": "03:02", "routeNumber": "1", "haltTime": "02:00", "distance": "1241", "dayCount": "2", "stnSerialNumber": "19", "boardingDisabled": "false"}, {"stationCode": "DAB", "stationName": "DHARMABAD", "arrivalTime": "03:15", "departureTime": "03:17", "routeNumber": "1", "haltTime": "02:00", "distance": "1250", "dayCount": "2", "stnSerialNumber": "20", "boardingDisabled": "false"}, {"stationCode": "MUE", "stationName": "MUDKHED", "arrivalTime": "04:10", "departureTime": "04:12", "routeNumber": "1", "haltTime": "02:00", "distance": "1299", "dayCount": "2", "stnSerialNumber": "21", "boardingDisabled": "false"}, {"stationCode": "NED", "stationName": "H SAHIB NANDED", "arrivalTime": "07:30", "departureTime": "--", "routeNumber": "1", "haltTime": "--", "distance": "1322", "dayCount": "2", "stnSerialNumber": "22", "boardingDisabled": "false"}]}