{"trainNumber": "07195", "trainName": "KZJ DR SPL", "stationFrom": "KZJ", "stationTo": "DR", "trainOwner": "0", "trainRunsOnMon": "N", "trainRunsOnTue": "N", "trainRunsOnWed": "Y", "trainRunsOnThu": "N", "trainRunsOnFri": "N", "trainRunsOnSat": "N", "trainRunsOnSun": "N", "timeStamp": "2023-06-19T15:31:07.213", "duration": "0", "stationList": [{"stationCode": "KZJ", "stationName": "KAZIPET JN", "arrivalTime": "--", "departureTime": "17:00", "routeNumber": "1", "haltTime": "--", "distance": "0", "dayCount": "1", "stnSerialNumber": "1", "boardingDisabled": "false"}, {"stationCode": "JMKT", "stationName": "JAMIKUNTA", "arrivalTime": "17:39", "departureTime": "17:40", "routeNumber": "1", "haltTime": "01:00", "distance": "36", "dayCount": "1", "stnSerialNumber": "2", "boardingDisabled": "false"}, {"stationCode": "PDPL", "stationName": "PEDDAPALLI JN", "arrivalTime": "18:10", "departureTime": "18:25", "routeNumber": "1", "haltTime": "15:00", "distance": "76", "dayCount": "1", "stnSerialNumber": "3", "boardingDisabled": "false"}, {"stationCode": "KRMR", "stationName": "KARIMNAGAR", "arrivalTime": "19:03", "departureTime": "19:05", "routeNumber": "1", "haltTime": "02:00", "distance": "111", "dayCount": "1", "stnSerialNumber": "4", "boardingDisabled": "false"}, {"stationCode": "LPJL", "stationName": "LINGAMPET JAGIT", "arrivalTime": "19:49", "departureTime": "19:50", "routeNumber": "1", "haltTime": "01:00", "distance": "158", "dayCount": "1", "stnSerialNumber": "5", "boardingDisabled": "false"}, {"stationCode": "KRLA", "stationName": "KORATLA", "arrivalTime": "20:20", "departureTime": "20:21", "routeNumber": "1", "haltTime": "01:00", "distance": "179", "dayCount": "1", "stnSerialNumber": "6", "boardingDisabled": "false"}, {"stationCode": "MTPI", "stationName": "METPALLI", "arrivalTime": "20:39", "departureTime": "20:40", "routeNumber": "1", "haltTime": "01:00", "distance": "188", "dayCount": "1", "stnSerialNumber": "7", "boardingDisabled": "false"}, {"stationCode": "ARMU", "stationName": "ARMUR", "arrivalTime": "21:14", "departureTime": "21:15", "routeNumber": "1", "haltTime": "01:00", "distance": "224", "dayCount": "1", "stnSerialNumber": "8", "boardingDisabled": "false"}, {"stationCode": "NZB", "stationName": "NIZAMABAD JN", "arrivalTime": "22:50", "departureTime": "22:55", "routeNumber": "1", "haltTime": "05:00", "distance": "253", "dayCount": "1", "stnSerialNumber": "9", "boardingDisabled": "false"}, {"stationCode": "BSX", "stationName": "BASAR", "arrivalTime": "23:30", "departureTime": "23:32", "routeNumber": "1", "haltTime": "02:00", "distance": "283", "dayCount": "1", "stnSerialNumber": "10", "boardingDisabled": "false"}, {"stationCode": "DAB", "stationName": "DHARMABAD", "arrivalTime": "23:38", "departureTime": "23:40", "routeNumber": "1", "haltTime": "02:00", "distance": "293", "dayCount": "1", "stnSerialNumber": "11", "boardingDisabled": "false"}, {"stationCode": "UMRI", "stationName": "UMRI", "arrivalTime": "00:24", "departureTime": "00:25", "routeNumber": "1", "haltTime": "01:00", "distance": "322", "dayCount": "2", "stnSerialNumber": "12", "boardingDisabled": "false"}, {"stationCode": "MUE", "stationName": "MUDKHED", "arrivalTime": "00:58", "departureTime": "01:00", "routeNumber": "1", "haltTime": "02:00", "distance": "342", "dayCount": "2", "stnSerialNumber": "13", "boardingDisabled": "false"}, {"stationCode": "NED", "stationName": "H SAHIB NANDED", "arrivalTime": "01:40", "departureTime": "01:45", "routeNumber": "1", "haltTime": "05:00", "distance": "364", "dayCount": "2", "stnSerialNumber": "14", "boardingDisabled": "false"}, {"stationCode": "PAU", "stationName": "PURNA JN", "arrivalTime": "02:20", "departureTime": "02:25", "routeNumber": "1", "haltTime": "05:00", "distance": "395", "dayCount": "2", "stnSerialNumber": "15", "boardingDisabled": "false"}, {"stationCode": "PBN", "stationName": "PARBHANI JN", "arrivalTime": "03:00", "departureTime": "03:02", "routeNumber": "1", "haltTime": "02:00", "distance": "423", "dayCount": "2", "stnSerialNumber": "16", "boardingDisabled": "false"}, {"stationCode": "SELU", "stationName": "SELU", "arrivalTime": "03:48", "departureTime": "03:49", "routeNumber": "1", "haltTime": "01:00", "distance": "466", "dayCount": "2", "stnSerialNumber": "17", "boardingDisabled": "false"}, {"stationCode": "PTU", "stationName": "PARTUR", "arrivalTime": "04:08", "departureTime": "04:09", "routeNumber": "1", "haltTime": "01:00", "distance": "493", "dayCount": "2", "stnSerialNumber": "18", "boardingDisabled": "false"}, {"stationCode": "J", "stationName": "JALNA", "arrivalTime": "04:58", "departureTime": "05:00", "routeNumber": "1", "haltTime": "02:00", "distance": "538", "dayCount": "2", "stnSerialNumber": "19", "boardingDisabled": "false"}, {"stationCode": "AWB", "stationName": "AURANGABAD", "arrivalTime": "06:15", "departureTime": "06:20", "routeNumber": "1", "haltTime": "05:00", "distance": "600", "dayCount": "2", "stnSerialNumber": "20", "boardingDisabled": "false"}, {"stationCode": "LSR", "stationName": "LASUR", "arrivalTime": "06:49", "departureTime": "06:50", "routeNumber": "1", "haltTime": "01:00", "distance": "634", "dayCount": "2", "stnSerialNumber": "21", "boardingDisabled": "false"}, {"stationCode": "RGO", "stationName": "ROTEGAON", "arrivalTime": "07:29", "departureTime": "07:30", "routeNumber": "1", "haltTime": "01:00", "distance": "661", "dayCount": "2", "stnSerialNumber": "22", "boardingDisabled": "false"}, {"stationCode": "NSL", "stationName": "NAGARSOL", "arrivalTime": "07:55", "departureTime": "07:57", "routeNumber": "1", "haltTime": "02:00", "distance": "689", "dayCount": "2", "stnSerialNumber": "23", "boardingDisabled": "false"}, {"stationCode": "MMR", "stationName": "MANMAD JN", "arrivalTime": "08:45", "departureTime": "08:50", "routeNumber": "1", "haltTime": "05:00", "distance": "712", "dayCount": "2", "stnSerialNumber": "25", "boardingDisabled": "false"}, {"stationCode": "NK", "stationName": "NASHIK ROAD", "arrivalTime": "09:42", "departureTime": "09:45", "routeNumber": "1", "haltTime": "03:00", "distance": "785", "dayCount": "2", "stnSerialNumber": "26", "boardingDisabled": "false"}, {"stationCode": "KYN", "stationName": "KALYAN JN", "arrivalTime": "12:23", "departureTime": "12:25", "routeNumber": "1", "haltTime": "02:00", "distance": "919", "dayCount": "2", "stnSerialNumber": "27", "boardingDisabled": "false"}, {"stationCode": "TNA", "stationName": "THANE", "arrivalTime": "12:42", "departureTime": "12:45", "routeNumber": "1", "haltTime": "03:00", "distance": "939", "dayCount": "2", "stnSerialNumber": "28", "boardingDisabled": "false"}, {"stationCode": "DR", "stationName": "DADAR", "arrivalTime": "13:25", "departureTime": "--", "routeNumber": "1", "haltTime": "--", "distance": "963", "dayCount": "2", "stnSerialNumber": "29", "boardingDisabled": "false"}]}