{"trainNumber": "07233", "trainName": "SC ASK SPL", "stationFrom": "SC", "stationTo": "ASK", "trainOwner": "0", "trainRunsOnMon": "N", "trainRunsOnTue": "N", "trainRunsOnWed": "N", "trainRunsOnThu": "Y", "trainRunsOnFri": "N", "trainRunsOnSat": "N", "trainRunsOnSun": "N", "timeStamp": "2023-06-19T15:31:11.233", "duration": "0", "stationList": [{"stationCode": "SC", "stationName": "SECUNDERABAD JN", "arrivalTime": "--", "departureTime": "20:00", "routeNumber": "1", "haltTime": "--", "distance": "0", "dayCount": "1", "stnSerialNumber": "1", "boardingDisabled": "false"}, {"stationCode": "KCG", "stationName": "KACHEGUDA", "arrivalTime": "20:20", "departureTime": "20:25", "routeNumber": "1", "haltTime": "05:00", "distance": "8", "dayCount": "1", "stnSerialNumber": "2", "boardingDisabled": "false"}, {"stationCode": "UR", "stationName": "UMDANAGAR", "arrivalTime": "20:54", "departureTime": "20:55", "routeNumber": "1", "haltTime": "01:00", "distance": "28", "dayCount": "1", "stnSerialNumber": "3", "boardingDisabled": "false"}, {"stationCode": "SHNR", "stationName": "SHADNAGAR", "arrivalTime": "21:12", "departureTime": "21:13", "routeNumber": "1", "haltTime": "01:00", "distance": "60", "dayCount": "1", "stnSerialNumber": "4", "boardingDisabled": "false"}, {"stationCode": "JCL", "stationName": "JADCHERLA", "arrivalTime": "21:39", "departureTime": "21:40", "routeNumber": "1", "haltTime": "01:00", "distance": "96", "dayCount": "1", "stnSerialNumber": "5", "boardingDisabled": "false"}, {"stationCode": "MBNR", "stationName": "MAHBUBNAGAR", "arrivalTime": "22:05", "departureTime": "22:07", "routeNumber": "1", "haltTime": "02:00", "distance": "113", "dayCount": "1", "stnSerialNumber": "6", "boardingDisabled": "false"}, {"stationCode": "WPR", "stationName": "WANPARTI ROAD", "arrivalTime": "22:35", "departureTime": "22:36", "routeNumber": "1", "haltTime": "01:00", "distance": "167", "dayCount": "1", "stnSerialNumber": "7", "boardingDisabled": "false"}, {"stationCode": "GWD", "stationName": "GADWAL", "arrivalTime": "23:15", "departureTime": "23:17", "routeNumber": "1", "haltTime": "02:00", "distance": "188", "dayCount": "1", "stnSerialNumber": "8", "boardingDisabled": "false"}, {"stationCode": "RC", "stationName": "RAICHUR", "arrivalTime": "01:00", "departureTime": "01:05", "routeNumber": "1", "haltTime": "05:00", "distance": "246", "dayCount": "2", "stnSerialNumber": "9", "boardingDisabled": "false"}, {"stationCode": "GTL", "stationName": "GUNTAKAL JN", "arrivalTime": "02:45", "departureTime": "02:50", "routeNumber": "1", "haltTime": "05:00", "distance": "366", "dayCount": "2", "stnSerialNumber": "10", "boardingDisabled": "false"}, {"stationCode": "ATP", "stationName": "ANANTAPUR", "arrivalTime": "04:13", "departureTime": "04:15", "routeNumber": "1", "haltTime": "02:00", "distance": "434", "dayCount": "2", "stnSerialNumber": "11", "boardingDisabled": "false"}, {"stationCode": "DMM", "stationName": "DHARMAVARAM JN", "arrivalTime": "05:15", "departureTime": "05:20", "routeNumber": "1", "haltTime": "05:00", "distance": "468", "dayCount": "2", "stnSerialNumber": "12", "boardingDisabled": "false"}, {"stationCode": "HUP", "stationName": "HINDUPUR", "arrivalTime": "07:00", "departureTime": "07:02", "routeNumber": "1", "haltTime": "02:00", "distance": "547", "dayCount": "2", "stnSerialNumber": "13", "boardingDisabled": "false"}, {"stationCode": "YNK", "stationName": "YELHANKA JN", "arrivalTime": "08:55", "departureTime": "09:05", "routeNumber": "1", "haltTime": "10:00", "distance": "630", "dayCount": "2", "stnSerialNumber": "14", "boardingDisabled": "false"}, {"stationCode": "BAW", "stationName": "CHIK BANAVAR", "arrivalTime": "09:38", "departureTime": "09:40", "routeNumber": "1", "haltTime": "02:00", "distance": "650", "dayCount": "2", "stnSerialNumber": "15", "boardingDisabled": "false"}, {"stationCode": "TK", "stationName": "TUMAKURU", "arrivalTime": "10:40", "departureTime": "10:42", "routeNumber": "1", "haltTime": "02:00", "distance": "706", "dayCount": "2", "stnSerialNumber": "16", "boardingDisabled": "false"}, {"stationCode": "ASK", "stationName": "ARSIKERE JN", "arrivalTime": "13:00", "departureTime": "--", "routeNumber": "1", "haltTime": "--", "distance": "802", "dayCount": "2", "stnSerialNumber": "17", "boardingDisabled": "false"}]}