{"trainNumber": "07234", "trainName": "ASK SC EXP", "stationFrom": "ASK", "stationTo": "SC", "trainOwner": "0", "trainRunsOnMon": "N", "trainRunsOnTue": "N", "trainRunsOnWed": "N", "trainRunsOnThu": "N", "trainRunsOnFri": "Y", "trainRunsOnSat": "N", "trainRunsOnSun": "N", "timeStamp": "2023-06-19T15:31:11.199", "duration": "0", "stationList": [{"stationCode": "ASK", "stationName": "ARSIKERE JN", "arrivalTime": "--", "departureTime": "14:00", "routeNumber": "1", "haltTime": "--", "distance": "0", "dayCount": "1", "stnSerialNumber": "1", "boardingDisabled": "false"}, {"stationCode": "TK", "stationName": "TUMAKURU", "arrivalTime": "15:13", "departureTime": "15:15", "routeNumber": "1", "haltTime": "02:00", "distance": "96", "dayCount": "1", "stnSerialNumber": "2", "boardingDisabled": "false"}, {"stationCode": "BAW", "stationName": "CHIK BANAVAR", "arrivalTime": "16:10", "departureTime": "16:12", "routeNumber": "1", "haltTime": "02:00", "distance": "152", "dayCount": "1", "stnSerialNumber": "3", "boardingDisabled": "false"}, {"stationCode": "YNK", "stationName": "YELHANKA JN", "arrivalTime": "16:45", "departureTime": "17:00", "routeNumber": "1", "haltTime": "15:00", "distance": "173", "dayCount": "1", "stnSerialNumber": "4", "boardingDisabled": "false"}, {"stationCode": "HUP", "stationName": "HINDUPUR", "arrivalTime": "18:25", "departureTime": "18:27", "routeNumber": "1", "haltTime": "02:00", "distance": "256", "dayCount": "1", "stnSerialNumber": "5", "boardingDisabled": "false"}, {"stationCode": "DMM", "stationName": "DHARMAVARAM JN", "arrivalTime": "21:08", "departureTime": "21:10", "routeNumber": "1", "haltTime": "02:00", "distance": "335", "dayCount": "1", "stnSerialNumber": "6", "boardingDisabled": "false"}, {"stationCode": "ATP", "stationName": "ANANTAPUR", "arrivalTime": "21:38", "departureTime": "21:40", "routeNumber": "1", "haltTime": "02:00", "distance": "369", "dayCount": "1", "stnSerialNumber": "7", "boardingDisabled": "false"}, {"stationCode": "GTL", "stationName": "GUNTAKAL JN", "arrivalTime": "23:10", "departureTime": "23:15", "routeNumber": "1", "haltTime": "05:00", "distance": "436", "dayCount": "1", "stnSerialNumber": "8", "boardingDisabled": "false"}, {"stationCode": "RC", "stationName": "RAICHUR", "arrivalTime": "01:43", "departureTime": "01:45", "routeNumber": "1", "haltTime": "02:00", "distance": "557", "dayCount": "2", "stnSerialNumber": "9", "boardingDisabled": "false"}, {"stationCode": "GWD", "stationName": "GADWAL", "arrivalTime": "03:10", "departureTime": "03:12", "routeNumber": "1", "haltTime": "02:00", "distance": "614", "dayCount": "2", "stnSerialNumber": "10", "boardingDisabled": "false"}, {"stationCode": "WPR", "stationName": "WANPARTI ROAD", "arrivalTime": "03:35", "departureTime": "03:36", "routeNumber": "1", "haltTime": "01:00", "distance": "636", "dayCount": "2", "stnSerialNumber": "11", "boardingDisabled": "false"}, {"stationCode": "MBNR", "stationName": "MAHBUBNAGAR", "arrivalTime": "04:30", "departureTime": "04:32", "routeNumber": "1", "haltTime": "02:00", "distance": "689", "dayCount": "2", "stnSerialNumber": "12", "boardingDisabled": "false"}, {"stationCode": "JCL", "stationName": "JADCHERLA", "arrivalTime": "04:49", "departureTime": "04:50", "routeNumber": "1", "haltTime": "01:00", "distance": "707", "dayCount": "2", "stnSerialNumber": "13", "boardingDisabled": "false"}, {"stationCode": "SHNR", "stationName": "SHADNAGAR", "arrivalTime": "05:24", "departureTime": "05:25", "routeNumber": "1", "haltTime": "01:00", "distance": "743", "dayCount": "2", "stnSerialNumber": "14", "boardingDisabled": "false"}, {"stationCode": "UR", "stationName": "UMDANAGAR", "arrivalTime": "05:50", "departureTime": "05:51", "routeNumber": "1", "haltTime": "01:00", "distance": "775", "dayCount": "2", "stnSerialNumber": "15", "boardingDisabled": "false"}, {"stationCode": "KCG", "stationName": "KACHEGUDA", "arrivalTime": "06:30", "departureTime": "06:35", "routeNumber": "1", "haltTime": "05:00", "distance": "795", "dayCount": "2", "stnSerialNumber": "16", "boardingDisabled": "false"}, {"stationCode": "SC", "stationName": "SECUNDERABAD JN", "arrivalTime": "07:35", "departureTime": "--", "routeNumber": "1", "haltTime": "--", "distance": "802", "dayCount": "2", "stnSerialNumber": "17", "boardingDisabled": "false"}]}