{"trainNumber": "07255", "trainName": "HYB PNBE SPL", "stationFrom": "HYB", "stationTo": "PNBE", "trainOwner": "0", "trainRunsOnMon": "N", "trainRunsOnTue": "N", "trainRunsOnWed": "Y", "trainRunsOnThu": "N", "trainRunsOnFri": "N", "trainRunsOnSat": "N", "trainRunsOnSun": "N", "timeStamp": "2023-06-19T15:31:11.592", "duration": "0", "stationList": [{"stationCode": "HYB", "stationName": "HYDERABAD DECAN", "arrivalTime": "--", "departureTime": "22:50", "routeNumber": "1", "haltTime": "--", "distance": "0", "dayCount": "1", "stnSerialNumber": "1", "boardingDisabled": "false"}, {"stationCode": "SC", "stationName": "SECUNDERABAD JN", "arrivalTime": "23:15", "departureTime": "23:20", "routeNumber": "1", "haltTime": "05:00", "distance": "10", "dayCount": "1", "stnSerialNumber": "2", "boardingDisabled": "false"}, {"stationCode": "KZJ", "stationName": "KAZIPET JN", "arrivalTime": "01:25", "departureTime": "01:27", "routeNumber": "1", "haltTime": "02:00", "distance": "142", "dayCount": "2", "stnSerialNumber": "3", "boardingDisabled": "false"}, {"stationCode": "PDPL", "stationName": "PEDDAPALLI JN", "arrivalTime": "02:50", "departureTime": "02:52", "routeNumber": "1", "haltTime": "02:00", "distance": "217", "dayCount": "2", "stnSerialNumber": "4", "boardingDisabled": "false"}, {"stationCode": "BPA", "stationName": "BELLAMPALLI", "arrivalTime": "03:35", "departureTime": "03:37", "routeNumber": "1", "haltTime": "02:00", "distance": "268", "dayCount": "2", "stnSerialNumber": "5", "boardingDisabled": "false"}, {"stationCode": "SKZR", "stationName": "SIRPUR KAGAZNGR", "arrivalTime": "04:05", "departureTime": "04:07", "routeNumber": "1", "haltTime": "02:00", "distance": "306", "dayCount": "2", "stnSerialNumber": "6", "boardingDisabled": "false"}, {"stationCode": "BPQ", "stationName": "BALHARSHAH", "arrivalTime": "06:20", "departureTime": "06:25", "routeNumber": "1", "haltTime": "05:00", "distance": "376", "dayCount": "2", "stnSerialNumber": "7", "boardingDisabled": "false"}, {"stationCode": "NGP", "stationName": "NAGPUR", "arrivalTime": "09:25", "departureTime": "09:30", "routeNumber": "1", "haltTime": "05:00", "distance": "587", "dayCount": "2", "stnSerialNumber": "8", "boardingDisabled": "false"}, {"stationCode": "G", "stationName": "GONDIA JN", "arrivalTime": "11:40", "departureTime": "11:45", "routeNumber": "1", "haltTime": "05:00", "distance": "717", "dayCount": "2", "stnSerialNumber": "9", "boardingDisabled": "false"}, {"stationCode": "DURG", "stationName": "DURG", "arrivalTime": "13:55", "departureTime": "14:00", "routeNumber": "1", "haltTime": "05:00", "distance": "852", "dayCount": "2", "stnSerialNumber": "10", "boardingDisabled": "false"}, {"stationCode": "R", "stationName": "RAIPUR JN", "arrivalTime": "14:33", "departureTime": "14:35", "routeNumber": "1", "haltTime": "02:00", "distance": "889", "dayCount": "2", "stnSerialNumber": "11", "boardingDisabled": "false"}, {"stationCode": "BSP", "stationName": "BILASPUR JN", "arrivalTime": "16:45", "departureTime": "16:50", "routeNumber": "1", "haltTime": "05:00", "distance": "999", "dayCount": "2", "stnSerialNumber": "12", "boardingDisabled": "false"}, {"stationCode": "JSG", "stationName": "JHARSUGUDA JN", "arrivalTime": "20:10", "departureTime": "20:15", "routeNumber": "1", "haltTime": "05:00", "distance": "1204", "dayCount": "2", "stnSerialNumber": "13", "boardingDisabled": "false"}, {"stationCode": "ROU", "stationName": "ROURKELA", "arrivalTime": "22:10", "departureTime": "22:15", "routeNumber": "1", "haltTime": "05:00", "distance": "1305", "dayCount": "2", "stnSerialNumber": "14", "boardingDisabled": "false"}, {"stationCode": "HTE", "stationName": "HATIA", "arrivalTime": "01:15", "departureTime": "01:20", "routeNumber": "1", "haltTime": "05:00", "distance": "1472", "dayCount": "3", "stnSerialNumber": "15", "boardingDisabled": "false"}, {"stationCode": "RNC", "stationName": "RANCHI", "arrivalTime": "01:40", "departureTime": "01:45", "routeNumber": "1", "haltTime": "05:00", "distance": "1479", "dayCount": "3", "stnSerialNumber": "16", "boardingDisabled": "false"}, {"stationCode": "BKSC", "stationName": "BOKARO STL CITY", "arrivalTime": "04:03", "departureTime": "04:05", "routeNumber": "1", "haltTime": "02:00", "distance": "1593", "dayCount": "3", "stnSerialNumber": "17", "boardingDisabled": "false"}, {"stationCode": "GMO", "stationName": "NSC BOSE J GOMO", "arrivalTime": "04:55", "departureTime": "05:00", "routeNumber": "1", "haltTime": "05:00", "distance": "1625", "dayCount": "3", "stnSerialNumber": "18", "boardingDisabled": "false"}, {"stationCode": "KQR", "stationName": "KODERMA JN", "arrivalTime": "07:08", "departureTime": "07:10", "routeNumber": "1", "haltTime": "02:00", "distance": "1719", "dayCount": "3", "stnSerialNumber": "19", "boardingDisabled": "false"}, {"stationCode": "GAYA", "stationName": "GAYA JN", "arrivalTime": "09:05", "departureTime": "09:25", "routeNumber": "1", "haltTime": "20:00", "distance": "1795", "dayCount": "3", "stnSerialNumber": "20", "boardingDisabled": "false"}, {"stationCode": "JHD", "stationName": "JEHANABAD", "arrivalTime": "10:28", "departureTime": "10:30", "routeNumber": "1", "haltTime": "02:00", "distance": "1842", "dayCount": "3", "stnSerialNumber": "21", "boardingDisabled": "false"}, {"stationCode": "PNBE", "stationName": "PATNA JN", "arrivalTime": "11:30", "departureTime": "--", "routeNumber": "1", "haltTime": "--", "distance": "1887", "dayCount": "3", "stnSerialNumber": "22", "boardingDisabled": "false"}]}