{"trainNumber": "07256", "trainName": "SC PNBE SPL", "stationFrom": "SC", "stationTo": "PNBE", "trainOwner": "0", "trainRunsOnMon": "N", "trainRunsOnTue": "N", "trainRunsOnWed": "N", "trainRunsOnThu": "N", "trainRunsOnFri": "Y", "trainRunsOnSat": "N", "trainRunsOnSun": "N", "timeStamp": "2023-06-19T15:31:11.581", "duration": "0", "stationList": [{"stationCode": "SC", "stationName": "SECUNDERABAD JN", "arrivalTime": "--", "departureTime": "21:00", "routeNumber": "1", "haltTime": "--", "distance": "0", "dayCount": "1", "stnSerialNumber": "1", "boardingDisabled": "false"}, {"stationCode": "KZJ", "stationName": "KAZIPET JN", "arrivalTime": "23:00", "departureTime": "23:02", "routeNumber": "1", "haltTime": "02:00", "distance": "132", "dayCount": "1", "stnSerialNumber": "2", "boardingDisabled": "false"}, {"stationCode": "PDPL", "stationName": "PEDDAPALLI JN", "arrivalTime": "00:05", "departureTime": "00:07", "routeNumber": "1", "haltTime": "02:00", "distance": "207", "dayCount": "2", "stnSerialNumber": "3", "boardingDisabled": "false"}, {"stationCode": "BPA", "stationName": "BELLAMPALLI", "arrivalTime": "01:00", "departureTime": "01:02", "routeNumber": "1", "haltTime": "02:00", "distance": "258", "dayCount": "2", "stnSerialNumber": "4", "boardingDisabled": "false"}, {"stationCode": "SKZR", "stationName": "SIRPUR KAGAZNGR", "arrivalTime": "01:30", "departureTime": "01:32", "routeNumber": "1", "haltTime": "02:00", "distance": "297", "dayCount": "2", "stnSerialNumber": "5", "boardingDisabled": "false"}, {"stationCode": "BPQ", "stationName": "BALHARSHAH", "arrivalTime": "03:55", "departureTime": "04:00", "routeNumber": "1", "haltTime": "05:00", "distance": "367", "dayCount": "2", "stnSerialNumber": "6", "boardingDisabled": "false"}, {"stationCode": "NGP", "stationName": "NAGPUR", "arrivalTime": "07:25", "departureTime": "07:30", "routeNumber": "1", "haltTime": "05:00", "distance": "578", "dayCount": "2", "stnSerialNumber": "7", "boardingDisabled": "false"}, {"stationCode": "G", "stationName": "GONDIA JN", "arrivalTime": "09:40", "departureTime": "09:45", "routeNumber": "1", "haltTime": "05:00", "distance": "708", "dayCount": "2", "stnSerialNumber": "8", "boardingDisabled": "false"}, {"stationCode": "DURG", "stationName": "DURG", "arrivalTime": "11:55", "departureTime": "12:00", "routeNumber": "1", "haltTime": "05:00", "distance": "843", "dayCount": "2", "stnSerialNumber": "9", "boardingDisabled": "false"}, {"stationCode": "R", "stationName": "RAIPUR JN", "arrivalTime": "12:33", "departureTime": "12:35", "routeNumber": "1", "haltTime": "02:00", "distance": "880", "dayCount": "2", "stnSerialNumber": "10", "boardingDisabled": "false"}, {"stationCode": "BSP", "stationName": "BILASPUR JN", "arrivalTime": "14:45", "departureTime": "14:50", "routeNumber": "1", "haltTime": "05:00", "distance": "990", "dayCount": "2", "stnSerialNumber": "11", "boardingDisabled": "false"}, {"stationCode": "JSG", "stationName": "JHARSUGUDA JN", "arrivalTime": "18:10", "departureTime": "18:15", "routeNumber": "1", "haltTime": "05:00", "distance": "1194", "dayCount": "2", "stnSerialNumber": "12", "boardingDisabled": "false"}, {"stationCode": "ROU", "stationName": "ROURKELA", "arrivalTime": "20:10", "departureTime": "20:15", "routeNumber": "1", "haltTime": "05:00", "distance": "1296", "dayCount": "2", "stnSerialNumber": "13", "boardingDisabled": "false"}, {"stationCode": "HTE", "stationName": "HATIA", "arrivalTime": "23:15", "departureTime": "23:20", "routeNumber": "1", "haltTime": "05:00", "distance": "1462", "dayCount": "2", "stnSerialNumber": "14", "boardingDisabled": "false"}, {"stationCode": "RNC", "stationName": "RANCHI", "arrivalTime": "23:40", "departureTime": "23:45", "routeNumber": "1", "haltTime": "05:00", "distance": "1469", "dayCount": "2", "stnSerialNumber": "15", "boardingDisabled": "false"}, {"stationCode": "BKSC", "stationName": "BOKARO STL CITY", "arrivalTime": "02:03", "departureTime": "02:05", "routeNumber": "1", "haltTime": "02:00", "distance": "1584", "dayCount": "3", "stnSerialNumber": "16", "boardingDisabled": "false"}, {"stationCode": "GMO", "stationName": "NSC BOSE J GOMO", "arrivalTime": "02:55", "departureTime": "03:00", "routeNumber": "1", "haltTime": "05:00", "distance": "1616", "dayCount": "3", "stnSerialNumber": "17", "boardingDisabled": "false"}, {"stationCode": "KQR", "stationName": "KODERMA JN", "arrivalTime": "05:08", "departureTime": "05:10", "routeNumber": "1", "haltTime": "02:00", "distance": "1709", "dayCount": "3", "stnSerialNumber": "18", "boardingDisabled": "false"}, {"stationCode": "GAYA", "stationName": "GAYA JN", "arrivalTime": "07:05", "departureTime": "07:25", "routeNumber": "1", "haltTime": "20:00", "distance": "1785", "dayCount": "3", "stnSerialNumber": "19", "boardingDisabled": "false"}, {"stationCode": "JHD", "stationName": "JEHANABAD", "arrivalTime": "08:28", "departureTime": "08:30", "routeNumber": "1", "haltTime": "02:00", "distance": "1832", "dayCount": "3", "stnSerialNumber": "20", "boardingDisabled": "false"}, {"stationCode": "PNBE", "stationName": "PATNA JN", "arrivalTime": "09:30", "departureTime": "--", "routeNumber": "1", "haltTime": "--", "distance": "1877", "dayCount": "3", "stnSerialNumber": "21", "boardingDisabled": "false"}]}