{"trainNumber": "07321", "trainName": "SUR DHARWAR PASS", "stationFrom": "SUR", "stationTo": "DWR", "trainOwner": "0", "trainRunsOnMon": "Y", "trainRunsOnTue": "Y", "trainRunsOnWed": "Y", "trainRunsOnThu": "Y", "trainRunsOnFri": "Y", "trainRunsOnSat": "Y", "trainRunsOnSun": "Y", "timeStamp": "2023-06-19T15:31:18.412", "duration": "0", "stationList": [{"stationCode": "SUR", "stationName": "SOLAPUR JN", "arrivalTime": "--", "departureTime": "00:40", "routeNumber": "1", "haltTime": "--", "distance": "0", "dayCount": "1", "stnSerialNumber": "1", "boardingDisabled": "false"}, {"stationCode": "TKWD", "stationName": "TIKEKARWADI", "arrivalTime": "00:49", "departureTime": "00:50", "routeNumber": "1", "haltTime": "01:00", "distance": "8", "dayCount": "1", "stnSerialNumber": "2", "boardingDisabled": "false"}, {"stationCode": "HG", "stationName": "HOTGI", "arrivalTime": "00:58", "departureTime": "01:00", "routeNumber": "1", "haltTime": "02:00", "distance": "16", "dayCount": "1", "stnSerialNumber": "3", "boardingDisabled": "false"}, {"stationCode": "LHN", "stationName": "LACHYAN", "arrivalTime": "01:24", "departureTime": "01:25", "routeNumber": "1", "haltTime": "01:00", "distance": "49", "dayCount": "1", "stnSerialNumber": "5", "boardingDisabled": "false"}, {"stationCode": "IDR", "stationName": "INDI ROAD", "arrivalTime": "01:35", "departureTime": "01:36", "routeNumber": "1", "haltTime": "01:00", "distance": "59", "dayCount": "1", "stnSerialNumber": "6", "boardingDisabled": "false"}, {"stationCode": "BJP", "stationName": "VIJAYAPURA", "arrivalTime": "02:34", "departureTime": "02:35", "routeNumber": "1", "haltTime": "01:00", "distance": "109", "dayCount": "1", "stnSerialNumber": "9", "boardingDisabled": "false"}, {"stationCode": "MVD", "stationName": "MULVAD", "arrivalTime": "02:59", "departureTime": "03:00", "routeNumber": "1", "haltTime": "01:00", "distance": "135", "dayCount": "1", "stnSerialNumber": "10", "boardingDisabled": "false"}, {"stationCode": "BSRX", "stationName": "BAGEVADI RD", "arrivalTime": "03:19", "departureTime": "03:20", "routeNumber": "1", "haltTime": "01:00", "distance": "153", "dayCount": "1", "stnSerialNumber": "11", "boardingDisabled": "false"}, {"stationCode": "LMT", "stationName": "ALMATTI", "arrivalTime": "03:37", "departureTime": "03:38", "routeNumber": "1", "haltTime": "01:00", "distance": "171", "dayCount": "1", "stnSerialNumber": "12", "boardingDisabled": "false"}, {"stationCode": "MGL", "stationName": "MANGELA", "arrivalTime": "04:15", "departureTime": "04:16", "routeNumber": "1", "haltTime": "01:00", "distance": "198", "dayCount": "1", "stnSerialNumber": "13", "boardingDisabled": "false"}, {"stationCode": "BGK", "stationName": "BAGALKOT", "arrivalTime": "04:33", "departureTime": "04:35", "routeNumber": "1", "haltTime": "02:00", "distance": "206", "dayCount": "1", "stnSerialNumber": "14", "boardingDisabled": "false"}, {"stationCode": "GED", "stationName": "GULEDAGUDDA RD", "arrivalTime": "04:46", "departureTime": "04:47", "routeNumber": "1", "haltTime": "01:00", "distance": "219", "dayCount": "1", "stnSerialNumber": "15", "boardingDisabled": "false"}, {"stationCode": "BDM", "stationName": "BADAMI", "arrivalTime": "05:01", "departureTime": "05:02", "routeNumber": "1", "haltTime": "01:00", "distance": "232", "dayCount": "1", "stnSerialNumber": "16", "boardingDisabled": "false"}, {"stationCode": "LKY", "stationName": "LAKHMAPUR", "arrivalTime": "05:17", "departureTime": "05:18", "routeNumber": "1", "haltTime": "01:00", "distance": "244", "dayCount": "1", "stnSerialNumber": "17", "boardingDisabled": "false"}, {"stationCode": "HLAR", "stationName": "HOLE ALUR", "arrivalTime": "05:29", "departureTime": "05:30", "routeNumber": "1", "haltTime": "01:00", "distance": "252", "dayCount": "1", "stnSerialNumber": "18", "boardingDisabled": "false"}, {"stationCode": "MLP", "stationName": "MALLAPUR", "arrivalTime": "05:51", "departureTime": "05:52", "routeNumber": "1", "haltTime": "01:00", "distance": "269", "dayCount": "1", "stnSerialNumber": "19", "boardingDisabled": "false"}, {"stationCode": "BLR", "stationName": "BALGANUR", "arrivalTime": "06:04", "departureTime": "06:05", "routeNumber": "1", "haltTime": "01:00", "distance": "278", "dayCount": "1", "stnSerialNumber": "20", "boardingDisabled": "false"}, {"stationCode": "HBL", "stationName": "HOMBAL", "arrivalTime": "06:21", "departureTime": "06:22", "routeNumber": "1", "haltTime": "01:00", "distance": "287", "dayCount": "1", "stnSerialNumber": "21", "boardingDisabled": "false"}, {"stationCode": "GDG", "stationName": "GADAG JN", "arrivalTime": "07:05", "departureTime": "07:10", "routeNumber": "1", "haltTime": "05:00", "distance": "300", "dayCount": "1", "stnSerialNumber": "22", "boardingDisabled": "false"}, {"stationCode": "LKT", "stationName": "HULKOTI", "arrivalTime": "07:29", "departureTime": "07:30", "routeNumber": "1", "haltTime": "01:00", "distance": "312", "dayCount": "1", "stnSerialNumber": "23", "boardingDisabled": "false"}, {"stationCode": "NGR", "stationName": "ANNIGERI", "arrivalTime": "07:39", "departureTime": "07:40", "routeNumber": "1", "haltTime": "01:00", "distance": "322", "dayCount": "1", "stnSerialNumber": "24", "boardingDisabled": "false"}, {"stationCode": "SVHE", "stationName": "SISVINHALLI", "arrivalTime": "07:54", "departureTime": "07:55", "routeNumber": "1", "haltTime": "01:00", "distance": "335", "dayCount": "1", "stnSerialNumber": "25", "boardingDisabled": "false"}, {"stationCode": "HBS", "stationName": "HEBSUR", "arrivalTime": "08:04", "departureTime": "08:05", "routeNumber": "1", "haltTime": "01:00", "distance": "339", "dayCount": "1", "stnSerialNumber": "26", "boardingDisabled": "false"}, {"stationCode": "KUG", "stationName": "KUSUGALI", "arrivalTime": "08:14", "departureTime": "08:15", "routeNumber": "1", "haltTime": "01:00", "distance": "347", "dayCount": "1", "stnSerialNumber": "27", "boardingDisabled": "false"}, {"stationCode": "UBL", "stationName": "SSS HUBBALLI JN", "arrivalTime": "09:10", "departureTime": "09:15", "routeNumber": "1", "haltTime": "05:00", "distance": "358", "dayCount": "1", "stnSerialNumber": "28", "boardingDisabled": "false"}, {"stationCode": "DWR", "stationName": "DHARWAR", "arrivalTime": "10:15", "departureTime": "--", "routeNumber": "1", "haltTime": "--", "distance": "378", "dayCount": "1", "stnSerialNumber": "32", "boardingDisabled": "false"}]}