{"trainNumber": "07322", "trainName": "DWR SUR SPL", "stationFrom": "DWR", "stationTo": "SUR", "trainOwner": "0", "trainRunsOnMon": "Y", "trainRunsOnTue": "Y", "trainRunsOnWed": "Y", "trainRunsOnThu": "Y", "trainRunsOnFri": "Y", "trainRunsOnSat": "Y", "trainRunsOnSun": "Y", "timeStamp": "2023-06-19T15:31:18.381", "duration": "0", "stationList": [{"stationCode": "DWR", "stationName": "DHARWAR", "arrivalTime": "--", "departureTime": "18:05", "routeNumber": "1", "haltTime": "--", "distance": "0", "dayCount": "1", "stnSerialNumber": "1", "boardingDisabled": "false"}, {"stationCode": "AGL", "stationName": "AMARGOL", "arrivalTime": "18:16", "departureTime": "18:17", "routeNumber": "1", "haltTime": "01:00", "distance": "12", "dayCount": "1", "stnSerialNumber": "3", "boardingDisabled": "false"}, {"stationCode": "UBL", "stationName": "SSS HUBBALLI JN", "arrivalTime": "18:35", "departureTime": "18:40", "routeNumber": "1", "haltTime": "05:00", "distance": "21", "dayCount": "1", "stnSerialNumber": "5", "boardingDisabled": "false"}, {"stationCode": "KUG", "stationName": "KUSUGALI", "arrivalTime": "18:56", "departureTime": "18:57", "routeNumber": "1", "haltTime": "01:00", "distance": "31", "dayCount": "1", "stnSerialNumber": "6", "boardingDisabled": "false"}, {"stationCode": "HBS", "stationName": "HEBSUR", "arrivalTime": "19:06", "departureTime": "19:07", "routeNumber": "1", "haltTime": "01:00", "distance": "40", "dayCount": "1", "stnSerialNumber": "7", "boardingDisabled": "false"}, {"stationCode": "SVHE", "stationName": "SISVINHALLI", "arrivalTime": "19:12", "departureTime": "19:13", "routeNumber": "1", "haltTime": "01:00", "distance": "44", "dayCount": "1", "stnSerialNumber": "8", "boardingDisabled": "false"}, {"stationCode": "NGR", "stationName": "ANNIGERI", "arrivalTime": "19:25", "departureTime": "19:26", "routeNumber": "1", "haltTime": "01:00", "distance": "56", "dayCount": "1", "stnSerialNumber": "9", "boardingDisabled": "false"}, {"stationCode": "LKT", "stationName": "HULKOTI", "arrivalTime": "19:38", "departureTime": "19:39", "routeNumber": "1", "haltTime": "01:00", "distance": "66", "dayCount": "1", "stnSerialNumber": "10", "boardingDisabled": "false"}, {"stationCode": "GDG", "stationName": "GADAG JN", "arrivalTime": "20:10", "departureTime": "20:20", "routeNumber": "1", "haltTime": "10:00", "distance": "79", "dayCount": "1", "stnSerialNumber": "11", "boardingDisabled": "false"}, {"stationCode": "HBL", "stationName": "HOMBAL", "arrivalTime": "20:39", "departureTime": "20:40", "routeNumber": "1", "haltTime": "01:00", "distance": "91", "dayCount": "1", "stnSerialNumber": "12", "boardingDisabled": "false"}, {"stationCode": "BLR", "stationName": "BALGANUR", "arrivalTime": "20:51", "departureTime": "20:52", "routeNumber": "1", "haltTime": "01:00", "distance": "101", "dayCount": "1", "stnSerialNumber": "13", "boardingDisabled": "false"}, {"stationCode": "MLP", "stationName": "MALLAPUR", "arrivalTime": "21:04", "departureTime": "21:05", "routeNumber": "1", "haltTime": "01:00", "distance": "110", "dayCount": "1", "stnSerialNumber": "14", "boardingDisabled": "false"}, {"stationCode": "HLAR", "stationName": "HOLE ALUR", "arrivalTime": "21:24", "departureTime": "21:25", "routeNumber": "1", "haltTime": "01:00", "distance": "127", "dayCount": "1", "stnSerialNumber": "15", "boardingDisabled": "false"}, {"stationCode": "LKY", "stationName": "LAKHMAPUR", "arrivalTime": "21:34", "departureTime": "21:35", "routeNumber": "1", "haltTime": "01:00", "distance": "135", "dayCount": "1", "stnSerialNumber": "16", "boardingDisabled": "false"}, {"stationCode": "BDM", "stationName": "BADAMI", "arrivalTime": "21:50", "departureTime": "21:51", "routeNumber": "1", "haltTime": "01:00", "distance": "146", "dayCount": "1", "stnSerialNumber": "17", "boardingDisabled": "false"}, {"stationCode": "GED", "stationName": "GULEDAGUDDA RD", "arrivalTime": "22:04", "departureTime": "22:05", "routeNumber": "1", "haltTime": "01:00", "distance": "159", "dayCount": "1", "stnSerialNumber": "18", "boardingDisabled": "false"}, {"stationCode": "BGK", "stationName": "BAGALKOT", "arrivalTime": "22:31", "departureTime": "22:32", "routeNumber": "1", "haltTime": "01:00", "distance": "172", "dayCount": "1", "stnSerialNumber": "19", "boardingDisabled": "false"}, {"stationCode": "MGL", "stationName": "MANGELA", "arrivalTime": "22:44", "departureTime": "22:45", "routeNumber": "1", "haltTime": "01:00", "distance": "180", "dayCount": "1", "stnSerialNumber": "20", "boardingDisabled": "false"}, {"stationCode": "LMT", "stationName": "ALMATTI", "arrivalTime": "23:19", "departureTime": "23:20", "routeNumber": "1", "haltTime": "01:00", "distance": "207", "dayCount": "1", "stnSerialNumber": "21", "boardingDisabled": "false"}, {"stationCode": "BSRX", "stationName": "BAGEVADI RD", "arrivalTime": "23:41", "departureTime": "23:42", "routeNumber": "1", "haltTime": "01:00", "distance": "225", "dayCount": "1", "stnSerialNumber": "22", "boardingDisabled": "false"}, {"stationCode": "MVD", "stationName": "MULVAD", "arrivalTime": "00:04", "departureTime": "00:05", "routeNumber": "1", "haltTime": "01:00", "distance": "243", "dayCount": "2", "stnSerialNumber": "23", "boardingDisabled": "false"}, {"stationCode": "BJP", "stationName": "VIJAYAPURA", "arrivalTime": "00:45", "departureTime": "00:50", "routeNumber": "1", "haltTime": "05:00", "distance": "269", "dayCount": "2", "stnSerialNumber": "24", "boardingDisabled": "false"}, {"stationCode": "IDR", "stationName": "INDI ROAD", "arrivalTime": "01:35", "departureTime": "01:36", "routeNumber": "1", "haltTime": "01:00", "distance": "319", "dayCount": "2", "stnSerialNumber": "27", "boardingDisabled": "false"}, {"stationCode": "LHN", "stationName": "LACHYAN", "arrivalTime": "01:47", "departureTime": "01:48", "routeNumber": "1", "haltTime": "01:00", "distance": "330", "dayCount": "2", "stnSerialNumber": "28", "boardingDisabled": "false"}, {"stationCode": "HG", "stationName": "HOTGI", "arrivalTime": "02:53", "departureTime": "02:55", "routeNumber": "1", "haltTime": "02:00", "distance": "363", "dayCount": "2", "stnSerialNumber": "30", "boardingDisabled": "false"}, {"stationCode": "SUR", "stationName": "SOLAPUR JN", "arrivalTime": "03:30", "departureTime": "--", "routeNumber": "1", "haltTime": "--", "distance": "378", "dayCount": "2", "stnSerialNumber": "31", "boardingDisabled": "false"}]}