{"trainNumber": "07326", "trainName": "TJ UBL SPL", "stationFrom": "TJ", "stationTo": "UBL", "trainOwner": "0", "trainRunsOnMon": "N", "trainRunsOnTue": "Y", "trainRunsOnWed": "N", "trainRunsOnThu": "N", "trainRunsOnFri": "N", "trainRunsOnSat": "N", "trainRunsOnSun": "N", "timeStamp": "2023-06-19T15:31:18.345", "duration": "0", "stationList": [{"stationCode": "TJ", "stationName": "THANJAVUR", "arrivalTime": "--", "departureTime": "19:40", "routeNumber": "1", "haltTime": "--", "distance": "0", "dayCount": "1", "stnSerialNumber": "1", "boardingDisabled": "false"}, {"stationCode": "BAL", "stationName": "BUDALUR", "arrivalTime": "19:57", "departureTime": "19:58", "routeNumber": "1", "haltTime": "01:00", "distance": "18", "dayCount": "1", "stnSerialNumber": "2", "boardingDisabled": "false"}, {"stationCode": "TPJ", "stationName": "TIRUCHCHIRAPALI", "arrivalTime": "20:40", "departureTime": "21:05", "routeNumber": "1", "haltTime": "25:00", "distance": "50", "dayCount": "1", "stnSerialNumber": "3", "boardingDisabled": "false"}, {"stationCode": "TP", "stationName": "TIRCHRPALI FORT", "arrivalTime": "21:19", "departureTime": "21:20", "routeNumber": "1", "haltTime": "01:00", "distance": "54", "dayCount": "1", "stnSerialNumber": "4", "boardingDisabled": "false"}, {"stationCode": "KRR", "stationName": "KARUR", "arrivalTime": "22:25", "departureTime": "22:27", "routeNumber": "1", "haltTime": "02:00", "distance": "126", "dayCount": "1", "stnSerialNumber": "5", "boardingDisabled": "false"}, {"stationCode": "SA", "stationName": "SALEM JN", "arrivalTime": "23:45", "departureTime": "23:50", "routeNumber": "1", "haltTime": "05:00", "distance": "211", "dayCount": "1", "stnSerialNumber": "6", "boardingDisabled": "false"}, {"stationCode": "BWT", "stationName": "BANGARAPET", "arrivalTime": "02:29", "departureTime": "02:30", "routeNumber": "1", "haltTime": "01:00", "distance": "409", "dayCount": "2", "stnSerialNumber": "7", "boardingDisabled": "false"}, {"stationCode": "KJM", "stationName": "KRISHNARAJAPURM", "arrivalTime": "03:29", "departureTime": "03:30", "routeNumber": "1", "haltTime": "01:00", "distance": "466", "dayCount": "2", "stnSerialNumber": "8", "boardingDisabled": "false"}, {"stationCode": "SMVB", "stationName": "SMVT BENGALURU", "arrivalTime": "03:40", "departureTime": "03:50", "routeNumber": "1", "haltTime": "10:00", "distance": "470", "dayCount": "2", "stnSerialNumber": "9", "boardingDisabled": "false"}, {"stationCode": "BAW", "stationName": "CHIK BANAVAR", "arrivalTime": "04:28", "departureTime": "04:30", "routeNumber": "1", "haltTime": "02:00", "distance": "495", "dayCount": "2", "stnSerialNumber": "10", "boardingDisabled": "false"}, {"stationCode": "TK", "stationName": "TUMAKURU", "arrivalTime": "05:08", "departureTime": "05:10", "routeNumber": "1", "haltTime": "02:00", "distance": "551", "dayCount": "2", "stnSerialNumber": "11", "boardingDisabled": "false"}, {"stationCode": "ASK", "stationName": "ARSIKERE JN", "arrivalTime": "07:00", "departureTime": "07:05", "routeNumber": "1", "haltTime": "05:00", "distance": "647", "dayCount": "2", "stnSerialNumber": "12", "boardingDisabled": "false"}, {"stationCode": "RRB", "stationName": "BIRUR JN", "arrivalTime": "07:43", "departureTime": "07:45", "routeNumber": "1", "haltTime": "02:00", "distance": "692", "dayCount": "2", "stnSerialNumber": "13", "boardingDisabled": "false"}, {"stationCode": "DVG", "stationName": "DAVANGERE", "arrivalTime": "09:03", "departureTime": "09:05", "routeNumber": "1", "haltTime": "02:00", "distance": "807", "dayCount": "2", "stnSerialNumber": "14", "boardingDisabled": "false"}, {"stationCode": "HRR", "stationName": "HARIHAR", "arrivalTime": "09:20", "departureTime": "09:22", "routeNumber": "1", "haltTime": "02:00", "distance": "820", "dayCount": "2", "stnSerialNumber": "15", "boardingDisabled": "false"}, {"stationCode": "RNR", "stationName": "RANIBENNUR", "arrivalTime": "09:42", "departureTime": "09:44", "routeNumber": "1", "haltTime": "02:00", "distance": "843", "dayCount": "2", "stnSerialNumber": "16", "boardingDisabled": "false"}, {"stationCode": "HVR", "stationName": "MMAILARA HAVERI", "arrivalTime": "10:13", "departureTime": "10:15", "routeNumber": "1", "haltTime": "02:00", "distance": "876", "dayCount": "2", "stnSerialNumber": "17", "boardingDisabled": "false"}, {"stationCode": "UBL", "stationName": "SSS HUBBALLI JN", "arrivalTime": "12:30", "departureTime": "--", "routeNumber": "1", "haltTime": "--", "distance": "951", "dayCount": "2", "stnSerialNumber": "18", "boardingDisabled": "false"}]}