{"trainNumber": "07325", "trainName": "UBL TJ SPL", "stationFrom": "UBL", "stationTo": "TJ", "trainOwner": "0", "trainRunsOnMon": "Y", "trainRunsOnTue": "N", "trainRunsOnWed": "N", "trainRunsOnThu": "N", "trainRunsOnFri": "N", "trainRunsOnSat": "N", "trainRunsOnSun": "N", "timeStamp": "2023-06-19T15:31:18.372", "duration": "0", "stationList": [{"stationCode": "UBL", "stationName": "SSS HUBBALLI JN", "arrivalTime": "--", "departureTime": "20:25", "routeNumber": "1", "haltTime": "--", "distance": "0", "dayCount": "1", "stnSerialNumber": "1", "boardingDisabled": "false"}, {"stationCode": "HVR", "stationName": "MMAILARA HAVERI", "arrivalTime": "21:45", "departureTime": "21:47", "routeNumber": "1", "haltTime": "02:00", "distance": "76", "dayCount": "1", "stnSerialNumber": "2", "boardingDisabled": "false"}, {"stationCode": "RNR", "stationName": "RANIBENNUR", "arrivalTime": "22:08", "departureTime": "22:10", "routeNumber": "1", "haltTime": "02:00", "distance": "108", "dayCount": "1", "stnSerialNumber": "3", "boardingDisabled": "false"}, {"stationCode": "HRR", "stationName": "HARIHAR", "arrivalTime": "22:34", "departureTime": "22:36", "routeNumber": "1", "haltTime": "02:00", "distance": "131", "dayCount": "1", "stnSerialNumber": "4", "boardingDisabled": "false"}, {"stationCode": "DVG", "stationName": "DAVANGERE", "arrivalTime": "22:51", "departureTime": "22:53", "routeNumber": "1", "haltTime": "02:00", "distance": "144", "dayCount": "1", "stnSerialNumber": "5", "boardingDisabled": "false"}, {"stationCode": "RRB", "stationName": "BIRUR JN", "arrivalTime": "00:25", "departureTime": "00:27", "routeNumber": "1", "haltTime": "02:00", "distance": "259", "dayCount": "2", "stnSerialNumber": "6", "boardingDisabled": "false"}, {"stationCode": "ASK", "stationName": "ARSIKERE JN", "arrivalTime": "01:05", "departureTime": "01:10", "routeNumber": "1", "haltTime": "05:00", "distance": "304", "dayCount": "2", "stnSerialNumber": "7", "boardingDisabled": "false"}, {"stationCode": "TK", "stationName": "TUMAKURU", "arrivalTime": "02:35", "departureTime": "02:37", "routeNumber": "1", "haltTime": "02:00", "distance": "400", "dayCount": "2", "stnSerialNumber": "8", "boardingDisabled": "false"}, {"stationCode": "BAW", "stationName": "CHIK BANAVAR", "arrivalTime": "03:25", "departureTime": "03:27", "routeNumber": "1", "haltTime": "02:00", "distance": "456", "dayCount": "2", "stnSerialNumber": "9", "boardingDisabled": "false"}, {"stationCode": "SMVB", "stationName": "SMVT BENGALURU", "arrivalTime": "04:00", "departureTime": "04:10", "routeNumber": "1", "haltTime": "10:00", "distance": "481", "dayCount": "2", "stnSerialNumber": "10", "boardingDisabled": "false"}, {"stationCode": "KJM", "stationName": "KRISHNARAJAPURM", "arrivalTime": "04:20", "departureTime": "04:21", "routeNumber": "1", "haltTime": "01:00", "distance": "486", "dayCount": "2", "stnSerialNumber": "11", "boardingDisabled": "false"}, {"stationCode": "BWT", "stationName": "BANGARAPET", "arrivalTime": "05:09", "departureTime": "05:10", "routeNumber": "1", "haltTime": "01:00", "distance": "542", "dayCount": "2", "stnSerialNumber": "12", "boardingDisabled": "false"}, {"stationCode": "SA", "stationName": "SALEM JN", "arrivalTime": "09:25", "departureTime": "09:30", "routeNumber": "1", "haltTime": "05:00", "distance": "740", "dayCount": "2", "stnSerialNumber": "13", "boardingDisabled": "false"}, {"stationCode": "KRR", "stationName": "KARUR", "arrivalTime": "10:43", "departureTime": "10:45", "routeNumber": "1", "haltTime": "02:00", "distance": "825", "dayCount": "2", "stnSerialNumber": "14", "boardingDisabled": "false"}, {"stationCode": "TP", "stationName": "TIRCHRPALI FORT", "arrivalTime": "12:30", "departureTime": "12:31", "routeNumber": "1", "haltTime": "01:00", "distance": "897", "dayCount": "2", "stnSerialNumber": "15", "boardingDisabled": "false"}, {"stationCode": "TPJ", "stationName": "TIRUCHCHIRAPALI", "arrivalTime": "12:40", "departureTime": "13:00", "routeNumber": "1", "haltTime": "20:00", "distance": "901", "dayCount": "2", "stnSerialNumber": "16", "boardingDisabled": "false"}, {"stationCode": "BAL", "stationName": "BUDALUR", "arrivalTime": "13:30", "departureTime": "13:32", "routeNumber": "1", "haltTime": "02:00", "distance": "933", "dayCount": "2", "stnSerialNumber": "17", "boardingDisabled": "false"}, {"stationCode": "TJ", "stationName": "THANJAVUR", "arrivalTime": "14:15", "departureTime": "--", "routeNumber": "1", "haltTime": "--", "distance": "951", "dayCount": "2", "stnSerialNumber": "18", "boardingDisabled": "false"}]}