{"trainNumber": "07335", "trainName": "BGM SC SPL", "stationFrom": "BGM", "stationTo": "MUGR", "trainOwner": "0", "trainRunsOnMon": "Y", "trainRunsOnTue": "Y", "trainRunsOnWed": "Y", "trainRunsOnThu": "Y", "trainRunsOnFri": "Y", "trainRunsOnSat": "Y", "trainRunsOnSun": "Y", "timeStamp": "2023-06-19T15:31:18.177", "duration": "0", "stationList": [{"stationCode": "BGM", "stationName": "BELAGAVI", "arrivalTime": "--", "departureTime": "13:10", "routeNumber": "1", "haltTime": "--", "distance": "0", "dayCount": "1", "stnSerialNumber": "1", "boardingDisabled": "false"}, {"stationCode": "KNP", "stationName": "KHANAPUR", "arrivalTime": "13:33", "departureTime": "13:34", "routeNumber": "1", "haltTime": "01:00", "distance": "26", "dayCount": "1", "stnSerialNumber": "2", "boardingDisabled": "false"}, {"stationCode": "LD", "stationName": "LONDA JN", "arrivalTime": "14:08", "departureTime": "14:10", "routeNumber": "1", "haltTime": "02:00", "distance": "51", "dayCount": "1", "stnSerialNumber": "3", "boardingDisabled": "false"}, {"stationCode": "LWR", "stationName": "ALNAVAR JN", "arrivalTime": "14:47", "departureTime": "14:48", "routeNumber": "1", "haltTime": "01:00", "distance": "85", "dayCount": "1", "stnSerialNumber": "4", "boardingDisabled": "false"}, {"stationCode": "DWR", "stationName": "DHARWAR", "arrivalTime": "15:28", "departureTime": "15:30", "routeNumber": "1", "haltTime": "02:00", "distance": "122", "dayCount": "1", "stnSerialNumber": "5", "boardingDisabled": "false"}, {"stationCode": "UBL", "stationName": "SSS HUBBALLI JN", "arrivalTime": "16:05", "departureTime": "16:15", "routeNumber": "1", "haltTime": "10:00", "distance": "142", "dayCount": "1", "stnSerialNumber": "6", "boardingDisabled": "false"}, {"stationCode": "GDG", "stationName": "GADAG JN", "arrivalTime": "17:10", "departureTime": "17:12", "routeNumber": "1", "haltTime": "02:00", "distance": "200", "dayCount": "1", "stnSerialNumber": "7", "boardingDisabled": "false"}, {"stationCode": "KBL", "stationName": "KOPPAL", "arrivalTime": "18:00", "departureTime": "18:02", "routeNumber": "1", "haltTime": "02:00", "distance": "257", "dayCount": "1", "stnSerialNumber": "8", "boardingDisabled": "false"}, {"stationCode": "HPT", "stationName": "HOSAPETE JN", "arrivalTime": "18:40", "departureTime": "18:45", "routeNumber": "1", "haltTime": "05:00", "distance": "285", "dayCount": "1", "stnSerialNumber": "9", "boardingDisabled": "false"}, {"stationCode": "TNGL", "stationName": "TORANAGALLU", "arrivalTime": "19:23", "departureTime": "19:25", "routeNumber": "1", "haltTime": "02:00", "distance": "318", "dayCount": "1", "stnSerialNumber": "10", "boardingDisabled": "false"}, {"stationCode": "DAJ", "stationName": "DUROJI", "arrivalTime": "19:35", "departureTime": "19:36", "routeNumber": "1", "haltTime": "01:00", "distance": "324", "dayCount": "1", "stnSerialNumber": "11", "boardingDisabled": "false"}, {"stationCode": "BAY", "stationName": "BALLARI JN", "arrivalTime": "20:35", "departureTime": "20:40", "routeNumber": "1", "haltTime": "05:00", "distance": "350", "dayCount": "1", "stnSerialNumber": "12", "boardingDisabled": "false"}, {"stationCode": "GTL", "stationName": "GUNTAKAL JN", "arrivalTime": "21:55", "departureTime": "22:05", "routeNumber": "1", "haltTime": "10:00", "distance": "401", "dayCount": "1", "stnSerialNumber": "13", "boardingDisabled": "false"}, {"stationCode": "AD", "stationName": "ADONI", "arrivalTime": "22:54", "departureTime": "22:55", "routeNumber": "1", "haltTime": "01:00", "distance": "452", "dayCount": "1", "stnSerialNumber": "14", "boardingDisabled": "false"}, {"stationCode": "KO", "stationName": "KOSGI", "arrivalTime": "23:19", "departureTime": "23:20", "routeNumber": "1", "haltTime": "01:00", "distance": "480", "dayCount": "1", "stnSerialNumber": "15", "boardingDisabled": "false"}, {"stationCode": "MALM", "stationName": "MANTHRALAYAM RD", "arrivalTime": "23:39", "departureTime": "23:40", "routeNumber": "1", "haltTime": "01:00", "distance": "493", "dayCount": "1", "stnSerialNumber": "16", "boardingDisabled": "false"}, {"stationCode": "RC", "stationName": "RAICHUR", "arrivalTime": "00:01", "departureTime": "00:03", "routeNumber": "1", "haltTime": "02:00", "distance": "522", "dayCount": "2", "stnSerialNumber": "17", "boardingDisabled": "false"}, {"stationCode": "KSN", "stationName": "KRISHNA", "arrivalTime": "00:19", "departureTime": "00:20", "routeNumber": "1", "haltTime": "01:00", "distance": "547", "dayCount": "2", "stnSerialNumber": "18", "boardingDisabled": "false"}, {"stationCode": "YG", "stationName": "YADGIR", "arrivalTime": "00:49", "departureTime": "00:50", "routeNumber": "1", "haltTime": "01:00", "distance": "590", "dayCount": "2", "stnSerialNumber": "19", "boardingDisabled": "false"}, {"stationCode": "CT", "stationName": "CHITTAPUR", "arrivalTime": "02:04", "departureTime": "02:05", "routeNumber": "1", "haltTime": "01:00", "distance": "644", "dayCount": "2", "stnSerialNumber": "20", "boardingDisabled": "false"}, {"stationCode": "MQR", "stationName": "MALKHAID ROAD", "arrivalTime": "02:14", "departureTime": "02:15", "routeNumber": "1", "haltTime": "01:00", "distance": "654", "dayCount": "2", "stnSerialNumber": "21", "boardingDisabled": "false"}, {"stationCode": "SEM", "stationName": "SERAM", "arrivalTime": "02:24", "departureTime": "02:25", "routeNumber": "1", "haltTime": "01:00", "distance": "666", "dayCount": "2", "stnSerialNumber": "22", "boardingDisabled": "false"}, {"stationCode": "TDU", "stationName": "TANDUR", "arrivalTime": "02:49", "departureTime": "02:50", "routeNumber": "1", "haltTime": "01:00", "distance": "700", "dayCount": "2", "stnSerialNumber": "23", "boardingDisabled": "false"}, {"stationCode": "VKB", "stationName": "VIKARABAD JN", "arrivalTime": "03:34", "departureTime": "03:35", "routeNumber": "1", "haltTime": "01:00", "distance": "741", "dayCount": "2", "stnSerialNumber": "24", "boardingDisabled": "false"}, {"stationCode": "LPI", "stationName": "LINGAMPALLI", "arrivalTime": "04:08", "departureTime": "04:10", "routeNumber": "1", "haltTime": "02:00", "distance": "790", "dayCount": "2", "stnSerialNumber": "25", "boardingDisabled": "false"}, {"stationCode": "BMT", "stationName": "BEGAMPET", "arrivalTime": "04:28", "departureTime": "04:30", "routeNumber": "1", "haltTime": "02:00", "distance": "808", "dayCount": "2", "stnSerialNumber": "26", "boardingDisabled": "false"}, {"stationCode": "SC", "stationName": "SECUNDERABAD JN", "arrivalTime": "05:25", "departureTime": "05:40", "routeNumber": "1", "haltTime": "15:00", "distance": "812", "dayCount": "2", "stnSerialNumber": "27", "boardingDisabled": "false"}, {"stationCode": "BG", "stationName": "BHONGIR", "arrivalTime": "06:14", "departureTime": "06:15", "routeNumber": "1", "haltTime": "01:00", "distance": "859", "dayCount": "2", "stnSerialNumber": "28", "boardingDisabled": "false"}, {"stationCode": "ZN", "stationName": "JANGAON", "arrivalTime": "06:41", "departureTime": "06:42", "routeNumber": "1", "haltTime": "01:00", "distance": "896", "dayCount": "2", "stnSerialNumber": "29", "boardingDisabled": "false"}, {"stationCode": "KZJ", "stationName": "KAZIPET JN", "arrivalTime": "07:43", "departureTime": "07:45", "routeNumber": "1", "haltTime": "02:00", "distance": "944", "dayCount": "2", "stnSerialNumber": "30", "boardingDisabled": "false"}, {"stationCode": "WL", "stationName": "WARANGAL", "arrivalTime": "07:58", "departureTime": "08:00", "routeNumber": "1", "haltTime": "02:00", "distance": "954", "dayCount": "2", "stnSerialNumber": "31", "boardingDisabled": "false"}, {"stationCode": "KDM", "stationName": "KESAMUDRAM", "arrivalTime": "08:39", "departureTime": "08:40", "routeNumber": "1", "haltTime": "01:00", "distance": "999", "dayCount": "2", "stnSerialNumber": "32", "boardingDisabled": "false"}, {"stationCode": "MABD", "stationName": "MAHBUBABAD", "arrivalTime": "08:59", "departureTime": "09:00", "routeNumber": "1", "haltTime": "01:00", "distance": "1015", "dayCount": "2", "stnSerialNumber": "33", "boardingDisabled": "false"}, {"stationCode": "DKJ", "stationName": "DORNAKAL JN", "arrivalTime": "09:23", "departureTime": "09:25", "routeNumber": "1", "haltTime": "02:00", "distance": "1039", "dayCount": "2", "stnSerialNumber": "34", "boardingDisabled": "false"}, {"stationCode": "BDCR", "stationName": "BHADRACHALAM RD", "arrivalTime": "10:45", "departureTime": "10:55", "routeNumber": "1", "haltTime": "10:00", "distance": "1093", "dayCount": "2", "stnSerialNumber": "35", "boardingDisabled": "false"}, {"stationCode": "MUGR", "stationName": "MANUGURU", "arrivalTime": "12:50", "departureTime": "--", "routeNumber": "1", "haltTime": "--", "distance": "1143", "dayCount": "2", "stnSerialNumber": "36", "boardingDisabled": "false"}]}