{"trainNumber": "07336", "trainName": "MUGR BGM SPL", "stationFrom": "MUGR", "stationTo": "BGM", "trainOwner": "0", "trainRunsOnMon": "Y", "trainRunsOnTue": "Y", "trainRunsOnWed": "Y", "trainRunsOnThu": "Y", "trainRunsOnFri": "Y", "trainRunsOnSat": "Y", "trainRunsOnSun": "Y", "timeStamp": "2023-06-19T15:31:18.212", "duration": "0", "stationList": [{"stationCode": "MUGR", "stationName": "MANUGURU", "arrivalTime": "--", "departureTime": "15:40", "routeNumber": "1", "haltTime": "--", "distance": "0", "dayCount": "1", "stnSerialNumber": "1", "boardingDisabled": "false"}, {"stationCode": "BDCR", "stationName": "BHADRACHALAM RD", "arrivalTime": "16:50", "departureTime": "17:00", "routeNumber": "1", "haltTime": "10:00", "distance": "50", "dayCount": "1", "stnSerialNumber": "2", "boardingDisabled": "false"}, {"stationCode": "GHPU", "stationName": "GANDHIPURAM HAL", "arrivalTime": "17:21", "departureTime": "17:22", "routeNumber": "1", "haltTime": "01:00", "distance": "83", "dayCount": "1", "stnSerialNumber": "3", "boardingDisabled": "false"}, {"stationCode": "DKJ", "stationName": "DORNAKAL JN", "arrivalTime": "18:03", "departureTime": "18:05", "routeNumber": "1", "haltTime": "02:00", "distance": "104", "dayCount": "1", "stnSerialNumber": "4", "boardingDisabled": "false"}, {"stationCode": "MABD", "stationName": "MAHBUBABAD", "arrivalTime": "18:19", "departureTime": "18:20", "routeNumber": "1", "haltTime": "01:00", "distance": "128", "dayCount": "1", "stnSerialNumber": "5", "boardingDisabled": "false"}, {"stationCode": "KDM", "stationName": "KESAMUDRAM", "arrivalTime": "18:34", "departureTime": "18:35", "routeNumber": "1", "haltTime": "01:00", "distance": "144", "dayCount": "1", "stnSerialNumber": "6", "boardingDisabled": "false"}, {"stationCode": "WL", "stationName": "WARANGAL", "arrivalTime": "19:28", "departureTime": "19:30", "routeNumber": "1", "haltTime": "02:00", "distance": "189", "dayCount": "1", "stnSerialNumber": "7", "boardingDisabled": "false"}, {"stationCode": "KZJ", "stationName": "KAZIPET JN", "arrivalTime": "19:50", "departureTime": "19:52", "routeNumber": "1", "haltTime": "02:00", "distance": "199", "dayCount": "1", "stnSerialNumber": "8", "boardingDisabled": "false"}, {"stationCode": "ZN", "stationName": "JANGAON", "arrivalTime": "20:37", "departureTime": "20:38", "routeNumber": "1", "haltTime": "01:00", "distance": "247", "dayCount": "1", "stnSerialNumber": "9", "boardingDisabled": "false"}, {"stationCode": "BG", "stationName": "BHONGIR", "arrivalTime": "21:09", "departureTime": "21:10", "routeNumber": "1", "haltTime": "01:00", "distance": "284", "dayCount": "1", "stnSerialNumber": "10", "boardingDisabled": "false"}, {"stationCode": "SC", "stationName": "SECUNDERABAD JN", "arrivalTime": "22:10", "departureTime": "22:20", "routeNumber": "1", "haltTime": "10:00", "distance": "331", "dayCount": "1", "stnSerialNumber": "11", "boardingDisabled": "false"}, {"stationCode": "BMT", "stationName": "BEGAMPET", "arrivalTime": "22:28", "departureTime": "22:30", "routeNumber": "1", "haltTime": "02:00", "distance": "335", "dayCount": "1", "stnSerialNumber": "12", "boardingDisabled": "false"}, {"stationCode": "LPI", "stationName": "LINGAMPALLI", "arrivalTime": "22:57", "departureTime": "22:58", "routeNumber": "1", "haltTime": "01:00", "distance": "353", "dayCount": "1", "stnSerialNumber": "13", "boardingDisabled": "false"}, {"stationCode": "VKB", "stationName": "VIKARABAD JN", "arrivalTime": "23:37", "departureTime": "23:38", "routeNumber": "1", "haltTime": "01:00", "distance": "402", "dayCount": "1", "stnSerialNumber": "14", "boardingDisabled": "false"}, {"stationCode": "TDU", "stationName": "TANDUR", "arrivalTime": "00:07", "departureTime": "00:08", "routeNumber": "1", "haltTime": "01:00", "distance": "444", "dayCount": "2", "stnSerialNumber": "15", "boardingDisabled": "false"}, {"stationCode": "SEM", "stationName": "SERAM", "arrivalTime": "00:34", "departureTime": "00:35", "routeNumber": "1", "haltTime": "01:00", "distance": "477", "dayCount": "2", "stnSerialNumber": "16", "boardingDisabled": "false"}, {"stationCode": "MQR", "stationName": "MALKHAID ROAD", "arrivalTime": "00:44", "departureTime": "00:45", "routeNumber": "1", "haltTime": "01:00", "distance": "489", "dayCount": "2", "stnSerialNumber": "17", "boardingDisabled": "false"}, {"stationCode": "CT", "stationName": "CHITTAPUR", "arrivalTime": "00:54", "departureTime": "00:55", "routeNumber": "1", "haltTime": "01:00", "distance": "499", "dayCount": "2", "stnSerialNumber": "18", "boardingDisabled": "false"}, {"stationCode": "YG", "stationName": "YADGIR", "arrivalTime": "02:29", "departureTime": "02:30", "routeNumber": "1", "haltTime": "01:00", "distance": "553", "dayCount": "2", "stnSerialNumber": "19", "boardingDisabled": "false"}, {"stationCode": "KSN", "stationName": "KRISHNA", "arrivalTime": "03:04", "departureTime": "03:05", "routeNumber": "1", "haltTime": "01:00", "distance": "596", "dayCount": "2", "stnSerialNumber": "20", "boardingDisabled": "false"}, {"stationCode": "RC", "stationName": "RAICHUR", "arrivalTime": "03:38", "departureTime": "03:40", "routeNumber": "1", "haltTime": "02:00", "distance": "622", "dayCount": "2", "stnSerialNumber": "21", "boardingDisabled": "false"}, {"stationCode": "MALM", "stationName": "MANTHRALAYAM RD", "arrivalTime": "04:04", "departureTime": "04:05", "routeNumber": "1", "haltTime": "01:00", "distance": "650", "dayCount": "2", "stnSerialNumber": "22", "boardingDisabled": "false"}, {"stationCode": "KO", "stationName": "KOSGI", "arrivalTime": "04:24", "departureTime": "04:25", "routeNumber": "1", "haltTime": "01:00", "distance": "663", "dayCount": "2", "stnSerialNumber": "23", "boardingDisabled": "false"}, {"stationCode": "AD", "stationName": "ADONI", "arrivalTime": "05:04", "departureTime": "05:05", "routeNumber": "1", "haltTime": "01:00", "distance": "691", "dayCount": "2", "stnSerialNumber": "24", "boardingDisabled": "false"}, {"stationCode": "GTL", "stationName": "GUNTAKAL JN", "arrivalTime": "06:20", "departureTime": "06:30", "routeNumber": "1", "haltTime": "10:00", "distance": "742", "dayCount": "2", "stnSerialNumber": "25", "boardingDisabled": "false"}, {"stationCode": "BAY", "stationName": "BALLARI JN", "arrivalTime": "07:55", "departureTime": "08:00", "routeNumber": "1", "haltTime": "05:00", "distance": "793", "dayCount": "2", "stnSerialNumber": "26", "boardingDisabled": "false"}, {"stationCode": "DAJ", "stationName": "DUROJI", "arrivalTime": "08:27", "departureTime": "08:28", "routeNumber": "1", "haltTime": "01:00", "distance": "820", "dayCount": "2", "stnSerialNumber": "27", "boardingDisabled": "false"}, {"stationCode": "TNGL", "stationName": "TORANAGALLU", "arrivalTime": "08:38", "departureTime": "08:40", "routeNumber": "1", "haltTime": "02:00", "distance": "825", "dayCount": "2", "stnSerialNumber": "28", "boardingDisabled": "false"}, {"stationCode": "HPT", "stationName": "HOSAPETE JN", "arrivalTime": "09:25", "departureTime": "09:30", "routeNumber": "1", "haltTime": "05:00", "distance": "858", "dayCount": "2", "stnSerialNumber": "29", "boardingDisabled": "false"}, {"stationCode": "KBL", "stationName": "KOPPAL", "arrivalTime": "10:02", "departureTime": "10:04", "routeNumber": "1", "haltTime": "02:00", "distance": "886", "dayCount": "2", "stnSerialNumber": "30", "boardingDisabled": "false"}, {"stationCode": "GDG", "stationName": "GADAG JN", "arrivalTime": "10:53", "departureTime": "10:55", "routeNumber": "1", "haltTime": "02:00", "distance": "943", "dayCount": "2", "stnSerialNumber": "31", "boardingDisabled": "false"}, {"stationCode": "UBL", "stationName": "SSS HUBBALLI JN", "arrivalTime": "12:10", "departureTime": "12:20", "routeNumber": "1", "haltTime": "10:00", "distance": "1001", "dayCount": "2", "stnSerialNumber": "32", "boardingDisabled": "false"}, {"stationCode": "DWR", "stationName": "DHARWAR", "arrivalTime": "12:48", "departureTime": "12:50", "routeNumber": "1", "haltTime": "02:00", "distance": "1021", "dayCount": "2", "stnSerialNumber": "33", "boardingDisabled": "false"}, {"stationCode": "LWR", "stationName": "ALNAVAR JN", "arrivalTime": "13:27", "departureTime": "13:28", "routeNumber": "1", "haltTime": "01:00", "distance": "1058", "dayCount": "2", "stnSerialNumber": "34", "boardingDisabled": "false"}, {"stationCode": "LD", "stationName": "LONDA JN", "arrivalTime": "14:16", "departureTime": "14:18", "routeNumber": "1", "haltTime": "02:00", "distance": "1092", "dayCount": "2", "stnSerialNumber": "35", "boardingDisabled": "false"}, {"stationCode": "KNP", "stationName": "KHANAPUR", "arrivalTime": "14:47", "departureTime": "14:48", "routeNumber": "1", "haltTime": "01:00", "distance": "1117", "dayCount": "2", "stnSerialNumber": "36", "boardingDisabled": "false"}, {"stationCode": "BGM", "stationName": "BELAGAVI", "arrivalTime": "15:55", "departureTime": "--", "routeNumber": "1", "haltTime": "--", "distance": "1143", "dayCount": "2", "stnSerialNumber": "37", "boardingDisabled": "false"}]}