{"trainNumber": "07339", "trainName": "UBL SBC SPL", "stationFrom": "UBL", "stationTo": "SBC", "trainOwner": "0", "trainRunsOnMon": "Y", "trainRunsOnTue": "Y", "trainRunsOnWed": "Y", "trainRunsOnThu": "Y", "trainRunsOnFri": "Y", "trainRunsOnSat": "Y", "trainRunsOnSun": "Y", "timeStamp": "2023-06-19T15:31:18.144", "duration": "0", "stationList": [{"stationCode": "UBL", "stationName": "SSS HUBBALLI JN", "arrivalTime": "--", "departureTime": "23:15", "routeNumber": "1", "haltTime": "--", "distance": "0", "dayCount": "1", "stnSerialNumber": "1", "boardingDisabled": "false"}, {"stationCode": "DVG", "stationName": "DAVANGERE", "arrivalTime": "01:33", "departureTime": "01:35", "routeNumber": "1", "haltTime": "02:00", "distance": "144", "dayCount": "2", "stnSerialNumber": "2", "boardingDisabled": "false"}, {"stationCode": "RRB", "stationName": "BIRUR JN", "arrivalTime": "02:55", "departureTime": "02:57", "routeNumber": "1", "haltTime": "02:00", "distance": "259", "dayCount": "2", "stnSerialNumber": "3", "boardingDisabled": "false"}, {"stationCode": "ASK", "stationName": "ARSIKERE JN", "arrivalTime": "03:33", "departureTime": "03:36", "routeNumber": "1", "haltTime": "03:00", "distance": "304", "dayCount": "2", "stnSerialNumber": "4", "boardingDisabled": "false"}, {"stationCode": "TK", "stationName": "TUMAKURU", "arrivalTime": "05:00", "departureTime": "05:02", "routeNumber": "1", "haltTime": "02:00", "distance": "400", "dayCount": "2", "stnSerialNumber": "5", "boardingDisabled": "false"}, {"stationCode": "YPR", "stationName": "YESVANTPUR JN", "arrivalTime": "06:18", "departureTime": "06:20", "routeNumber": "1", "haltTime": "02:00", "distance": "464", "dayCount": "2", "stnSerialNumber": "6", "boardingDisabled": "false"}, {"stationCode": "SBC", "stationName": "KSR BENGALURU", "arrivalTime": "06:50", "departureTime": "--", "routeNumber": "1", "haltTime": "--", "distance": "470", "dayCount": "2", "stnSerialNumber": "7", "boardingDisabled": "false"}]}