{"trainNumber": "07340", "trainName": "SBC UBL SPL", "stationFrom": "SBC", "stationTo": "UBL", "trainOwner": "0", "trainRunsOnMon": "Y", "trainRunsOnTue": "Y", "trainRunsOnWed": "Y", "trainRunsOnThu": "Y", "trainRunsOnFri": "Y", "trainRunsOnSat": "Y", "trainRunsOnSun": "Y", "timeStamp": "2023-06-19T15:31:16.952", "duration": "0", "stationList": [{"stationCode": "SBC", "stationName": "KSR BENGALURU", "arrivalTime": "--", "departureTime": "23:55", "routeNumber": "1", "haltTime": "--", "distance": "0", "dayCount": "1", "stnSerialNumber": "1", "boardingDisabled": "false"}, {"stationCode": "YPR", "stationName": "YESVANTPUR JN", "arrivalTime": "00:06", "departureTime": "00:07", "routeNumber": "1", "haltTime": "01:00", "distance": "6", "dayCount": "2", "stnSerialNumber": "2", "boardingDisabled": "false"}, {"stationCode": "TK", "stationName": "TUMAKURU", "arrivalTime": "00:48", "departureTime": "00:50", "routeNumber": "1", "haltTime": "02:00", "distance": "70", "dayCount": "2", "stnSerialNumber": "3", "boardingDisabled": "false"}, {"stationCode": "ASK", "stationName": "ARSIKERE JN", "arrivalTime": "02:07", "departureTime": "02:10", "routeNumber": "1", "haltTime": "03:00", "distance": "166", "dayCount": "2", "stnSerialNumber": "4", "boardingDisabled": "false"}, {"stationCode": "RRB", "stationName": "BIRUR JN", "arrivalTime": "02:48", "departureTime": "02:50", "routeNumber": "1", "haltTime": "02:00", "distance": "211", "dayCount": "2", "stnSerialNumber": "5", "boardingDisabled": "false"}, {"stationCode": "DVG", "stationName": "DAVANGERE", "arrivalTime": "04:10", "departureTime": "04:12", "routeNumber": "1", "haltTime": "02:00", "distance": "326", "dayCount": "2", "stnSerialNumber": "6", "boardingDisabled": "false"}, {"stationCode": "UBL", "stationName": "SSS HUBBALLI JN", "arrivalTime": "07:30", "departureTime": "--", "routeNumber": "1", "haltTime": "--", "distance": "470", "dayCount": "2", "stnSerialNumber": "7", "boardingDisabled": "false"}]}