{"trainNumber": "07356", "trainName": "RMM UBL SPL", "stationFrom": "RMM", "stationTo": "UBL", "trainOwner": "0", "trainRunsOnMon": "N", "trainRunsOnTue": "N", "trainRunsOnWed": "N", "trainRunsOnThu": "N", "trainRunsOnFri": "N", "trainRunsOnSat": "N", "trainRunsOnSun": "Y", "timeStamp": "2023-06-19T15:31:16.797", "duration": "0", "stationList": [{"stationCode": "RMD", "stationName": "RAMANATHAPURAM", "arrivalTime": "21:54", "departureTime": "21:55", "routeNumber": "1", "haltTime": "01:00", "distance": "54", "dayCount": "1", "stnSerialNumber": "2", "boardingDisabled": "false"}, {"stationCode": "MNM", "stationName": "MANAMADURAI JN", "arrivalTime": "22:58", "departureTime": "23:00", "routeNumber": "1", "haltTime": "02:00", "distance": "114", "dayCount": "1", "stnSerialNumber": "3", "boardingDisabled": "false"}, {"stationCode": "KKDI", "stationName": "KARAIKKUDI JN", "arrivalTime": "00:03", "departureTime": "00:05", "routeNumber": "1", "haltTime": "02:00", "distance": "175", "dayCount": "2", "stnSerialNumber": "4", "boardingDisabled": "false"}, {"stationCode": "PDKT", "stationName": "PUDUKKOTTAI", "arrivalTime": "00:50", "departureTime": "00:52", "routeNumber": "1", "haltTime": "02:00", "distance": "212", "dayCount": "2", "stnSerialNumber": "5", "boardingDisabled": "false"}, {"stationCode": "TPJ", "stationName": "TIRUCHCHIRAPALI", "arrivalTime": "02:05", "departureTime": "02:10", "routeNumber": "1", "haltTime": "05:00", "distance": "264", "dayCount": "2", "stnSerialNumber": "6", "boardingDisabled": "false"}, {"stationCode": "KRR", "stationName": "KARUR", "arrivalTime": "03:48", "departureTime": "03:50", "routeNumber": "1", "haltTime": "02:00", "distance": "340", "dayCount": "2", "stnSerialNumber": "7", "boardingDisabled": "false"}, {"stationCode": "NMKL", "stationName": "NAMAKKAL", "arrivalTime": "04:19", "departureTime": "04:20", "routeNumber": "1", "haltTime": "01:00", "distance": "374", "dayCount": "2", "stnSerialNumber": "8", "boardingDisabled": "false"}, {"stationCode": "SA", "stationName": "SALEM JN", "arrivalTime": "05:45", "departureTime": "05:50", "routeNumber": "1", "haltTime": "05:00", "distance": "425", "dayCount": "2", "stnSerialNumber": "9", "boardingDisabled": "false"}, {"stationCode": "DPJ", "stationName": "DHARMAPURI", "arrivalTime": "07:13", "departureTime": "07:15", "routeNumber": "1", "haltTime": "02:00", "distance": "492", "dayCount": "2", "stnSerialNumber": "10", "boardingDisabled": "false"}, {"stationCode": "HSRA", "stationName": "HOSUR", "arrivalTime": "08:50", "departureTime": "08:52", "routeNumber": "1", "haltTime": "02:00", "distance": "584", "dayCount": "2", "stnSerialNumber": "11", "boardingDisabled": "false"}, {"stationCode": "BAND", "stationName": "BANASWADI", "arrivalTime": "10:00", "departureTime": "10:02", "routeNumber": "1", "haltTime": "02:00", "distance": "635", "dayCount": "2", "stnSerialNumber": "12", "boardingDisabled": "false"}, {"stationCode": "YPR", "stationName": "YESVANTPUR JN", "arrivalTime": "11:30", "departureTime": "12:30", "routeNumber": "1", "haltTime": "60:00", "distance": "650", "dayCount": "2", "stnSerialNumber": "13", "boardingDisabled": "false"}, {"stationCode": "TK", "stationName": "TUMAKURU", "arrivalTime": "13:18", "departureTime": "13:20", "routeNumber": "1", "haltTime": "02:00", "distance": "714", "dayCount": "2", "stnSerialNumber": "14", "boardingDisabled": "false"}, {"stationCode": "ASK", "stationName": "ARSIKERE JN", "arrivalTime": "14:35", "departureTime": "14:40", "routeNumber": "1", "haltTime": "05:00", "distance": "810", "dayCount": "2", "stnSerialNumber": "15", "boardingDisabled": "false"}, {"stationCode": "RRB", "stationName": "BIRUR JN", "arrivalTime": "15:20", "departureTime": "15:22", "routeNumber": "1", "haltTime": "02:00", "distance": "855", "dayCount": "2", "stnSerialNumber": "16", "boardingDisabled": "false"}, {"stationCode": "JRU", "stationName": "CHIKJAJUR JN", "arrivalTime": "16:09", "departureTime": "16:10", "routeNumber": "1", "haltTime": "01:00", "distance": "924", "dayCount": "2", "stnSerialNumber": "17", "boardingDisabled": "false"}, {"stationCode": "DVG", "stationName": "DAVANGERE", "arrivalTime": "16:48", "departureTime": "16:50", "routeNumber": "1", "haltTime": "02:00", "distance": "970", "dayCount": "2", "stnSerialNumber": "18", "boardingDisabled": "false"}, {"stationCode": "HRR", "stationName": "HARIHAR", "arrivalTime": "17:05", "departureTime": "17:07", "routeNumber": "1", "haltTime": "02:00", "distance": "983", "dayCount": "2", "stnSerialNumber": "19", "boardingDisabled": "false"}, {"stationCode": "RNR", "stationName": "RANIBENNUR", "arrivalTime": "17:28", "departureTime": "17:30", "routeNumber": "1", "haltTime": "02:00", "distance": "1006", "dayCount": "2", "stnSerialNumber": "20", "boardingDisabled": "false"}, {"stationCode": "HVR", "stationName": "MMAILARA HAVERI", "arrivalTime": "17:56", "departureTime": "17:58", "routeNumber": "1", "haltTime": "02:00", "distance": "1038", "dayCount": "2", "stnSerialNumber": "21", "boardingDisabled": "false"}, {"stationCode": "UBL", "stationName": "SSS HUBBALLI JN", "arrivalTime": "19:25", "departureTime": "--", "routeNumber": "1", "haltTime": "--", "distance": "1114", "dayCount": "2", "stnSerialNumber": "22", "boardingDisabled": "false"}]}