{"trainNumber": "07353", "trainName": "SBC UBL SPL", "stationFrom": "SBC", "stationTo": "UBL", "trainOwner": "0", "trainRunsOnMon": "Y", "trainRunsOnTue": "Y", "trainRunsOnWed": "Y", "trainRunsOnThu": "Y", "trainRunsOnFri": "Y", "trainRunsOnSat": "Y", "trainRunsOnSun": "Y", "timeStamp": "2023-06-19T15:31:16.829", "duration": "0", "stationList": [{"stationCode": "SBC", "stationName": "KSR BENGALURU", "arrivalTime": "--", "departureTime": "07:30", "routeNumber": "1", "haltTime": "--", "distance": "0", "dayCount": "1", "stnSerialNumber": "1", "boardingDisabled": "false"}, {"stationCode": "YPR", "stationName": "YESVANTPUR JN", "arrivalTime": "07:39", "departureTime": "07:41", "routeNumber": "1", "haltTime": "02:00", "distance": "6", "dayCount": "1", "stnSerialNumber": "2", "boardingDisabled": "false"}, {"stationCode": "TK", "stationName": "TUMAKURU", "arrivalTime": "08:28", "departureTime": "08:30", "routeNumber": "1", "haltTime": "02:00", "distance": "70", "dayCount": "1", "stnSerialNumber": "3", "boardingDisabled": "false"}, {"stationCode": "ASK", "stationName": "ARSIKERE JN", "arrivalTime": "09:40", "departureTime": "09:43", "routeNumber": "1", "haltTime": "03:00", "distance": "166", "dayCount": "1", "stnSerialNumber": "4", "boardingDisabled": "false"}, {"stationCode": "RRB", "stationName": "BIRUR JN", "arrivalTime": "10:23", "departureTime": "10:25", "routeNumber": "1", "haltTime": "02:00", "distance": "211", "dayCount": "1", "stnSerialNumber": "5", "boardingDisabled": "false"}, {"stationCode": "DVG", "stationName": "DAVANGERE", "arrivalTime": "11:43", "departureTime": "11:45", "routeNumber": "1", "haltTime": "02:00", "distance": "326", "dayCount": "1", "stnSerialNumber": "6", "boardingDisabled": "false"}, {"stationCode": "UBL", "stationName": "SSS HUBBALLI JN", "arrivalTime": "14:30", "departureTime": "--", "routeNumber": "1", "haltTime": "--", "distance": "470", "dayCount": "1", "stnSerialNumber": "7", "boardingDisabled": "false"}]}