{"trainNumber": "07355", "trainName": "UBL RMM EXP", "stationFrom": "UBL", "stationTo": "RMM", "trainOwner": "0", "trainRunsOnMon": "N", "trainRunsOnTue": "N", "trainRunsOnWed": "N", "trainRunsOnThu": "N", "trainRunsOnFri": "N", "trainRunsOnSat": "Y", "trainRunsOnSun": "N", "timeStamp": "2023-06-19T15:31:16.778", "duration": "0", "stationList": [{"stationCode": "UBL", "stationName": "SSS HUBBALLI JN", "arrivalTime": "--", "departureTime": "06:30", "routeNumber": "1", "haltTime": "--", "distance": "0", "dayCount": "1", "stnSerialNumber": "1", "boardingDisabled": "false"}, {"stationCode": "HVR", "stationName": "MMAILARA HAVERI", "arrivalTime": "07:45", "departureTime": "07:47", "routeNumber": "1", "haltTime": "02:00", "distance": "76", "dayCount": "1", "stnSerialNumber": "2", "boardingDisabled": "false"}, {"stationCode": "RNR", "stationName": "RANIBENNUR", "arrivalTime": "08:16", "departureTime": "08:17", "routeNumber": "1", "haltTime": "01:00", "distance": "108", "dayCount": "1", "stnSerialNumber": "3", "boardingDisabled": "false"}, {"stationCode": "HRR", "stationName": "HARIHAR", "arrivalTime": "08:38", "departureTime": "08:40", "routeNumber": "1", "haltTime": "02:00", "distance": "131", "dayCount": "1", "stnSerialNumber": "4", "boardingDisabled": "false"}, {"stationCode": "DVG", "stationName": "DAVANGERE", "arrivalTime": "08:55", "departureTime": "08:57", "routeNumber": "1", "haltTime": "02:00", "distance": "144", "dayCount": "1", "stnSerialNumber": "5", "boardingDisabled": "false"}, {"stationCode": "JRU", "stationName": "CHIKJAJUR JN", "arrivalTime": "09:35", "departureTime": "09:37", "routeNumber": "1", "haltTime": "02:00", "distance": "190", "dayCount": "1", "stnSerialNumber": "6", "boardingDisabled": "false"}, {"stationCode": "RRB", "stationName": "BIRUR JN", "arrivalTime": "10:23", "departureTime": "10:25", "routeNumber": "1", "haltTime": "02:00", "distance": "259", "dayCount": "1", "stnSerialNumber": "7", "boardingDisabled": "false"}, {"stationCode": "ASK", "stationName": "ARSIKERE JN", "arrivalTime": "11:05", "departureTime": "11:10", "routeNumber": "1", "haltTime": "05:00", "distance": "304", "dayCount": "1", "stnSerialNumber": "8", "boardingDisabled": "false"}, {"stationCode": "TK", "stationName": "TUMAKURU", "arrivalTime": "12:30", "departureTime": "12:32", "routeNumber": "1", "haltTime": "02:00", "distance": "400", "dayCount": "1", "stnSerialNumber": "9", "boardingDisabled": "false"}, {"stationCode": "YPR", "stationName": "YESVANTPUR JN", "arrivalTime": "14:30", "departureTime": "14:45", "routeNumber": "1", "haltTime": "15:00", "distance": "464", "dayCount": "1", "stnSerialNumber": "10", "boardingDisabled": "false"}, {"stationCode": "BAND", "stationName": "BANASWADI", "arrivalTime": "15:08", "departureTime": "15:10", "routeNumber": "1", "haltTime": "02:00", "distance": "479", "dayCount": "1", "stnSerialNumber": "11", "boardingDisabled": "false"}, {"stationCode": "HSRA", "stationName": "HOSUR", "arrivalTime": "16:00", "departureTime": "16:02", "routeNumber": "1", "haltTime": "02:00", "distance": "530", "dayCount": "1", "stnSerialNumber": "12", "boardingDisabled": "false"}, {"stationCode": "DPJ", "stationName": "DHARMAPURI", "arrivalTime": "16:50", "departureTime": "16:52", "routeNumber": "1", "haltTime": "02:00", "distance": "623", "dayCount": "1", "stnSerialNumber": "13", "boardingDisabled": "false"}, {"stationCode": "SA", "stationName": "SALEM JN", "arrivalTime": "19:50", "departureTime": "19:55", "routeNumber": "1", "haltTime": "05:00", "distance": "689", "dayCount": "1", "stnSerialNumber": "14", "boardingDisabled": "false"}, {"stationCode": "NMKL", "stationName": "NAMAKKAL", "arrivalTime": "20:44", "departureTime": "20:45", "routeNumber": "1", "haltTime": "01:00", "distance": "740", "dayCount": "1", "stnSerialNumber": "15", "boardingDisabled": "false"}, {"stationCode": "KRR", "stationName": "KARUR", "arrivalTime": "21:58", "departureTime": "22:00", "routeNumber": "1", "haltTime": "02:00", "distance": "774", "dayCount": "1", "stnSerialNumber": "16", "boardingDisabled": "false"}, {"stationCode": "TPJ", "stationName": "TIRUCHCHIRAPALI", "arrivalTime": "00:22", "departureTime": "00:27", "routeNumber": "1", "haltTime": "05:00", "distance": "850", "dayCount": "2", "stnSerialNumber": "17", "boardingDisabled": "false"}, {"stationCode": "PDKT", "stationName": "PUDUKKOTTAI", "arrivalTime": "01:03", "departureTime": "01:05", "routeNumber": "1", "haltTime": "02:00", "distance": "902", "dayCount": "2", "stnSerialNumber": "18", "boardingDisabled": "false"}, {"stationCode": "KKDI", "stationName": "KARAIKKUDI JN", "arrivalTime": "02:10", "departureTime": "02:12", "routeNumber": "1", "haltTime": "02:00", "distance": "939", "dayCount": "2", "stnSerialNumber": "19", "boardingDisabled": "false"}, {"stationCode": "MNM", "stationName": "MANAMADURAI JN", "arrivalTime": "03:30", "departureTime": "03:35", "routeNumber": "1", "haltTime": "05:00", "distance": "1000", "dayCount": "2", "stnSerialNumber": "20", "boardingDisabled": "false"}, {"stationCode": "RMD", "stationName": "RAMANATHAPURAM", "arrivalTime": "04:23", "departureTime": "04:25", "routeNumber": "1", "haltTime": "02:00", "distance": "1060", "dayCount": "2", "stnSerialNumber": "21", "boardingDisabled": "false"}]}