{"trainNumber": "07354", "trainName": "UBL SBC SPL", "stationFrom": "UBL", "stationTo": "SBC", "trainOwner": "0", "trainRunsOnMon": "Y", "trainRunsOnTue": "Y", "trainRunsOnWed": "Y", "trainRunsOnThu": "Y", "trainRunsOnFri": "Y", "trainRunsOnSat": "Y", "trainRunsOnSun": "Y", "timeStamp": "2023-06-19T15:31:16.848", "duration": "0", "stationList": [{"stationCode": "UBL", "stationName": "SSS HUBBALLI JN", "arrivalTime": "--", "departureTime": "15:15", "routeNumber": "1", "haltTime": "--", "distance": "0", "dayCount": "1", "stnSerialNumber": "1", "boardingDisabled": "false"}, {"stationCode": "DVG", "stationName": "DAVANGERE", "arrivalTime": "17:13", "departureTime": "17:15", "routeNumber": "1", "haltTime": "02:00", "distance": "144", "dayCount": "1", "stnSerialNumber": "2", "boardingDisabled": "false"}, {"stationCode": "RRB", "stationName": "BIRUR JN", "arrivalTime": "18:40", "departureTime": "18:42", "routeNumber": "1", "haltTime": "02:00", "distance": "259", "dayCount": "1", "stnSerialNumber": "3", "boardingDisabled": "false"}, {"stationCode": "ASK", "stationName": "ARSIKERE JN", "arrivalTime": "19:17", "departureTime": "19:20", "routeNumber": "1", "haltTime": "03:00", "distance": "304", "dayCount": "1", "stnSerialNumber": "4", "boardingDisabled": "false"}, {"stationCode": "TK", "stationName": "TUMAKURU", "arrivalTime": "20:48", "departureTime": "20:50", "routeNumber": "1", "haltTime": "02:00", "distance": "400", "dayCount": "1", "stnSerialNumber": "5", "boardingDisabled": "false"}, {"stationCode": "YPR", "stationName": "YESVANTPUR JN", "arrivalTime": "22:08", "departureTime": "22:10", "routeNumber": "1", "haltTime": "02:00", "distance": "464", "dayCount": "1", "stnSerialNumber": "6", "boardingDisabled": "false"}, {"stationCode": "SBC", "stationName": "KSR BENGALURU", "arrivalTime": "23:10", "departureTime": "--", "routeNumber": "1", "haltTime": "--", "distance": "470", "dayCount": "1", "stnSerialNumber": "7", "boardingDisabled": "false"}]}