{"trainNumber": "07378", "trainName": "MAJN BJP EXP", "stationFrom": "MAJN", "stationTo": "BJP", "trainOwner": "0", "trainRunsOnMon": "Y", "trainRunsOnTue": "Y", "trainRunsOnWed": "Y", "trainRunsOnThu": "Y", "trainRunsOnFri": "Y", "trainRunsOnSat": "Y", "trainRunsOnSun": "Y", "timeStamp": "2023-06-19T15:31:17.161", "duration": "0", "stationList": [{"stationCode": "HAS", "stationName": "HASSAN", "arrivalTime": "20:36", "departureTime": "20:38", "routeNumber": "1", "haltTime": "02:00", "distance": "239", "dayCount": "1", "stnSerialNumber": "6", "boardingDisabled": "false"}, {"stationCode": "ASK", "stationName": "ARSIKERE JN", "arrivalTime": "21:35", "departureTime": "21:40", "routeNumber": "1", "haltTime": "05:00", "distance": "286", "dayCount": "1", "stnSerialNumber": "7", "boardingDisabled": "false"}, {"stationCode": "DRU", "stationName": "KADUR", "arrivalTime": "22:10", "departureTime": "22:12", "routeNumber": "1", "haltTime": "02:00", "distance": "325", "dayCount": "1", "stnSerialNumber": "8", "boardingDisabled": "false"}, {"stationCode": "RRB", "stationName": "BIRUR JN", "arrivalTime": "22:20", "departureTime": "22:22", "routeNumber": "1", "haltTime": "02:00", "distance": "331", "dayCount": "1", "stnSerialNumber": "9", "boardingDisabled": "false"}, {"stationCode": "JRU", "stationName": "CHIKJAJUR JN", "arrivalTime": "23:08", "departureTime": "23:10", "routeNumber": "1", "haltTime": "02:00", "distance": "399", "dayCount": "1", "stnSerialNumber": "10", "boardingDisabled": "false"}, {"stationCode": "DVG", "stationName": "DAVANGERE", "arrivalTime": "23:48", "departureTime": "23:50", "routeNumber": "1", "haltTime": "02:00", "distance": "446", "dayCount": "1", "stnSerialNumber": "11", "boardingDisabled": "false"}, {"stationCode": "HRR", "stationName": "HARIHAR", "arrivalTime": "00:08", "departureTime": "00:10", "routeNumber": "1", "haltTime": "02:00", "distance": "459", "dayCount": "2", "stnSerialNumber": "12", "boardingDisabled": "false"}, {"stationCode": "RNR", "stationName": "RANIBENNUR", "arrivalTime": "00:30", "departureTime": "00:32", "routeNumber": "1", "haltTime": "02:00", "distance": "482", "dayCount": "2", "stnSerialNumber": "13", "boardingDisabled": "false"}, {"stationCode": "BYD", "stationName": "BYADGI", "arrivalTime": "00:50", "departureTime": "00:52", "routeNumber": "1", "haltTime": "02:00", "distance": "500", "dayCount": "2", "stnSerialNumber": "14", "boardingDisabled": "false"}, {"stationCode": "HVR", "stationName": "MMAILARA HAVERI", "arrivalTime": "01:10", "departureTime": "01:12", "routeNumber": "1", "haltTime": "02:00", "distance": "514", "dayCount": "2", "stnSerialNumber": "15", "boardingDisabled": "false"}, {"stationCode": "UBL", "stationName": "SSS HUBBALLI JN", "arrivalTime": "03:35", "departureTime": "03:45", "routeNumber": "1", "haltTime": "10:00", "distance": "589", "dayCount": "2", "stnSerialNumber": "16", "boardingDisabled": "false"}, {"stationCode": "GDG", "stationName": "GADAG JN", "arrivalTime": "05:05", "departureTime": "05:10", "routeNumber": "1", "haltTime": "05:00", "distance": "647", "dayCount": "2", "stnSerialNumber": "17", "boardingDisabled": "false"}, {"stationCode": "MLP", "stationName": "MALLAPUR", "arrivalTime": "05:41", "departureTime": "05:42", "routeNumber": "1", "haltTime": "01:00", "distance": "678", "dayCount": "2", "stnSerialNumber": "18", "boardingDisabled": "false"}, {"stationCode": "HLAR", "stationName": "HOLE ALUR", "arrivalTime": "06:01", "departureTime": "06:02", "routeNumber": "1", "haltTime": "01:00", "distance": "696", "dayCount": "2", "stnSerialNumber": "19", "boardingDisabled": "false"}, {"stationCode": "BDM", "stationName": "BADAMI", "arrivalTime": "06:21", "departureTime": "06:22", "routeNumber": "1", "haltTime": "01:00", "distance": "715", "dayCount": "2", "stnSerialNumber": "20", "boardingDisabled": "false"}, {"stationCode": "GED", "stationName": "GULEDAGUDDA RD", "arrivalTime": "06:31", "departureTime": "06:32", "routeNumber": "1", "haltTime": "01:00", "distance": "728", "dayCount": "2", "stnSerialNumber": "21", "boardingDisabled": "false"}, {"stationCode": "BGK", "stationName": "BAGALKOT", "arrivalTime": "07:02", "departureTime": "07:04", "routeNumber": "1", "haltTime": "02:00", "distance": "741", "dayCount": "2", "stnSerialNumber": "22", "boardingDisabled": "false"}, {"stationCode": "LMT", "stationName": "ALMATTI", "arrivalTime": "07:39", "departureTime": "07:40", "routeNumber": "1", "haltTime": "01:00", "distance": "776", "dayCount": "2", "stnSerialNumber": "23", "boardingDisabled": "false"}, {"stationCode": "BSRX", "stationName": "BAGEVADI RD", "arrivalTime": "08:00", "departureTime": "08:01", "routeNumber": "1", "haltTime": "01:00", "distance": "794", "dayCount": "2", "stnSerialNumber": "24", "boardingDisabled": "false"}, {"stationCode": "BJP", "stationName": "VIJAYAPURA", "arrivalTime": "09:35", "departureTime": "--", "routeNumber": "1", "haltTime": "--", "distance": "838", "dayCount": "2", "stnSerialNumber": "25", "boardingDisabled": "false"}]}