{"trainNumber": "07411", "trainName": "GTL MALM SPL", "stationFrom": "GTL", "stationTo": "MALM", "trainOwner": "0", "trainRunsOnMon": "Y", "trainRunsOnTue": "Y", "trainRunsOnWed": "Y", "trainRunsOnThu": "Y", "trainRunsOnFri": "Y", "trainRunsOnSat": "Y", "trainRunsOnSun": "Y", "timeStamp": "2023-06-19T15:30:47.499", "duration": "0", "stationList": [{"stationCode": "GTL", "stationName": "GUNTAKAL JN", "arrivalTime": "--", "departureTime": "17:40", "routeNumber": "1", "haltTime": "--", "distance": "0", "dayCount": "1", "stnSerialNumber": "1", "boardingDisabled": "false"}, {"stationCode": "MGV", "stationName": "MOLAGAVALLI", "arrivalTime": "17:59", "departureTime": "18:00", "routeNumber": "1", "haltTime": "01:00", "distance": "21", "dayCount": "1", "stnSerialNumber": "2", "boardingDisabled": "false"}, {"stationCode": "AD", "stationName": "ADONI", "arrivalTime": "18:15", "departureTime": "18:16", "routeNumber": "1", "haltTime": "01:00", "distance": "52", "dayCount": "1", "stnSerialNumber": "3", "boardingDisabled": "false"}, {"stationCode": "KGL", "stationName": "KUPGAL", "arrivalTime": "18:28", "departureTime": "18:29", "routeNumber": "1", "haltTime": "01:00", "distance": "66", "dayCount": "1", "stnSerialNumber": "4", "boardingDisabled": "false"}, {"stationCode": "KO", "stationName": "KOSGI", "arrivalTime": "18:37", "departureTime": "18:38", "routeNumber": "1", "haltTime": "01:00", "distance": "80", "dayCount": "1", "stnSerialNumber": "5", "boardingDisabled": "false"}, {"stationCode": "MALM", "stationName": "MANTHRALAYAM RD", "arrivalTime": "19:30", "departureTime": "--", "routeNumber": "1", "haltTime": "--", "distance": "93", "dayCount": "1", "stnSerialNumber": "6", "boardingDisabled": "false"}]}