{"trainNumber": "07414", "trainName": "J  TPTY  SPL", "stationFrom": "J", "stationTo": "TPTY", "trainOwner": "0", "trainRunsOnMon": "N", "trainRunsOnTue": "N", "trainRunsOnWed": "N", "trainRunsOnThu": "N", "trainRunsOnFri": "N", "trainRunsOnSat": "N", "trainRunsOnSun": "Y", "timeStamp": "2023-06-19T15:30:46.144", "duration": "0", "stationList": [{"stationCode": "J", "stationName": "JALNA", "arrivalTime": "--", "departureTime": "11:50", "routeNumber": "1", "haltTime": "--", "distance": "0", "dayCount": "1", "stnSerialNumber": "1", "boardingDisabled": "false"}, {"stationCode": "PTU", "stationName": "PARTUR", "arrivalTime": "12:24", "departureTime": "12:25", "routeNumber": "1", "haltTime": "01:00", "distance": "45", "dayCount": "1", "stnSerialNumber": "2", "boardingDisabled": "false"}, {"stationCode": "SELU", "stationName": "SELU", "arrivalTime": "12:44", "departureTime": "12:45", "routeNumber": "1", "haltTime": "01:00", "distance": "73", "dayCount": "1", "stnSerialNumber": "3", "boardingDisabled": "false"}, {"stationCode": "MVO", "stationName": "MANWATH ROAD", "arrivalTime": "13:09", "departureTime": "13:10", "routeNumber": "1", "haltTime": "01:00", "distance": "88", "dayCount": "1", "stnSerialNumber": "4", "boardingDisabled": "false"}, {"stationCode": "PBN", "stationName": "PARBHANI JN", "arrivalTime": "14:00", "departureTime": "14:20", "routeNumber": "1", "haltTime": "20:00", "distance": "115", "dayCount": "1", "stnSerialNumber": "5", "boardingDisabled": "false"}, {"stationCode": "GNH", "stationName": "GANGAKHER", "arrivalTime": "15:14", "departureTime": "15:15", "routeNumber": "1", "haltTime": "01:00", "distance": "149", "dayCount": "1", "stnSerialNumber": "6", "boardingDisabled": "false"}, {"stationCode": "PRLI", "stationName": "PARLI VAIJNATH", "arrivalTime": "16:40", "departureTime": "17:00", "routeNumber": "1", "haltTime": "20:00", "distance": "179", "dayCount": "1", "stnSerialNumber": "7", "boardingDisabled": "false"}, {"stationCode": "LTRR", "stationName": "LATUR ROAD", "arrivalTime": "18:00", "departureTime": "18:02", "routeNumber": "1", "haltTime": "02:00", "distance": "242", "dayCount": "1", "stnSerialNumber": "8", "boardingDisabled": "false"}, {"stationCode": "UDGR", "stationName": "UDGIR", "arrivalTime": "18:35", "departureTime": "18:37", "routeNumber": "1", "haltTime": "02:00", "distance": "275", "dayCount": "1", "stnSerialNumber": "9", "boardingDisabled": "false"}, {"stationCode": "BHLK", "stationName": "BHALKI", "arrivalTime": "19:05", "departureTime": "19:07", "routeNumber": "1", "haltTime": "02:00", "distance": "318", "dayCount": "1", "stnSerialNumber": "10", "boardingDisabled": "false"}, {"stationCode": "BIDR", "stationName": "BIDAR", "arrivalTime": "19:40", "departureTime": "20:00", "routeNumber": "1", "haltTime": "20:00", "distance": "356", "dayCount": "1", "stnSerialNumber": "11", "boardingDisabled": "false"}, {"stationCode": "HMBD", "stationName": "HUMNABAD", "arrivalTime": "20:50", "departureTime": "20:52", "routeNumber": "1", "haltTime": "02:00", "distance": "408", "dayCount": "1", "stnSerialNumber": "12", "boardingDisabled": "false"}, {"stationCode": "KLBG", "stationName": "KALABURAGI", "arrivalTime": "22:45", "departureTime": "22:50", "routeNumber": "1", "haltTime": "05:00", "distance": "481", "dayCount": "1", "stnSerialNumber": "13", "boardingDisabled": "false"}, {"stationCode": "WADI", "stationName": "WADI", "arrivalTime": "23:40", "departureTime": "23:45", "routeNumber": "1", "haltTime": "05:00", "distance": "518", "dayCount": "1", "stnSerialNumber": "14", "boardingDisabled": "false"}, {"stationCode": "YG", "stationName": "YADGIR", "arrivalTime": "00:09", "departureTime": "00:10", "routeNumber": "1", "haltTime": "01:00", "distance": "557", "dayCount": "2", "stnSerialNumber": "15", "boardingDisabled": "false"}, {"stationCode": "RC", "stationName": "RAICHUR", "arrivalTime": "01:08", "departureTime": "01:10", "routeNumber": "1", "haltTime": "02:00", "distance": "625", "dayCount": "2", "stnSerialNumber": "16", "boardingDisabled": "false"}, {"stationCode": "MALM", "stationName": "MANTHRALAYAM RD", "arrivalTime": "01:29", "departureTime": "01:30", "routeNumber": "1", "haltTime": "01:00", "distance": "653", "dayCount": "2", "stnSerialNumber": "17", "boardingDisabled": "false"}, {"stationCode": "AD", "stationName": "ADONI", "arrivalTime": "01:59", "departureTime": "02:00", "routeNumber": "1", "haltTime": "01:00", "distance": "694", "dayCount": "2", "stnSerialNumber": "18", "boardingDisabled": "false"}, {"stationCode": "GTL", "stationName": "GUNTAKAL JN", "arrivalTime": "02:45", "departureTime": "02:50", "routeNumber": "1", "haltTime": "05:00", "distance": "746", "dayCount": "2", "stnSerialNumber": "19", "boardingDisabled": "false"}, {"stationCode": "TU", "stationName": "TADIPATRI", "arrivalTime": "03:59", "departureTime": "04:00", "routeNumber": "1", "haltTime": "01:00", "distance": "822", "dayCount": "2", "stnSerialNumber": "20", "boardingDisabled": "false"}, {"stationCode": "YA", "stationName": "YERRAGUNTLA", "arrivalTime": "04:59", "departureTime": "05:00", "routeNumber": "1", "haltTime": "01:00", "distance": "892", "dayCount": "2", "stnSerialNumber": "21", "boardingDisabled": "false"}, {"stationCode": "HX", "stationName": "CUDDAPAH", "arrivalTime": "05:38", "departureTime": "05:40", "routeNumber": "1", "haltTime": "02:00", "distance": "931", "dayCount": "2", "stnSerialNumber": "22", "boardingDisabled": "false"}, {"stationCode": "RU", "stationName": "RENIGUNTA JN", "arrivalTime": "08:00", "departureTime": "08:02", "routeNumber": "1", "haltTime": "02:00", "distance": "1056", "dayCount": "2", "stnSerialNumber": "23", "boardingDisabled": "false"}, {"stationCode": "TPTY", "stationName": "TIRUPATI", "arrivalTime": "09:05", "departureTime": "--", "routeNumber": "1", "haltTime": "--", "distance": "1066", "dayCount": "2", "stnSerialNumber": "24", "boardingDisabled": "false"}]}