{"trainNumber": "07412", "trainName": "MALM GTL SPL", "stationFrom": "MALM", "stationTo": "GTL", "trainOwner": "0", "trainRunsOnMon": "Y", "trainRunsOnTue": "Y", "trainRunsOnWed": "Y", "trainRunsOnThu": "Y", "trainRunsOnFri": "Y", "trainRunsOnSat": "Y", "trainRunsOnSun": "Y", "timeStamp": "2023-06-19T15:30:46.212", "duration": "0", "stationList": [{"stationCode": "MALM", "stationName": "MANTHRALAYAM RD", "arrivalTime": "--", "departureTime": "04:40", "routeNumber": "1", "haltTime": "--", "distance": "0", "dayCount": "1", "stnSerialNumber": "1", "boardingDisabled": "false"}, {"stationCode": "KO", "stationName": "KOSGI", "arrivalTime": "04:49", "departureTime": "04:50", "routeNumber": "1", "haltTime": "01:00", "distance": "14", "dayCount": "1", "stnSerialNumber": "2", "boardingDisabled": "false"}, {"stationCode": "KGL", "stationName": "KUPGAL", "arrivalTime": "04:58", "departureTime": "04:59", "routeNumber": "1", "haltTime": "01:00", "distance": "27", "dayCount": "1", "stnSerialNumber": "3", "boardingDisabled": "false"}, {"stationCode": "AD", "stationName": "ADONI", "arrivalTime": "05:14", "departureTime": "05:15", "routeNumber": "1", "haltTime": "01:00", "distance": "42", "dayCount": "1", "stnSerialNumber": "4", "boardingDisabled": "false"}, {"stationCode": "MGV", "stationName": "MOLAGAVALLI", "arrivalTime": "05:40", "departureTime": "05:41", "routeNumber": "1", "haltTime": "01:00", "distance": "73", "dayCount": "1", "stnSerialNumber": "5", "boardingDisabled": "false"}, {"stationCode": "GTL", "stationName": "GUNTAKAL JN", "arrivalTime": "06:20", "departureTime": "--", "routeNumber": "1", "haltTime": "--", "distance": "93", "dayCount": "1", "stnSerialNumber": "6", "boardingDisabled": "false"}]}