{"trainNumber": "07429", "trainName": "LTT NED SPL", "stationFrom": "LTT", "stationTo": "NED", "trainOwner": "0", "trainRunsOnMon": "N", "trainRunsOnTue": "N", "trainRunsOnWed": "N", "trainRunsOnThu": "Y", "trainRunsOnFri": "N", "trainRunsOnSat": "N", "trainRunsOnSun": "N", "timeStamp": "2023-06-19T15:30:09.105", "duration": "0", "stationList": [{"stationCode": "LTT", "stationName": "LOKMANYATILAK T", "arrivalTime": "--", "departureTime": "16:55", "routeNumber": "1", "haltTime": "--", "distance": "0", "dayCount": "1", "stnSerialNumber": "1", "boardingDisabled": "false"}, {"stationCode": "KYN", "stationName": "KALYAN JN", "arrivalTime": "17:37", "departureTime": "17:40", "routeNumber": "1", "haltTime": "03:00", "distance": "38", "dayCount": "1", "stnSerialNumber": "2", "boardingDisabled": "false"}, {"stationCode": "NK", "stationName": "NASHIK ROAD", "arrivalTime": "20:52", "departureTime": "20:55", "routeNumber": "1", "haltTime": "03:00", "distance": "172", "dayCount": "1", "stnSerialNumber": "4", "boardingDisabled": "false"}, {"stationCode": "MMR", "stationName": "MANMAD JN", "arrivalTime": "22:08", "departureTime": "22:10", "routeNumber": "1", "haltTime": "02:00", "distance": "245", "dayCount": "1", "stnSerialNumber": "5", "boardingDisabled": "false"}, {"stationCode": "BSL", "stationName": "BHUSAVAL JN", "arrivalTime": "00:30", "departureTime": "00:35", "routeNumber": "1", "haltTime": "05:00", "distance": "429", "dayCount": "2", "stnSerialNumber": "7", "boardingDisabled": "false"}, {"stationCode": "MKU", "stationName": "MALKAPUR", "arrivalTime": "01:15", "departureTime": "01:17", "routeNumber": "1", "haltTime": "02:00", "distance": "479", "dayCount": "2", "stnSerialNumber": "8", "boardingDisabled": "false"}, {"stationCode": "AK", "stationName": "AKOLA JN", "arrivalTime": "02:40", "departureTime": "02:50", "routeNumber": "1", "haltTime": "10:00", "distance": "569", "dayCount": "2", "stnSerialNumber": "9", "boardingDisabled": "false"}, {"stationCode": "WHM", "stationName": "WASHIM", "arrivalTime": "03:54", "departureTime": "03:55", "routeNumber": "1", "haltTime": "01:00", "distance": "647", "dayCount": "2", "stnSerialNumber": "10", "boardingDisabled": "false"}, {"stationCode": "HNL", "stationName": "HINGOLI DECCAN", "arrivalTime": "04:54", "departureTime": "04:55", "routeNumber": "1", "haltTime": "01:00", "distance": "695", "dayCount": "2", "stnSerialNumber": "11", "boardingDisabled": "false"}, {"stationCode": "BMF", "stationName": "BASMAT", "arrivalTime": "05:39", "departureTime": "05:40", "routeNumber": "1", "haltTime": "01:00", "distance": "753", "dayCount": "2", "stnSerialNumber": "12", "boardingDisabled": "false"}, {"stationCode": "PAU", "stationName": "PURNA JN", "arrivalTime": "06:30", "departureTime": "07:00", "routeNumber": "1", "haltTime": "30:00", "distance": "775", "dayCount": "2", "stnSerialNumber": "13", "boardingDisabled": "false"}, {"stationCode": "NED", "stationName": "H SAHIB NANDED", "arrivalTime": "08:05", "departureTime": "--", "routeNumber": "1", "haltTime": "--", "distance": "806", "dayCount": "2", "stnSerialNumber": "14", "boardingDisabled": "false"}]}