{"trainNumber": "07426", "trainName": "NED LTT SPL", "stationFrom": "NED", "stationTo": "LTT", "trainOwner": "0", "trainRunsOnMon": "Y", "trainRunsOnTue": "N", "trainRunsOnWed": "N", "trainRunsOnThu": "N", "trainRunsOnFri": "N", "trainRunsOnSat": "N", "trainRunsOnSun": "N", "timeStamp": "2023-06-19T15:30:09.153", "duration": "0", "stationList": [{"stationCode": "NED", "stationName": "H SAHIB NANDED", "arrivalTime": "--", "departureTime": "21:15", "routeNumber": "1", "haltTime": "--", "distance": "0", "dayCount": "1", "stnSerialNumber": "1", "boardingDisabled": "false"}, {"stationCode": "PAU", "stationName": "PURNA JN", "arrivalTime": "21:55", "departureTime": "22:15", "routeNumber": "1", "haltTime": "20:00", "distance": "31", "dayCount": "1", "stnSerialNumber": "2", "boardingDisabled": "false"}, {"stationCode": "BMF", "stationName": "BASMAT", "arrivalTime": "22:34", "departureTime": "22:35", "routeNumber": "1", "haltTime": "01:00", "distance": "53", "dayCount": "1", "stnSerialNumber": "3", "boardingDisabled": "false"}, {"stationCode": "HNL", "stationName": "HINGOLI DECCAN", "arrivalTime": "23:44", "departureTime": "23:45", "routeNumber": "1", "haltTime": "01:00", "distance": "111", "dayCount": "1", "stnSerialNumber": "4", "boardingDisabled": "false"}, {"stationCode": "WHM", "stationName": "WASHIM", "arrivalTime": "01:14", "departureTime": "01:15", "routeNumber": "1", "haltTime": "01:00", "distance": "159", "dayCount": "2", "stnSerialNumber": "5", "boardingDisabled": "false"}, {"stationCode": "AK", "stationName": "AKOLA JN", "arrivalTime": "03:25", "departureTime": "03:35", "routeNumber": "1", "haltTime": "10:00", "distance": "238", "dayCount": "2", "stnSerialNumber": "6", "boardingDisabled": "false"}, {"stationCode": "MKU", "stationName": "MALKAPUR", "arrivalTime": "04:43", "departureTime": "04:45", "routeNumber": "1", "haltTime": "02:00", "distance": "327", "dayCount": "2", "stnSerialNumber": "7", "boardingDisabled": "false"}, {"stationCode": "BSL", "stationName": "BHUSAVAL JN", "arrivalTime": "06:05", "departureTime": "06:10", "routeNumber": "1", "haltTime": "05:00", "distance": "378", "dayCount": "2", "stnSerialNumber": "8", "boardingDisabled": "false"}, {"stationCode": "CSN", "stationName": "CHALISGAON JN", "arrivalTime": "07:38", "departureTime": "07:40", "routeNumber": "1", "haltTime": "02:00", "distance": "494", "dayCount": "2", "stnSerialNumber": "9", "boardingDisabled": "false"}, {"stationCode": "MMR", "stationName": "MANMAD JN", "arrivalTime": "08:43", "departureTime": "08:45", "routeNumber": "1", "haltTime": "02:00", "distance": "561", "dayCount": "2", "stnSerialNumber": "10", "boardingDisabled": "false"}, {"stationCode": "NK", "stationName": "NASHIK ROAD", "arrivalTime": "09:42", "departureTime": "09:45", "routeNumber": "1", "haltTime": "03:00", "distance": "635", "dayCount": "2", "stnSerialNumber": "11", "boardingDisabled": "false"}, {"stationCode": "IGP", "stationName": "IGATPURI", "arrivalTime": "11:00", "departureTime": "11:05", "routeNumber": "1", "haltTime": "05:00", "distance": "685", "dayCount": "2", "stnSerialNumber": "12", "boardingDisabled": "false"}, {"stationCode": "KYN", "stationName": "KALYAN JN", "arrivalTime": "12:23", "departureTime": "12:25", "routeNumber": "1", "haltTime": "02:00", "distance": "768", "dayCount": "2", "stnSerialNumber": "13", "boardingDisabled": "false"}, {"stationCode": "LTT", "stationName": "LOKMANYATILAK T", "arrivalTime": "13:30", "departureTime": "--", "routeNumber": "1", "haltTime": "--", "distance": "806", "dayCount": "2", "stnSerialNumber": "14", "boardingDisabled": "false"}]}