{"trainNumber": "07420", "trainName": "DNR SC SPL", "stationFrom": "DNR", "stationTo": "SC", "trainOwner": "0", "trainRunsOnMon": "Y", "trainRunsOnTue": "N", "trainRunsOnWed": "N", "trainRunsOnThu": "N", "trainRunsOnFri": "N", "trainRunsOnSat": "N", "trainRunsOnSun": "N", "timeStamp": "2023-06-19T15:30:09.216", "duration": "0", "stationList": [{"stationCode": "DNR", "stationName": "DANAPUR", "arrivalTime": "--", "departureTime": "14:00", "routeNumber": "1", "haltTime": "--", "distance": "0", "dayCount": "1", "stnSerialNumber": "1", "boardingDisabled": "false"}, {"stationCode": "ARA", "stationName": "ARA JN", "arrivalTime": "14:40", "departureTime": "14:42", "routeNumber": "1", "haltTime": "02:00", "distance": "40", "dayCount": "1", "stnSerialNumber": "2", "boardingDisabled": "false"}, {"stationCode": "BXR", "stationName": "BUXAR", "arrivalTime": "15:58", "departureTime": "16:00", "routeNumber": "1", "haltTime": "02:00", "distance": "109", "dayCount": "1", "stnSerialNumber": "3", "boardingDisabled": "false"}, {"stationCode": "DDU", "stationName": "DD UPADHYAYA JN", "arrivalTime": "17:55", "departureTime": "18:05", "routeNumber": "1", "haltTime": "10:00", "distance": "203", "dayCount": "1", "stnSerialNumber": "4", "boardingDisabled": "false"}, {"stationCode": "PCOI", "stationName": "PRAYAGRAJCHEOKI", "arrivalTime": "20:40", "departureTime": "20:45", "routeNumber": "1", "haltTime": "05:00", "distance": "346", "dayCount": "1", "stnSerialNumber": "5", "boardingDisabled": "false"}, {"stationCode": "MKP", "stationName": "MANIKPUR", "arrivalTime": "22:40", "departureTime": "22:42", "routeNumber": "1", "haltTime": "02:00", "distance": "438", "dayCount": "1", "stnSerialNumber": "6", "boardingDisabled": "false"}, {"stationCode": "STA", "stationName": "SATNA", "arrivalTime": "00:15", "departureTime": "00:20", "routeNumber": "1", "haltTime": "05:00", "distance": "516", "dayCount": "2", "stnSerialNumber": "7", "boardingDisabled": "false"}, {"stationCode": "KTE", "stationName": "KATNI", "arrivalTime": "02:20", "departureTime": "02:30", "routeNumber": "1", "haltTime": "10:00", "distance": "614", "dayCount": "2", "stnSerialNumber": "8", "boardingDisabled": "false"}, {"stationCode": "JBP", "stationName": "JABALPUR", "arrivalTime": "04:00", "departureTime": "04:10", "routeNumber": "1", "haltTime": "10:00", "distance": "705", "dayCount": "2", "stnSerialNumber": "9", "boardingDisabled": "false"}, {"stationCode": "PPI", "stationName": "PIPARIYA", "arrivalTime": "06:08", "departureTime": "06:10", "routeNumber": "1", "haltTime": "02:00", "distance": "882", "dayCount": "2", "stnSerialNumber": "10", "boardingDisabled": "false"}, {"stationCode": "ET", "stationName": "ITARSI JN", "arrivalTime": "07:50", "departureTime": "08:00", "routeNumber": "1", "haltTime": "10:00", "distance": "950", "dayCount": "2", "stnSerialNumber": "11", "boardingDisabled": "false"}, {"stationCode": "NGP", "stationName": "NAGPUR", "arrivalTime": "12:20", "departureTime": "12:25", "routeNumber": "1", "haltTime": "05:00", "distance": "1247", "dayCount": "2", "stnSerialNumber": "12", "boardingDisabled": "false"}, {"stationCode": "BPQ", "stationName": "BALHARSHAH", "arrivalTime": "17:20", "departureTime": "17:30", "routeNumber": "1", "haltTime": "10:00", "distance": "1458", "dayCount": "2", "stnSerialNumber": "13", "boardingDisabled": "false"}, {"stationCode": "SKZR", "stationName": "SIRPUR KAGAZNGR", "arrivalTime": "18:10", "departureTime": "18:12", "routeNumber": "1", "haltTime": "02:00", "distance": "1528", "dayCount": "2", "stnSerialNumber": "14", "boardingDisabled": "false"}, {"stationCode": "BPA", "stationName": "BELLAMPALLI", "arrivalTime": "18:40", "departureTime": "18:42", "routeNumber": "1", "haltTime": "02:00", "distance": "1566", "dayCount": "2", "stnSerialNumber": "15", "boardingDisabled": "false"}, {"stationCode": "PDPL", "stationName": "PEDDAPALLI JN", "arrivalTime": "19:35", "departureTime": "19:37", "routeNumber": "1", "haltTime": "02:00", "distance": "1617", "dayCount": "2", "stnSerialNumber": "16", "boardingDisabled": "false"}, {"stationCode": "KZJ", "stationName": "KAZIPET JN", "arrivalTime": "20:40", "departureTime": "20:42", "routeNumber": "1", "haltTime": "02:00", "distance": "1692", "dayCount": "2", "stnSerialNumber": "17", "boardingDisabled": "false"}, {"stationCode": "SC", "stationName": "SECUNDERABAD JN", "arrivalTime": "23:50", "departureTime": "--", "routeNumber": "1", "haltTime": "--", "distance": "1824", "dayCount": "2", "stnSerialNumber": "18", "boardingDisabled": "false"}]}