{"trainNumber": "07436", "trainName": "NCJ KCG SPL", "stationFrom": "NCJ", "stationTo": "KCG", "trainOwner": "0", "trainRunsOnMon": "N", "trainRunsOnTue": "N", "trainRunsOnWed": "N", "trainRunsOnThu": "N", "trainRunsOnFri": "N", "trainRunsOnSat": "N", "trainRunsOnSun": "Y", "timeStamp": "2023-06-19T15:30:08.773", "duration": "0", "stationList": [{"stationCode": "NCJ", "stationName": "NAGERCOIL JN", "arrivalTime": "--", "departureTime": "00:30", "routeNumber": "1", "haltTime": "--", "distance": "0", "dayCount": "1", "stnSerialNumber": "1", "boardingDisabled": "false"}, {"stationCode": "TEN", "stationName": "TIRUNELVELI", "arrivalTime": "02:00", "departureTime": "02:05", "routeNumber": "1", "haltTime": "05:00", "distance": "74", "dayCount": "1", "stnSerialNumber": "2", "boardingDisabled": "false"}, {"stationCode": "CVP", "stationName": "KOVILPATTI", "arrivalTime": "02:53", "departureTime": "02:55", "routeNumber": "1", "haltTime": "02:00", "distance": "139", "dayCount": "1", "stnSerialNumber": "3", "boardingDisabled": "false"}, {"stationCode": "SRT", "stationName": "SATUR", "arrivalTime": "03:13", "departureTime": "03:15", "routeNumber": "1", "haltTime": "02:00", "distance": "160", "dayCount": "1", "stnSerialNumber": "4", "boardingDisabled": "false"}, {"stationCode": "VPT", "stationName": "VIRUDUNAGAR JN", "arrivalTime": "03:38", "departureTime": "03:40", "routeNumber": "1", "haltTime": "02:00", "distance": "187", "dayCount": "1", "stnSerialNumber": "5", "boardingDisabled": "false"}, {"stationCode": "MDU", "stationName": "MADURAI JN", "arrivalTime": "04:15", "departureTime": "04:20", "routeNumber": "1", "haltTime": "05:00", "distance": "230", "dayCount": "1", "stnSerialNumber": "6", "boardingDisabled": "false"}, {"stationCode": "DG", "stationName": "DINDIGUL JN", "arrivalTime": "05:25", "departureTime": "05:30", "routeNumber": "1", "haltTime": "05:00", "distance": "296", "dayCount": "1", "stnSerialNumber": "7", "boardingDisabled": "false"}, {"stationCode": "TPJ", "stationName": "TIRUCHCHIRAPALI", "arrivalTime": "07:40", "departureTime": "08:00", "routeNumber": "1", "haltTime": "20:00", "distance": "391", "dayCount": "1", "stnSerialNumber": "8", "boardingDisabled": "false"}, {"stationCode": "SRGM", "stationName": "SRIRANGAM", "arrivalTime": "08:23", "departureTime": "08:25", "routeNumber": "1", "haltTime": "02:00", "distance": "402", "dayCount": "1", "stnSerialNumber": "9", "boardingDisabled": "false"}, {"stationCode": "VRI", "stationName": "VRIDHACHALAM JN", "arrivalTime": "09:48", "departureTime": "09:50", "routeNumber": "1", "haltTime": "02:00", "distance": "514", "dayCount": "1", "stnSerialNumber": "10", "boardingDisabled": "false"}, {"stationCode": "VM", "stationName": "VILLUPURAM JN", "arrivalTime": "10:25", "departureTime": "10:35", "routeNumber": "1", "haltTime": "10:00", "distance": "568", "dayCount": "1", "stnSerialNumber": "11", "boardingDisabled": "false"}, {"stationCode": "TNM", "stationName": "TIRUVANNAMALAI", "arrivalTime": "11:38", "departureTime": "11:40", "routeNumber": "1", "haltTime": "02:00", "distance": "636", "dayCount": "1", "stnSerialNumber": "12", "boardingDisabled": "false"}, {"stationCode": "VLR", "stationName": "VELLORE CANT", "arrivalTime": "13:20", "departureTime": "13:22", "routeNumber": "1", "haltTime": "02:00", "distance": "718", "dayCount": "1", "stnSerialNumber": "13", "boardingDisabled": "false"}, {"stationCode": "KPD", "stationName": "KATPADI JN", "arrivalTime": "13:35", "departureTime": "13:40", "routeNumber": "1", "haltTime": "05:00", "distance": "728", "dayCount": "1", "stnSerialNumber": "14", "boardingDisabled": "false"}, {"stationCode": "RU", "stationName": "RENIGUNTA JN", "arrivalTime": "16:25", "departureTime": "16:30", "routeNumber": "1", "haltTime": "05:00", "distance": "861", "dayCount": "1", "stnSerialNumber": "16", "boardingDisabled": "false"}, {"stationCode": "GDR", "stationName": "GUDUR JN", "arrivalTime": "18:03", "departureTime": "18:05", "routeNumber": "1", "haltTime": "02:00", "distance": "944", "dayCount": "1", "stnSerialNumber": "17", "boardingDisabled": "false"}, {"stationCode": "NLR", "stationName": "NELLORE", "arrivalTime": "18:40", "departureTime": "18:42", "routeNumber": "1", "haltTime": "02:00", "distance": "983", "dayCount": "1", "stnSerialNumber": "18", "boardingDisabled": "false"}, {"stationCode": "OGL", "stationName": "ONGOLE", "arrivalTime": "20:10", "departureTime": "20:12", "routeNumber": "1", "haltTime": "02:00", "distance": "1099", "dayCount": "1", "stnSerialNumber": "19", "boardingDisabled": "false"}, {"stationCode": "BPP", "stationName": "BAPATLA", "arrivalTime": "21:00", "departureTime": "21:02", "routeNumber": "1", "haltTime": "02:00", "distance": "1163", "dayCount": "1", "stnSerialNumber": "20", "boardingDisabled": "false"}, {"stationCode": "TEL", "stationName": "TENALI JN", "arrivalTime": "22:00", "departureTime": "22:02", "routeNumber": "1", "haltTime": "02:00", "distance": "1206", "dayCount": "1", "stnSerialNumber": "21", "boardingDisabled": "false"}, {"stationCode": "GNT", "stationName": "GUNTUR JN", "arrivalTime": "22:43", "departureTime": "22:45", "routeNumber": "1", "haltTime": "02:00", "distance": "1231", "dayCount": "1", "stnSerialNumber": "22", "boardingDisabled": "false"}, {"stationCode": "SAP", "stationName": "SATTENAPALLE", "arrivalTime": "23:30", "departureTime": "23:32", "routeNumber": "1", "haltTime": "02:00", "distance": "1273", "dayCount": "1", "stnSerialNumber": "23", "boardingDisabled": "false"}, {"stationCode": "NDKD", "stationName": "NADIKUDI JN", "arrivalTime": "01:15", "departureTime": "01:17", "routeNumber": "1", "haltTime": "02:00", "distance": "1326", "dayCount": "2", "stnSerialNumber": "24", "boardingDisabled": "false"}, {"stationCode": "MRGA", "stationName": "MIRYALAGUDA", "arrivalTime": "02:00", "departureTime": "02:02", "routeNumber": "1", "haltTime": "02:00", "distance": "1365", "dayCount": "2", "stnSerialNumber": "25", "boardingDisabled": "false"}, {"stationCode": "NLDA", "stationName": "NALGONDA", "arrivalTime": "02:30", "departureTime": "02:32", "routeNumber": "1", "haltTime": "02:00", "distance": "1402", "dayCount": "2", "stnSerialNumber": "26", "boardingDisabled": "false"}, {"stationCode": "MJF", "stationName": "MALKAJGIRI", "arrivalTime": "05:10", "departureTime": "05:12", "routeNumber": "1", "haltTime": "02:00", "distance": "1509", "dayCount": "2", "stnSerialNumber": "27", "boardingDisabled": "false"}, {"stationCode": "KCG", "stationName": "KACHEGUDA", "arrivalTime": "06:30", "departureTime": "--", "routeNumber": "1", "haltTime": "--", "distance": "1518", "dayCount": "2", "stnSerialNumber": "28", "boardingDisabled": "false"}]}