{"trainNumber": "07435", "trainName": "KCG NCJ SPL", "stationFrom": "KCG", "stationTo": "NCJ", "trainOwner": "0", "trainRunsOnMon": "N", "trainRunsOnTue": "N", "trainRunsOnWed": "N", "trainRunsOnThu": "N", "trainRunsOnFri": "Y", "trainRunsOnSat": "N", "trainRunsOnSun": "N", "timeStamp": "2023-06-19T15:30:08.789", "duration": "0", "stationList": [{"stationCode": "KCG", "stationName": "KACHEGUDA", "arrivalTime": "--", "departureTime": "19:45", "routeNumber": "1", "haltTime": "--", "distance": "0", "dayCount": "1", "stnSerialNumber": "1", "boardingDisabled": "false"}, {"stationCode": "MJF", "stationName": "MALKAJGIRI", "arrivalTime": "20:03", "departureTime": "20:04", "routeNumber": "1", "haltTime": "01:00", "distance": "9", "dayCount": "1", "stnSerialNumber": "2", "boardingDisabled": "false"}, {"stationCode": "NLDA", "stationName": "NALGONDA", "arrivalTime": "21:56", "departureTime": "21:58", "routeNumber": "1", "haltTime": "02:00", "distance": "116", "dayCount": "1", "stnSerialNumber": "3", "boardingDisabled": "false"}, {"stationCode": "MRGA", "stationName": "MIRYALAGUDA", "arrivalTime": "22:20", "departureTime": "22:22", "routeNumber": "1", "haltTime": "02:00", "distance": "154", "dayCount": "1", "stnSerialNumber": "4", "boardingDisabled": "false"}, {"stationCode": "NDKD", "stationName": "NADIKUDI JN", "arrivalTime": "22:48", "departureTime": "22:50", "routeNumber": "1", "haltTime": "02:00", "distance": "192", "dayCount": "1", "stnSerialNumber": "5", "boardingDisabled": "false"}, {"stationCode": "SAP", "stationName": "SATTENAPALLE", "arrivalTime": "23:48", "departureTime": "23:50", "routeNumber": "1", "haltTime": "02:00", "distance": "245", "dayCount": "1", "stnSerialNumber": "6", "boardingDisabled": "false"}, {"stationCode": "GNT", "stationName": "GUNTUR JN", "arrivalTime": "00:45", "departureTime": "00:55", "routeNumber": "1", "haltTime": "10:00", "distance": "288", "dayCount": "2", "stnSerialNumber": "7", "boardingDisabled": "false"}, {"stationCode": "TEL", "stationName": "TENALI JN", "arrivalTime": "01:40", "departureTime": "01:42", "routeNumber": "1", "haltTime": "02:00", "distance": "313", "dayCount": "2", "stnSerialNumber": "8", "boardingDisabled": "false"}, {"stationCode": "BPP", "stationName": "BAPATLA", "arrivalTime": "02:30", "departureTime": "02:32", "routeNumber": "1", "haltTime": "02:00", "distance": "355", "dayCount": "2", "stnSerialNumber": "9", "boardingDisabled": "false"}, {"stationCode": "OGL", "stationName": "ONGOLE", "arrivalTime": "03:18", "departureTime": "03:20", "routeNumber": "1", "haltTime": "02:00", "distance": "420", "dayCount": "2", "stnSerialNumber": "10", "boardingDisabled": "false"}, {"stationCode": "NLR", "stationName": "NELLORE", "arrivalTime": "05:00", "departureTime": "05:02", "routeNumber": "1", "haltTime": "02:00", "distance": "536", "dayCount": "2", "stnSerialNumber": "11", "boardingDisabled": "false"}, {"stationCode": "GDR", "stationName": "GUDUR JN", "arrivalTime": "05:40", "departureTime": "05:42", "routeNumber": "1", "haltTime": "02:00", "distance": "574", "dayCount": "2", "stnSerialNumber": "12", "boardingDisabled": "false"}, {"stationCode": "RU", "stationName": "RENIGUNTA JN", "arrivalTime": "08:05", "departureTime": "08:10", "routeNumber": "1", "haltTime": "05:00", "distance": "657", "dayCount": "2", "stnSerialNumber": "13", "boardingDisabled": "false"}, {"stationCode": "KPD", "stationName": "KATPADI JN", "arrivalTime": "09:20", "departureTime": "09:25", "routeNumber": "1", "haltTime": "05:00", "distance": "790", "dayCount": "2", "stnSerialNumber": "14", "boardingDisabled": "false"}, {"stationCode": "VLR", "stationName": "VELLORE CANT", "arrivalTime": "09:43", "departureTime": "09:45", "routeNumber": "1", "haltTime": "02:00", "distance": "800", "dayCount": "2", "stnSerialNumber": "15", "boardingDisabled": "false"}, {"stationCode": "TNM", "stationName": "TIRUVANNAMALAI", "arrivalTime": "10:43", "departureTime": "10:45", "routeNumber": "1", "haltTime": "02:00", "distance": "883", "dayCount": "2", "stnSerialNumber": "16", "boardingDisabled": "false"}, {"stationCode": "VM", "stationName": "VILLUPURAM JN", "arrivalTime": "12:25", "departureTime": "12:35", "routeNumber": "1", "haltTime": "10:00", "distance": "950", "dayCount": "2", "stnSerialNumber": "17", "boardingDisabled": "false"}, {"stationCode": "VRI", "stationName": "VRIDHACHALAM JN", "arrivalTime": "13:15", "departureTime": "13:17", "routeNumber": "1", "haltTime": "02:00", "distance": "1005", "dayCount": "2", "stnSerialNumber": "18", "boardingDisabled": "false"}, {"stationCode": "SRGM", "stationName": "SRIRANGAM", "arrivalTime": "14:28", "departureTime": "14:30", "routeNumber": "1", "haltTime": "02:00", "distance": "1116", "dayCount": "2", "stnSerialNumber": "19", "boardingDisabled": "false"}, {"stationCode": "TPJ", "stationName": "TIRUCHCHIRAPALI", "arrivalTime": "15:00", "departureTime": "15:05", "routeNumber": "1", "haltTime": "05:00", "distance": "1128", "dayCount": "2", "stnSerialNumber": "20", "boardingDisabled": "false"}, {"stationCode": "DG", "stationName": "DINDIGUL JN", "arrivalTime": "16:40", "departureTime": "16:45", "routeNumber": "1", "haltTime": "05:00", "distance": "1222", "dayCount": "2", "stnSerialNumber": "21", "boardingDisabled": "false"}, {"stationCode": "MDU", "stationName": "MADURAI JN", "arrivalTime": "18:00", "departureTime": "18:05", "routeNumber": "1", "haltTime": "05:00", "distance": "1288", "dayCount": "2", "stnSerialNumber": "22", "boardingDisabled": "false"}, {"stationCode": "VPT", "stationName": "VIRUDUNAGAR JN", "arrivalTime": "18:45", "departureTime": "18:47", "routeNumber": "1", "haltTime": "02:00", "distance": "1331", "dayCount": "2", "stnSerialNumber": "23", "boardingDisabled": "false"}, {"stationCode": "SRT", "stationName": "SATUR", "arrivalTime": "19:13", "departureTime": "19:15", "routeNumber": "1", "haltTime": "02:00", "distance": "1358", "dayCount": "2", "stnSerialNumber": "24", "boardingDisabled": "false"}, {"stationCode": "CVP", "stationName": "KOVILPATTI", "arrivalTime": "19:35", "departureTime": "19:37", "routeNumber": "1", "haltTime": "02:00", "distance": "1380", "dayCount": "2", "stnSerialNumber": "25", "boardingDisabled": "false"}, {"stationCode": "TEN", "stationName": "TIRUNELVELI", "arrivalTime": "21:05", "departureTime": "21:10", "routeNumber": "1", "haltTime": "05:00", "distance": "1445", "dayCount": "2", "stnSerialNumber": "26", "boardingDisabled": "false"}, {"stationCode": "NCJ", "stationName": "NAGERCOIL JN", "arrivalTime": "22:30", "departureTime": "--", "routeNumber": "1", "haltTime": "--", "distance": "1518", "dayCount": "2", "stnSerialNumber": "27", "boardingDisabled": "false"}]}