{"trainNumber": "07445", "trainName": "CCT LPI SPL", "stationFrom": "CCT", "stationTo": "LPI", "trainOwner": "0", "trainRunsOnMon": "Y", "trainRunsOnTue": "N", "trainRunsOnWed": "Y", "trainRunsOnThu": "N", "trainRunsOnFri": "Y", "trainRunsOnSat": "N", "trainRunsOnSun": "N", "timeStamp": "2023-06-19T15:31:24.823", "duration": "0", "stationList": [{"stationCode": "CCT", "stationName": "KAKINADA TOWN", "arrivalTime": "--", "departureTime": "20:10", "routeNumber": "1", "haltTime": "--", "distance": "0", "dayCount": "1", "stnSerialNumber": "1", "boardingDisabled": "false"}, {"stationCode": "SLO", "stationName": "SAMALKOT JN", "arrivalTime": "20:30", "departureTime": "20:31", "routeNumber": "1", "haltTime": "01:00", "distance": "13", "dayCount": "1", "stnSerialNumber": "2", "boardingDisabled": "false"}, {"stationCode": "RJY", "stationName": "RAJAHMUNDRY", "arrivalTime": "21:13", "departureTime": "21:15", "routeNumber": "1", "haltTime": "02:00", "distance": "63", "dayCount": "1", "stnSerialNumber": "3", "boardingDisabled": "false"}, {"stationCode": "TNKU", "stationName": "TANUKU", "arrivalTime": "21:44", "departureTime": "21:45", "routeNumber": "1", "haltTime": "01:00", "distance": "102", "dayCount": "1", "stnSerialNumber": "4", "boardingDisabled": "false"}, {"stationCode": "BVRT", "stationName": "BHIMAVARAM TOWN", "arrivalTime": "22:24", "departureTime": "22:25", "routeNumber": "1", "haltTime": "01:00", "distance": "133", "dayCount": "1", "stnSerialNumber": "5", "boardingDisabled": "false"}, {"stationCode": "AKVD", "stationName": "AKIVIDU", "arrivalTime": "22:49", "departureTime": "22:50", "routeNumber": "1", "haltTime": "01:00", "distance": "151", "dayCount": "1", "stnSerialNumber": "6", "boardingDisabled": "false"}, {"stationCode": "KKLR", "stationName": "KAIKALUR", "arrivalTime": "23:09", "departureTime": "23:10", "routeNumber": "1", "haltTime": "01:00", "distance": "168", "dayCount": "1", "stnSerialNumber": "7", "boardingDisabled": "false"}, {"stationCode": "GDV", "stationName": "GUDIVADA JN", "arrivalTime": "23:49", "departureTime": "23:50", "routeNumber": "1", "haltTime": "01:00", "distance": "197", "dayCount": "1", "stnSerialNumber": "8", "boardingDisabled": "false"}, {"stationCode": "BZA", "stationName": "VIJAYAWADA JN", "arrivalTime": "00:50", "departureTime": "01:00", "routeNumber": "1", "haltTime": "10:00", "distance": "240", "dayCount": "2", "stnSerialNumber": "9", "boardingDisabled": "false"}, {"stationCode": "GNT", "stationName": "GUNTUR JN", "arrivalTime": "01:40", "departureTime": "01:45", "routeNumber": "1", "haltTime": "05:00", "distance": "272", "dayCount": "2", "stnSerialNumber": "10", "boardingDisabled": "false"}, {"stationCode": "SAP", "stationName": "SATTENAPALLE", "arrivalTime": "02:23", "departureTime": "02:24", "routeNumber": "1", "haltTime": "01:00", "distance": "315", "dayCount": "2", "stnSerialNumber": "11", "boardingDisabled": "false"}, {"stationCode": "PGRL", "stationName": "PIDUGURALLA", "arrivalTime": "02:48", "departureTime": "02:49", "routeNumber": "1", "haltTime": "01:00", "distance": "346", "dayCount": "2", "stnSerialNumber": "12", "boardingDisabled": "false"}, {"stationCode": "MRGA", "stationName": "MIRYALAGUDA", "arrivalTime": "03:39", "departureTime": "03:40", "routeNumber": "1", "haltTime": "01:00", "distance": "406", "dayCount": "2", "stnSerialNumber": "13", "boardingDisabled": "false"}, {"stationCode": "NLDA", "stationName": "NALGONDA", "arrivalTime": "04:09", "departureTime": "04:10", "routeNumber": "1", "haltTime": "01:00", "distance": "443", "dayCount": "2", "stnSerialNumber": "14", "boardingDisabled": "false"}, {"stationCode": "SC", "stationName": "SECUNDERABAD JN", "arrivalTime": "07:10", "departureTime": "07:15", "routeNumber": "1", "haltTime": "05:00", "distance": "553", "dayCount": "2", "stnSerialNumber": "15", "boardingDisabled": "false"}, {"stationCode": "LPI", "stationName": "LINGAMPALLI", "arrivalTime": "09:15", "departureTime": "--", "routeNumber": "1", "haltTime": "--", "distance": "576", "dayCount": "2", "stnSerialNumber": "16", "boardingDisabled": "false"}]}