{"trainNumber": "07517", "trainName": "SC NSL SPL", "stationFrom": "SC", "stationTo": "NSL", "trainOwner": "0", "trainRunsOnMon": "N", "trainRunsOnTue": "N", "trainRunsOnWed": "Y", "trainRunsOnThu": "N", "trainRunsOnFri": "N", "trainRunsOnSat": "N", "trainRunsOnSun": "N", "timeStamp": "2023-06-19T15:30:57.344", "duration": "0", "stationList": [{"stationCode": "SC", "stationName": "SECUNDERABAD JN", "arrivalTime": "--", "departureTime": "17:00", "routeNumber": "1", "haltTime": "--", "distance": "0", "dayCount": "1", "stnSerialNumber": "1", "boardingDisabled": "false"}, {"stationCode": "LPI", "stationName": "LINGAMPALLI", "arrivalTime": "17:40", "departureTime": "17:42", "routeNumber": "1", "haltTime": "02:00", "distance": "23", "dayCount": "1", "stnSerialNumber": "2", "boardingDisabled": "false"}, {"stationCode": "SKP", "stationName": "SHANKARPALLI", "arrivalTime": "17:56", "departureTime": "17:57", "routeNumber": "1", "haltTime": "01:00", "distance": "44", "dayCount": "1", "stnSerialNumber": "3", "boardingDisabled": "false"}, {"stationCode": "VKB", "stationName": "VIKARABAD JN", "arrivalTime": "18:20", "departureTime": "18:22", "routeNumber": "1", "haltTime": "02:00", "distance": "72", "dayCount": "1", "stnSerialNumber": "4", "boardingDisabled": "false"}, {"stationCode": "ZB", "stationName": "ZAHIRABAD", "arrivalTime": "19:24", "departureTime": "19:26", "routeNumber": "1", "haltTime": "02:00", "distance": "132", "dayCount": "1", "stnSerialNumber": "5", "boardingDisabled": "false"}, {"stationCode": "BIDR", "stationName": "BIDAR", "arrivalTime": "20:04", "departureTime": "20:05", "routeNumber": "1", "haltTime": "01:00", "distance": "163", "dayCount": "1", "stnSerialNumber": "6", "boardingDisabled": "false"}, {"stationCode": "BHLK", "stationName": "BHALKI", "arrivalTime": "21:04", "departureTime": "21:05", "routeNumber": "1", "haltTime": "01:00", "distance": "200", "dayCount": "1", "stnSerialNumber": "7", "boardingDisabled": "false"}, {"stationCode": "UDGR", "stationName": "UDGIR", "arrivalTime": "22:00", "departureTime": "22:01", "routeNumber": "1", "haltTime": "01:00", "distance": "244", "dayCount": "1", "stnSerialNumber": "8", "boardingDisabled": "false"}, {"stationCode": "LTRR", "stationName": "LATUR ROAD", "arrivalTime": "22:40", "departureTime": "22:42", "routeNumber": "1", "haltTime": "02:00", "distance": "277", "dayCount": "1", "stnSerialNumber": "9", "boardingDisabled": "false"}, {"stationCode": "PRLI", "stationName": "PARLI VAIJNATH", "arrivalTime": "23:55", "departureTime": "00:05", "routeNumber": "1", "haltTime": "10:00", "distance": "340", "dayCount": "2", "stnSerialNumber": "10", "boardingDisabled": "false"}, {"stationCode": "GNH", "stationName": "GANGAKHER", "arrivalTime": "00:49", "departureTime": "00:50", "routeNumber": "1", "haltTime": "01:00", "distance": "369", "dayCount": "2", "stnSerialNumber": "11", "boardingDisabled": "false"}, {"stationCode": "PBN", "stationName": "PARBHANI JN", "arrivalTime": "02:00", "departureTime": "02:20", "routeNumber": "1", "haltTime": "20:00", "distance": "403", "dayCount": "2", "stnSerialNumber": "12", "boardingDisabled": "false"}, {"stationCode": "MVO", "stationName": "MANWATH ROAD", "arrivalTime": "03:00", "departureTime": "03:01", "routeNumber": "1", "haltTime": "01:00", "distance": "431", "dayCount": "2", "stnSerialNumber": "13", "boardingDisabled": "false"}, {"stationCode": "SELU", "stationName": "SELU", "arrivalTime": "03:19", "departureTime": "03:20", "routeNumber": "1", "haltTime": "01:00", "distance": "446", "dayCount": "2", "stnSerialNumber": "14", "boardingDisabled": "false"}, {"stationCode": "J", "stationName": "JALNA", "arrivalTime": "04:33", "departureTime": "04:35", "routeNumber": "1", "haltTime": "02:00", "distance": "518", "dayCount": "2", "stnSerialNumber": "15", "boardingDisabled": "false"}, {"stationCode": "AWB", "stationName": "AURANGABAD", "arrivalTime": "05:45", "departureTime": "05:50", "routeNumber": "1", "haltTime": "05:00", "distance": "581", "dayCount": "2", "stnSerialNumber": "16", "boardingDisabled": "false"}, {"stationCode": "RGO", "stationName": "ROTEGAON", "arrivalTime": "06:50", "departureTime": "06:51", "routeNumber": "1", "haltTime": "01:00", "distance": "642", "dayCount": "2", "stnSerialNumber": "17", "boardingDisabled": "false"}, {"stationCode": "NSL", "stationName": "NAGARSOL", "arrivalTime": "08:00", "departureTime": "--", "routeNumber": "1", "haltTime": "--", "distance": "669", "dayCount": "2", "stnSerialNumber": "18", "boardingDisabled": "false"}]}