{"trainNumber": "07510", "trainName": "TPTY HYB SPL", "stationFrom": "TPTY", "stationTo": "HYB", "trainOwner": "0", "trainRunsOnMon": "N", "trainRunsOnTue": "N", "trainRunsOnWed": "N", "trainRunsOnThu": "N", "trainRunsOnFri": "Y", "trainRunsOnSat": "N", "trainRunsOnSun": "N", "timeStamp": "2023-06-19T15:30:57.425", "duration": "0", "stationList": [{"stationCode": "TPTY", "stationName": "TIRUPATI", "arrivalTime": "--", "departureTime": "20:15", "routeNumber": "1", "haltTime": "--", "distance": "0", "dayCount": "1", "stnSerialNumber": "1", "boardingDisabled": "false"}, {"stationCode": "RU", "stationName": "RENIGUNTA JN", "arrivalTime": "20:28", "departureTime": "20:30", "routeNumber": "1", "haltTime": "02:00", "distance": "10", "dayCount": "1", "stnSerialNumber": "2", "boardingDisabled": "false"}, {"stationCode": "GDR", "stationName": "GUDUR JN", "arrivalTime": "21:50", "departureTime": "21:52", "routeNumber": "1", "haltTime": "02:00", "distance": "93", "dayCount": "1", "stnSerialNumber": "3", "boardingDisabled": "false"}, {"stationCode": "NLR", "stationName": "NELLORE", "arrivalTime": "22:28", "departureTime": "22:30", "routeNumber": "1", "haltTime": "02:00", "distance": "132", "dayCount": "1", "stnSerialNumber": "4", "boardingDisabled": "false"}, {"stationCode": "OGL", "stationName": "ONGOLE", "arrivalTime": "23:42", "departureTime": "23:44", "routeNumber": "1", "haltTime": "02:00", "distance": "248", "dayCount": "1", "stnSerialNumber": "5", "boardingDisabled": "false"}, {"stationCode": "CLX", "stationName": "CHIRALA", "arrivalTime": "00:20", "departureTime": "00:22", "routeNumber": "1", "haltTime": "02:00", "distance": "297", "dayCount": "2", "stnSerialNumber": "6", "boardingDisabled": "false"}, {"stationCode": "BPP", "stationName": "BAPATLA", "arrivalTime": "00:40", "departureTime": "00:42", "routeNumber": "1", "haltTime": "02:00", "distance": "312", "dayCount": "2", "stnSerialNumber": "7", "boardingDisabled": "false"}, {"stationCode": "TEL", "stationName": "TENALI JN", "arrivalTime": "01:08", "departureTime": "01:10", "routeNumber": "1", "haltTime": "02:00", "distance": "355", "dayCount": "2", "stnSerialNumber": "8", "boardingDisabled": "false"}, {"stationCode": "GNT", "stationName": "GUNTUR JN", "arrivalTime": "01:50", "departureTime": "01:52", "routeNumber": "1", "haltTime": "02:00", "distance": "380", "dayCount": "2", "stnSerialNumber": "9", "boardingDisabled": "false"}, {"stationCode": "SAP", "stationName": "SATTENAPALLE", "arrivalTime": "02:30", "departureTime": "02:32", "routeNumber": "1", "haltTime": "02:00", "distance": "422", "dayCount": "2", "stnSerialNumber": "10", "boardingDisabled": "false"}, {"stationCode": "NDKD", "stationName": "NADIKUDI JN", "arrivalTime": "03:00", "departureTime": "03:01", "routeNumber": "1", "haltTime": "01:00", "distance": "475", "dayCount": "2", "stnSerialNumber": "11", "boardingDisabled": "false"}, {"stationCode": "MRGA", "stationName": "MIRYALAGUDA", "arrivalTime": "03:55", "departureTime": "03:56", "routeNumber": "1", "haltTime": "01:00", "distance": "514", "dayCount": "2", "stnSerialNumber": "12", "boardingDisabled": "false"}, {"stationCode": "NLDA", "stationName": "NALGONDA", "arrivalTime": "04:25", "departureTime": "04:26", "routeNumber": "1", "haltTime": "01:00", "distance": "551", "dayCount": "2", "stnSerialNumber": "13", "boardingDisabled": "false"}, {"stationCode": "SC", "stationName": "SECUNDERABAD JN", "arrivalTime": "07:20", "departureTime": "07:30", "routeNumber": "1", "haltTime": "10:00", "distance": "661", "dayCount": "2", "stnSerialNumber": "14", "boardingDisabled": "false"}, {"stationCode": "HYB", "stationName": "HYDERABAD DECAN", "arrivalTime": "09:00", "departureTime": "--", "routeNumber": "1", "haltTime": "--", "distance": "671", "dayCount": "2", "stnSerialNumber": "15", "boardingDisabled": "false"}]}