{"trainNumber": "07589", "trainName": "TPTY KRYP SPL", "stationFrom": "TPTY", "stationTo": "KRYP", "trainOwner": "0", "trainRunsOnMon": "Y", "trainRunsOnTue": "Y", "trainRunsOnWed": "Y", "trainRunsOnThu": "Y", "trainRunsOnFri": "Y", "trainRunsOnSat": "Y", "trainRunsOnSun": "Y", "timeStamp": "2023-06-19T15:30:50.708", "duration": "0", "stationList": [{"stationCode": "TPTY", "stationName": "TIRUPATI", "arrivalTime": "--", "departureTime": "23:15", "routeNumber": "1", "haltTime": "--", "distance": "0", "dayCount": "1", "stnSerialNumber": "1", "boardingDisabled": "false"}, {"stationCode": "CGI", "stationName": "CHANDRAGIRI", "arrivalTime": "23:24", "departureTime": "23:25", "routeNumber": "1", "haltTime": "01:00", "distance": "12", "dayCount": "1", "stnSerialNumber": "2", "boardingDisabled": "false"}, {"stationCode": "PAM", "stationName": "PANAPAKAM", "arrivalTime": "23:39", "departureTime": "23:40", "routeNumber": "1", "haltTime": "01:00", "distance": "30", "dayCount": "1", "stnSerialNumber": "3", "boardingDisabled": "false"}, {"stationCode": "PAK", "stationName": "PAKALA JN", "arrivalTime": "23:53", "departureTime": "23:55", "routeNumber": "1", "haltTime": "02:00", "distance": "42", "dayCount": "1", "stnSerialNumber": "4", "boardingDisabled": "false"}, {"stationCode": "DCU", "stationName": "DAMALCHERUVU", "arrivalTime": "00:04", "departureTime": "00:05", "routeNumber": "1", "haltTime": "01:00", "distance": "50", "dayCount": "2", "stnSerialNumber": "5", "boardingDisabled": "false"}, {"stationCode": "PIL", "stationName": "PILER", "arrivalTime": "01:19", "departureTime": "01:20", "routeNumber": "1", "haltTime": "01:00", "distance": "83", "dayCount": "2", "stnSerialNumber": "6", "boardingDisabled": "false"}, {"stationCode": "MPL", "stationName": "MADANAPALLE RD", "arrivalTime": "01:59", "departureTime": "02:00", "routeNumber": "1", "haltTime": "01:00", "distance": "125", "dayCount": "2", "stnSerialNumber": "7", "boardingDisabled": "false"}, {"stationCode": "MCU", "stationName": "MULACALACHERUVU", "arrivalTime": "02:34", "departureTime": "02:35", "routeNumber": "1", "haltTime": "01:00", "distance": "165", "dayCount": "2", "stnSerialNumber": "8", "boardingDisabled": "false"}, {"stationCode": "NCU", "stationName": "NALLACHERUVU", "arrivalTime": "02:59", "departureTime": "03:00", "routeNumber": "1", "haltTime": "01:00", "distance": "192", "dayCount": "2", "stnSerialNumber": "9", "boardingDisabled": "false"}, {"stationCode": "KRY", "stationName": "KADIRI", "arrivalTime": "03:59", "departureTime": "04:00", "routeNumber": "1", "haltTime": "01:00", "distance": "203", "dayCount": "2", "stnSerialNumber": "10", "boardingDisabled": "false"}, {"stationCode": "MGB", "stationName": "MUDIGUBBA", "arrivalTime": "04:29", "departureTime": "04:30", "routeNumber": "1", "haltTime": "01:00", "distance": "235", "dayCount": "2", "stnSerialNumber": "11", "boardingDisabled": "false"}, {"stationCode": "CCI", "stationName": "CHINNEKUNTAPALI", "arrivalTime": "04:49", "departureTime": "04:50", "routeNumber": "1", "haltTime": "01:00", "distance": "255", "dayCount": "2", "stnSerialNumber": "12", "boardingDisabled": "false"}, {"stationCode": "DMM", "stationName": "DHARMAVARAM JN", "arrivalTime": "05:28", "departureTime": "05:30", "routeNumber": "1", "haltTime": "02:00", "distance": "270", "dayCount": "2", "stnSerialNumber": "13", "boardingDisabled": "false"}, {"stationCode": "CCA", "stationName": "CHIGICHERLA", "arrivalTime": "05:44", "departureTime": "05:45", "routeNumber": "1", "haltTime": "01:00", "distance": "281", "dayCount": "2", "stnSerialNumber": "14", "boardingDisabled": "false"}, {"stationCode": "ZPL", "stationName": "ZANGALAPALLE", "arrivalTime": "05:59", "departureTime": "06:00", "routeNumber": "1", "haltTime": "01:00", "distance": "290", "dayCount": "2", "stnSerialNumber": "15", "boardingDisabled": "false"}, {"stationCode": "PSPY", "stationName": "PRASANNAYANAPAL", "arrivalTime": "06:19", "departureTime": "06:20", "routeNumber": "1", "haltTime": "01:00", "distance": "299", "dayCount": "2", "stnSerialNumber": "16", "boardingDisabled": "false"}, {"stationCode": "ATP", "stationName": "ANANTAPUR", "arrivalTime": "06:58", "departureTime": "07:00", "routeNumber": "1", "haltTime": "02:00", "distance": "303", "dayCount": "2", "stnSerialNumber": "17", "boardingDisabled": "false"}, {"stationCode": "TAC", "stationName": "TATICHERLA", "arrivalTime": "07:07", "departureTime": "07:08", "routeNumber": "1", "haltTime": "01:00", "distance": "311", "dayCount": "2", "stnSerialNumber": "18", "boardingDisabled": "false"}, {"stationCode": "GDE", "stationName": "GARLADINNE", "arrivalTime": "07:15", "departureTime": "07:16", "routeNumber": "1", "haltTime": "01:00", "distance": "320", "dayCount": "2", "stnSerialNumber": "19", "boardingDisabled": "false"}, {"stationCode": "KLU", "stationName": "KALLURU", "arrivalTime": "07:25", "departureTime": "07:26", "routeNumber": "1", "haltTime": "01:00", "distance": "331", "dayCount": "2", "stnSerialNumber": "20", "boardingDisabled": "false"}, {"stationCode": "KDT", "stationName": "KHADARPET", "arrivalTime": "07:35", "departureTime": "07:36", "routeNumber": "1", "haltTime": "01:00", "distance": "339", "dayCount": "2", "stnSerialNumber": "21", "boardingDisabled": "false"}, {"stationCode": "VPL", "stationName": "VENKATAMPALLE", "arrivalTime": "07:46", "departureTime": "07:47", "routeNumber": "1", "haltTime": "01:00", "distance": "350", "dayCount": "2", "stnSerialNumber": "22", "boardingDisabled": "false"}, {"stationCode": "GPU", "stationName": "GULAPALYAMU", "arrivalTime": "07:56", "departureTime": "07:57", "routeNumber": "1", "haltTime": "01:00", "distance": "360", "dayCount": "2", "stnSerialNumber": "23", "boardingDisabled": "false"}, {"stationCode": "HNMN", "stationName": "HANUMAN STATION", "arrivalTime": "08:02", "departureTime": "08:03", "routeNumber": "1", "haltTime": "01:00", "distance": "368", "dayCount": "2", "stnSerialNumber": "24", "boardingDisabled": "false"}, {"stationCode": "GTL", "stationName": "GUNTAKAL JN", "arrivalTime": "08:15", "departureTime": "08:20", "routeNumber": "1", "haltTime": "05:00", "distance": "371", "dayCount": "2", "stnSerialNumber": "25", "boardingDisabled": "false"}, {"stationCode": "BLL", "stationName": "BANTANAHAL", "arrivalTime": "08:34", "departureTime": "08:35", "routeNumber": "1", "haltTime": "01:00", "distance": "383", "dayCount": "2", "stnSerialNumber": "26", "boardingDisabled": "false"}, {"stationCode": "BNL", "stationName": "BEVINAHALU", "arrivalTime": "08:42", "departureTime": "08:43", "routeNumber": "1", "haltTime": "01:00", "distance": "390", "dayCount": "2", "stnSerialNumber": "27", "boardingDisabled": "false"}, {"stationCode": "TKBN", "stationName": "TSAKIBANDA", "arrivalTime": "08:46", "departureTime": "08:47", "routeNumber": "1", "haltTime": "01:00", "distance": "394", "dayCount": "2", "stnSerialNumber": "28", "boardingDisabled": "false"}, {"stationCode": "VP", "stationName": "VIRAPUR", "arrivalTime": "08:54", "departureTime": "08:55", "routeNumber": "1", "haltTime": "01:00", "distance": "399", "dayCount": "2", "stnSerialNumber": "29", "boardingDisabled": "false"}, {"stationCode": "HGI", "stationName": "HAGARI", "arrivalTime": "09:09", "departureTime": "09:10", "routeNumber": "1", "haltTime": "01:00", "distance": "407", "dayCount": "2", "stnSerialNumber": "30", "boardingDisabled": "false"}, {"stationCode": "BAY", "stationName": "BALLARI JN", "arrivalTime": "09:48", "departureTime": "09:50", "routeNumber": "1", "haltTime": "02:00", "distance": "421", "dayCount": "2", "stnSerialNumber": "31", "boardingDisabled": "false"}, {"stationCode": "OBM", "stationName": "OBALAPURAM", "arrivalTime": "10:09", "departureTime": "10:10", "routeNumber": "1", "haltTime": "01:00", "distance": "437", "dayCount": "2", "stnSerialNumber": "32", "boardingDisabled": "false"}, {"stationCode": "SLM", "stationName": "SOMALAPURAM", "arrivalTime": "10:30", "departureTime": "10:31", "routeNumber": "1", "haltTime": "01:00", "distance": "452", "dayCount": "2", "stnSerialNumber": "33", "boardingDisabled": "false"}, {"stationCode": "RDG", "stationName": "RAYADRUG", "arrivalTime": "11:03", "departureTime": "11:05", "routeNumber": "1", "haltTime": "02:00", "distance": "475", "dayCount": "2", "stnSerialNumber": "34", "boardingDisabled": "false"}, {"stationCode": "ALAT", "stationName": "AVULADATLA", "arrivalTime": "11:21", "departureTime": "11:22", "routeNumber": "1", "haltTime": "01:00", "distance": "489", "dayCount": "2", "stnSerialNumber": "35", "boardingDisabled": "false"}, {"stationCode": "KYND", "stationName": "KALYANADURGA", "arrivalTime": "11:45", "departureTime": "11:46", "routeNumber": "1", "haltTime": "01:00", "distance": "515", "dayCount": "2", "stnSerialNumber": "36", "boardingDisabled": "false"}, {"stationCode": "KRYP", "stationName": "KADRIDEVARPALLI", "arrivalTime": "12:35", "departureTime": "--", "routeNumber": "1", "haltTime": "--", "distance": "537", "dayCount": "2", "stnSerialNumber": "37", "boardingDisabled": "false"}]}