{"trainNumber": "07590", "trainName": "KRYP TPTY EXP", "stationFrom": "KRYP", "stationTo": "TPTY", "trainOwner": "0", "trainRunsOnMon": "Y", "trainRunsOnTue": "Y", "trainRunsOnWed": "Y", "trainRunsOnThu": "Y", "trainRunsOnFri": "Y", "trainRunsOnSat": "Y", "trainRunsOnSun": "Y", "timeStamp": "2023-06-19T15:30:50.561", "duration": "0", "stationList": [{"stationCode": "KRYP", "stationName": "KADRIDEVARPALLI", "arrivalTime": "--", "departureTime": "14:45", "routeNumber": "1", "haltTime": "--", "distance": "0", "dayCount": "1", "stnSerialNumber": "1", "boardingDisabled": "false"}, {"stationCode": "KYND", "stationName": "KALYANADURGA", "arrivalTime": "15:04", "departureTime": "15:05", "routeNumber": "1", "haltTime": "01:00", "distance": "23", "dayCount": "1", "stnSerialNumber": "2", "boardingDisabled": "false"}, {"stationCode": "ALAT", "stationName": "AVULADATLA", "arrivalTime": "15:27", "departureTime": "15:28", "routeNumber": "1", "haltTime": "01:00", "distance": "48", "dayCount": "1", "stnSerialNumber": "3", "boardingDisabled": "false"}, {"stationCode": "RDG", "stationName": "RAYADRUG", "arrivalTime": "15:48", "departureTime": "15:50", "routeNumber": "1", "haltTime": "02:00", "distance": "63", "dayCount": "1", "stnSerialNumber": "4", "boardingDisabled": "false"}, {"stationCode": "SLM", "stationName": "SOMALAPURAM", "arrivalTime": "16:16", "departureTime": "16:17", "routeNumber": "1", "haltTime": "01:00", "distance": "85", "dayCount": "1", "stnSerialNumber": "5", "boardingDisabled": "false"}, {"stationCode": "OBM", "stationName": "OBALAPURAM", "arrivalTime": "16:37", "departureTime": "16:38", "routeNumber": "1", "haltTime": "01:00", "distance": "101", "dayCount": "1", "stnSerialNumber": "6", "boardingDisabled": "false"}, {"stationCode": "BAY", "stationName": "BALLARI JN", "arrivalTime": "17:13", "departureTime": "17:15", "routeNumber": "1", "haltTime": "02:00", "distance": "116", "dayCount": "1", "stnSerialNumber": "7", "boardingDisabled": "false"}, {"stationCode": "HGI", "stationName": "HAGARI", "arrivalTime": "17:34", "departureTime": "17:35", "routeNumber": "1", "haltTime": "01:00", "distance": "130", "dayCount": "1", "stnSerialNumber": "8", "boardingDisabled": "false"}, {"stationCode": "VP", "stationName": "VIRAPUR", "arrivalTime": "17:41", "departureTime": "17:42", "routeNumber": "1", "haltTime": "01:00", "distance": "139", "dayCount": "1", "stnSerialNumber": "9", "boardingDisabled": "false"}, {"stationCode": "TKBN", "stationName": "TSAKIBANDA", "arrivalTime": "17:45", "departureTime": "17:46", "routeNumber": "1", "haltTime": "01:00", "distance": "143", "dayCount": "1", "stnSerialNumber": "10", "boardingDisabled": "false"}, {"stationCode": "BNL", "stationName": "BEVINAHALU", "arrivalTime": "17:49", "departureTime": "17:50", "routeNumber": "1", "haltTime": "01:00", "distance": "147", "dayCount": "1", "stnSerialNumber": "11", "boardingDisabled": "false"}, {"stationCode": "BLL", "stationName": "BANTANAHAL", "arrivalTime": "17:57", "departureTime": "17:58", "routeNumber": "1", "haltTime": "01:00", "distance": "154", "dayCount": "1", "stnSerialNumber": "12", "boardingDisabled": "false"}, {"stationCode": "GTL", "stationName": "GUNTAKAL JN", "arrivalTime": "18:25", "departureTime": "18:30", "routeNumber": "1", "haltTime": "05:00", "distance": "166", "dayCount": "1", "stnSerialNumber": "13", "boardingDisabled": "false"}, {"stationCode": "HNMN", "stationName": "HANUMAN STATION", "arrivalTime": "18:34", "departureTime": "18:35", "routeNumber": "1", "haltTime": "01:00", "distance": "170", "dayCount": "1", "stnSerialNumber": "14", "boardingDisabled": "false"}, {"stationCode": "GPU", "stationName": "GULAPALYAMU", "arrivalTime": "18:42", "departureTime": "18:43", "routeNumber": "1", "haltTime": "01:00", "distance": "177", "dayCount": "1", "stnSerialNumber": "15", "boardingDisabled": "false"}, {"stationCode": "VPL", "stationName": "VENKATAMPALLE", "arrivalTime": "18:51", "departureTime": "18:52", "routeNumber": "1", "haltTime": "01:00", "distance": "188", "dayCount": "1", "stnSerialNumber": "16", "boardingDisabled": "false"}, {"stationCode": "KDT", "stationName": "KHADARPET", "arrivalTime": "19:09", "departureTime": "19:10", "routeNumber": "1", "haltTime": "01:00", "distance": "199", "dayCount": "1", "stnSerialNumber": "17", "boardingDisabled": "false"}, {"stationCode": "KLU", "stationName": "KALLURU", "arrivalTime": "19:29", "departureTime": "19:30", "routeNumber": "1", "haltTime": "01:00", "distance": "207", "dayCount": "1", "stnSerialNumber": "18", "boardingDisabled": "false"}, {"stationCode": "GDE", "stationName": "GARLADINNE", "arrivalTime": "19:39", "departureTime": "19:40", "routeNumber": "1", "haltTime": "01:00", "distance": "218", "dayCount": "1", "stnSerialNumber": "19", "boardingDisabled": "false"}, {"stationCode": "TAC", "stationName": "TATICHERLA", "arrivalTime": "19:49", "departureTime": "19:50", "routeNumber": "1", "haltTime": "01:00", "distance": "227", "dayCount": "1", "stnSerialNumber": "20", "boardingDisabled": "false"}, {"stationCode": "ATP", "stationName": "ANANTAPUR", "arrivalTime": "20:03", "departureTime": "20:05", "routeNumber": "1", "haltTime": "02:00", "distance": "234", "dayCount": "1", "stnSerialNumber": "21", "boardingDisabled": "false"}, {"stationCode": "PSPY", "stationName": "PRASANNAYANAPAL", "arrivalTime": "20:14", "departureTime": "20:15", "routeNumber": "1", "haltTime": "01:00", "distance": "238", "dayCount": "1", "stnSerialNumber": "22", "boardingDisabled": "false"}, {"stationCode": "ZPL", "stationName": "ZANGALAPALLE", "arrivalTime": "20:29", "departureTime": "20:30", "routeNumber": "1", "haltTime": "01:00", "distance": "247", "dayCount": "1", "stnSerialNumber": "23", "boardingDisabled": "false"}, {"stationCode": "CCA", "stationName": "CHIGICHERLA", "arrivalTime": "20:49", "departureTime": "20:50", "routeNumber": "1", "haltTime": "01:00", "distance": "256", "dayCount": "1", "stnSerialNumber": "24", "boardingDisabled": "false"}, {"stationCode": "DMM", "stationName": "DHARMAVARAM JN", "arrivalTime": "21:18", "departureTime": "21:20", "routeNumber": "1", "haltTime": "02:00", "distance": "268", "dayCount": "1", "stnSerialNumber": "25", "boardingDisabled": "false"}, {"stationCode": "CCI", "stationName": "CHINNEKUNTAPALI", "arrivalTime": "21:34", "departureTime": "21:35", "routeNumber": "1", "haltTime": "01:00", "distance": "282", "dayCount": "1", "stnSerialNumber": "26", "boardingDisabled": "false"}, {"stationCode": "MGB", "stationName": "MUDIGUBBA", "arrivalTime": "21:49", "departureTime": "21:50", "routeNumber": "1", "haltTime": "01:00", "distance": "303", "dayCount": "1", "stnSerialNumber": "27", "boardingDisabled": "false"}, {"stationCode": "KCM", "stationName": "KALASAMUDRAM", "arrivalTime": "22:04", "departureTime": "22:05", "routeNumber": "1", "haltTime": "01:00", "distance": "321", "dayCount": "1", "stnSerialNumber": "28", "boardingDisabled": "false"}, {"stationCode": "KRY", "stationName": "KADIRI", "arrivalTime": "22:29", "departureTime": "22:30", "routeNumber": "1", "haltTime": "01:00", "distance": "335", "dayCount": "1", "stnSerialNumber": "29", "boardingDisabled": "false"}, {"stationCode": "NCU", "stationName": "NALLACHERUVU", "arrivalTime": "22:39", "departureTime": "22:40", "routeNumber": "1", "haltTime": "01:00", "distance": "345", "dayCount": "1", "stnSerialNumber": "30", "boardingDisabled": "false"}, {"stationCode": "TKU", "stationName": "TANAKALLU", "arrivalTime": "22:59", "departureTime": "23:00", "routeNumber": "1", "haltTime": "01:00", "distance": "357", "dayCount": "1", "stnSerialNumber": "31", "boardingDisabled": "false"}, {"stationCode": "MCU", "stationName": "MULACALACHERUVU", "arrivalTime": "23:11", "departureTime": "23:12", "routeNumber": "1", "haltTime": "01:00", "distance": "372", "dayCount": "1", "stnSerialNumber": "32", "boardingDisabled": "false"}, {"stationCode": "KBA", "stationName": "KURABALAKOTA", "arrivalTime": "23:34", "departureTime": "23:35", "routeNumber": "1", "haltTime": "01:00", "distance": "403", "dayCount": "1", "stnSerialNumber": "34", "boardingDisabled": "false"}, {"stationCode": "MPL", "stationName": "MADANAPALLE RD", "arrivalTime": "23:54", "departureTime": "23:55", "routeNumber": "1", "haltTime": "01:00", "distance": "412", "dayCount": "1", "stnSerialNumber": "35", "boardingDisabled": "false"}, {"stationCode": "VLD", "stationName": "VAYALPAD", "arrivalTime": "00:04", "departureTime": "00:05", "routeNumber": "1", "haltTime": "01:00", "distance": "420", "dayCount": "2", "stnSerialNumber": "36", "boardingDisabled": "false"}, {"stationCode": "PIL", "stationName": "PILER", "arrivalTime": "00:39", "departureTime": "00:40", "routeNumber": "1", "haltTime": "01:00", "distance": "454", "dayCount": "2", "stnSerialNumber": "38", "boardingDisabled": "false"}, {"stationCode": "PAK", "stationName": "PAKALA JN", "arrivalTime": "01:28", "departureTime": "01:30", "routeNumber": "1", "haltTime": "02:00", "distance": "495", "dayCount": "2", "stnSerialNumber": "41", "boardingDisabled": "false"}, {"stationCode": "TPTY", "stationName": "TIRUPATI", "arrivalTime": "03:38", "departureTime": "--", "routeNumber": "1", "haltTime": "--", "distance": "537", "dayCount": "2", "stnSerialNumber": "44", "boardingDisabled": "false"}]}