{"trainNumber": "07608", "trainName": "TPTY PAU SPL", "stationFrom": "TPTY", "stationTo": "PAU", "trainOwner": "0", "trainRunsOnMon": "N", "trainRunsOnTue": "Y", "trainRunsOnWed": "N", "trainRunsOnThu": "N", "trainRunsOnFri": "N", "trainRunsOnSat": "N", "trainRunsOnSun": "N", "timeStamp": "2023-06-19T15:31:41.461", "duration": "0", "stationList": [{"stationCode": "TPTY", "stationName": "TIRUPATI", "arrivalTime": "--", "departureTime": "20:15", "routeNumber": "1", "haltTime": "--", "distance": "0", "dayCount": "1", "stnSerialNumber": "1", "boardingDisabled": "false"}, {"stationCode": "RU", "stationName": "RENIGUNTA JN", "arrivalTime": "20:28", "departureTime": "20:30", "routeNumber": "1", "haltTime": "02:00", "distance": "10", "dayCount": "1", "stnSerialNumber": "2", "boardingDisabled": "false"}, {"stationCode": "KHT", "stationName": "SRI KALAHASTI", "arrivalTime": "20:54", "departureTime": "20:55", "routeNumber": "1", "haltTime": "01:00", "distance": "33", "dayCount": "1", "stnSerialNumber": "3", "boardingDisabled": "false"}, {"stationCode": "GDR", "stationName": "GUDUR JN", "arrivalTime": "21:48", "departureTime": "21:50", "routeNumber": "1", "haltTime": "02:00", "distance": "93", "dayCount": "1", "stnSerialNumber": "4", "boardingDisabled": "false"}, {"stationCode": "NLR", "stationName": "NELLORE", "arrivalTime": "22:40", "departureTime": "22:42", "routeNumber": "1", "haltTime": "02:00", "distance": "132", "dayCount": "1", "stnSerialNumber": "5", "boardingDisabled": "false"}, {"stationCode": "OGL", "stationName": "ONGOLE", "arrivalTime": "00:10", "departureTime": "00:12", "routeNumber": "1", "haltTime": "02:00", "distance": "248", "dayCount": "2", "stnSerialNumber": "6", "boardingDisabled": "false"}, {"stationCode": "BPP", "stationName": "BAPATLA", "arrivalTime": "01:18", "departureTime": "01:20", "routeNumber": "1", "haltTime": "02:00", "distance": "312", "dayCount": "2", "stnSerialNumber": "7", "boardingDisabled": "false"}, {"stationCode": "TEL", "stationName": "TENALI JN", "arrivalTime": "02:00", "departureTime": "02:02", "routeNumber": "1", "haltTime": "02:00", "distance": "355", "dayCount": "2", "stnSerialNumber": "8", "boardingDisabled": "false"}, {"stationCode": "GNT", "stationName": "GUNTUR JN", "arrivalTime": "02:30", "departureTime": "02:35", "routeNumber": "1", "haltTime": "05:00", "distance": "380", "dayCount": "2", "stnSerialNumber": "9", "boardingDisabled": "false"}, {"stationCode": "SAP", "stationName": "SATTENAPALLE", "arrivalTime": "03:05", "departureTime": "03:06", "routeNumber": "1", "haltTime": "01:00", "distance": "422", "dayCount": "2", "stnSerialNumber": "10", "boardingDisabled": "false"}, {"stationCode": "NDKD", "stationName": "NADIKUDI JN", "arrivalTime": "04:00", "departureTime": "04:01", "routeNumber": "1", "haltTime": "01:00", "distance": "475", "dayCount": "2", "stnSerialNumber": "11", "boardingDisabled": "false"}, {"stationCode": "MRGA", "stationName": "MIRYALAGUDA", "arrivalTime": "04:50", "departureTime": "04:51", "routeNumber": "1", "haltTime": "01:00", "distance": "514", "dayCount": "2", "stnSerialNumber": "12", "boardingDisabled": "false"}, {"stationCode": "NLDA", "stationName": "NALGONDA", "arrivalTime": "05:25", "departureTime": "05:27", "routeNumber": "1", "haltTime": "02:00", "distance": "551", "dayCount": "2", "stnSerialNumber": "13", "boardingDisabled": "false"}, {"stationCode": "SC", "stationName": "SECUNDERABAD JN", "arrivalTime": "07:30", "departureTime": "07:50", "routeNumber": "1", "haltTime": "20:00", "distance": "661", "dayCount": "2", "stnSerialNumber": "14", "boardingDisabled": "false"}, {"stationCode": "MED", "stationName": "MEDCHAL", "arrivalTime": "08:30", "departureTime": "08:31", "routeNumber": "1", "haltTime": "01:00", "distance": "689", "dayCount": "2", "stnSerialNumber": "15", "boardingDisabled": "false"}, {"stationCode": "KMC", "stationName": "KAMAREDDI", "arrivalTime": "10:00", "departureTime": "10:02", "routeNumber": "1", "haltTime": "02:00", "distance": "770", "dayCount": "2", "stnSerialNumber": "16", "boardingDisabled": "false"}, {"stationCode": "NZB", "stationName": "NIZAMABAD JN", "arrivalTime": "11:00", "departureTime": "11:02", "routeNumber": "1", "haltTime": "02:00", "distance": "822", "dayCount": "2", "stnSerialNumber": "17", "boardingDisabled": "false"}, {"stationCode": "BSX", "stationName": "BASAR", "arrivalTime": "12:00", "departureTime": "12:02", "routeNumber": "1", "haltTime": "02:00", "distance": "851", "dayCount": "2", "stnSerialNumber": "18", "boardingDisabled": "false"}, {"stationCode": "DAB", "stationName": "DHARMABAD", "arrivalTime": "12:20", "departureTime": "12:21", "routeNumber": "1", "haltTime": "01:00", "distance": "861", "dayCount": "2", "stnSerialNumber": "19", "boardingDisabled": "false"}, {"stationCode": "MUE", "stationName": "MUDKHED", "arrivalTime": "13:10", "departureTime": "13:11", "routeNumber": "1", "haltTime": "01:00", "distance": "910", "dayCount": "2", "stnSerialNumber": "20", "boardingDisabled": "false"}, {"stationCode": "NED", "stationName": "H SAHIB NANDED", "arrivalTime": "14:00", "departureTime": "14:10", "routeNumber": "1", "haltTime": "10:00", "distance": "933", "dayCount": "2", "stnSerialNumber": "21", "boardingDisabled": "false"}, {"stationCode": "PAU", "stationName": "PURNA JN", "arrivalTime": "15:10", "departureTime": "--", "routeNumber": "1", "haltTime": "--", "distance": "963", "dayCount": "2", "stnSerialNumber": "22", "boardingDisabled": "false"}]}