{"trainNumber": "07607", "trainName": "PAU TPTY SPL", "stationFrom": "PAU", "stationTo": "TPTY", "trainOwner": "0", "trainRunsOnMon": "Y", "trainRunsOnTue": "N", "trainRunsOnWed": "N", "trainRunsOnThu": "N", "trainRunsOnFri": "N", "trainRunsOnSat": "N", "trainRunsOnSun": "N", "timeStamp": "2023-06-19T15:31:41.456", "duration": "0", "stationList": [{"stationCode": "PAU", "stationName": "PURNA JN", "arrivalTime": "--", "departureTime": "12:40", "routeNumber": "1", "haltTime": "--", "distance": "0", "dayCount": "1", "stnSerialNumber": "1", "boardingDisabled": "false"}, {"stationCode": "NED", "stationName": "H SAHIB NANDED", "arrivalTime": "13:10", "departureTime": "13:15", "routeNumber": "1", "haltTime": "05:00", "distance": "31", "dayCount": "1", "stnSerialNumber": "2", "boardingDisabled": "false"}, {"stationCode": "MUE", "stationName": "MUDKHED", "arrivalTime": "13:58", "departureTime": "14:00", "routeNumber": "1", "haltTime": "02:00", "distance": "53", "dayCount": "1", "stnSerialNumber": "3", "boardingDisabled": "false"}, {"stationCode": "DAB", "stationName": "DHARMABAD", "arrivalTime": "14:50", "departureTime": "14:51", "routeNumber": "1", "haltTime": "01:00", "distance": "103", "dayCount": "1", "stnSerialNumber": "4", "boardingDisabled": "false"}, {"stationCode": "BSX", "stationName": "BASAR", "arrivalTime": "15:00", "departureTime": "15:01", "routeNumber": "1", "haltTime": "01:00", "distance": "112", "dayCount": "1", "stnSerialNumber": "5", "boardingDisabled": "false"}, {"stationCode": "NZB", "stationName": "NIZAMABAD JN", "arrivalTime": "15:20", "departureTime": "15:22", "routeNumber": "1", "haltTime": "02:00", "distance": "142", "dayCount": "1", "stnSerialNumber": "6", "boardingDisabled": "false"}, {"stationCode": "KMC", "stationName": "KAMAREDDI", "arrivalTime": "16:10", "departureTime": "16:12", "routeNumber": "1", "haltTime": "02:00", "distance": "194", "dayCount": "1", "stnSerialNumber": "7", "boardingDisabled": "false"}, {"stationCode": "MED", "stationName": "MEDCHAL", "arrivalTime": "17:30", "departureTime": "17:31", "routeNumber": "1", "haltTime": "01:00", "distance": "274", "dayCount": "1", "stnSerialNumber": "8", "boardingDisabled": "false"}, {"stationCode": "SC", "stationName": "SECUNDERABAD JN", "arrivalTime": "18:35", "departureTime": "18:50", "routeNumber": "1", "haltTime": "15:00", "distance": "302", "dayCount": "1", "stnSerialNumber": "9", "boardingDisabled": "false"}, {"stationCode": "NLDA", "stationName": "NALGONDA", "arrivalTime": "20:39", "departureTime": "20:40", "routeNumber": "1", "haltTime": "01:00", "distance": "412", "dayCount": "1", "stnSerialNumber": "10", "boardingDisabled": "false"}, {"stationCode": "MRGA", "stationName": "MIRYALAGUDA", "arrivalTime": "20:58", "departureTime": "20:59", "routeNumber": "1", "haltTime": "01:00", "distance": "450", "dayCount": "1", "stnSerialNumber": "11", "boardingDisabled": "false"}, {"stationCode": "NDKD", "stationName": "NADIKUDI JN", "arrivalTime": "21:29", "departureTime": "21:30", "routeNumber": "1", "haltTime": "01:00", "distance": "488", "dayCount": "1", "stnSerialNumber": "12", "boardingDisabled": "false"}, {"stationCode": "SAP", "stationName": "SATTENAPALLE", "arrivalTime": "22:09", "departureTime": "22:10", "routeNumber": "1", "haltTime": "01:00", "distance": "541", "dayCount": "1", "stnSerialNumber": "13", "boardingDisabled": "false"}, {"stationCode": "GNT", "stationName": "GUNTUR JN", "arrivalTime": "23:00", "departureTime": "23:05", "routeNumber": "1", "haltTime": "05:00", "distance": "583", "dayCount": "1", "stnSerialNumber": "14", "boardingDisabled": "false"}, {"stationCode": "TEL", "stationName": "TENALI JN", "arrivalTime": "23:55", "departureTime": "23:57", "routeNumber": "1", "haltTime": "02:00", "distance": "609", "dayCount": "1", "stnSerialNumber": "15", "boardingDisabled": "false"}, {"stationCode": "BPP", "stationName": "BAPATLA", "arrivalTime": "00:38", "departureTime": "00:40", "routeNumber": "1", "haltTime": "02:00", "distance": "651", "dayCount": "2", "stnSerialNumber": "16", "boardingDisabled": "false"}, {"stationCode": "OGL", "stationName": "ONGOLE", "arrivalTime": "01:38", "departureTime": "01:40", "routeNumber": "1", "haltTime": "02:00", "distance": "716", "dayCount": "2", "stnSerialNumber": "17", "boardingDisabled": "false"}, {"stationCode": "NLR", "stationName": "NELLORE", "arrivalTime": "03:25", "departureTime": "03:27", "routeNumber": "1", "haltTime": "02:00", "distance": "832", "dayCount": "2", "stnSerialNumber": "18", "boardingDisabled": "false"}, {"stationCode": "GDR", "stationName": "GUDUR JN", "arrivalTime": "04:20", "departureTime": "04:22", "routeNumber": "1", "haltTime": "02:00", "distance": "870", "dayCount": "2", "stnSerialNumber": "19", "boardingDisabled": "false"}, {"stationCode": "KHT", "stationName": "SRI KALAHASTI", "arrivalTime": "06:19", "departureTime": "06:20", "routeNumber": "1", "haltTime": "01:00", "distance": "930", "dayCount": "2", "stnSerialNumber": "20", "boardingDisabled": "false"}, {"stationCode": "RU", "stationName": "RENIGUNTA JN", "arrivalTime": "06:58", "departureTime": "07:00", "routeNumber": "1", "haltTime": "02:00", "distance": "953", "dayCount": "2", "stnSerialNumber": "21", "boardingDisabled": "false"}, {"stationCode": "TPTY", "stationName": "TIRUPATI", "arrivalTime": "07:50", "departureTime": "--", "routeNumber": "1", "haltTime": "--", "distance": "963", "dayCount": "2", "stnSerialNumber": "22", "boardingDisabled": "false"}]}