{"trainNumber": "07606", "trainName": "AK TPTY SF  SPL", "stationFrom": "AK", "stationTo": "TPTY", "trainOwner": "0", "trainRunsOnMon": "N", "trainRunsOnTue": "N", "trainRunsOnWed": "N", "trainRunsOnThu": "N", "trainRunsOnFri": "N", "trainRunsOnSat": "N", "trainRunsOnSun": "Y", "timeStamp": "2023-06-19T15:31:41.464", "duration": "0", "stationList": [{"stationCode": "AK", "stationName": "AKOLA JN", "arrivalTime": "--", "departureTime": "08:10", "routeNumber": "1", "haltTime": "--", "distance": "0", "dayCount": "1", "stnSerialNumber": "1", "boardingDisabled": "false"}, {"stationCode": "WHM", "stationName": "WASHIM", "arrivalTime": "09:19", "departureTime": "09:20", "routeNumber": "1", "haltTime": "01:00", "distance": "79", "dayCount": "1", "stnSerialNumber": "2", "boardingDisabled": "false"}, {"stationCode": "HNL", "stationName": "HINGOLI DECCAN", "arrivalTime": "10:00", "departureTime": "10:01", "routeNumber": "1", "haltTime": "01:00", "distance": "127", "dayCount": "1", "stnSerialNumber": "3", "boardingDisabled": "false"}, {"stationCode": "BMF", "stationName": "BASMAT", "arrivalTime": "10:49", "departureTime": "10:50", "routeNumber": "1", "haltTime": "01:00", "distance": "185", "dayCount": "1", "stnSerialNumber": "4", "boardingDisabled": "false"}, {"stationCode": "PAU", "stationName": "PURNA JN", "arrivalTime": "11:30", "departureTime": "11:40", "routeNumber": "1", "haltTime": "10:00", "distance": "207", "dayCount": "1", "stnSerialNumber": "5", "boardingDisabled": "false"}, {"stationCode": "NED", "stationName": "H SAHIB NANDED", "arrivalTime": "12:15", "departureTime": "12:20", "routeNumber": "1", "haltTime": "05:00", "distance": "238", "dayCount": "1", "stnSerialNumber": "6", "boardingDisabled": "false"}, {"stationCode": "MUE", "stationName": "MUDKHED", "arrivalTime": "13:00", "departureTime": "13:02", "routeNumber": "1", "haltTime": "02:00", "distance": "260", "dayCount": "1", "stnSerialNumber": "7", "boardingDisabled": "false"}, {"stationCode": "DAB", "stationName": "DHARMABAD", "arrivalTime": "13:44", "departureTime": "13:45", "routeNumber": "1", "haltTime": "01:00", "distance": "309", "dayCount": "1", "stnSerialNumber": "8", "boardingDisabled": "false"}, {"stationCode": "NZB", "stationName": "NIZAMABAD JN", "arrivalTime": "14:30", "departureTime": "14:32", "routeNumber": "1", "haltTime": "02:00", "distance": "349", "dayCount": "1", "stnSerialNumber": "9", "boardingDisabled": "false"}, {"stationCode": "KMC", "stationName": "KAMAREDDI", "arrivalTime": "15:19", "departureTime": "15:20", "routeNumber": "1", "haltTime": "01:00", "distance": "400", "dayCount": "1", "stnSerialNumber": "10", "boardingDisabled": "false"}, {"stationCode": "KCG", "stationName": "KACHEGUDA", "arrivalTime": "17:40", "departureTime": "17:50", "routeNumber": "1", "haltTime": "10:00", "distance": "514", "dayCount": "1", "stnSerialNumber": "11", "boardingDisabled": "false"}, {"stationCode": "MBNR", "stationName": "MAHBUBNAGAR", "arrivalTime": "19:48", "departureTime": "19:50", "routeNumber": "1", "haltTime": "02:00", "distance": "620", "dayCount": "1", "stnSerialNumber": "12", "boardingDisabled": "false"}, {"stationCode": "GWD", "stationName": "GADWAL", "arrivalTime": "20:54", "departureTime": "20:55", "routeNumber": "1", "haltTime": "01:00", "distance": "695", "dayCount": "1", "stnSerialNumber": "13", "boardingDisabled": "false"}, {"stationCode": "KRNT", "stationName": "KURNOOL CITY", "arrivalTime": "21:50", "departureTime": "21:52", "routeNumber": "1", "haltTime": "02:00", "distance": "750", "dayCount": "1", "stnSerialNumber": "14", "boardingDisabled": "false"}, {"stationCode": "DHNE", "stationName": "DHONE", "arrivalTime": "22:35", "departureTime": "22:40", "routeNumber": "1", "haltTime": "05:00", "distance": "804", "dayCount": "1", "stnSerialNumber": "15", "boardingDisabled": "false"}, {"stationCode": "ATP", "stationName": "ANANTAPUR", "arrivalTime": "00:23", "departureTime": "00:25", "routeNumber": "1", "haltTime": "02:00", "distance": "916", "dayCount": "2", "stnSerialNumber": "16", "boardingDisabled": "false"}, {"stationCode": "DMM", "stationName": "DHARMAVARAM JN", "arrivalTime": "01:18", "departureTime": "01:20", "routeNumber": "1", "haltTime": "02:00", "distance": "949", "dayCount": "2", "stnSerialNumber": "17", "boardingDisabled": "false"}, {"stationCode": "KRY", "stationName": "KADIRI", "arrivalTime": "02:09", "departureTime": "02:10", "routeNumber": "1", "haltTime": "01:00", "distance": "1017", "dayCount": "2", "stnSerialNumber": "18", "boardingDisabled": "false"}, {"stationCode": "MPL", "stationName": "MADANAPALLE RD", "arrivalTime": "03:19", "departureTime": "03:20", "routeNumber": "1", "haltTime": "01:00", "distance": "1094", "dayCount": "2", "stnSerialNumber": "19", "boardingDisabled": "false"}, {"stationCode": "PIL", "stationName": "PILER", "arrivalTime": "04:09", "departureTime": "04:10", "routeNumber": "1", "haltTime": "01:00", "distance": "1136", "dayCount": "2", "stnSerialNumber": "20", "boardingDisabled": "false"}, {"stationCode": "PAK", "stationName": "PAKALA JN", "arrivalTime": "04:59", "departureTime": "05:00", "routeNumber": "1", "haltTime": "01:00", "distance": "1177", "dayCount": "2", "stnSerialNumber": "21", "boardingDisabled": "false"}, {"stationCode": "TPTY", "stationName": "TIRUPATI", "arrivalTime": "06:25", "departureTime": "--", "routeNumber": "1", "haltTime": "--", "distance": "1219", "dayCount": "2", "stnSerialNumber": "22", "boardingDisabled": "false"}]}