{"trainNumber": "07632", "trainName": "NS HYB SPL", "stationFrom": "NS", "stationTo": "HYB", "trainOwner": "0", "trainRunsOnMon": "N", "trainRunsOnTue": "N", "trainRunsOnWed": "N", "trainRunsOnThu": "N", "trainRunsOnFri": "N", "trainRunsOnSat": "N", "trainRunsOnSun": "Y", "timeStamp": "2023-06-19T15:31:39.785", "duration": "0", "stationList": [{"stationCode": "NS", "stationName": "NARASAPUR", "arrivalTime": "--", "departureTime": "20:00", "routeNumber": "1", "haltTime": "--", "distance": "0", "dayCount": "1", "stnSerialNumber": "1", "boardingDisabled": "false"}, {"stationCode": "PKO", "stationName": "PALAKOLLU", "arrivalTime": "20:10", "departureTime": "20:11", "routeNumber": "1", "haltTime": "01:00", "distance": "9", "dayCount": "1", "stnSerialNumber": "2", "boardingDisabled": "false"}, {"stationCode": "BVRT", "stationName": "BHIMAVARAM TOWN", "arrivalTime": "20:40", "departureTime": "20:42", "routeNumber": "1", "haltTime": "02:00", "distance": "31", "dayCount": "1", "stnSerialNumber": "3", "boardingDisabled": "false"}, {"stationCode": "AKVD", "stationName": "AKIVIDU", "arrivalTime": "21:00", "departureTime": "21:02", "routeNumber": "1", "haltTime": "02:00", "distance": "49", "dayCount": "1", "stnSerialNumber": "4", "boardingDisabled": "false"}, {"stationCode": "KKLR", "stationName": "KAIKALUR", "arrivalTime": "21:20", "departureTime": "21:22", "routeNumber": "1", "haltTime": "02:00", "distance": "66", "dayCount": "1", "stnSerialNumber": "5", "boardingDisabled": "false"}, {"stationCode": "GDV", "stationName": "GUDIVADA JN", "arrivalTime": "22:10", "departureTime": "22:12", "routeNumber": "1", "haltTime": "02:00", "distance": "95", "dayCount": "1", "stnSerialNumber": "6", "boardingDisabled": "false"}, {"stationCode": "BZA", "stationName": "VIJAYAWADA JN", "arrivalTime": "23:20", "departureTime": "23:30", "routeNumber": "1", "haltTime": "10:00", "distance": "139", "dayCount": "1", "stnSerialNumber": "7", "boardingDisabled": "false"}, {"stationCode": "GNT", "stationName": "GUNTUR JN", "arrivalTime": "00:40", "departureTime": "00:45", "routeNumber": "1", "haltTime": "05:00", "distance": "171", "dayCount": "2", "stnSerialNumber": "8", "boardingDisabled": "false"}, {"stationCode": "MRGA", "stationName": "MIRYALAGUDA", "arrivalTime": "02:45", "departureTime": "02:47", "routeNumber": "1", "haltTime": "02:00", "distance": "304", "dayCount": "2", "stnSerialNumber": "9", "boardingDisabled": "false"}, {"stationCode": "NLDA", "stationName": "NALGONDA", "arrivalTime": "03:15", "departureTime": "03:17", "routeNumber": "1", "haltTime": "02:00", "distance": "342", "dayCount": "2", "stnSerialNumber": "10", "boardingDisabled": "false"}, {"stationCode": "SC", "stationName": "SECUNDERABAD JN", "arrivalTime": "07:10", "departureTime": "07:20", "routeNumber": "1", "haltTime": "10:00", "distance": "452", "dayCount": "2", "stnSerialNumber": "11", "boardingDisabled": "false"}, {"stationCode": "HYB", "stationName": "HYDERABAD DECAN", "arrivalTime": "08:30", "departureTime": "--", "routeNumber": "1", "haltTime": "--", "distance": "461", "dayCount": "2", "stnSerialNumber": "12", "boardingDisabled": "false"}]}