{"trainNumber": "07637", "trainName": "TPTY SNSI SPL", "stationFrom": "TPTY", "stationTo": "SNSI", "trainOwner": "0", "trainRunsOnMon": "N", "trainRunsOnTue": "N", "trainRunsOnWed": "N", "trainRunsOnThu": "N", "trainRunsOnFri": "N", "trainRunsOnSat": "N", "trainRunsOnSun": "Y", "timeStamp": "2023-06-19T15:31:39.727", "duration": "0", "stationList": [{"stationCode": "TPTY", "stationName": "TIRUPATI", "arrivalTime": "--", "departureTime": "05:30", "routeNumber": "1", "haltTime": "--", "distance": "0", "dayCount": "1", "stnSerialNumber": "1", "boardingDisabled": "false"}, {"stationCode": "RU", "stationName": "RENIGUNTA JN", "arrivalTime": "05:45", "departureTime": "05:47", "routeNumber": "1", "haltTime": "02:00", "distance": "10", "dayCount": "1", "stnSerialNumber": "2", "boardingDisabled": "false"}, {"stationCode": "GDR", "stationName": "GUDUR JN", "arrivalTime": "07:10", "departureTime": "07:12", "routeNumber": "1", "haltTime": "02:00", "distance": "93", "dayCount": "1", "stnSerialNumber": "3", "boardingDisabled": "false"}, {"stationCode": "NLR", "stationName": "NELLORE", "arrivalTime": "07:53", "departureTime": "07:55", "routeNumber": "1", "haltTime": "02:00", "distance": "132", "dayCount": "1", "stnSerialNumber": "4", "boardingDisabled": "false"}, {"stationCode": "OGL", "stationName": "ONGOLE", "arrivalTime": "09:30", "departureTime": "09:32", "routeNumber": "1", "haltTime": "02:00", "distance": "248", "dayCount": "1", "stnSerialNumber": "5", "boardingDisabled": "false"}, {"stationCode": "CLX", "stationName": "CHIRALA", "arrivalTime": "10:15", "departureTime": "10:17", "routeNumber": "1", "haltTime": "02:00", "distance": "297", "dayCount": "1", "stnSerialNumber": "6", "boardingDisabled": "false"}, {"stationCode": "BPP", "stationName": "BAPATLA", "arrivalTime": "10:30", "departureTime": "10:32", "routeNumber": "1", "haltTime": "02:00", "distance": "312", "dayCount": "1", "stnSerialNumber": "7", "boardingDisabled": "false"}, {"stationCode": "TEL", "stationName": "TENALI JN", "arrivalTime": "11:05", "departureTime": "11:07", "routeNumber": "1", "haltTime": "02:00", "distance": "355", "dayCount": "1", "stnSerialNumber": "8", "boardingDisabled": "false"}, {"stationCode": "GNT", "stationName": "GUNTUR JN", "arrivalTime": "12:00", "departureTime": "12:05", "routeNumber": "1", "haltTime": "05:00", "distance": "380", "dayCount": "1", "stnSerialNumber": "9", "boardingDisabled": "false"}, {"stationCode": "SAP", "stationName": "SATTENAPALLE", "arrivalTime": "12:45", "departureTime": "12:46", "routeNumber": "1", "haltTime": "01:00", "distance": "422", "dayCount": "1", "stnSerialNumber": "10", "boardingDisabled": "false"}, {"stationCode": "PGRL", "stationName": "PIDUGURALLA", "arrivalTime": "13:14", "departureTime": "13:15", "routeNumber": "1", "haltTime": "01:00", "distance": "454", "dayCount": "1", "stnSerialNumber": "11", "boardingDisabled": "false"}, {"stationCode": "NDKD", "stationName": "NADIKUDI JN", "arrivalTime": "13:35", "departureTime": "13:37", "routeNumber": "1", "haltTime": "02:00", "distance": "475", "dayCount": "1", "stnSerialNumber": "12", "boardingDisabled": "false"}, {"stationCode": "MRGA", "stationName": "MIRYALAGUDA", "arrivalTime": "14:05", "departureTime": "14:06", "routeNumber": "1", "haltTime": "01:00", "distance": "514", "dayCount": "1", "stnSerialNumber": "13", "boardingDisabled": "false"}, {"stationCode": "NLDA", "stationName": "NALGONDA", "arrivalTime": "14:45", "departureTime": "14:46", "routeNumber": "1", "haltTime": "01:00", "distance": "551", "dayCount": "1", "stnSerialNumber": "14", "boardingDisabled": "false"}, {"stationCode": "SC", "stationName": "SECUNDERABAD JN", "arrivalTime": "16:50", "departureTime": "17:00", "routeNumber": "1", "haltTime": "10:00", "distance": "661", "dayCount": "1", "stnSerialNumber": "15", "boardingDisabled": "false"}, {"stationCode": "LPI", "stationName": "LINGAMPALLI", "arrivalTime": "17:40", "departureTime": "17:42", "routeNumber": "1", "haltTime": "02:00", "distance": "684", "dayCount": "1", "stnSerialNumber": "16", "boardingDisabled": "false"}, {"stationCode": "VKB", "stationName": "VIKARABAD JN", "arrivalTime": "18:20", "departureTime": "18:22", "routeNumber": "1", "haltTime": "02:00", "distance": "733", "dayCount": "1", "stnSerialNumber": "17", "boardingDisabled": "false"}, {"stationCode": "ZB", "stationName": "ZAHIRABAD", "arrivalTime": "19:24", "departureTime": "19:26", "routeNumber": "1", "haltTime": "02:00", "distance": "792", "dayCount": "1", "stnSerialNumber": "18", "boardingDisabled": "false"}, {"stationCode": "BIDR", "stationName": "BIDAR", "arrivalTime": "20:04", "departureTime": "20:05", "routeNumber": "1", "haltTime": "01:00", "distance": "824", "dayCount": "1", "stnSerialNumber": "19", "boardingDisabled": "false"}, {"stationCode": "BHLK", "stationName": "BHALKI", "arrivalTime": "21:04", "departureTime": "21:05", "routeNumber": "1", "haltTime": "01:00", "distance": "861", "dayCount": "1", "stnSerialNumber": "20", "boardingDisabled": "false"}, {"stationCode": "UDGR", "stationName": "UDGIR", "arrivalTime": "22:00", "departureTime": "22:01", "routeNumber": "1", "haltTime": "01:00", "distance": "904", "dayCount": "1", "stnSerialNumber": "21", "boardingDisabled": "false"}, {"stationCode": "LTRR", "stationName": "LATUR ROAD", "arrivalTime": "22:40", "departureTime": "22:42", "routeNumber": "1", "haltTime": "02:00", "distance": "937", "dayCount": "1", "stnSerialNumber": "22", "boardingDisabled": "false"}, {"stationCode": "PRLI", "stationName": "PARLI VAIJNATH", "arrivalTime": "23:55", "departureTime": "00:05", "routeNumber": "1", "haltTime": "10:00", "distance": "1001", "dayCount": "2", "stnSerialNumber": "23", "boardingDisabled": "false"}, {"stationCode": "GNH", "stationName": "GANGAKHER", "arrivalTime": "00:49", "departureTime": "00:50", "routeNumber": "1", "haltTime": "01:00", "distance": "1030", "dayCount": "2", "stnSerialNumber": "24", "boardingDisabled": "false"}, {"stationCode": "PBN", "stationName": "PARBHANI JN", "arrivalTime": "02:00", "departureTime": "02:20", "routeNumber": "1", "haltTime": "20:00", "distance": "1064", "dayCount": "2", "stnSerialNumber": "25", "boardingDisabled": "false"}, {"stationCode": "MVO", "stationName": "MANWATH ROAD", "arrivalTime": "03:00", "departureTime": "03:01", "routeNumber": "1", "haltTime": "01:00", "distance": "1092", "dayCount": "2", "stnSerialNumber": "26", "boardingDisabled": "false"}, {"stationCode": "SELU", "stationName": "SELU", "arrivalTime": "03:19", "departureTime": "03:20", "routeNumber": "1", "haltTime": "01:00", "distance": "1107", "dayCount": "2", "stnSerialNumber": "27", "boardingDisabled": "false"}, {"stationCode": "J", "stationName": "JALNA", "arrivalTime": "04:33", "departureTime": "04:35", "routeNumber": "1", "haltTime": "02:00", "distance": "1179", "dayCount": "2", "stnSerialNumber": "28", "boardingDisabled": "false"}, {"stationCode": "AWB", "stationName": "AURANGABAD", "arrivalTime": "05:45", "departureTime": "05:50", "routeNumber": "1", "haltTime": "05:00", "distance": "1241", "dayCount": "2", "stnSerialNumber": "29", "boardingDisabled": "false"}, {"stationCode": "NSL", "stationName": "NAGARSOL", "arrivalTime": "07:40", "departureTime": "07:45", "routeNumber": "1", "haltTime": "05:00", "distance": "1330", "dayCount": "2", "stnSerialNumber": "30", "boardingDisabled": "false"}, {"stationCode": "MMR", "stationName": "MANMAD JN", "arrivalTime": "08:50", "departureTime": "08:55", "routeNumber": "1", "haltTime": "05:00", "distance": "1355", "dayCount": "2", "stnSerialNumber": "31", "boardingDisabled": "false"}, {"stationCode": "KPG", "stationName": "KOPARGAON", "arrivalTime": "09:53", "departureTime": "09:55", "routeNumber": "1", "haltTime": "02:00", "distance": "1396", "dayCount": "2", "stnSerialNumber": "32", "boardingDisabled": "false"}, {"stationCode": "SNSI", "stationName": "SAINAGAR SHIRDI", "arrivalTime": "10:45", "departureTime": "--", "routeNumber": "1", "haltTime": "--", "distance": "1437", "dayCount": "2", "stnSerialNumber": "33", "boardingDisabled": "false"}]}