{"trainNumber": "07644", "trainName": "TPTY HYB SPL", "stationFrom": "TPTY", "stationTo": "HYB", "trainOwner": "0", "trainRunsOnMon": "N", "trainRunsOnTue": "Y", "trainRunsOnWed": "N", "trainRunsOnThu": "N", "trainRunsOnFri": "N", "trainRunsOnSat": "N", "trainRunsOnSun": "N", "timeStamp": "2023-06-19T15:31:40.445", "duration": "0", "stationList": [{"stationCode": "TPTY", "stationName": "TIRUPATI", "arrivalTime": "--", "departureTime": "15:00", "routeNumber": "1", "haltTime": "--", "distance": "0", "dayCount": "1", "stnSerialNumber": "1", "boardingDisabled": "false"}, {"stationCode": "RU", "stationName": "RENIGUNTA JN", "arrivalTime": "15:23", "departureTime": "15:25", "routeNumber": "1", "haltTime": "02:00", "distance": "10", "dayCount": "1", "stnSerialNumber": "2", "boardingDisabled": "false"}, {"stationCode": "RJP", "stationName": "RAZAMPETA", "arrivalTime": "16:19", "departureTime": "16:20", "routeNumber": "1", "haltTime": "01:00", "distance": "85", "dayCount": "1", "stnSerialNumber": "3", "boardingDisabled": "false"}, {"stationCode": "HX", "stationName": "CUDDAPAH", "arrivalTime": "17:03", "departureTime": "17:05", "routeNumber": "1", "haltTime": "02:00", "distance": "135", "dayCount": "1", "stnSerialNumber": "4", "boardingDisabled": "false"}, {"stationCode": "YA", "stationName": "YERRAGUNTLA", "arrivalTime": "17:44", "departureTime": "17:45", "routeNumber": "1", "haltTime": "01:00", "distance": "174", "dayCount": "1", "stnSerialNumber": "5", "boardingDisabled": "false"}, {"stationCode": "TU", "stationName": "TADIPATRI", "arrivalTime": "18:44", "departureTime": "18:45", "routeNumber": "1", "haltTime": "01:00", "distance": "244", "dayCount": "1", "stnSerialNumber": "6", "boardingDisabled": "false"}, {"stationCode": "GY", "stationName": "GOOTY", "arrivalTime": "19:29", "departureTime": "19:30", "routeNumber": "1", "haltTime": "01:00", "distance": "292", "dayCount": "1", "stnSerialNumber": "7", "boardingDisabled": "false"}, {"stationCode": "DHNE", "stationName": "DHONE", "arrivalTime": "20:30", "departureTime": "20:35", "routeNumber": "1", "haltTime": "05:00", "distance": "347", "dayCount": "1", "stnSerialNumber": "8", "boardingDisabled": "false"}, {"stationCode": "KRNT", "stationName": "KURNOOL CITY", "arrivalTime": "21:30", "departureTime": "21:32", "routeNumber": "1", "haltTime": "02:00", "distance": "400", "dayCount": "1", "stnSerialNumber": "9", "boardingDisabled": "false"}, {"stationCode": "GWD", "stationName": "GADWAL", "arrivalTime": "22:40", "departureTime": "22:41", "routeNumber": "1", "haltTime": "01:00", "distance": "456", "dayCount": "1", "stnSerialNumber": "10", "boardingDisabled": "false"}, {"stationCode": "WPR", "stationName": "WANPARTI ROAD", "arrivalTime": "23:00", "departureTime": "23:01", "routeNumber": "1", "haltTime": "01:00", "distance": "477", "dayCount": "1", "stnSerialNumber": "11", "boardingDisabled": "false"}, {"stationCode": "MBNR", "stationName": "MAHBUBNAGAR", "arrivalTime": "00:30", "departureTime": "00:32", "routeNumber": "1", "haltTime": "02:00", "distance": "531", "dayCount": "2", "stnSerialNumber": "12", "boardingDisabled": "false"}, {"stationCode": "JCL", "stationName": "JADCHERLA", "arrivalTime": "00:50", "departureTime": "00:51", "routeNumber": "1", "haltTime": "01:00", "distance": "548", "dayCount": "2", "stnSerialNumber": "13", "boardingDisabled": "false"}, {"stationCode": "SHNR", "stationName": "SHADNAGAR", "arrivalTime": "01:20", "departureTime": "01:21", "routeNumber": "1", "haltTime": "01:00", "distance": "585", "dayCount": "2", "stnSerialNumber": "14", "boardingDisabled": "false"}, {"stationCode": "UR", "stationName": "UMDANAGAR", "arrivalTime": "01:50", "departureTime": "01:51", "routeNumber": "1", "haltTime": "01:00", "distance": "616", "dayCount": "2", "stnSerialNumber": "15", "boardingDisabled": "false"}, {"stationCode": "KCG", "stationName": "KACHEGUDA", "arrivalTime": "02:30", "departureTime": "02:32", "routeNumber": "1", "haltTime": "02:00", "distance": "636", "dayCount": "2", "stnSerialNumber": "16", "boardingDisabled": "false"}, {"stationCode": "SC", "stationName": "SECUNDERABAD JN", "arrivalTime": "03:50", "departureTime": "04:00", "routeNumber": "1", "haltTime": "10:00", "distance": "644", "dayCount": "2", "stnSerialNumber": "17", "boardingDisabled": "false"}, {"stationCode": "HYB", "stationName": "HYDERABAD DECAN", "arrivalTime": "05:00", "departureTime": "--", "routeNumber": "1", "haltTime": "--", "distance": "653", "dayCount": "2", "stnSerialNumber": "18", "boardingDisabled": "false"}]}