{"trainNumber": "07654", "trainName": "NS KCG SPL", "stationFrom": "NS", "stationTo": "KCG", "trainOwner": "0", "trainRunsOnMon": "N", "trainRunsOnTue": "N", "trainRunsOnWed": "N", "trainRunsOnThu": "N", "trainRunsOnFri": "Y", "trainRunsOnSat": "N", "trainRunsOnSun": "N", "timeStamp": "2023-06-19T15:30:46.208", "duration": "0", "stationList": [{"stationCode": "NS", "stationName": "NARASAPUR", "arrivalTime": "--", "departureTime": "18:00", "routeNumber": "1", "haltTime": "--", "distance": "0", "dayCount": "1", "stnSerialNumber": "1", "boardingDisabled": "false"}, {"stationCode": "PKO", "stationName": "PALAKOLLU", "arrivalTime": "18:13", "departureTime": "18:15", "routeNumber": "1", "haltTime": "02:00", "distance": "9", "dayCount": "1", "stnSerialNumber": "2", "boardingDisabled": "false"}, {"stationCode": "BVRT", "stationName": "BHIMAVARAM TOWN", "arrivalTime": "19:00", "departureTime": "19:02", "routeNumber": "1", "haltTime": "02:00", "distance": "31", "dayCount": "1", "stnSerialNumber": "3", "boardingDisabled": "false"}, {"stationCode": "AKVD", "stationName": "AKIVIDU", "arrivalTime": "19:18", "departureTime": "19:20", "routeNumber": "1", "haltTime": "02:00", "distance": "49", "dayCount": "1", "stnSerialNumber": "4", "boardingDisabled": "false"}, {"stationCode": "KKLR", "stationName": "KAIKALUR", "arrivalTime": "19:40", "departureTime": "19:42", "routeNumber": "1", "haltTime": "02:00", "distance": "66", "dayCount": "1", "stnSerialNumber": "5", "boardingDisabled": "false"}, {"stationCode": "GDV", "stationName": "GUDIVADA JN", "arrivalTime": "20:40", "departureTime": "20:42", "routeNumber": "1", "haltTime": "02:00", "distance": "95", "dayCount": "1", "stnSerialNumber": "6", "boardingDisabled": "false"}, {"stationCode": "BZA", "stationName": "VIJAYAWADA JN", "arrivalTime": "21:40", "departureTime": "22:00", "routeNumber": "1", "haltTime": "20:00", "distance": "139", "dayCount": "1", "stnSerialNumber": "7", "boardingDisabled": "false"}, {"stationCode": "GNT", "stationName": "GUNTUR JN", "arrivalTime": "22:40", "departureTime": "22:45", "routeNumber": "1", "haltTime": "05:00", "distance": "171", "dayCount": "1", "stnSerialNumber": "8", "boardingDisabled": "false"}, {"stationCode": "SAP", "stationName": "SATTENAPALLE", "arrivalTime": "23:23", "departureTime": "23:24", "routeNumber": "1", "haltTime": "01:00", "distance": "213", "dayCount": "1", "stnSerialNumber": "9", "boardingDisabled": "false"}, {"stationCode": "PGRL", "stationName": "PIDUGURALLA", "arrivalTime": "23:55", "departureTime": "23:56", "routeNumber": "1", "haltTime": "01:00", "distance": "245", "dayCount": "1", "stnSerialNumber": "10", "boardingDisabled": "false"}, {"stationCode": "MRGA", "stationName": "MIRYALAGUDA", "arrivalTime": "00:30", "departureTime": "00:31", "routeNumber": "1", "haltTime": "01:00", "distance": "304", "dayCount": "2", "stnSerialNumber": "11", "boardingDisabled": "false"}, {"stationCode": "NLDA", "stationName": "NALGONDA", "arrivalTime": "01:03", "departureTime": "01:04", "routeNumber": "1", "haltTime": "01:00", "distance": "342", "dayCount": "2", "stnSerialNumber": "12", "boardingDisabled": "false"}, {"stationCode": "MJF", "stationName": "MALKAJGIRI", "arrivalTime": "04:00", "departureTime": "04:02", "routeNumber": "1", "haltTime": "02:00", "distance": "449", "dayCount": "2", "stnSerialNumber": "13", "boardingDisabled": "false"}, {"stationCode": "KCG", "stationName": "KACHEGUDA", "arrivalTime": "04:50", "departureTime": "--", "routeNumber": "1", "haltTime": "--", "distance": "458", "dayCount": "2", "stnSerialNumber": "14", "boardingDisabled": "false"}]}