{"trainNumber": "07653", "trainName": "KCG NS SPL", "stationFrom": "KCG", "stationTo": "NS", "trainOwner": "0", "trainRunsOnMon": "N", "trainRunsOnTue": "N", "trainRunsOnWed": "N", "trainRunsOnThu": "Y", "trainRunsOnFri": "N", "trainRunsOnSat": "N", "trainRunsOnSun": "N", "timeStamp": "2023-06-19T15:30:47.499", "duration": "0", "stationList": [{"stationCode": "KCG", "stationName": "KACHEGUDA", "arrivalTime": "--", "departureTime": "20:30", "routeNumber": "1", "haltTime": "--", "distance": "0", "dayCount": "1", "stnSerialNumber": "1", "boardingDisabled": "false"}, {"stationCode": "MJF", "stationName": "MALKAJGIRI", "arrivalTime": "20:50", "departureTime": "20:52", "routeNumber": "1", "haltTime": "02:00", "distance": "9", "dayCount": "1", "stnSerialNumber": "2", "boardingDisabled": "false"}, {"stationCode": "NLDA", "stationName": "NALGONDA", "arrivalTime": "22:35", "departureTime": "22:36", "routeNumber": "1", "haltTime": "01:00", "distance": "116", "dayCount": "1", "stnSerialNumber": "3", "boardingDisabled": "false"}, {"stationCode": "MRGA", "stationName": "MIRYALAGUDA", "arrivalTime": "23:07", "departureTime": "23:08", "routeNumber": "1", "haltTime": "01:00", "distance": "154", "dayCount": "1", "stnSerialNumber": "4", "boardingDisabled": "false"}, {"stationCode": "PGRL", "stationName": "PIDUGURALLA", "arrivalTime": "23:55", "departureTime": "23:56", "routeNumber": "1", "haltTime": "01:00", "distance": "219", "dayCount": "1", "stnSerialNumber": "5", "boardingDisabled": "false"}, {"stationCode": "SAP", "stationName": "SATTENAPALLE", "arrivalTime": "00:20", "departureTime": "00:21", "routeNumber": "1", "haltTime": "01:00", "distance": "245", "dayCount": "2", "stnSerialNumber": "6", "boardingDisabled": "false"}, {"stationCode": "GNT", "stationName": "GUNTUR JN", "arrivalTime": "01:45", "departureTime": "01:50", "routeNumber": "1", "haltTime": "05:00", "distance": "288", "dayCount": "2", "stnSerialNumber": "7", "boardingDisabled": "false"}, {"stationCode": "BZA", "stationName": "VIJAYAWADA JN", "arrivalTime": "03:30", "departureTime": "03:40", "routeNumber": "1", "haltTime": "10:00", "distance": "319", "dayCount": "2", "stnSerialNumber": "8", "boardingDisabled": "false"}, {"stationCode": "GDV", "stationName": "GUDIVADA JN", "arrivalTime": "04:30", "departureTime": "04:32", "routeNumber": "1", "haltTime": "02:00", "distance": "363", "dayCount": "2", "stnSerialNumber": "9", "boardingDisabled": "false"}, {"stationCode": "KKLR", "stationName": "KAIKALUR", "arrivalTime": "05:05", "departureTime": "05:07", "routeNumber": "1", "haltTime": "02:00", "distance": "392", "dayCount": "2", "stnSerialNumber": "10", "boardingDisabled": "false"}, {"stationCode": "AKVD", "stationName": "AKIVIDU", "arrivalTime": "05:30", "departureTime": "05:32", "routeNumber": "1", "haltTime": "02:00", "distance": "409", "dayCount": "2", "stnSerialNumber": "11", "boardingDisabled": "false"}, {"stationCode": "BVRT", "stationName": "BHIMAVARAM TOWN", "arrivalTime": "05:55", "departureTime": "05:57", "routeNumber": "1", "haltTime": "02:00", "distance": "427", "dayCount": "2", "stnSerialNumber": "12", "boardingDisabled": "false"}, {"stationCode": "PKO", "stationName": "PALAKOLLU", "arrivalTime": "06:30", "departureTime": "06:32", "routeNumber": "1", "haltTime": "02:00", "distance": "449", "dayCount": "2", "stnSerialNumber": "13", "boardingDisabled": "false"}, {"stationCode": "NS", "stationName": "NARASAPUR", "arrivalTime": "08:35", "departureTime": "--", "routeNumber": "1", "haltTime": "--", "distance": "458", "dayCount": "2", "stnSerialNumber": "14", "boardingDisabled": "false"}]}