{"trainNumber": "07655", "trainName": "GTL TPTY SPL", "stationFrom": "GTL", "stationTo": "TPTY", "trainOwner": "0", "trainRunsOnMon": "Y", "trainRunsOnTue": "Y", "trainRunsOnWed": "Y", "trainRunsOnThu": "Y", "trainRunsOnFri": "Y", "trainRunsOnSat": "Y", "trainRunsOnSun": "Y", "timeStamp": "2023-06-19T15:30:47.434", "duration": "0", "stationList": [{"stationCode": "GTL", "stationName": "GUNTAKAL JN", "arrivalTime": "--", "departureTime": "06:45", "routeNumber": "1", "haltTime": "--", "distance": "0", "dayCount": "1", "stnSerialNumber": "1", "boardingDisabled": "false"}, {"stationCode": "HNMN", "stationName": "HANUMAN STATION", "arrivalTime": "06:49", "departureTime": "06:50", "routeNumber": "1", "haltTime": "01:00", "distance": "4", "dayCount": "1", "stnSerialNumber": "2", "boardingDisabled": "false"}, {"stationCode": "GPU", "stationName": "GULAPALYAMU", "arrivalTime": "06:57", "departureTime": "06:58", "routeNumber": "1", "haltTime": "01:00", "distance": "11", "dayCount": "1", "stnSerialNumber": "3", "boardingDisabled": "false"}, {"stationCode": "VPL", "stationName": "VENKATAMPALLE", "arrivalTime": "07:07", "departureTime": "07:08", "routeNumber": "1", "haltTime": "01:00", "distance": "22", "dayCount": "1", "stnSerialNumber": "4", "boardingDisabled": "false"}, {"stationCode": "KDT", "stationName": "KHADARPET", "arrivalTime": "07:19", "departureTime": "07:20", "routeNumber": "1", "haltTime": "01:00", "distance": "33", "dayCount": "1", "stnSerialNumber": "5", "boardingDisabled": "false"}, {"stationCode": "KLU", "stationName": "KALLURU", "arrivalTime": "07:29", "departureTime": "07:30", "routeNumber": "1", "haltTime": "01:00", "distance": "41", "dayCount": "1", "stnSerialNumber": "6", "boardingDisabled": "false"}, {"stationCode": "GDE", "stationName": "GARLADINNE", "arrivalTime": "07:39", "departureTime": "07:40", "routeNumber": "1", "haltTime": "01:00", "distance": "52", "dayCount": "1", "stnSerialNumber": "7", "boardingDisabled": "false"}, {"stationCode": "ATP", "stationName": "ANANTAPUR", "arrivalTime": "07:58", "departureTime": "08:00", "routeNumber": "1", "haltTime": "02:00", "distance": "68", "dayCount": "1", "stnSerialNumber": "8", "boardingDisabled": "false"}, {"stationCode": "ZPL", "stationName": "ZANGALAPALLE", "arrivalTime": "08:14", "departureTime": "08:15", "routeNumber": "1", "haltTime": "01:00", "distance": "81", "dayCount": "1", "stnSerialNumber": "9", "boardingDisabled": "false"}, {"stationCode": "CCA", "stationName": "CHIGICHERLA", "arrivalTime": "08:24", "departureTime": "08:25", "routeNumber": "1", "haltTime": "01:00", "distance": "90", "dayCount": "1", "stnSerialNumber": "10", "boardingDisabled": "false"}, {"stationCode": "DMM", "stationName": "DHARMAVARAM JN", "arrivalTime": "09:08", "departureTime": "09:10", "routeNumber": "1", "haltTime": "02:00", "distance": "102", "dayCount": "1", "stnSerialNumber": "11", "boardingDisabled": "false"}, {"stationCode": "MGB", "stationName": "MUDIGUBBA", "arrivalTime": "09:39", "departureTime": "09:40", "routeNumber": "1", "haltTime": "01:00", "distance": "137", "dayCount": "1", "stnSerialNumber": "12", "boardingDisabled": "false"}, {"stationCode": "KRY", "stationName": "KADIRI", "arrivalTime": "10:14", "departureTime": "10:15", "routeNumber": "1", "haltTime": "01:00", "distance": "169", "dayCount": "1", "stnSerialNumber": "13", "boardingDisabled": "false"}, {"stationCode": "NCU", "stationName": "NALLACHERUVU", "arrivalTime": "10:29", "departureTime": "10:30", "routeNumber": "1", "haltTime": "01:00", "distance": "180", "dayCount": "1", "stnSerialNumber": "14", "boardingDisabled": "false"}, {"stationCode": "TKU", "stationName": "TANAKALLU", "arrivalTime": "10:39", "departureTime": "10:40", "routeNumber": "1", "haltTime": "01:00", "distance": "191", "dayCount": "1", "stnSerialNumber": "15", "boardingDisabled": "false"}, {"stationCode": "MCU", "stationName": "MULACALACHERUVU", "arrivalTime": "10:49", "departureTime": "10:50", "routeNumber": "1", "haltTime": "01:00", "distance": "206", "dayCount": "1", "stnSerialNumber": "16", "boardingDisabled": "false"}, {"stationCode": "KBA", "stationName": "KURABALAKOTA", "arrivalTime": "11:14", "departureTime": "11:15", "routeNumber": "1", "haltTime": "01:00", "distance": "237", "dayCount": "1", "stnSerialNumber": "17", "boardingDisabled": "false"}, {"stationCode": "MPL", "stationName": "MADANAPALLE RD", "arrivalTime": "11:24", "departureTime": "11:25", "routeNumber": "1", "haltTime": "01:00", "distance": "246", "dayCount": "1", "stnSerialNumber": "18", "boardingDisabled": "false"}, {"stationCode": "VLD", "stationName": "VAYALPAD", "arrivalTime": "11:34", "departureTime": "11:35", "routeNumber": "1", "haltTime": "01:00", "distance": "254", "dayCount": "1", "stnSerialNumber": "19", "boardingDisabled": "false"}, {"stationCode": "KCI", "stationName": "KALIKIRI", "arrivalTime": "11:54", "departureTime": "11:55", "routeNumber": "1", "haltTime": "01:00", "distance": "274", "dayCount": "1", "stnSerialNumber": "20", "boardingDisabled": "false"}, {"stationCode": "PIL", "stationName": "PILER", "arrivalTime": "12:09", "departureTime": "12:10", "routeNumber": "1", "haltTime": "01:00", "distance": "288", "dayCount": "1", "stnSerialNumber": "21", "boardingDisabled": "false"}, {"stationCode": "PCL", "stationName": "PULICHERLA", "arrivalTime": "12:24", "departureTime": "12:25", "routeNumber": "1", "haltTime": "01:00", "distance": "304", "dayCount": "1", "stnSerialNumber": "22", "boardingDisabled": "false"}, {"stationCode": "DCU", "stationName": "DAMALCHERUVU", "arrivalTime": "13:04", "departureTime": "13:05", "routeNumber": "1", "haltTime": "01:00", "distance": "322", "dayCount": "1", "stnSerialNumber": "23", "boardingDisabled": "false"}, {"stationCode": "PAK", "stationName": "PAKALA JN", "arrivalTime": "13:08", "departureTime": "13:10", "routeNumber": "1", "haltTime": "02:00", "distance": "329", "dayCount": "1", "stnSerialNumber": "24", "boardingDisabled": "false"}, {"stationCode": "PAM", "stationName": "PANAPAKAM", "arrivalTime": "13:19", "departureTime": "13:20", "routeNumber": "1", "haltTime": "01:00", "distance": "341", "dayCount": "1", "stnSerialNumber": "25", "boardingDisabled": "false"}, {"stationCode": "KEN", "stationName": "KOTALA", "arrivalTime": "13:29", "departureTime": "13:30", "routeNumber": "1", "haltTime": "01:00", "distance": "356", "dayCount": "1", "stnSerialNumber": "26", "boardingDisabled": "false"}, {"stationCode": "CGI", "stationName": "CHANDRAGIRI", "arrivalTime": "13:34", "departureTime": "13:35", "routeNumber": "1", "haltTime": "01:00", "distance": "359", "dayCount": "1", "stnSerialNumber": "27", "boardingDisabled": "false"}, {"stationCode": "TPW", "stationName": "TIRUPATI W HLT", "arrivalTime": "13:44", "departureTime": "13:45", "routeNumber": "1", "haltTime": "01:00", "distance": "369", "dayCount": "1", "stnSerialNumber": "28", "boardingDisabled": "false"}, {"stationCode": "TPTY", "stationName": "TIRUPATI", "arrivalTime": "14:43", "departureTime": "--", "routeNumber": "1", "haltTime": "--", "distance": "371", "dayCount": "1", "stnSerialNumber": "29", "boardingDisabled": "false"}]}