{"trainNumber": "07657", "trainName": "TPTY UBL SPL", "stationFrom": "TPTY", "stationTo": "UBL", "trainOwner": "0", "trainRunsOnMon": "Y", "trainRunsOnTue": "Y", "trainRunsOnWed": "Y", "trainRunsOnThu": "Y", "trainRunsOnFri": "Y", "trainRunsOnSat": "Y", "trainRunsOnSun": "Y", "timeStamp": "2023-06-19T15:31:40.127", "duration": "0", "stationList": [{"stationCode": "TPTY", "stationName": "TIRUPATI", "arrivalTime": "--", "departureTime": "06:10", "routeNumber": "1", "haltTime": "--", "distance": "0", "dayCount": "1", "stnSerialNumber": "1", "boardingDisabled": "false"}, {"stationCode": "RU", "stationName": "RENIGUNTA JN", "arrivalTime": "06:30", "departureTime": "06:32", "routeNumber": "1", "haltTime": "02:00", "distance": "10", "dayCount": "1", "stnSerialNumber": "2", "boardingDisabled": "false"}, {"stationCode": "MRM", "stationName": "MAMANDURU", "arrivalTime": "06:43", "departureTime": "06:44", "routeNumber": "1", "haltTime": "01:00", "distance": "25", "dayCount": "1", "stnSerialNumber": "3", "boardingDisabled": "false"}, {"stationCode": "BLPE", "stationName": "BALAPALLE", "arrivalTime": "06:50", "departureTime": "06:51", "routeNumber": "1", "haltTime": "01:00", "distance": "34", "dayCount": "1", "stnSerialNumber": "4", "boardingDisabled": "false"}, {"stationCode": "SF", "stationName": "SETTIGUNTA", "arrivalTime": "06:55", "departureTime": "06:56", "routeNumber": "1", "haltTime": "01:00", "distance": "41", "dayCount": "1", "stnSerialNumber": "5", "boardingDisabled": "false"}, {"stationCode": "KOU", "stationName": "KODURU", "arrivalTime": "07:04", "departureTime": "07:05", "routeNumber": "1", "haltTime": "01:00", "distance": "51", "dayCount": "1", "stnSerialNumber": "6", "boardingDisabled": "false"}, {"stationCode": "ANE", "stationName": "ANANTARAJUPET", "arrivalTime": "07:25", "departureTime": "07:26", "routeNumber": "1", "haltTime": "01:00", "distance": "58", "dayCount": "1", "stnSerialNumber": "7", "boardingDisabled": "false"}, {"stationCode": "OBVP", "stationName": "OBULAVARIPALLI", "arrivalTime": "07:31", "departureTime": "07:32", "routeNumber": "1", "haltTime": "01:00", "distance": "64", "dayCount": "1", "stnSerialNumber": "8", "boardingDisabled": "false"}, {"stationCode": "PMT", "stationName": "PULLAMPET", "arrivalTime": "07:44", "departureTime": "07:45", "routeNumber": "1", "haltTime": "01:00", "distance": "75", "dayCount": "1", "stnSerialNumber": "9", "boardingDisabled": "false"}, {"stationCode": "RJP", "stationName": "RAZAMPETA", "arrivalTime": "07:54", "departureTime": "07:55", "routeNumber": "1", "haltTime": "01:00", "distance": "85", "dayCount": "1", "stnSerialNumber": "10", "boardingDisabled": "false"}, {"stationCode": "HAQ", "stationName": "HASTAVARAMU", "arrivalTime": "07:59", "departureTime": "08:00", "routeNumber": "1", "haltTime": "01:00", "distance": "90", "dayCount": "1", "stnSerialNumber": "11", "boardingDisabled": "false"}, {"stationCode": "NRE", "stationName": "NANDALUR", "arrivalTime": "08:09", "departureTime": "08:10", "routeNumber": "1", "haltTime": "01:00", "distance": "96", "dayCount": "1", "stnSerialNumber": "12", "boardingDisabled": "false"}, {"stationCode": "MMPL", "stationName": "MANTAPAMPALLE", "arrivalTime": "08:15", "departureTime": "08:16", "routeNumber": "1", "haltTime": "01:00", "distance": "102", "dayCount": "1", "stnSerialNumber": "13", "boardingDisabled": "false"}, {"stationCode": "VNM", "stationName": "ONTIMITTA", "arrivalTime": "08:24", "departureTime": "08:25", "routeNumber": "1", "haltTime": "01:00", "distance": "113", "dayCount": "1", "stnSerialNumber": "14", "boardingDisabled": "false"}, {"stationCode": "BKPT", "stationName": "BHAKARAPET", "arrivalTime": "08:34", "departureTime": "08:35", "routeNumber": "1", "haltTime": "01:00", "distance": "119", "dayCount": "1", "stnSerialNumber": "15", "boardingDisabled": "false"}, {"stationCode": "KNLP", "stationName": "KANAMALO PALLE", "arrivalTime": "08:39", "departureTime": "08:40", "routeNumber": "1", "haltTime": "01:00", "distance": "125", "dayCount": "1", "stnSerialNumber": "16", "boardingDisabled": "false"}, {"stationCode": "HX", "stationName": "CUDDAPAH", "arrivalTime": "08:58", "departureTime": "09:00", "routeNumber": "1", "haltTime": "02:00", "distance": "135", "dayCount": "1", "stnSerialNumber": "17", "boardingDisabled": "false"}, {"stationCode": "GPY", "stationName": "GANGAYAPALLE", "arrivalTime": "09:14", "departureTime": "09:15", "routeNumber": "1", "haltTime": "01:00", "distance": "152", "dayCount": "1", "stnSerialNumber": "18", "boardingDisabled": "false"}, {"stationCode": "KKM", "stationName": "KAMALAPURAM", "arrivalTime": "09:22", "departureTime": "09:23", "routeNumber": "1", "haltTime": "01:00", "distance": "159", "dayCount": "1", "stnSerialNumber": "19", "boardingDisabled": "false"}, {"stationCode": "YGD", "stationName": "YERRAGUDIPAD", "arrivalTime": "09:31", "departureTime": "09:32", "routeNumber": "1", "haltTime": "01:00", "distance": "166", "dayCount": "1", "stnSerialNumber": "20", "boardingDisabled": "false"}, {"stationCode": "YA", "stationName": "YERRAGUNTLA", "arrivalTime": "09:39", "departureTime": "09:40", "routeNumber": "1", "haltTime": "01:00", "distance": "174", "dayCount": "1", "stnSerialNumber": "21", "boardingDisabled": "false"}, {"stationCode": "KMH", "stationName": "KALAMALLA", "arrivalTime": "09:46", "departureTime": "09:47", "routeNumber": "1", "haltTime": "01:00", "distance": "182", "dayCount": "1", "stnSerialNumber": "22", "boardingDisabled": "false"}, {"stationCode": "MOO", "stationName": "MUDDANURU", "arrivalTime": "09:54", "departureTime": "09:55", "routeNumber": "1", "haltTime": "01:00", "distance": "191", "dayCount": "1", "stnSerialNumber": "23", "boardingDisabled": "false"}, {"stationCode": "MUM", "stationName": "MANGAPATNAM", "arrivalTime": "10:09", "departureTime": "10:10", "routeNumber": "1", "haltTime": "01:00", "distance": "206", "dayCount": "1", "stnSerialNumber": "24", "boardingDisabled": "false"}, {"stationCode": "KDP", "stationName": "KONDAPURAM", "arrivalTime": "10:15", "departureTime": "10:16", "routeNumber": "1", "haltTime": "01:00", "distance": "216", "dayCount": "1", "stnSerialNumber": "25", "boardingDisabled": "false"}, {"stationCode": "RLL", "stationName": "REGADIPALLI", "arrivalTime": "10:22", "departureTime": "10:23", "routeNumber": "1", "haltTime": "01:00", "distance": "224", "dayCount": "1", "stnSerialNumber": "26", "boardingDisabled": "false"}, {"stationCode": "VRN", "stationName": "VANGANUR", "arrivalTime": "10:34", "departureTime": "10:35", "routeNumber": "1", "haltTime": "01:00", "distance": "231", "dayCount": "1", "stnSerialNumber": "27", "boardingDisabled": "false"}, {"stationCode": "CLPE", "stationName": "CHALLAVARIPALLE", "arrivalTime": "10:41", "departureTime": "10:42", "routeNumber": "1", "haltTime": "01:00", "distance": "237", "dayCount": "1", "stnSerialNumber": "28", "boardingDisabled": "false"}, {"stationCode": "TU", "stationName": "TADIPATRI", "arrivalTime": "10:49", "departureTime": "10:50", "routeNumber": "1", "haltTime": "01:00", "distance": "244", "dayCount": "1", "stnSerialNumber": "29", "boardingDisabled": "false"}, {"stationCode": "KMQA", "stationName": "KOMALI", "arrivalTime": "10:55", "departureTime": "10:56", "routeNumber": "1", "haltTime": "01:00", "distance": "249", "dayCount": "1", "stnSerialNumber": "30", "boardingDisabled": "false"}, {"stationCode": "JUR", "stationName": "JUTURU", "arrivalTime": "11:04", "departureTime": "11:05", "routeNumber": "1", "haltTime": "01:00", "distance": "256", "dayCount": "1", "stnSerialNumber": "31", "boardingDisabled": "false"}, {"stationCode": "VML", "stationName": "VEMULAPADU", "arrivalTime": "11:09", "departureTime": "11:10", "routeNumber": "1", "haltTime": "01:00", "distance": "263", "dayCount": "1", "stnSerialNumber": "32", "boardingDisabled": "false"}, {"stationCode": "RLO", "stationName": "RAYALCHERUVU", "arrivalTime": "11:14", "departureTime": "11:15", "routeNumber": "1", "haltTime": "01:00", "distance": "268", "dayCount": "1", "stnSerialNumber": "33", "boardingDisabled": "false"}, {"stationCode": "JKO", "stationName": "JAKKALACHERUVU", "arrivalTime": "11:24", "departureTime": "11:25", "routeNumber": "1", "haltTime": "01:00", "distance": "280", "dayCount": "1", "stnSerialNumber": "34", "boardingDisabled": "false"}, {"stationCode": "GY", "stationName": "GOOTY", "arrivalTime": "12:03", "departureTime": "12:05", "routeNumber": "1", "haltTime": "02:00", "distance": "292", "dayCount": "1", "stnSerialNumber": "35", "boardingDisabled": "false"}, {"stationCode": "PLU", "stationName": "PATAKOTTACHERU", "arrivalTime": "12:19", "departureTime": "12:20", "routeNumber": "1", "haltTime": "01:00", "distance": "303", "dayCount": "1", "stnSerialNumber": "36", "boardingDisabled": "false"}, {"stationCode": "NKDO", "stationName": "NAKKANADODDI", "arrivalTime": "12:29", "departureTime": "12:30", "routeNumber": "1", "haltTime": "01:00", "distance": "308", "dayCount": "1", "stnSerialNumber": "37", "boardingDisabled": "false"}, {"stationCode": "TIM", "stationName": "TIMMANACHERLA", "arrivalTime": "12:44", "departureTime": "12:45", "routeNumber": "1", "haltTime": "01:00", "distance": "317", "dayCount": "1", "stnSerialNumber": "38", "boardingDisabled": "false"}, {"stationCode": "GTL", "stationName": "GUNTAKAL JN", "arrivalTime": "13:10", "departureTime": "13:20", "routeNumber": "1", "haltTime": "10:00", "distance": "320", "dayCount": "1", "stnSerialNumber": "39", "boardingDisabled": "false"}, {"stationCode": "BLL", "stationName": "BANTANAHAL", "arrivalTime": "13:30", "departureTime": "13:31", "routeNumber": "1", "haltTime": "01:00", "distance": "332", "dayCount": "1", "stnSerialNumber": "40", "boardingDisabled": "false"}, {"stationCode": "BNL", "stationName": "BEVINAHALU", "arrivalTime": "13:36", "departureTime": "13:37", "routeNumber": "1", "haltTime": "01:00", "distance": "339", "dayCount": "1", "stnSerialNumber": "41", "boardingDisabled": "false"}, {"stationCode": "TKBN", "stationName": "TSAKIBANDA", "arrivalTime": "13:40", "departureTime": "13:41", "routeNumber": "1", "haltTime": "01:00", "distance": "343", "dayCount": "1", "stnSerialNumber": "42", "boardingDisabled": "false"}, {"stationCode": "VP", "stationName": "VIRAPUR", "arrivalTime": "13:45", "departureTime": "13:46", "routeNumber": "1", "haltTime": "01:00", "distance": "348", "dayCount": "1", "stnSerialNumber": "43", "boardingDisabled": "false"}, {"stationCode": "HGI", "stationName": "HAGARI", "arrivalTime": "13:54", "departureTime": "13:55", "routeNumber": "1", "haltTime": "01:00", "distance": "356", "dayCount": "1", "stnSerialNumber": "44", "boardingDisabled": "false"}, {"stationCode": "HDD", "stationName": "HADDINAGUNDU", "arrivalTime": "14:04", "departureTime": "14:05", "routeNumber": "1", "haltTime": "01:00", "distance": "364", "dayCount": "1", "stnSerialNumber": "45", "boardingDisabled": "false"}, {"stationCode": "BAY", "stationName": "BALLARI JN", "arrivalTime": "14:50", "departureTime": "14:55", "routeNumber": "1", "haltTime": "05:00", "distance": "370", "dayCount": "1", "stnSerialNumber": "46", "boardingDisabled": "false"}, {"stationCode": "BYC", "stationName": "BALLARI CANTT", "arrivalTime": "15:04", "departureTime": "15:05", "routeNumber": "1", "haltTime": "01:00", "distance": "376", "dayCount": "1", "stnSerialNumber": "47", "boardingDisabled": "false"}, {"stationCode": "DAJ", "stationName": "DUROJI", "arrivalTime": "15:27", "departureTime": "15:28", "routeNumber": "1", "haltTime": "01:00", "distance": "397", "dayCount": "1", "stnSerialNumber": "48", "boardingDisabled": "false"}, {"stationCode": "TNGL", "stationName": "TORANAGALLU", "arrivalTime": "15:40", "departureTime": "15:42", "routeNumber": "1", "haltTime": "02:00", "distance": "403", "dayCount": "1", "stnSerialNumber": "49", "boardingDisabled": "false"}, {"stationCode": "GNR", "stationName": "GADIGANURU", "arrivalTime": "15:52", "departureTime": "15:53", "routeNumber": "1", "haltTime": "01:00", "distance": "410", "dayCount": "1", "stnSerialNumber": "50", "boardingDisabled": "false"}, {"stationCode": "HPT", "stationName": "HOSAPETE JN", "arrivalTime": "16:25", "departureTime": "16:30", "routeNumber": "1", "haltTime": "05:00", "distance": "436", "dayCount": "1", "stnSerialNumber": "51", "boardingDisabled": "false"}, {"stationCode": "MRB", "stationName": "MUNIRABAD", "arrivalTime": "16:39", "departureTime": "16:40", "routeNumber": "1", "haltTime": "01:00", "distance": "442", "dayCount": "1", "stnSerialNumber": "52", "boardingDisabled": "false"}, {"stationCode": "HTNL", "stationName": "HITNAL", "arrivalTime": "16:47", "departureTime": "16:48", "routeNumber": "1", "haltTime": "01:00", "distance": "445", "dayCount": "1", "stnSerialNumber": "53", "boardingDisabled": "false"}, {"stationCode": "GIN", "stationName": "GINIGERA", "arrivalTime": "16:59", "departureTime": "17:00", "routeNumber": "1", "haltTime": "01:00", "distance": "452", "dayCount": "1", "stnSerialNumber": "54", "boardingDisabled": "false"}, {"stationCode": "KBL", "stationName": "KOPPAL", "arrivalTime": "17:18", "departureTime": "17:20", "routeNumber": "1", "haltTime": "02:00", "distance": "463", "dayCount": "1", "stnSerialNumber": "55", "boardingDisabled": "false"}, {"stationCode": "BNP", "stationName": "BHANAPUR", "arrivalTime": "17:32", "departureTime": "17:33", "routeNumber": "1", "haltTime": "01:00", "distance": "476", "dayCount": "1", "stnSerialNumber": "56", "boardingDisabled": "false"}, {"stationCode": "BNA", "stationName": "BANNI KOPPA", "arrivalTime": "17:45", "departureTime": "17:46", "routeNumber": "1", "haltTime": "01:00", "distance": "486", "dayCount": "1", "stnSerialNumber": "57", "boardingDisabled": "false"}, {"stationCode": "GDG", "stationName": "GADAG JN", "arrivalTime": "18:23", "departureTime": "18:25", "routeNumber": "1", "haltTime": "02:00", "distance": "521", "dayCount": "1", "stnSerialNumber": "58", "boardingDisabled": "false"}, {"stationCode": "LKT", "stationName": "HULKOTI", "arrivalTime": "18:41", "departureTime": "18:42", "routeNumber": "1", "haltTime": "01:00", "distance": "533", "dayCount": "1", "stnSerialNumber": "59", "boardingDisabled": "false"}, {"stationCode": "NGR", "stationName": "ANNIGERI", "arrivalTime": "18:54", "departureTime": "18:55", "routeNumber": "1", "haltTime": "01:00", "distance": "544", "dayCount": "1", "stnSerialNumber": "60", "boardingDisabled": "false"}, {"stationCode": "SVHE", "stationName": "SISVINHALLI", "arrivalTime": "19:09", "departureTime": "19:10", "routeNumber": "1", "haltTime": "01:00", "distance": "556", "dayCount": "1", "stnSerialNumber": "61", "boardingDisabled": "false"}, {"stationCode": "UBL", "stationName": "SSS HUBBALLI JN", "arrivalTime": "21:10", "departureTime": "--", "routeNumber": "1", "haltTime": "--", "distance": "579", "dayCount": "1", "stnSerialNumber": "62", "boardingDisabled": "false"}]}