{"trainNumber": "07651", "trainName": "J  CPR SPL", "stationFrom": "J", "stationTo": "CPR", "trainOwner": "0", "trainRunsOnMon": "N", "trainRunsOnTue": "N", "trainRunsOnWed": "Y", "trainRunsOnThu": "N", "trainRunsOnFri": "N", "trainRunsOnSat": "N", "trainRunsOnSun": "N", "timeStamp": "2023-06-19T15:30:47.508", "duration": "0", "stationList": [{"stationCode": "J", "stationName": "JALNA", "arrivalTime": "--", "departureTime": "23:30", "routeNumber": "1", "haltTime": "--", "distance": "0", "dayCount": "1", "stnSerialNumber": "1", "boardingDisabled": "false"}, {"stationCode": "AWB", "stationName": "AURANGABAD", "arrivalTime": "00:15", "departureTime": "00:20", "routeNumber": "1", "haltTime": "05:00", "distance": "63", "dayCount": "2", "stnSerialNumber": "2", "boardingDisabled": "false"}, {"stationCode": "MMR", "stationName": "MANMAD JN", "arrivalTime": "04:15", "departureTime": "04:20", "routeNumber": "1", "haltTime": "05:00", "distance": "176", "dayCount": "2", "stnSerialNumber": "3", "boardingDisabled": "false"}, {"stationCode": "BSL", "stationName": "BHUSAVAL JN", "arrivalTime": "06:35", "departureTime": "06:40", "routeNumber": "1", "haltTime": "05:00", "distance": "360", "dayCount": "2", "stnSerialNumber": "4", "boardingDisabled": "false"}, {"stationCode": "KNW", "stationName": "KHANDWA", "arrivalTime": "08:52", "departureTime": "08:55", "routeNumber": "1", "haltTime": "03:00", "distance": "484", "dayCount": "2", "stnSerialNumber": "5", "boardingDisabled": "false"}, {"stationCode": "HD", "stationName": "HARDA", "arrivalTime": "10:00", "departureTime": "10:02", "routeNumber": "1", "haltTime": "02:00", "distance": "592", "dayCount": "2", "stnSerialNumber": "6", "boardingDisabled": "false"}, {"stationCode": "ET", "stationName": "ITARSI JN", "arrivalTime": "12:00", "departureTime": "12:10", "routeNumber": "1", "haltTime": "10:00", "distance": "667", "dayCount": "2", "stnSerialNumber": "7", "boardingDisabled": "false"}, {"stationCode": "PPI", "stationName": "PIPARIYA", "arrivalTime": "13:00", "departureTime": "13:02", "routeNumber": "1", "haltTime": "02:00", "distance": "735", "dayCount": "2", "stnSerialNumber": "8", "boardingDisabled": "false"}, {"stationCode": "GAR", "stationName": "GADARWARA", "arrivalTime": "13:25", "departureTime": "13:27", "routeNumber": "1", "haltTime": "02:00", "distance": "784", "dayCount": "2", "stnSerialNumber": "9", "boardingDisabled": "false"}, {"stationCode": "NU", "stationName": "NARSINGHPUR", "arrivalTime": "13:58", "departureTime": "14:00", "routeNumber": "1", "haltTime": "02:00", "distance": "828", "dayCount": "2", "stnSerialNumber": "10", "boardingDisabled": "false"}, {"stationCode": "JBP", "stationName": "JABALPUR", "arrivalTime": "15:30", "departureTime": "15:40", "routeNumber": "1", "haltTime": "10:00", "distance": "912", "dayCount": "2", "stnSerialNumber": "11", "boardingDisabled": "false"}, {"stationCode": "KTE", "stationName": "KATNI", "arrivalTime": "16:55", "departureTime": "17:00", "routeNumber": "1", "haltTime": "05:00", "distance": "1003", "dayCount": "2", "stnSerialNumber": "12", "boardingDisabled": "false"}, {"stationCode": "MYR", "stationName": "MAIHAR", "arrivalTime": "17:40", "departureTime": "17:42", "routeNumber": "1", "haltTime": "02:00", "distance": "1066", "dayCount": "2", "stnSerialNumber": "13", "boardingDisabled": "false"}, {"stationCode": "STA", "stationName": "SATNA", "arrivalTime": "18:20", "departureTime": "18:25", "routeNumber": "1", "haltTime": "05:00", "distance": "1101", "dayCount": "2", "stnSerialNumber": "14", "boardingDisabled": "false"}, {"stationCode": "MKP", "stationName": "MANIKPUR", "arrivalTime": "20:08", "departureTime": "20:10", "routeNumber": "1", "haltTime": "02:00", "distance": "1179", "dayCount": "2", "stnSerialNumber": "15", "boardingDisabled": "false"}, {"stationCode": "PRYJ", "stationName": "PRAYAGRAJ JN.", "arrivalTime": "22:10", "departureTime": "22:40", "routeNumber": "1", "haltTime": "30:00", "distance": "1279", "dayCount": "2", "stnSerialNumber": "16", "boardingDisabled": "false"}, {"stationCode": "GYN", "stationName": "GYANPUR ROAD", "arrivalTime": "23:48", "departureTime": "23:50", "routeNumber": "1", "haltTime": "02:00", "distance": "1344", "dayCount": "2", "stnSerialNumber": "17", "boardingDisabled": "false"}, {"stationCode": "BSBS", "stationName": "BANARAS", "arrivalTime": "00:50", "departureTime": "00:55", "routeNumber": "1", "haltTime": "05:00", "distance": "1400", "dayCount": "3", "stnSerialNumber": "18", "boardingDisabled": "false"}, {"stationCode": "BSB", "stationName": "VARANASI JN", "arrivalTime": "01:10", "departureTime": "01:20", "routeNumber": "1", "haltTime": "10:00", "distance": "1403", "dayCount": "3", "stnSerialNumber": "19", "boardingDisabled": "false"}, {"stationCode": "ARJ", "stationName": "AUNRIHAR JN", "arrivalTime": "02:00", "departureTime": "02:02", "routeNumber": "1", "haltTime": "02:00", "distance": "1438", "dayCount": "3", "stnSerialNumber": "20", "boardingDisabled": "false"}, {"stationCode": "GCT", "stationName": "GHAZIPUR CITY", "arrivalTime": "02:40", "departureTime": "02:50", "routeNumber": "1", "haltTime": "10:00", "distance": "1478", "dayCount": "3", "stnSerialNumber": "21", "boardingDisabled": "false"}, {"stationCode": "BUI", "stationName": "BALLIA", "arrivalTime": "03:40", "departureTime": "03:45", "routeNumber": "1", "haltTime": "05:00", "distance": "1544", "dayCount": "3", "stnSerialNumber": "22", "boardingDisabled": "false"}, {"stationCode": "STW", "stationName": "SAHATWAR", "arrivalTime": "04:03", "departureTime": "04:05", "routeNumber": "1", "haltTime": "02:00", "distance": "1562", "dayCount": "3", "stnSerialNumber": "23", "boardingDisabled": "false"}, {"stationCode": "CPR", "stationName": "CHHAPRA", "arrivalTime": "05:30", "departureTime": "--", "routeNumber": "1", "haltTime": "--", "distance": "1609", "dayCount": "3", "stnSerialNumber": "24", "boardingDisabled": "false"}]}