{"trainNumber": "07658", "trainName": "UBL TPTY EXP", "stationFrom": "UBL", "stationTo": "TPTY", "trainOwner": "0", "trainRunsOnMon": "Y", "trainRunsOnTue": "Y", "trainRunsOnWed": "Y", "trainRunsOnThu": "Y", "trainRunsOnFri": "Y", "trainRunsOnSat": "Y", "trainRunsOnSun": "Y", "timeStamp": "2023-06-19T15:31:40.121", "duration": "0", "stationList": [{"stationCode": "UBL", "stationName": "SSS HUBBALLI JN", "arrivalTime": "--", "departureTime": "06:00", "routeNumber": "1", "haltTime": "--", "distance": "0", "dayCount": "1", "stnSerialNumber": "1", "boardingDisabled": "false"}, {"stationCode": "SVHE", "stationName": "SISVINHALLI", "arrivalTime": "06:19", "departureTime": "06:20", "routeNumber": "1", "haltTime": "01:00", "distance": "23", "dayCount": "1", "stnSerialNumber": "2", "boardingDisabled": "false"}, {"stationCode": "NGR", "stationName": "ANNIGERI", "arrivalTime": "06:31", "departureTime": "06:32", "routeNumber": "1", "haltTime": "01:00", "distance": "36", "dayCount": "1", "stnSerialNumber": "3", "boardingDisabled": "false"}, {"stationCode": "LKT", "stationName": "HULKOTI", "arrivalTime": "06:44", "departureTime": "06:45", "routeNumber": "1", "haltTime": "01:00", "distance": "46", "dayCount": "1", "stnSerialNumber": "4", "boardingDisabled": "false"}, {"stationCode": "GDG", "stationName": "GADAG JN", "arrivalTime": "07:03", "departureTime": "07:05", "routeNumber": "1", "haltTime": "02:00", "distance": "59", "dayCount": "1", "stnSerialNumber": "5", "boardingDisabled": "false"}, {"stationCode": "BNA", "stationName": "BANNI KOPPA", "arrivalTime": "07:33", "departureTime": "07:34", "routeNumber": "1", "haltTime": "01:00", "distance": "93", "dayCount": "1", "stnSerialNumber": "6", "boardingDisabled": "false"}, {"stationCode": "BNP", "stationName": "BHANAPUR", "arrivalTime": "07:47", "departureTime": "07:48", "routeNumber": "1", "haltTime": "01:00", "distance": "104", "dayCount": "1", "stnSerialNumber": "7", "boardingDisabled": "false"}, {"stationCode": "KBL", "stationName": "KOPPAL", "arrivalTime": "08:03", "departureTime": "08:05", "routeNumber": "1", "haltTime": "02:00", "distance": "116", "dayCount": "1", "stnSerialNumber": "8", "boardingDisabled": "false"}, {"stationCode": "GIN", "stationName": "GINIGERA", "arrivalTime": "08:14", "departureTime": "08:15", "routeNumber": "1", "haltTime": "01:00", "distance": "127", "dayCount": "1", "stnSerialNumber": "9", "boardingDisabled": "false"}, {"stationCode": "HTNL", "stationName": "HITNAL", "arrivalTime": "08:24", "departureTime": "08:25", "routeNumber": "1", "haltTime": "01:00", "distance": "134", "dayCount": "1", "stnSerialNumber": "10", "boardingDisabled": "false"}, {"stationCode": "MRB", "stationName": "MUNIRABAD", "arrivalTime": "08:33", "departureTime": "08:34", "routeNumber": "1", "haltTime": "01:00", "distance": "138", "dayCount": "1", "stnSerialNumber": "11", "boardingDisabled": "false"}, {"stationCode": "HPT", "stationName": "HOSAPETE JN", "arrivalTime": "09:00", "departureTime": "09:05", "routeNumber": "1", "haltTime": "05:00", "distance": "144", "dayCount": "1", "stnSerialNumber": "12", "boardingDisabled": "false"}, {"stationCode": "GNR", "stationName": "GADIGANURU", "arrivalTime": "09:32", "departureTime": "09:33", "routeNumber": "1", "haltTime": "01:00", "distance": "169", "dayCount": "1", "stnSerialNumber": "13", "boardingDisabled": "false"}, {"stationCode": "TNGL", "stationName": "TORANAGALLU", "arrivalTime": "09:43", "departureTime": "09:45", "routeNumber": "1", "haltTime": "02:00", "distance": "176", "dayCount": "1", "stnSerialNumber": "14", "boardingDisabled": "false"}, {"stationCode": "DAJ", "stationName": "DUROJI", "arrivalTime": "09:55", "departureTime": "09:56", "routeNumber": "1", "haltTime": "01:00", "distance": "182", "dayCount": "1", "stnSerialNumber": "15", "boardingDisabled": "false"}, {"stationCode": "BYC", "stationName": "BALLARI CANTT", "arrivalTime": "10:21", "departureTime": "10:22", "routeNumber": "1", "haltTime": "01:00", "distance": "204", "dayCount": "1", "stnSerialNumber": "16", "boardingDisabled": "false"}, {"stationCode": "BAY", "stationName": "BALLARI JN", "arrivalTime": "11:35", "departureTime": "11:40", "routeNumber": "1", "haltTime": "05:00", "distance": "209", "dayCount": "1", "stnSerialNumber": "17", "boardingDisabled": "false"}, {"stationCode": "HDD", "stationName": "HADDINAGUNDU", "arrivalTime": "11:47", "departureTime": "11:48", "routeNumber": "1", "haltTime": "01:00", "distance": "216", "dayCount": "1", "stnSerialNumber": "18", "boardingDisabled": "false"}, {"stationCode": "HGI", "stationName": "HAGARI", "arrivalTime": "11:54", "departureTime": "11:55", "routeNumber": "1", "haltTime": "01:00", "distance": "223", "dayCount": "1", "stnSerialNumber": "19", "boardingDisabled": "false"}, {"stationCode": "VP", "stationName": "VIRAPUR", "arrivalTime": "12:01", "departureTime": "12:02", "routeNumber": "1", "haltTime": "01:00", "distance": "232", "dayCount": "1", "stnSerialNumber": "20", "boardingDisabled": "false"}, {"stationCode": "TKBN", "stationName": "TSAKIBANDA", "arrivalTime": "12:05", "departureTime": "12:06", "routeNumber": "1", "haltTime": "01:00", "distance": "236", "dayCount": "1", "stnSerialNumber": "21", "boardingDisabled": "false"}, {"stationCode": "BNL", "stationName": "BEVINAHALU", "arrivalTime": "12:09", "departureTime": "12:10", "routeNumber": "1", "haltTime": "01:00", "distance": "240", "dayCount": "1", "stnSerialNumber": "22", "boardingDisabled": "false"}, {"stationCode": "BLL", "stationName": "BANTANAHAL", "arrivalTime": "12:19", "departureTime": "12:20", "routeNumber": "1", "haltTime": "01:00", "distance": "247", "dayCount": "1", "stnSerialNumber": "23", "boardingDisabled": "false"}, {"stationCode": "GTL", "stationName": "GUNTAKAL JN", "arrivalTime": "12:55", "departureTime": "13:05", "routeNumber": "1", "haltTime": "10:00", "distance": "259", "dayCount": "1", "stnSerialNumber": "24", "boardingDisabled": "false"}, {"stationCode": "TIM", "stationName": "TIMMANACHERLA", "arrivalTime": "13:14", "departureTime": "13:15", "routeNumber": "1", "haltTime": "01:00", "distance": "263", "dayCount": "1", "stnSerialNumber": "25", "boardingDisabled": "false"}, {"stationCode": "NKDO", "stationName": "NAKKANADODDI", "arrivalTime": "13:24", "departureTime": "13:25", "routeNumber": "1", "haltTime": "01:00", "distance": "272", "dayCount": "1", "stnSerialNumber": "26", "boardingDisabled": "false"}, {"stationCode": "PLU", "stationName": "PATAKOTTACHERU", "arrivalTime": "13:27", "departureTime": "13:28", "routeNumber": "1", "haltTime": "01:00", "distance": "276", "dayCount": "1", "stnSerialNumber": "27", "boardingDisabled": "false"}, {"stationCode": "GY", "stationName": "GOOTY", "arrivalTime": "13:43", "departureTime": "13:45", "routeNumber": "1", "haltTime": "02:00", "distance": "288", "dayCount": "1", "stnSerialNumber": "28", "boardingDisabled": "false"}, {"stationCode": "JKO", "stationName": "JAKKALACHERUVU", "arrivalTime": "13:54", "departureTime": "13:55", "routeNumber": "1", "haltTime": "01:00", "distance": "300", "dayCount": "1", "stnSerialNumber": "29", "boardingDisabled": "false"}, {"stationCode": "RLO", "stationName": "RAYALCHERUVU", "arrivalTime": "14:04", "departureTime": "14:05", "routeNumber": "1", "haltTime": "01:00", "distance": "312", "dayCount": "1", "stnSerialNumber": "30", "boardingDisabled": "false"}, {"stationCode": "VML", "stationName": "VEMULAPADU", "arrivalTime": "14:09", "departureTime": "14:10", "routeNumber": "1", "haltTime": "01:00", "distance": "317", "dayCount": "1", "stnSerialNumber": "31", "boardingDisabled": "false"}, {"stationCode": "JUR", "stationName": "JUTURU", "arrivalTime": "14:14", "departureTime": "14:15", "routeNumber": "1", "haltTime": "01:00", "distance": "323", "dayCount": "1", "stnSerialNumber": "32", "boardingDisabled": "false"}, {"stationCode": "KMQA", "stationName": "KOMALI", "arrivalTime": "14:22", "departureTime": "14:23", "routeNumber": "1", "haltTime": "01:00", "distance": "330", "dayCount": "1", "stnSerialNumber": "33", "boardingDisabled": "false"}, {"stationCode": "TU", "stationName": "TADIPATRI", "arrivalTime": "14:34", "departureTime": "14:35", "routeNumber": "1", "haltTime": "01:00", "distance": "336", "dayCount": "1", "stnSerialNumber": "34", "boardingDisabled": "false"}, {"stationCode": "CLPE", "stationName": "CHALLAVARIPALLE", "arrivalTime": "14:44", "departureTime": "14:45", "routeNumber": "1", "haltTime": "01:00", "distance": "343", "dayCount": "1", "stnSerialNumber": "35", "boardingDisabled": "false"}, {"stationCode": "VRN", "stationName": "VANGANUR", "arrivalTime": "14:51", "departureTime": "14:52", "routeNumber": "1", "haltTime": "01:00", "distance": "349", "dayCount": "1", "stnSerialNumber": "36", "boardingDisabled": "false"}, {"stationCode": "RLL", "stationName": "REGADIPALLI", "arrivalTime": "14:59", "departureTime": "15:00", "routeNumber": "1", "haltTime": "01:00", "distance": "356", "dayCount": "1", "stnSerialNumber": "37", "boardingDisabled": "false"}, {"stationCode": "KDP", "stationName": "KONDAPURAM", "arrivalTime": "15:17", "departureTime": "15:18", "routeNumber": "1", "haltTime": "01:00", "distance": "364", "dayCount": "1", "stnSerialNumber": "38", "boardingDisabled": "false"}, {"stationCode": "MUM", "stationName": "MANGAPATNAM", "arrivalTime": "15:24", "departureTime": "15:25", "routeNumber": "1", "haltTime": "01:00", "distance": "373", "dayCount": "1", "stnSerialNumber": "39", "boardingDisabled": "false"}, {"stationCode": "MOO", "stationName": "MUDDANURU", "arrivalTime": "15:37", "departureTime": "15:38", "routeNumber": "1", "haltTime": "01:00", "distance": "389", "dayCount": "1", "stnSerialNumber": "40", "boardingDisabled": "false"}, {"stationCode": "KMH", "stationName": "KALAMALLA", "arrivalTime": "15:46", "departureTime": "15:47", "routeNumber": "1", "haltTime": "01:00", "distance": "397", "dayCount": "1", "stnSerialNumber": "41", "boardingDisabled": "false"}, {"stationCode": "YA", "stationName": "YERRAGUNTLA", "arrivalTime": "15:53", "departureTime": "15:55", "routeNumber": "1", "haltTime": "02:00", "distance": "405", "dayCount": "1", "stnSerialNumber": "42", "boardingDisabled": "false"}, {"stationCode": "YGD", "stationName": "YERRAGUDIPAD", "arrivalTime": "16:04", "departureTime": "16:05", "routeNumber": "1", "haltTime": "01:00", "distance": "414", "dayCount": "1", "stnSerialNumber": "43", "boardingDisabled": "false"}, {"stationCode": "KKM", "stationName": "KAMALAPURAM", "arrivalTime": "16:11", "departureTime": "16:12", "routeNumber": "1", "haltTime": "01:00", "distance": "420", "dayCount": "1", "stnSerialNumber": "44", "boardingDisabled": "false"}, {"stationCode": "GPY", "stationName": "GANGAYAPALLE", "arrivalTime": "16:19", "departureTime": "16:20", "routeNumber": "1", "haltTime": "01:00", "distance": "427", "dayCount": "1", "stnSerialNumber": "45", "boardingDisabled": "false"}, {"stationCode": "KPU", "stationName": "KRISHNAPURAM", "arrivalTime": "16:54", "departureTime": "16:55", "routeNumber": "1", "haltTime": "01:00", "distance": "437", "dayCount": "1", "stnSerialNumber": "46", "boardingDisabled": "false"}, {"stationCode": "HX", "stationName": "CUDDAPAH", "arrivalTime": "17:18", "departureTime": "17:20", "routeNumber": "1", "haltTime": "02:00", "distance": "444", "dayCount": "1", "stnSerialNumber": "47", "boardingDisabled": "false"}, {"stationCode": "KNLP", "stationName": "KANAMALO PALLE", "arrivalTime": "17:29", "departureTime": "17:30", "routeNumber": "1", "haltTime": "01:00", "distance": "454", "dayCount": "1", "stnSerialNumber": "48", "boardingDisabled": "false"}, {"stationCode": "BKPT", "stationName": "BHAKARAPET", "arrivalTime": "17:34", "departureTime": "17:35", "routeNumber": "1", "haltTime": "01:00", "distance": "461", "dayCount": "1", "stnSerialNumber": "49", "boardingDisabled": "false"}, {"stationCode": "VNM", "stationName": "ONTIMITTA", "arrivalTime": "17:44", "departureTime": "17:45", "routeNumber": "1", "haltTime": "01:00", "distance": "466", "dayCount": "1", "stnSerialNumber": "50", "boardingDisabled": "false"}, {"stationCode": "MMPL", "stationName": "MANTAPAMPALLE", "arrivalTime": "17:54", "departureTime": "17:55", "routeNumber": "1", "haltTime": "01:00", "distance": "477", "dayCount": "1", "stnSerialNumber": "51", "boardingDisabled": "false"}, {"stationCode": "NRE", "stationName": "NANDALUR", "arrivalTime": "18:14", "departureTime": "18:15", "routeNumber": "1", "haltTime": "01:00", "distance": "484", "dayCount": "1", "stnSerialNumber": "52", "boardingDisabled": "false"}, {"stationCode": "HAQ", "stationName": "HASTAVARAMU", "arrivalTime": "18:19", "departureTime": "18:20", "routeNumber": "1", "haltTime": "01:00", "distance": "490", "dayCount": "1", "stnSerialNumber": "53", "boardingDisabled": "false"}, {"stationCode": "RJP", "stationName": "RAZAMPETA", "arrivalTime": "18:27", "departureTime": "18:28", "routeNumber": "1", "haltTime": "01:00", "distance": "495", "dayCount": "1", "stnSerialNumber": "54", "boardingDisabled": "false"}, {"stationCode": "PMT", "stationName": "PULLAMPET", "arrivalTime": "18:37", "departureTime": "18:38", "routeNumber": "1", "haltTime": "01:00", "distance": "504", "dayCount": "1", "stnSerialNumber": "55", "boardingDisabled": "false"}, {"stationCode": "OBVP", "stationName": "OBULAVARIPALLI", "arrivalTime": "18:44", "departureTime": "18:45", "routeNumber": "1", "haltTime": "01:00", "distance": "515", "dayCount": "1", "stnSerialNumber": "56", "boardingDisabled": "false"}, {"stationCode": "ANE", "stationName": "ANANTARAJUPET", "arrivalTime": "18:59", "departureTime": "19:00", "routeNumber": "1", "haltTime": "01:00", "distance": "521", "dayCount": "1", "stnSerialNumber": "57", "boardingDisabled": "false"}, {"stationCode": "KOU", "stationName": "KODURU", "arrivalTime": "19:09", "departureTime": "19:10", "routeNumber": "1", "haltTime": "01:00", "distance": "528", "dayCount": "1", "stnSerialNumber": "58", "boardingDisabled": "false"}, {"stationCode": "SF", "stationName": "SETTIGUNTA", "arrivalTime": "19:24", "departureTime": "19:25", "routeNumber": "1", "haltTime": "01:00", "distance": "538", "dayCount": "1", "stnSerialNumber": "59", "boardingDisabled": "false"}, {"stationCode": "BLPE", "stationName": "BALAPALLE", "arrivalTime": "19:34", "departureTime": "19:35", "routeNumber": "1", "haltTime": "01:00", "distance": "545", "dayCount": "1", "stnSerialNumber": "60", "boardingDisabled": "false"}, {"stationCode": "MRM", "stationName": "MAMANDURU", "arrivalTime": "19:44", "departureTime": "19:45", "routeNumber": "1", "haltTime": "01:00", "distance": "555", "dayCount": "1", "stnSerialNumber": "61", "boardingDisabled": "false"}, {"stationCode": "RU", "stationName": "RENIGUNTA JN", "arrivalTime": "20:58", "departureTime": "21:00", "routeNumber": "1", "haltTime": "02:00", "distance": "569", "dayCount": "1", "stnSerialNumber": "62", "boardingDisabled": "false"}, {"stationCode": "TPTY", "stationName": "TIRUPATI", "arrivalTime": "21:50", "departureTime": "--", "routeNumber": "1", "haltTime": "--", "distance": "579", "dayCount": "1", "stnSerialNumber": "63", "boardingDisabled": "false"}]}