{"trainNumber": "07656", "trainName": "TPTY GTL SPL", "stationFrom": "TPTY", "stationTo": "GTL", "trainOwner": "0", "trainRunsOnMon": "Y", "trainRunsOnTue": "Y", "trainRunsOnWed": "Y", "trainRunsOnThu": "Y", "trainRunsOnFri": "Y", "trainRunsOnSat": "Y", "trainRunsOnSun": "Y", "timeStamp": "2023-06-19T15:30:46.145", "duration": "0", "stationList": [{"stationCode": "TPTY", "stationName": "TIRUPATI", "arrivalTime": "--", "departureTime": "08:10", "routeNumber": "1", "haltTime": "--", "distance": "0", "dayCount": "1", "stnSerialNumber": "1", "boardingDisabled": "false"}, {"stationCode": "TPW", "stationName": "TIRUPATI W HLT", "arrivalTime": "08:14", "departureTime": "08:15", "routeNumber": "1", "haltTime": "01:00", "distance": "2", "dayCount": "1", "stnSerialNumber": "2", "boardingDisabled": "false"}, {"stationCode": "CGI", "stationName": "CHANDRAGIRI", "arrivalTime": "08:25", "departureTime": "08:26", "routeNumber": "1", "haltTime": "01:00", "distance": "12", "dayCount": "1", "stnSerialNumber": "3", "boardingDisabled": "false"}, {"stationCode": "KEN", "stationName": "KOTALA", "arrivalTime": "08:30", "departureTime": "08:31", "routeNumber": "1", "haltTime": "01:00", "distance": "15", "dayCount": "1", "stnSerialNumber": "4", "boardingDisabled": "false"}, {"stationCode": "PAM", "stationName": "PANAPAKAM", "arrivalTime": "08:43", "departureTime": "08:44", "routeNumber": "1", "haltTime": "01:00", "distance": "30", "dayCount": "1", "stnSerialNumber": "5", "boardingDisabled": "false"}, {"stationCode": "PAK", "stationName": "PAKALA JN", "arrivalTime": "08:53", "departureTime": "08:55", "routeNumber": "1", "haltTime": "02:00", "distance": "42", "dayCount": "1", "stnSerialNumber": "6", "boardingDisabled": "false"}, {"stationCode": "DCU", "stationName": "DAMALCHERUVU", "arrivalTime": "09:04", "departureTime": "09:05", "routeNumber": "1", "haltTime": "01:00", "distance": "50", "dayCount": "1", "stnSerialNumber": "7", "boardingDisabled": "false"}, {"stationCode": "MPT", "stationName": "MANGALAMPETA", "arrivalTime": "09:11", "departureTime": "09:12", "routeNumber": "1", "haltTime": "01:00", "distance": "60", "dayCount": "1", "stnSerialNumber": "8", "boardingDisabled": "false"}, {"stationCode": "PCL", "stationName": "PULICHERLA", "arrivalTime": "09:24", "departureTime": "09:25", "routeNumber": "1", "haltTime": "01:00", "distance": "68", "dayCount": "1", "stnSerialNumber": "9", "boardingDisabled": "false"}, {"stationCode": "PIL", "stationName": "PILER", "arrivalTime": "09:34", "departureTime": "09:35", "routeNumber": "1", "haltTime": "01:00", "distance": "83", "dayCount": "1", "stnSerialNumber": "10", "boardingDisabled": "false"}, {"stationCode": "KCI", "stationName": "KALIKIRI", "arrivalTime": "09:48", "departureTime": "09:49", "routeNumber": "1", "haltTime": "01:00", "distance": "98", "dayCount": "1", "stnSerialNumber": "11", "boardingDisabled": "false"}, {"stationCode": "VLD", "stationName": "VAYALPAD", "arrivalTime": "10:01", "departureTime": "10:02", "routeNumber": "1", "haltTime": "01:00", "distance": "118", "dayCount": "1", "stnSerialNumber": "12", "boardingDisabled": "false"}, {"stationCode": "MPL", "stationName": "MADANAPALLE RD", "arrivalTime": "10:14", "departureTime": "10:15", "routeNumber": "1", "haltTime": "01:00", "distance": "125", "dayCount": "1", "stnSerialNumber": "13", "boardingDisabled": "false"}, {"stationCode": "KBA", "stationName": "KURABALAKOTA", "arrivalTime": "10:23", "departureTime": "10:24", "routeNumber": "1", "haltTime": "01:00", "distance": "134", "dayCount": "1", "stnSerialNumber": "14", "boardingDisabled": "false"}, {"stationCode": "TAT", "stationName": "TUMMANAMGUTTA", "arrivalTime": "10:33", "departureTime": "10:34", "routeNumber": "1", "haltTime": "01:00", "distance": "149", "dayCount": "1", "stnSerialNumber": "15", "boardingDisabled": "false"}, {"stationCode": "MCU", "stationName": "MULACALACHERUVU", "arrivalTime": "10:43", "departureTime": "10:44", "routeNumber": "1", "haltTime": "01:00", "distance": "165", "dayCount": "1", "stnSerialNumber": "16", "boardingDisabled": "false"}, {"stationCode": "TKU", "stationName": "TANAKALLU", "arrivalTime": "10:53", "departureTime": "10:54", "routeNumber": "1", "haltTime": "01:00", "distance": "181", "dayCount": "1", "stnSerialNumber": "17", "boardingDisabled": "false"}, {"stationCode": "NCE", "stationName": "NLACHRVURU EAST", "arrivalTime": "10:59", "departureTime": "11:00", "routeNumber": "1", "haltTime": "01:00", "distance": "188", "dayCount": "1", "stnSerialNumber": "18", "boardingDisabled": "false"}, {"stationCode": "NCU", "stationName": "NALLACHERUVU", "arrivalTime": "11:05", "departureTime": "11:06", "routeNumber": "1", "haltTime": "01:00", "distance": "192", "dayCount": "1", "stnSerialNumber": "19", "boardingDisabled": "false"}, {"stationCode": "KRY", "stationName": "KADIRI", "arrivalTime": "11:26", "departureTime": "11:27", "routeNumber": "1", "haltTime": "01:00", "distance": "203", "dayCount": "1", "stnSerialNumber": "20", "boardingDisabled": "false"}, {"stationCode": "KCM", "stationName": "KALASAMUDRAM", "arrivalTime": "11:40", "departureTime": "11:41", "routeNumber": "1", "haltTime": "01:00", "distance": "216", "dayCount": "1", "stnSerialNumber": "21", "boardingDisabled": "false"}, {"stationCode": "MVA", "stationName": "MALAKAVEMULA H", "arrivalTime": "11:47", "departureTime": "11:48", "routeNumber": "1", "haltTime": "01:00", "distance": "224", "dayCount": "1", "stnSerialNumber": "22", "boardingDisabled": "false"}, {"stationCode": "MGB", "stationName": "MUDIGUBBA", "arrivalTime": "11:55", "departureTime": "11:56", "routeNumber": "1", "haltTime": "01:00", "distance": "235", "dayCount": "1", "stnSerialNumber": "23", "boardingDisabled": "false"}, {"stationCode": "CCI", "stationName": "CHINNEKUNTAPALI", "arrivalTime": "12:19", "departureTime": "12:20", "routeNumber": "1", "haltTime": "01:00", "distance": "255", "dayCount": "1", "stnSerialNumber": "24", "boardingDisabled": "false"}, {"stationCode": "DMM", "stationName": "DHARMAVARAM JN", "arrivalTime": "13:18", "departureTime": "13:20", "routeNumber": "1", "haltTime": "02:00", "distance": "270", "dayCount": "1", "stnSerialNumber": "25", "boardingDisabled": "false"}, {"stationCode": "CCA", "stationName": "CHIGICHERLA", "arrivalTime": "13:33", "departureTime": "13:34", "routeNumber": "1", "haltTime": "01:00", "distance": "281", "dayCount": "1", "stnSerialNumber": "26", "boardingDisabled": "false"}, {"stationCode": "ZPL", "stationName": "ZANGALAPALLE", "arrivalTime": "13:42", "departureTime": "13:43", "routeNumber": "1", "haltTime": "01:00", "distance": "290", "dayCount": "1", "stnSerialNumber": "27", "boardingDisabled": "false"}, {"stationCode": "PSPY", "stationName": "PRASANNAYANAPAL", "arrivalTime": "13:51", "departureTime": "13:52", "routeNumber": "1", "haltTime": "01:00", "distance": "299", "dayCount": "1", "stnSerialNumber": "28", "boardingDisabled": "false"}, {"stationCode": "ATP", "stationName": "ANANTAPUR", "arrivalTime": "13:58", "departureTime": "14:00", "routeNumber": "1", "haltTime": "02:00", "distance": "303", "dayCount": "1", "stnSerialNumber": "29", "boardingDisabled": "false"}, {"stationCode": "TAC", "stationName": "TATICHERLA", "arrivalTime": "14:07", "departureTime": "14:08", "routeNumber": "1", "haltTime": "01:00", "distance": "311", "dayCount": "1", "stnSerialNumber": "30", "boardingDisabled": "false"}, {"stationCode": "GDE", "stationName": "GARLADINNE", "arrivalTime": "14:16", "departureTime": "14:17", "routeNumber": "1", "haltTime": "01:00", "distance": "320", "dayCount": "1", "stnSerialNumber": "31", "boardingDisabled": "false"}, {"stationCode": "KLU", "stationName": "KALLURU", "arrivalTime": "14:27", "departureTime": "14:28", "routeNumber": "1", "haltTime": "01:00", "distance": "331", "dayCount": "1", "stnSerialNumber": "32", "boardingDisabled": "false"}, {"stationCode": "KDT", "stationName": "KHADARPET", "arrivalTime": "14:37", "departureTime": "14:38", "routeNumber": "1", "haltTime": "01:00", "distance": "339", "dayCount": "1", "stnSerialNumber": "33", "boardingDisabled": "false"}, {"stationCode": "IMAM", "stationName": "IMAMPURAM", "arrivalTime": "14:42", "departureTime": "14:43", "routeNumber": "1", "haltTime": "01:00", "distance": "343", "dayCount": "1", "stnSerialNumber": "34", "boardingDisabled": "false"}, {"stationCode": "VPL", "stationName": "VENKATAMPALLE", "arrivalTime": "14:49", "departureTime": "14:50", "routeNumber": "1", "haltTime": "01:00", "distance": "350", "dayCount": "1", "stnSerialNumber": "35", "boardingDisabled": "false"}, {"stationCode": "GPU", "stationName": "GULAPALYAMU", "arrivalTime": "14:59", "departureTime": "15:00", "routeNumber": "1", "haltTime": "01:00", "distance": "360", "dayCount": "1", "stnSerialNumber": "36", "boardingDisabled": "false"}, {"stationCode": "HNMN", "stationName": "HANUMAN STATION", "arrivalTime": "15:06", "departureTime": "15:07", "routeNumber": "1", "haltTime": "01:00", "distance": "368", "dayCount": "1", "stnSerialNumber": "37", "boardingDisabled": "false"}, {"stationCode": "GTL", "stationName": "GUNTAKAL JN", "arrivalTime": "17:00", "departureTime": "--", "routeNumber": "1", "haltTime": "--", "distance": "371", "dayCount": "1", "stnSerialNumber": "38", "boardingDisabled": "false"}]}