{"trainNumber": "07687", "trainName": "NS YPR SPL", "stationFrom": "NS", "stationTo": "YPR", "trainOwner": "0", "trainRunsOnMon": "N", "trainRunsOnTue": "N", "trainRunsOnWed": "N", "trainRunsOnThu": "N", "trainRunsOnFri": "N", "trainRunsOnSat": "N", "trainRunsOnSun": "Y", "timeStamp": "2023-06-19T15:30:09.777", "duration": "0", "stationList": [{"stationCode": "NS", "stationName": "NARASAPUR", "arrivalTime": "--", "departureTime": "15:30", "routeNumber": "1", "haltTime": "--", "distance": "0", "dayCount": "1", "stnSerialNumber": "1", "boardingDisabled": "false"}, {"stationCode": "PKO", "stationName": "PALAKOLLU", "arrivalTime": "15:40", "departureTime": "15:42", "routeNumber": "1", "haltTime": "02:00", "distance": "9", "dayCount": "1", "stnSerialNumber": "2", "boardingDisabled": "false"}, {"stationCode": "BVRT", "stationName": "BHIMAVARAM TOWN", "arrivalTime": "16:00", "departureTime": "16:02", "routeNumber": "1", "haltTime": "02:00", "distance": "31", "dayCount": "1", "stnSerialNumber": "3", "boardingDisabled": "false"}, {"stationCode": "AKVD", "stationName": "AKIVIDU", "arrivalTime": "16:25", "departureTime": "16:27", "routeNumber": "1", "haltTime": "02:00", "distance": "49", "dayCount": "1", "stnSerialNumber": "4", "boardingDisabled": "false"}, {"stationCode": "KKLR", "stationName": "KAIKALUR", "arrivalTime": "16:45", "departureTime": "16:47", "routeNumber": "1", "haltTime": "02:00", "distance": "66", "dayCount": "1", "stnSerialNumber": "5", "boardingDisabled": "false"}, {"stationCode": "GDV", "stationName": "GUDIVADA JN", "arrivalTime": "17:38", "departureTime": "17:40", "routeNumber": "1", "haltTime": "02:00", "distance": "95", "dayCount": "1", "stnSerialNumber": "6", "boardingDisabled": "false"}, {"stationCode": "BZA", "stationName": "VIJAYAWADA JN", "arrivalTime": "18:55", "departureTime": "19:05", "routeNumber": "1", "haltTime": "10:00", "distance": "139", "dayCount": "1", "stnSerialNumber": "7", "boardingDisabled": "false"}, {"stationCode": "GNT", "stationName": "GUNTUR JN", "arrivalTime": "19:50", "departureTime": "19:55", "routeNumber": "1", "haltTime": "05:00", "distance": "171", "dayCount": "1", "stnSerialNumber": "8", "boardingDisabled": "false"}, {"stationCode": "NRT", "stationName": "NARASARAOPET", "arrivalTime": "20:39", "departureTime": "20:41", "routeNumber": "1", "haltTime": "02:00", "distance": "216", "dayCount": "1", "stnSerialNumber": "9", "boardingDisabled": "false"}, {"stationCode": "DKD", "stationName": "DONAKONDA", "arrivalTime": "21:36", "departureTime": "21:38", "routeNumber": "1", "haltTime": "02:00", "distance": "291", "dayCount": "1", "stnSerialNumber": "10", "boardingDisabled": "false"}, {"stationCode": "MRK", "stationName": "MARKAPUR ROAD", "arrivalTime": "22:01", "departureTime": "22:03", "routeNumber": "1", "haltTime": "02:00", "distance": "315", "dayCount": "1", "stnSerialNumber": "11", "boardingDisabled": "false"}, {"stationCode": "GID", "stationName": "GIDDALUR", "arrivalTime": "22:58", "departureTime": "23:00", "routeNumber": "1", "haltTime": "02:00", "distance": "374", "dayCount": "1", "stnSerialNumber": "12", "boardingDisabled": "false"}, {"stationCode": "NDL", "stationName": "NANDYAL", "arrivalTime": "01:15", "departureTime": "01:20", "routeNumber": "1", "haltTime": "05:00", "distance": "428", "dayCount": "2", "stnSerialNumber": "13", "boardingDisabled": "false"}, {"stationCode": "DHNE", "stationName": "DHONE", "arrivalTime": "04:45", "departureTime": "04:50", "routeNumber": "1", "haltTime": "05:00", "distance": "504", "dayCount": "2", "stnSerialNumber": "14", "boardingDisabled": "false"}, {"stationCode": "ATP", "stationName": "ANANTAPUR", "arrivalTime": "06:33", "departureTime": "06:35", "routeNumber": "1", "haltTime": "02:00", "distance": "616", "dayCount": "2", "stnSerialNumber": "15", "boardingDisabled": "false"}, {"stationCode": "DMM", "stationName": "DHARMAVARAM JN", "arrivalTime": "07:18", "departureTime": "07:20", "routeNumber": "1", "haltTime": "02:00", "distance": "649", "dayCount": "2", "stnSerialNumber": "16", "boardingDisabled": "false"}, {"stationCode": "PKD", "stationName": "PENUKONDA", "arrivalTime": "08:10", "departureTime": "08:11", "routeNumber": "1", "haltTime": "01:00", "distance": "691", "dayCount": "2", "stnSerialNumber": "17", "boardingDisabled": "false"}, {"stationCode": "HUP", "stationName": "HINDUPUR", "arrivalTime": "08:40", "departureTime": "08:42", "routeNumber": "1", "haltTime": "02:00", "distance": "728", "dayCount": "2", "stnSerialNumber": "18", "boardingDisabled": "false"}, {"stationCode": "YNK", "stationName": "YELHANKA JN", "arrivalTime": "10:04", "departureTime": "10:06", "routeNumber": "1", "haltTime": "02:00", "distance": "811", "dayCount": "2", "stnSerialNumber": "19", "boardingDisabled": "false"}, {"stationCode": "YPR", "stationName": "YESVANTPUR JN", "arrivalTime": "10:50", "departureTime": "--", "routeNumber": "1", "haltTime": "--", "distance": "824", "dayCount": "2", "stnSerialNumber": "20", "boardingDisabled": "false"}]}