{"trainNumber": "07695", "trainName": "SC RMD SPL", "stationFrom": "SC", "stationTo": "RMD", "trainOwner": "0", "trainRunsOnMon": "N", "trainRunsOnTue": "N", "trainRunsOnWed": "Y", "trainRunsOnThu": "N", "trainRunsOnFri": "N", "trainRunsOnSat": "N", "trainRunsOnSun": "N", "timeStamp": "2023-06-19T15:31:36.325", "duration": "0", "stationList": [{"stationCode": "SC", "stationName": "SECUNDERABAD JN", "arrivalTime": "--", "departureTime": "21:10", "routeNumber": "1", "haltTime": "--", "distance": "0", "dayCount": "1", "stnSerialNumber": "1", "boardingDisabled": "false"}, {"stationCode": "NLDA", "stationName": "NALGONDA", "arrivalTime": "22:42", "departureTime": "22:47", "routeNumber": "1", "haltTime": "05:00", "distance": "110", "dayCount": "1", "stnSerialNumber": "2", "boardingDisabled": "false"}, {"stationCode": "MRGA", "stationName": "MIRYALAGUDA", "arrivalTime": "23:20", "departureTime": "23:21", "routeNumber": "1", "haltTime": "01:00", "distance": "148", "dayCount": "1", "stnSerialNumber": "3", "boardingDisabled": "false"}, {"stationCode": "SAP", "stationName": "SATTENAPALLE", "arrivalTime": "00:44", "departureTime": "00:45", "routeNumber": "1", "haltTime": "01:00", "distance": "239", "dayCount": "2", "stnSerialNumber": "4", "boardingDisabled": "false"}, {"stationCode": "GNT", "stationName": "GUNTUR JN", "arrivalTime": "01:50", "departureTime": "01:55", "routeNumber": "1", "haltTime": "05:00", "distance": "282", "dayCount": "2", "stnSerialNumber": "5", "boardingDisabled": "false"}, {"stationCode": "TEL", "stationName": "TENALI JN", "arrivalTime": "02:35", "departureTime": "02:37", "routeNumber": "1", "haltTime": "02:00", "distance": "307", "dayCount": "2", "stnSerialNumber": "6", "boardingDisabled": "false"}, {"stationCode": "BPP", "stationName": "BAPATLA", "arrivalTime": "03:25", "departureTime": "03:27", "routeNumber": "1", "haltTime": "02:00", "distance": "349", "dayCount": "2", "stnSerialNumber": "7", "boardingDisabled": "false"}, {"stationCode": "OGL", "stationName": "ONGOLE", "arrivalTime": "04:03", "departureTime": "04:05", "routeNumber": "1", "haltTime": "02:00", "distance": "414", "dayCount": "2", "stnSerialNumber": "8", "boardingDisabled": "false"}, {"stationCode": "KVZ", "stationName": "KAVALI", "arrivalTime": "04:50", "departureTime": "04:52", "routeNumber": "1", "haltTime": "02:00", "distance": "480", "dayCount": "2", "stnSerialNumber": "9", "boardingDisabled": "false"}, {"stationCode": "NLR", "stationName": "NELLORE", "arrivalTime": "05:40", "departureTime": "05:42", "routeNumber": "1", "haltTime": "02:00", "distance": "530", "dayCount": "2", "stnSerialNumber": "10", "boardingDisabled": "false"}, {"stationCode": "GDR", "stationName": "GUDUR JN", "arrivalTime": "06:48", "departureTime": "06:50", "routeNumber": "1", "haltTime": "02:00", "distance": "568", "dayCount": "2", "stnSerialNumber": "11", "boardingDisabled": "false"}, {"stationCode": "MS", "stationName": "CHENNAI EGMORE", "arrivalTime": "09:30", "departureTime": "09:45", "routeNumber": "1", "haltTime": "15:00", "distance": "710", "dayCount": "2", "stnSerialNumber": "12", "boardingDisabled": "false"}, {"stationCode": "CGL", "stationName": "CHENGALPATTU", "arrivalTime": "10:48", "departureTime": "10:50", "routeNumber": "1", "haltTime": "02:00", "distance": "766", "dayCount": "2", "stnSerialNumber": "13", "boardingDisabled": "false"}, {"stationCode": "VM", "stationName": "VILLUPURAM JN", "arrivalTime": "12:23", "departureTime": "12:25", "routeNumber": "1", "haltTime": "02:00", "distance": "868", "dayCount": "2", "stnSerialNumber": "14", "boardingDisabled": "false"}, {"stationCode": "TDPR", "stationName": "TIRUPADRIPULYUR", "arrivalTime": "13:16", "departureTime": "13:17", "routeNumber": "1", "haltTime": "01:00", "distance": "911", "dayCount": "2", "stnSerialNumber": "15", "boardingDisabled": "false"}, {"stationCode": "CDM", "stationName": "CHIDAMBARAM", "arrivalTime": "13:45", "departureTime": "13:47", "routeNumber": "1", "haltTime": "02:00", "distance": "953", "dayCount": "2", "stnSerialNumber": "16", "boardingDisabled": "false"}, {"stationCode": "SY", "stationName": "SIRKAZHI", "arrivalTime": "13:59", "departureTime": "14:00", "routeNumber": "1", "haltTime": "01:00", "distance": "970", "dayCount": "2", "stnSerialNumber": "17", "boardingDisabled": "false"}, {"stationCode": "MV", "stationName": "MAYILADUTURAI J", "arrivalTime": "14:28", "departureTime": "14:30", "routeNumber": "1", "haltTime": "02:00", "distance": "990", "dayCount": "2", "stnSerialNumber": "18", "boardingDisabled": "false"}, {"stationCode": "TVR", "stationName": "THIRUVARUR JN", "arrivalTime": "15:15", "departureTime": "15:25", "routeNumber": "1", "haltTime": "10:00", "distance": "1029", "dayCount": "2", "stnSerialNumber": "19", "boardingDisabled": "false"}, {"stationCode": "TTP", "stationName": "TIRUTURAIPDI JN", "arrivalTime": "15:58", "departureTime": "16:00", "routeNumber": "1", "haltTime": "02:00", "distance": "1055", "dayCount": "2", "stnSerialNumber": "20", "boardingDisabled": "false"}, {"stationCode": "AMM", "stationName": "ATIRAMPATTINAM", "arrivalTime": "16:34", "departureTime": "16:35", "routeNumber": "1", "haltTime": "01:00", "distance": "1092", "dayCount": "2", "stnSerialNumber": "21", "boardingDisabled": "false"}, {"stationCode": "PKT", "stationName": "PATTUKOTTAI", "arrivalTime": "16:50", "departureTime": "16:52", "routeNumber": "1", "haltTime": "02:00", "distance": "1104", "dayCount": "2", "stnSerialNumber": "22", "boardingDisabled": "false"}, {"stationCode": "ATQ", "stationName": "ARANTANGI", "arrivalTime": "17:50", "departureTime": "17:51", "routeNumber": "1", "haltTime": "01:00", "distance": "1150", "dayCount": "2", "stnSerialNumber": "23", "boardingDisabled": "false"}, {"stationCode": "KKDI", "stationName": "KARAIKKUDI JN", "arrivalTime": "19:10", "departureTime": "19:15", "routeNumber": "1", "haltTime": "05:00", "distance": "1177", "dayCount": "2", "stnSerialNumber": "24", "boardingDisabled": "false"}, {"stationCode": "SVGA", "stationName": "SIVAGANGA", "arrivalTime": "19:58", "departureTime": "20:00", "routeNumber": "1", "haltTime": "02:00", "distance": "1218", "dayCount": "2", "stnSerialNumber": "25", "boardingDisabled": "false"}, {"stationCode": "MNM", "stationName": "MANAMADURAI JN", "arrivalTime": "20:30", "departureTime": "20:35", "routeNumber": "1", "haltTime": "05:00", "distance": "1238", "dayCount": "2", "stnSerialNumber": "26", "boardingDisabled": "false"}, {"stationCode": "RMD", "stationName": "RAMANATHAPURAM", "arrivalTime": "22:30", "departureTime": "--", "routeNumber": "1", "haltTime": "--", "distance": "1298", "dayCount": "2", "stnSerialNumber": "27", "boardingDisabled": "false"}]}