{"trainNumber": "07696", "trainName": "RMD SC SPECIAL", "stationFrom": "RMD", "stationTo": "SC", "trainOwner": "0", "trainRunsOnMon": "N", "trainRunsOnTue": "N", "trainRunsOnWed": "N", "trainRunsOnThu": "N", "trainRunsOnFri": "Y", "trainRunsOnSat": "N", "trainRunsOnSun": "N", "timeStamp": "2023-06-19T15:31:36.268", "duration": "0", "stationList": [{"stationCode": "RMD", "stationName": "RAMANATHAPURAM", "arrivalTime": "--", "departureTime": "09:50", "routeNumber": "1", "haltTime": "--", "distance": "0", "dayCount": "1", "stnSerialNumber": "1", "boardingDisabled": "false"}, {"stationCode": "MNM", "stationName": "MANAMADURAI JN", "arrivalTime": "10:45", "departureTime": "10:50", "routeNumber": "1", "haltTime": "05:00", "distance": "60", "dayCount": "1", "stnSerialNumber": "2", "boardingDisabled": "false"}, {"stationCode": "SVGA", "stationName": "SIVAGANGA", "arrivalTime": "11:13", "departureTime": "11:15", "routeNumber": "1", "haltTime": "02:00", "distance": "81", "dayCount": "1", "stnSerialNumber": "3", "boardingDisabled": "false"}, {"stationCode": "KKDI", "stationName": "KARAIKKUDI JN", "arrivalTime": "12:05", "departureTime": "12:10", "routeNumber": "1", "haltTime": "05:00", "distance": "121", "dayCount": "1", "stnSerialNumber": "4", "boardingDisabled": "false"}, {"stationCode": "ATQ", "stationName": "ARANTANGI", "arrivalTime": "12:29", "departureTime": "12:30", "routeNumber": "1", "haltTime": "01:00", "distance": "149", "dayCount": "1", "stnSerialNumber": "5", "boardingDisabled": "false"}, {"stationCode": "PKT", "stationName": "PATTUKOTTAI", "arrivalTime": "13:13", "departureTime": "13:15", "routeNumber": "1", "haltTime": "02:00", "distance": "195", "dayCount": "1", "stnSerialNumber": "6", "boardingDisabled": "false"}, {"stationCode": "AMM", "stationName": "ATIRAMPATTINAM", "arrivalTime": "13:29", "departureTime": "13:30", "routeNumber": "1", "haltTime": "01:00", "distance": "207", "dayCount": "1", "stnSerialNumber": "7", "boardingDisabled": "false"}, {"stationCode": "TTP", "stationName": "TIRUTURAIPDI JN", "arrivalTime": "14:03", "departureTime": "14:05", "routeNumber": "1", "haltTime": "02:00", "distance": "244", "dayCount": "1", "stnSerialNumber": "8", "boardingDisabled": "false"}, {"stationCode": "TVR", "stationName": "THIRUVARUR JN", "arrivalTime": "15:15", "departureTime": "15:25", "routeNumber": "1", "haltTime": "10:00", "distance": "270", "dayCount": "1", "stnSerialNumber": "9", "boardingDisabled": "false"}, {"stationCode": "MV", "stationName": "MAYILADUTURAI J", "arrivalTime": "16:05", "departureTime": "16:07", "routeNumber": "1", "haltTime": "02:00", "distance": "308", "dayCount": "1", "stnSerialNumber": "10", "boardingDisabled": "false"}, {"stationCode": "SY", "stationName": "SIRKAZHI", "arrivalTime": "16:26", "departureTime": "16:27", "routeNumber": "1", "haltTime": "01:00", "distance": "328", "dayCount": "1", "stnSerialNumber": "11", "boardingDisabled": "false"}, {"stationCode": "CDM", "stationName": "CHIDAMBARAM", "arrivalTime": "16:43", "departureTime": "16:45", "routeNumber": "1", "haltTime": "02:00", "distance": "345", "dayCount": "1", "stnSerialNumber": "12", "boardingDisabled": "false"}, {"stationCode": "TDPR", "stationName": "TIRUPADRIPULYUR", "arrivalTime": "17:19", "departureTime": "17:20", "routeNumber": "1", "haltTime": "01:00", "distance": "388", "dayCount": "1", "stnSerialNumber": "13", "boardingDisabled": "false"}, {"stationCode": "VM", "stationName": "VILLUPURAM JN", "arrivalTime": "19:20", "departureTime": "19:25", "routeNumber": "1", "haltTime": "05:00", "distance": "430", "dayCount": "1", "stnSerialNumber": "14", "boardingDisabled": "false"}, {"stationCode": "CGL", "stationName": "CHENGALPATTU", "arrivalTime": "20:43", "departureTime": "20:45", "routeNumber": "1", "haltTime": "02:00", "distance": "533", "dayCount": "1", "stnSerialNumber": "15", "boardingDisabled": "false"}, {"stationCode": "MS", "stationName": "CHENNAI EGMORE", "arrivalTime": "21:50", "departureTime": "22:10", "routeNumber": "1", "haltTime": "20:00", "distance": "589", "dayCount": "1", "stnSerialNumber": "16", "boardingDisabled": "false"}, {"stationCode": "GDR", "stationName": "GUDUR JN", "arrivalTime": "00:43", "departureTime": "00:45", "routeNumber": "1", "haltTime": "02:00", "distance": "730", "dayCount": "2", "stnSerialNumber": "18", "boardingDisabled": "false"}, {"stationCode": "NLR", "stationName": "NELLORE", "arrivalTime": "01:13", "departureTime": "01:15", "routeNumber": "1", "haltTime": "02:00", "distance": "769", "dayCount": "2", "stnSerialNumber": "19", "boardingDisabled": "false"}, {"stationCode": "KVZ", "stationName": "KAVALI", "arrivalTime": "01:53", "departureTime": "01:55", "routeNumber": "1", "haltTime": "02:00", "distance": "819", "dayCount": "2", "stnSerialNumber": "20", "boardingDisabled": "false"}, {"stationCode": "OGL", "stationName": "ONGOLE", "arrivalTime": "02:23", "departureTime": "02:25", "routeNumber": "1", "haltTime": "02:00", "distance": "885", "dayCount": "2", "stnSerialNumber": "21", "boardingDisabled": "false"}, {"stationCode": "BPP", "stationName": "BAPATLA", "arrivalTime": "03:13", "departureTime": "03:15", "routeNumber": "1", "haltTime": "02:00", "distance": "949", "dayCount": "2", "stnSerialNumber": "22", "boardingDisabled": "false"}, {"stationCode": "TEL", "stationName": "TENALI JN", "arrivalTime": "04:33", "departureTime": "04:35", "routeNumber": "1", "haltTime": "02:00", "distance": "992", "dayCount": "2", "stnSerialNumber": "23", "boardingDisabled": "false"}, {"stationCode": "GNT", "stationName": "GUNTUR JN", "arrivalTime": "05:10", "departureTime": "05:15", "routeNumber": "1", "haltTime": "05:00", "distance": "1017", "dayCount": "2", "stnSerialNumber": "24", "boardingDisabled": "false"}, {"stationCode": "SAP", "stationName": "SATTENAPALLE", "arrivalTime": "05:54", "departureTime": "05:55", "routeNumber": "1", "haltTime": "01:00", "distance": "1059", "dayCount": "2", "stnSerialNumber": "25", "boardingDisabled": "false"}, {"stationCode": "MRGA", "stationName": "MIRYALAGUDA", "arrivalTime": "07:04", "departureTime": "07:05", "routeNumber": "1", "haltTime": "01:00", "distance": "1151", "dayCount": "2", "stnSerialNumber": "26", "boardingDisabled": "false"}, {"stationCode": "NLDA", "stationName": "NALGONDA", "arrivalTime": "07:34", "departureTime": "07:35", "routeNumber": "1", "haltTime": "01:00", "distance": "1188", "dayCount": "2", "stnSerialNumber": "27", "boardingDisabled": "false"}, {"stationCode": "SC", "stationName": "SECUNDERABAD JN", "arrivalTime": "12:50", "departureTime": "--", "routeNumber": "1", "haltTime": "--", "distance": "1298", "dayCount": "2", "stnSerialNumber": "28", "boardingDisabled": "false"}]}