{"trainNumber": "07698", "trainName": "BZA NSL SPL", "stationFrom": "BZA", "stationTo": "NSL", "trainOwner": "0", "trainRunsOnMon": "N", "trainRunsOnTue": "N", "trainRunsOnWed": "N", "trainRunsOnThu": "N", "trainRunsOnFri": "Y", "trainRunsOnSat": "N", "trainRunsOnSun": "N", "timeStamp": "2023-06-19T15:31:36.268", "duration": "0", "stationList": [{"stationCode": "BZA", "stationName": "VIJAYAWADA JN", "arrivalTime": "--", "departureTime": "16:15", "routeNumber": "1", "haltTime": "--", "distance": "0", "dayCount": "1", "stnSerialNumber": "1", "boardingDisabled": "false"}, {"stationCode": "GNT", "stationName": "GUNTUR JN", "arrivalTime": "17:15", "departureTime": "17:20", "routeNumber": "1", "haltTime": "05:00", "distance": "32", "dayCount": "1", "stnSerialNumber": "2", "boardingDisabled": "false"}, {"stationCode": "SAP", "stationName": "SATTENAPALLE", "arrivalTime": "18:04", "departureTime": "18:05", "routeNumber": "1", "haltTime": "01:00", "distance": "75", "dayCount": "1", "stnSerialNumber": "3", "boardingDisabled": "false"}, {"stationCode": "PGRL", "stationName": "PIDUGURALLA", "arrivalTime": "18:29", "departureTime": "18:30", "routeNumber": "1", "haltTime": "01:00", "distance": "106", "dayCount": "1", "stnSerialNumber": "4", "boardingDisabled": "false"}, {"stationCode": "NDKD", "stationName": "NADIKUDI JN", "arrivalTime": "18:54", "departureTime": "18:55", "routeNumber": "1", "haltTime": "01:00", "distance": "128", "dayCount": "1", "stnSerialNumber": "5", "boardingDisabled": "false"}, {"stationCode": "MRGA", "stationName": "MIRYALAGUDA", "arrivalTime": "19:24", "departureTime": "19:25", "routeNumber": "1", "haltTime": "01:00", "distance": "166", "dayCount": "1", "stnSerialNumber": "6", "boardingDisabled": "false"}, {"stationCode": "NLDA", "stationName": "NALGONDA", "arrivalTime": "19:54", "departureTime": "19:55", "routeNumber": "1", "haltTime": "01:00", "distance": "204", "dayCount": "1", "stnSerialNumber": "7", "boardingDisabled": "false"}, {"stationCode": "SC", "stationName": "SECUNDERABAD JN", "arrivalTime": "22:25", "departureTime": "22:35", "routeNumber": "1", "haltTime": "10:00", "distance": "313", "dayCount": "1", "stnSerialNumber": "8", "boardingDisabled": "false"}, {"stationCode": "LPI", "stationName": "LINGAMPALLI", "arrivalTime": "23:15", "departureTime": "23:17", "routeNumber": "1", "haltTime": "02:00", "distance": "336", "dayCount": "1", "stnSerialNumber": "9", "boardingDisabled": "false"}, {"stationCode": "VKB", "stationName": "VIKARABAD JN", "arrivalTime": "00:05", "departureTime": "00:07", "routeNumber": "1", "haltTime": "02:00", "distance": "385", "dayCount": "2", "stnSerialNumber": "10", "boardingDisabled": "false"}, {"stationCode": "ZB", "stationName": "ZAHIRABAD", "arrivalTime": "00:48", "departureTime": "00:50", "routeNumber": "1", "haltTime": "02:00", "distance": "445", "dayCount": "2", "stnSerialNumber": "11", "boardingDisabled": "false"}, {"stationCode": "BIDR", "stationName": "BIDAR", "arrivalTime": "01:30", "departureTime": "01:32", "routeNumber": "1", "haltTime": "02:00", "distance": "476", "dayCount": "2", "stnSerialNumber": "12", "boardingDisabled": "false"}, {"stationCode": "BHLK", "stationName": "BHALKI", "arrivalTime": "02:02", "departureTime": "02:04", "routeNumber": "1", "haltTime": "02:00", "distance": "513", "dayCount": "2", "stnSerialNumber": "13", "boardingDisabled": "false"}, {"stationCode": "UDGR", "stationName": "UDGIR", "arrivalTime": "02:40", "departureTime": "02:42", "routeNumber": "1", "haltTime": "02:00", "distance": "557", "dayCount": "2", "stnSerialNumber": "14", "boardingDisabled": "false"}, {"stationCode": "LTRR", "stationName": "LATUR ROAD", "arrivalTime": "03:20", "departureTime": "03:22", "routeNumber": "1", "haltTime": "02:00", "distance": "590", "dayCount": "2", "stnSerialNumber": "15", "boardingDisabled": "false"}, {"stationCode": "PRLI", "stationName": "PARLI VAIJNATH", "arrivalTime": "05:50", "departureTime": "06:10", "routeNumber": "1", "haltTime": "20:00", "distance": "653", "dayCount": "2", "stnSerialNumber": "16", "boardingDisabled": "false"}, {"stationCode": "GNH", "stationName": "GANGAKHER", "arrivalTime": "07:14", "departureTime": "07:15", "routeNumber": "1", "haltTime": "01:00", "distance": "682", "dayCount": "2", "stnSerialNumber": "17", "boardingDisabled": "false"}, {"stationCode": "PBN", "stationName": "PARBHANI JN", "arrivalTime": "08:10", "departureTime": "08:30", "routeNumber": "1", "haltTime": "20:00", "distance": "716", "dayCount": "2", "stnSerialNumber": "18", "boardingDisabled": "false"}, {"stationCode": "MVO", "stationName": "MANWATH ROAD", "arrivalTime": "08:49", "departureTime": "08:50", "routeNumber": "1", "haltTime": "01:00", "distance": "744", "dayCount": "2", "stnSerialNumber": "19", "boardingDisabled": "false"}, {"stationCode": "SELU", "stationName": "SELU", "arrivalTime": "09:04", "departureTime": "09:05", "routeNumber": "1", "haltTime": "01:00", "distance": "759", "dayCount": "2", "stnSerialNumber": "20", "boardingDisabled": "false"}, {"stationCode": "PTU", "stationName": "PARTUR", "arrivalTime": "09:19", "departureTime": "09:20", "routeNumber": "1", "haltTime": "01:00", "distance": "786", "dayCount": "2", "stnSerialNumber": "21", "boardingDisabled": "false"}, {"stationCode": "J", "stationName": "JALNA", "arrivalTime": "10:03", "departureTime": "10:05", "routeNumber": "1", "haltTime": "02:00", "distance": "831", "dayCount": "2", "stnSerialNumber": "22", "boardingDisabled": "false"}, {"stationCode": "AWB", "stationName": "AURANGABAD", "arrivalTime": "11:45", "departureTime": "11:50", "routeNumber": "1", "haltTime": "05:00", "distance": "894", "dayCount": "2", "stnSerialNumber": "23", "boardingDisabled": "false"}, {"stationCode": "NSL", "stationName": "NAGARSOL", "arrivalTime": "14:10", "departureTime": "--", "routeNumber": "1", "haltTime": "--", "distance": "982", "dayCount": "2", "stnSerialNumber": "24", "boardingDisabled": "false"}]}