{"trainNumber": "08008", "trainName": "VZR SHM SPL", "stationFrom": "VZR", "stationTo": "SHM", "trainOwner": "0", "trainRunsOnMon": "Y", "trainRunsOnTue": "N", "trainRunsOnWed": "N", "trainRunsOnThu": "N", "trainRunsOnFri": "N", "trainRunsOnSat": "Y", "trainRunsOnSun": "N", "timeStamp": "2023-06-19T15:30:53.517", "duration": "0", "stationList": [{"stationCode": "VZR", "stationName": "BHANJPUR", "arrivalTime": "--", "departureTime": "09:15", "routeNumber": "1", "haltTime": "--", "distance": "0", "dayCount": "1", "stnSerialNumber": "1", "boardingDisabled": "false"}, {"stationCode": "BPO", "stationName": "BARIPADA", "arrivalTime": "09:25", "departureTime": "09:27", "routeNumber": "1", "haltTime": "02:00", "distance": "4", "dayCount": "1", "stnSerialNumber": "2", "boardingDisabled": "false"}, {"stationCode": "KCV", "stationName": "KRISHNA CH PURA", "arrivalTime": "09:50", "departureTime": "09:51", "routeNumber": "1", "haltTime": "01:00", "distance": "20", "dayCount": "1", "stnSerialNumber": "3", "boardingDisabled": "false"}, {"stationCode": "BTQ", "stationName": "BETNOTI", "arrivalTime": "10:09", "departureTime": "10:10", "routeNumber": "1", "haltTime": "01:00", "distance": "32", "dayCount": "1", "stnSerialNumber": "4", "boardingDisabled": "false"}, {"stationCode": "JRG", "stationName": "JUGPURA", "arrivalTime": "10:27", "departureTime": "10:28", "routeNumber": "1", "haltTime": "01:00", "distance": "43", "dayCount": "1", "stnSerialNumber": "5", "boardingDisabled": "false"}, {"stationCode": "ROP", "stationName": "RUPSA JN", "arrivalTime": "10:50", "departureTime": "11:10", "routeNumber": "1", "haltTime": "20:00", "distance": "56", "dayCount": "1", "stnSerialNumber": "6", "boardingDisabled": "false"}, {"stationCode": "BTS", "stationName": "BASTA", "arrivalTime": "11:20", "departureTime": "11:22", "routeNumber": "1", "haltTime": "02:00", "distance": "65", "dayCount": "1", "stnSerialNumber": "7", "boardingDisabled": "false"}, {"stationCode": "JER", "stationName": "JALESWAR", "arrivalTime": "11:35", "departureTime": "11:37", "routeNumber": "1", "haltTime": "02:00", "distance": "85", "dayCount": "1", "stnSerialNumber": "8", "boardingDisabled": "false"}, {"stationCode": "BLDA", "stationName": "BELDA", "arrivalTime": "12:01", "departureTime": "12:03", "routeNumber": "1", "haltTime": "02:00", "distance": "118", "dayCount": "1", "stnSerialNumber": "9", "boardingDisabled": "false"}, {"stationCode": "KGP", "stationName": "KHARAGPUR JN", "arrivalTime": "12:55", "departureTime": "13:00", "routeNumber": "1", "haltTime": "05:00", "distance": "156", "dayCount": "1", "stnSerialNumber": "10", "boardingDisabled": "false"}, {"stationCode": "PKU", "stationName": "PANSKURA", "arrivalTime": "13:35", "departureTime": "13:37", "routeNumber": "1", "haltTime": "02:00", "distance": "201", "dayCount": "1", "stnSerialNumber": "11", "boardingDisabled": "false"}, {"stationCode": "BZN", "stationName": "BAGNAN", "arrivalTime": "14:00", "departureTime": "14:02", "routeNumber": "1", "haltTime": "02:00", "distance": "226", "dayCount": "1", "stnSerialNumber": "12", "boardingDisabled": "false"}, {"stationCode": "SRC", "stationName": "SANTRAGACHI JN", "arrivalTime": "14:48", "departureTime": "14:50", "routeNumber": "1", "haltTime": "02:00", "distance": "264", "dayCount": "1", "stnSerialNumber": "13", "boardingDisabled": "false"}, {"stationCode": "SHM", "stationName": "SHALIMAR", "arrivalTime": "15:30", "departureTime": "--", "routeNumber": "1", "haltTime": "--", "distance": "269", "dayCount": "1", "stnSerialNumber": "14", "boardingDisabled": "false"}]}