{"trainNumber": "08007", "trainName": "SHM VZR SPL", "stationFrom": "SHM", "stationTo": "VZR", "trainOwner": "0", "trainRunsOnMon": "N", "trainRunsOnTue": "N", "trainRunsOnWed": "N", "trainRunsOnThu": "Y", "trainRunsOnFri": "N", "trainRunsOnSat": "Y", "trainRunsOnSun": "N", "timeStamp": "2023-06-19T15:30:53.564", "duration": "0", "stationList": [{"stationCode": "SHM", "stationName": "SHALIMAR", "arrivalTime": "--", "departureTime": "16:25", "routeNumber": "1", "haltTime": "--", "distance": "0", "dayCount": "1", "stnSerialNumber": "1", "boardingDisabled": "false"}, {"stationCode": "SRC", "stationName": "SANTRAGACHI JN", "arrivalTime": "16:36", "departureTime": "16:38", "routeNumber": "1", "haltTime": "02:00", "distance": "6", "dayCount": "1", "stnSerialNumber": "2", "boardingDisabled": "false"}, {"stationCode": "BZN", "stationName": "BAGNAN", "arrivalTime": "17:09", "departureTime": "17:10", "routeNumber": "1", "haltTime": "01:00", "distance": "43", "dayCount": "1", "stnSerialNumber": "3", "boardingDisabled": "false"}, {"stationCode": "PKU", "stationName": "PANSKURA", "arrivalTime": "17:31", "departureTime": "17:32", "routeNumber": "1", "haltTime": "01:00", "distance": "69", "dayCount": "1", "stnSerialNumber": "4", "boardingDisabled": "false"}, {"stationCode": "KGP", "stationName": "KHARAGPUR JN", "arrivalTime": "18:15", "departureTime": "18:20", "routeNumber": "1", "haltTime": "05:00", "distance": "113", "dayCount": "1", "stnSerialNumber": "5", "boardingDisabled": "false"}, {"stationCode": "BLDA", "stationName": "BELDA", "arrivalTime": "18:48", "departureTime": "18:50", "routeNumber": "1", "haltTime": "02:00", "distance": "151", "dayCount": "1", "stnSerialNumber": "6", "boardingDisabled": "false"}, {"stationCode": "JER", "stationName": "JALESWAR", "arrivalTime": "19:12", "departureTime": "19:14", "routeNumber": "1", "haltTime": "02:00", "distance": "184", "dayCount": "1", "stnSerialNumber": "7", "boardingDisabled": "false"}, {"stationCode": "BTS", "stationName": "BASTA", "arrivalTime": "19:29", "departureTime": "19:30", "routeNumber": "1", "haltTime": "01:00", "distance": "204", "dayCount": "1", "stnSerialNumber": "8", "boardingDisabled": "false"}, {"stationCode": "ROP", "stationName": "RUPSA JN", "arrivalTime": "19:45", "departureTime": "20:05", "routeNumber": "1", "haltTime": "20:00", "distance": "214", "dayCount": "1", "stnSerialNumber": "9", "boardingDisabled": "false"}, {"stationCode": "JRG", "stationName": "JUGPURA", "arrivalTime": "20:19", "departureTime": "20:20", "routeNumber": "1", "haltTime": "01:00", "distance": "226", "dayCount": "1", "stnSerialNumber": "10", "boardingDisabled": "false"}, {"stationCode": "BTQ", "stationName": "BETNOTI", "arrivalTime": "20:35", "departureTime": "20:36", "routeNumber": "1", "haltTime": "01:00", "distance": "238", "dayCount": "1", "stnSerialNumber": "11", "boardingDisabled": "false"}, {"stationCode": "KCV", "stationName": "KRISHNA CH PURA", "arrivalTime": "20:51", "departureTime": "20:52", "routeNumber": "1", "haltTime": "01:00", "distance": "249", "dayCount": "1", "stnSerialNumber": "12", "boardingDisabled": "false"}, {"stationCode": "BPO", "stationName": "BARIPADA", "arrivalTime": "21:17", "departureTime": "21:18", "routeNumber": "1", "haltTime": "01:00", "distance": "265", "dayCount": "1", "stnSerialNumber": "13", "boardingDisabled": "false"}, {"stationCode": "VZR", "stationName": "BHANJPUR", "arrivalTime": "21:30", "departureTime": "--", "routeNumber": "1", "haltTime": "--", "distance": "269", "dayCount": "1", "stnSerialNumber": "14", "boardingDisabled": "false"}]}