{"trainNumber": "08012", "trainName": "PURI VZR SPL", "stationFrom": "PURI", "stationTo": "VZR", "trainOwner": "0", "trainRunsOnMon": "N", "trainRunsOnTue": "N", "trainRunsOnWed": "N", "trainRunsOnThu": "N", "trainRunsOnFri": "Y", "trainRunsOnSat": "N", "trainRunsOnSun": "Y", "timeStamp": "2023-06-19T15:30:55.092", "duration": "0", "stationList": [{"stationCode": "PURI", "stationName": "PURI", "arrivalTime": "--", "departureTime": "23:50", "routeNumber": "1", "haltTime": "--", "distance": "0", "dayCount": "1", "stnSerialNumber": "1", "boardingDisabled": "false"}, {"stationCode": "KUR", "stationName": "KHURDA ROAD JN", "arrivalTime": "00:45", "departureTime": "00:50", "routeNumber": "1", "haltTime": "05:00", "distance": "44", "dayCount": "2", "stnSerialNumber": "2", "boardingDisabled": "false"}, {"stationCode": "BBS", "stationName": "BHUBANESWAR", "arrivalTime": "01:15", "departureTime": "01:20", "routeNumber": "1", "haltTime": "05:00", "distance": "63", "dayCount": "2", "stnSerialNumber": "3", "boardingDisabled": "false"}, {"stationCode": "CTC", "stationName": "CUTTACK", "arrivalTime": "02:00", "departureTime": "02:05", "routeNumber": "1", "haltTime": "05:00", "distance": "91", "dayCount": "2", "stnSerialNumber": "4", "boardingDisabled": "false"}, {"stationCode": "JJKR", "stationName": "JAJPUR K ROAD", "arrivalTime": "03:20", "departureTime": "03:22", "routeNumber": "1", "haltTime": "02:00", "distance": "163", "dayCount": "2", "stnSerialNumber": "5", "boardingDisabled": "false"}, {"stationCode": "BHC", "stationName": "BHADRAK", "arrivalTime": "04:00", "departureTime": "04:02", "routeNumber": "1", "haltTime": "02:00", "distance": "206", "dayCount": "2", "stnSerialNumber": "6", "boardingDisabled": "false"}, {"stationCode": "SORO", "stationName": "SORO", "arrivalTime": "04:24", "departureTime": "04:26", "routeNumber": "1", "haltTime": "02:00", "distance": "235", "dayCount": "2", "stnSerialNumber": "7", "boardingDisabled": "false"}, {"stationCode": "BLS", "stationName": "BALASORE", "arrivalTime": "04:48", "departureTime": "04:50", "routeNumber": "1", "haltTime": "02:00", "distance": "268", "dayCount": "2", "stnSerialNumber": "8", "boardingDisabled": "false"}, {"stationCode": "ROP", "stationName": "RUPSA JN", "arrivalTime": "05:08", "departureTime": "05:10", "routeNumber": "1", "haltTime": "02:00", "distance": "286", "dayCount": "2", "stnSerialNumber": "9", "boardingDisabled": "false"}, {"stationCode": "BTQ", "stationName": "BETNOTI", "arrivalTime": "05:33", "departureTime": "05:35", "routeNumber": "1", "haltTime": "02:00", "distance": "310", "dayCount": "2", "stnSerialNumber": "10", "boardingDisabled": "false"}, {"stationCode": "BPO", "stationName": "BARIPADA", "arrivalTime": "06:30", "departureTime": "06:32", "routeNumber": "1", "haltTime": "02:00", "distance": "338", "dayCount": "2", "stnSerialNumber": "11", "boardingDisabled": "false"}, {"stationCode": "VZR", "stationName": "BHANJPUR", "arrivalTime": "06:50", "departureTime": "--", "routeNumber": "1", "haltTime": "--", "distance": "341", "dayCount": "2", "stnSerialNumber": "12", "boardingDisabled": "false"}]}