{"trainNumber": "08011", "trainName": "VZR PURI SPL", "stationFrom": "VZR", "stationTo": "PURI", "trainOwner": "0", "trainRunsOnMon": "N", "trainRunsOnTue": "N", "trainRunsOnWed": "N", "trainRunsOnThu": "Y", "trainRunsOnFri": "N", "trainRunsOnSat": "Y", "trainRunsOnSun": "N", "timeStamp": "2023-06-19T15:30:55.093", "duration": "0", "stationList": [{"stationCode": "VZR", "stationName": "BHANJPUR", "arrivalTime": "--", "departureTime": "23:10", "routeNumber": "1", "haltTime": "--", "distance": "0", "dayCount": "1", "stnSerialNumber": "1", "boardingDisabled": "false"}, {"stationCode": "BPO", "stationName": "BARIPADA", "arrivalTime": "23:18", "departureTime": "23:20", "routeNumber": "1", "haltTime": "02:00", "distance": "4", "dayCount": "1", "stnSerialNumber": "2", "boardingDisabled": "false"}, {"stationCode": "BTQ", "stationName": "BETNOTI", "arrivalTime": "23:52", "departureTime": "23:54", "routeNumber": "1", "haltTime": "02:00", "distance": "32", "dayCount": "1", "stnSerialNumber": "3", "boardingDisabled": "false"}, {"stationCode": "ROP", "stationName": "RUPSA JN", "arrivalTime": "00:30", "departureTime": "00:32", "routeNumber": "1", "haltTime": "02:00", "distance": "56", "dayCount": "2", "stnSerialNumber": "4", "boardingDisabled": "false"}, {"stationCode": "BLS", "stationName": "BALASORE", "arrivalTime": "00:50", "departureTime": "00:52", "routeNumber": "1", "haltTime": "02:00", "distance": "73", "dayCount": "2", "stnSerialNumber": "5", "boardingDisabled": "false"}, {"stationCode": "SORO", "stationName": "SORO", "arrivalTime": "01:15", "departureTime": "01:17", "routeNumber": "1", "haltTime": "02:00", "distance": "107", "dayCount": "2", "stnSerialNumber": "6", "boardingDisabled": "false"}, {"stationCode": "BHC", "stationName": "BHADRAK", "arrivalTime": "01:48", "departureTime": "01:50", "routeNumber": "1", "haltTime": "02:00", "distance": "136", "dayCount": "2", "stnSerialNumber": "7", "boardingDisabled": "false"}, {"stationCode": "JJKR", "stationName": "JAJPUR K ROAD", "arrivalTime": "02:25", "departureTime": "02:27", "routeNumber": "1", "haltTime": "02:00", "distance": "179", "dayCount": "2", "stnSerialNumber": "8", "boardingDisabled": "false"}, {"stationCode": "CTC", "stationName": "CUTTACK", "arrivalTime": "03:30", "departureTime": "03:35", "routeNumber": "1", "haltTime": "05:00", "distance": "251", "dayCount": "2", "stnSerialNumber": "9", "boardingDisabled": "false"}, {"stationCode": "BBS", "stationName": "BHUBANESWAR", "arrivalTime": "04:05", "departureTime": "04:10", "routeNumber": "1", "haltTime": "05:00", "distance": "279", "dayCount": "2", "stnSerialNumber": "10", "boardingDisabled": "false"}, {"stationCode": "KUR", "stationName": "KHURDA ROAD JN", "arrivalTime": "04:35", "departureTime": "04:40", "routeNumber": "1", "haltTime": "05:00", "distance": "298", "dayCount": "2", "stnSerialNumber": "11", "boardingDisabled": "false"}, {"stationCode": "PURI", "stationName": "PURI", "arrivalTime": "05:50", "departureTime": "--", "routeNumber": "1", "haltTime": "--", "distance": "341", "dayCount": "2", "stnSerialNumber": "12", "boardingDisabled": "false"}]}