{"trainNumber": "08047", "trainName": "SRC GHY SPL", "stationFrom": "SRC", "stationTo": "GHY", "trainOwner": "0", "trainRunsOnMon": "N", "trainRunsOnTue": "N", "trainRunsOnWed": "N", "trainRunsOnThu": "N", "trainRunsOnFri": "Y", "trainRunsOnSat": "N", "trainRunsOnSun": "N", "timeStamp": "2023-06-19T15:30:52.615", "duration": "0", "stationList": [{"stationCode": "SRC", "stationName": "SANTRAGACHI JN", "arrivalTime": "--", "departureTime": "18:00", "routeNumber": "1", "haltTime": "--", "distance": "0", "dayCount": "1", "stnSerialNumber": "1", "boardingDisabled": "false"}, {"stationCode": "DKAE", "stationName": "DANKUNI", "arrivalTime": "19:13", "departureTime": "19:15", "routeNumber": "1", "haltTime": "02:00", "distance": "25", "dayCount": "1", "stnSerialNumber": "4", "boardingDisabled": "false"}, {"stationCode": "BWN", "stationName": "BARDDHAMAN JN", "arrivalTime": "20:07", "departureTime": "20:09", "routeNumber": "1", "haltTime": "02:00", "distance": "104", "dayCount": "1", "stnSerialNumber": "5", "boardingDisabled": "false"}, {"stationCode": "RPH", "stationName": "RAMPUR HAT", "arrivalTime": "21:51", "departureTime": "21:53", "routeNumber": "1", "haltTime": "02:00", "distance": "216", "dayCount": "1", "stnSerialNumber": "7", "boardingDisabled": "false"}, {"stationCode": "MLDT", "stationName": "MALDA TOWN", "arrivalTime": "01:10", "departureTime": "01:20", "routeNumber": "1", "haltTime": "10:00", "distance": "337", "dayCount": "2", "stnSerialNumber": "9", "boardingDisabled": "false"}, {"stationCode": "BOE", "stationName": "BARSOI JN", "arrivalTime": "02:32", "departureTime": "02:34", "routeNumber": "1", "haltTime": "02:00", "distance": "425", "dayCount": "2", "stnSerialNumber": "10", "boardingDisabled": "false"}, {"stationCode": "KNE", "stationName": "KISHANGANJ", "arrivalTime": "03:18", "departureTime": "03:20", "routeNumber": "1", "haltTime": "02:00", "distance": "482", "dayCount": "2", "stnSerialNumber": "11", "boardingDisabled": "false"}, {"stationCode": "AUB", "stationName": "ALUABARI ROAD", "arrivalTime": "03:45", "departureTime": "03:47", "routeNumber": "1", "haltTime": "02:00", "distance": "513", "dayCount": "2", "stnSerialNumber": "12", "boardingDisabled": "false"}, {"stationCode": "NJP", "stationName": "NEW JALPAIGURI", "arrivalTime": "04:50", "departureTime": "05:00", "routeNumber": "1", "haltTime": "10:00", "distance": "570", "dayCount": "2", "stnSerialNumber": "13", "boardingDisabled": "false"}, {"stationCode": "NCB", "stationName": "NEW COOCH BEHAR", "arrivalTime": "06:50", "departureTime": "07:15", "routeNumber": "1", "haltTime": "25:00", "distance": "696", "dayCount": "2", "stnSerialNumber": "14", "boardingDisabled": "false"}, {"stationCode": "KOJ", "stationName": "KOKRAJHAR", "arrivalTime": "08:35", "departureTime": "08:37", "routeNumber": "1", "haltTime": "02:00", "distance": "793", "dayCount": "2", "stnSerialNumber": "15", "boardingDisabled": "false"}, {"stationCode": "NBQ", "stationName": "NEW BONGAIGAON", "arrivalTime": "10:10", "departureTime": "10:15", "routeNumber": "1", "haltTime": "05:00", "distance": "821", "dayCount": "2", "stnSerialNumber": "16", "boardingDisabled": "false"}, {"stationCode": "GLPT", "stationName": "GOALPARA TOWN", "arrivalTime": "11:00", "departureTime": "11:02", "routeNumber": "1", "haltTime": "02:00", "distance": "901", "dayCount": "2", "stnSerialNumber": "17", "boardingDisabled": "false"}, {"stationCode": "KYQ", "stationName": "KAMAKHYA", "arrivalTime": "14:30", "departureTime": "14:32", "routeNumber": "1", "haltTime": "02:00", "distance": "1023", "dayCount": "2", "stnSerialNumber": "18", "boardingDisabled": "false"}, {"stationCode": "GHY", "stationName": "GUWAHATI", "arrivalTime": "15:00", "departureTime": "--", "routeNumber": "1", "haltTime": "--", "distance": "1029", "dayCount": "2", "stnSerialNumber": "19", "boardingDisabled": "false"}]}