{"trainNumber": "08186", "trainName": "DURG HTE SPL", "stationFrom": "DURG", "stationTo": "HTE", "trainOwner": "0", "trainRunsOnMon": "N", "trainRunsOnTue": "N", "trainRunsOnWed": "Y", "trainRunsOnThu": "N", "trainRunsOnFri": "Y", "trainRunsOnSat": "N", "trainRunsOnSun": "N", "timeStamp": "2023-06-19T15:31:36.751", "duration": "0", "stationList": [{"stationCode": "DURG", "stationName": "DURG", "arrivalTime": "--", "departureTime": "19:35", "routeNumber": "1", "haltTime": "--", "distance": "0", "dayCount": "1", "stnSerialNumber": "1", "boardingDisabled": "false"}, {"stationCode": "R", "stationName": "RAIPUR JN", "arrivalTime": "20:15", "departureTime": "20:20", "routeNumber": "1", "haltTime": "05:00", "distance": "37", "dayCount": "1", "stnSerialNumber": "2", "boardingDisabled": "false"}, {"stationCode": "BYT", "stationName": "BHATAPARA", "arrivalTime": "21:11", "departureTime": "21:13", "routeNumber": "1", "haltTime": "02:00", "distance": "101", "dayCount": "1", "stnSerialNumber": "3", "boardingDisabled": "false"}, {"stationCode": "BSP", "stationName": "BILASPUR JN", "arrivalTime": "22:25", "departureTime": "22:40", "routeNumber": "1", "haltTime": "15:00", "distance": "148", "dayCount": "1", "stnSerialNumber": "4", "boardingDisabled": "false"}, {"stationCode": "CPH", "stationName": "CHAMPA JN", "arrivalTime": "23:24", "departureTime": "23:26", "routeNumber": "1", "haltTime": "02:00", "distance": "201", "dayCount": "1", "stnSerialNumber": "5", "boardingDisabled": "false"}, {"stationCode": "RIG", "stationName": "RAIGARH", "arrivalTime": "00:27", "departureTime": "00:29", "routeNumber": "1", "haltTime": "02:00", "distance": "280", "dayCount": "2", "stnSerialNumber": "6", "boardingDisabled": "false"}, {"stationCode": "JSG", "stationName": "JHARSUGUDA JN", "arrivalTime": "02:43", "departureTime": "02:45", "routeNumber": "1", "haltTime": "02:00", "distance": "352", "dayCount": "2", "stnSerialNumber": "7", "boardingDisabled": "false"}, {"stationCode": "ROU", "stationName": "ROURKELA", "arrivalTime": "04:00", "departureTime": "04:10", "routeNumber": "1", "haltTime": "10:00", "distance": "453", "dayCount": "2", "stnSerialNumber": "8", "boardingDisabled": "false"}, {"stationCode": "HTE", "stationName": "HATIA", "arrivalTime": "06:45", "departureTime": "--", "routeNumber": "1", "haltTime": "--", "distance": "620", "dayCount": "2", "stnSerialNumber": "9", "boardingDisabled": "false"}]}