{"trainNumber": "08185", "trainName": "HTE DURG SPL", "stationFrom": "HTE", "stationTo": "DURG", "trainOwner": "0", "trainRunsOnMon": "N", "trainRunsOnTue": "Y", "trainRunsOnWed": "N", "trainRunsOnThu": "Y", "trainRunsOnFri": "N", "trainRunsOnSat": "N", "trainRunsOnSun": "N", "timeStamp": "2023-06-19T15:31:36.748", "duration": "0", "stationList": [{"stationCode": "HTE", "stationName": "HATIA", "arrivalTime": "--", "departureTime": "20:05", "routeNumber": "1", "haltTime": "--", "distance": "0", "dayCount": "1", "stnSerialNumber": "1", "boardingDisabled": "false"}, {"stationCode": "ROU", "stationName": "ROURKELA", "arrivalTime": "22:45", "departureTime": "22:55", "routeNumber": "1", "haltTime": "10:00", "distance": "167", "dayCount": "1", "stnSerialNumber": "2", "boardingDisabled": "false"}, {"stationCode": "JSG", "stationName": "JHARSUGUDA JN", "arrivalTime": "00:20", "departureTime": "00:22", "routeNumber": "1", "haltTime": "02:00", "distance": "269", "dayCount": "2", "stnSerialNumber": "3", "boardingDisabled": "false"}, {"stationCode": "RIG", "stationName": "RAIGARH", "arrivalTime": "01:29", "departureTime": "01:31", "routeNumber": "1", "haltTime": "02:00", "distance": "340", "dayCount": "2", "stnSerialNumber": "4", "boardingDisabled": "false"}, {"stationCode": "CPH", "stationName": "CHAMPA JN", "arrivalTime": "02:36", "departureTime": "02:38", "routeNumber": "1", "haltTime": "02:00", "distance": "420", "dayCount": "2", "stnSerialNumber": "5", "boardingDisabled": "false"}, {"stationCode": "BSP", "stationName": "BILASPUR JN", "arrivalTime": "03:50", "departureTime": "04:05", "routeNumber": "1", "haltTime": "15:00", "distance": "473", "dayCount": "2", "stnSerialNumber": "6", "boardingDisabled": "false"}, {"stationCode": "BYT", "stationName": "BHATAPARA", "arrivalTime": "04:45", "departureTime": "04:47", "routeNumber": "1", "haltTime": "02:00", "distance": "519", "dayCount": "2", "stnSerialNumber": "7", "boardingDisabled": "false"}, {"stationCode": "R", "stationName": "RAIPUR JN", "arrivalTime": "05:40", "departureTime": "05:45", "routeNumber": "1", "haltTime": "05:00", "distance": "583", "dayCount": "2", "stnSerialNumber": "8", "boardingDisabled": "false"}, {"stationCode": "DURG", "stationName": "DURG", "arrivalTime": "06:45", "departureTime": "--", "routeNumber": "1", "haltTime": "--", "distance": "620", "dayCount": "2", "stnSerialNumber": "9", "boardingDisabled": "false"}]}