{"trainNumber": "08312", "trainName": "CBE SBP SPL", "stationFrom": "CBE", "stationTo": "SBP", "trainOwner": "0", "trainRunsOnMon": "N", "trainRunsOnTue": "N", "trainRunsOnWed": "N", "trainRunsOnThu": "N", "trainRunsOnFri": "Y", "trainRunsOnSat": "N", "trainRunsOnSun": "N", "timeStamp": "2023-06-19T15:30:07.119", "duration": "0", "stationList": [{"stationCode": "CBE", "stationName": "COIMBATORE JN", "arrivalTime": "--", "departureTime": "12:00", "routeNumber": "1", "haltTime": "--", "distance": "0", "dayCount": "1", "stnSerialNumber": "1", "boardingDisabled": "false"}, {"stationCode": "TUP", "stationName": "TIRUPPUR", "arrivalTime": "12:53", "departureTime": "12:55", "routeNumber": "1", "haltTime": "02:00", "distance": "51", "dayCount": "1", "stnSerialNumber": "3", "boardingDisabled": "false"}, {"stationCode": "ED", "stationName": "ERODE JN", "arrivalTime": "13:40", "departureTime": "13:45", "routeNumber": "1", "haltTime": "05:00", "distance": "101", "dayCount": "1", "stnSerialNumber": "4", "boardingDisabled": "false"}, {"stationCode": "SA", "stationName": "SALEM JN", "arrivalTime": "14:47", "departureTime": "14:50", "routeNumber": "1", "haltTime": "03:00", "distance": "164", "dayCount": "1", "stnSerialNumber": "5", "boardingDisabled": "false"}, {"stationCode": "JTJ", "stationName": "JOLARPETTAI", "arrivalTime": "16:45", "departureTime": "16:50", "routeNumber": "1", "haltTime": "05:00", "distance": "284", "dayCount": "1", "stnSerialNumber": "6", "boardingDisabled": "false"}, {"stationCode": "KPD", "stationName": "KATPADI JN", "arrivalTime": "18:00", "departureTime": "18:15", "routeNumber": "1", "haltTime": "15:00", "distance": "367", "dayCount": "1", "stnSerialNumber": "7", "boardingDisabled": "false"}, {"stationCode": "AJJ", "stationName": "ARAKKONAM JN", "arrivalTime": "19:08", "departureTime": "19:10", "routeNumber": "1", "haltTime": "02:00", "distance": "428", "dayCount": "1", "stnSerialNumber": "8", "boardingDisabled": "false"}, {"stationCode": "PER", "stationName": "PERAMBUR", "arrivalTime": "19:55", "departureTime": "20:00", "routeNumber": "1", "haltTime": "05:00", "distance": "491", "dayCount": "1", "stnSerialNumber": "9", "boardingDisabled": "false"}, {"stationCode": "GDR", "stationName": "GUDUR JN", "arrivalTime": "22:33", "departureTime": "22:35", "routeNumber": "1", "haltTime": "02:00", "distance": "628", "dayCount": "1", "stnSerialNumber": "10", "boardingDisabled": "false"}, {"stationCode": "NLR", "stationName": "NELLORE", "arrivalTime": "23:03", "departureTime": "23:05", "routeNumber": "1", "haltTime": "02:00", "distance": "667", "dayCount": "1", "stnSerialNumber": "11", "boardingDisabled": "false"}, {"stationCode": "OGL", "stationName": "ONGOLE", "arrivalTime": "00:38", "departureTime": "00:40", "routeNumber": "1", "haltTime": "02:00", "distance": "783", "dayCount": "2", "stnSerialNumber": "12", "boardingDisabled": "false"}, {"stationCode": "CLX", "stationName": "CHIRALA", "arrivalTime": "01:13", "departureTime": "01:15", "routeNumber": "1", "haltTime": "02:00", "distance": "832", "dayCount": "2", "stnSerialNumber": "13", "boardingDisabled": "false"}, {"stationCode": "TEL", "stationName": "TENALI JN", "arrivalTime": "02:03", "departureTime": "02:05", "routeNumber": "1", "haltTime": "02:00", "distance": "889", "dayCount": "2", "stnSerialNumber": "14", "boardingDisabled": "false"}, {"stationCode": "BZA", "stationName": "VIJAYAWADA JN", "arrivalTime": "03:10", "departureTime": "03:30", "routeNumber": "1", "haltTime": "20:00", "distance": "921", "dayCount": "2", "stnSerialNumber": "15", "boardingDisabled": "false"}, {"stationCode": "GDV", "stationName": "GUDIVADA JN", "arrivalTime": "04:18", "departureTime": "04:20", "routeNumber": "1", "haltTime": "02:00", "distance": "965", "dayCount": "2", "stnSerialNumber": "16", "boardingDisabled": "false"}, {"stationCode": "KKLR", "stationName": "KAIKALUR", "arrivalTime": "04:48", "departureTime": "04:50", "routeNumber": "1", "haltTime": "02:00", "distance": "994", "dayCount": "2", "stnSerialNumber": "17", "boardingDisabled": "false"}, {"stationCode": "BVRT", "stationName": "BHIMAVARAM TOWN", "arrivalTime": "05:28", "departureTime": "05:30", "routeNumber": "1", "haltTime": "02:00", "distance": "1028", "dayCount": "2", "stnSerialNumber": "18", "boardingDisabled": "false"}, {"stationCode": "NDD", "stationName": "NIDADAVOLU JN", "arrivalTime": "06:38", "departureTime": "06:40", "routeNumber": "1", "haltTime": "02:00", "distance": "1076", "dayCount": "2", "stnSerialNumber": "20", "boardingDisabled": "false"}, {"stationCode": "RJY", "stationName": "RAJAHMUNDRY", "arrivalTime": "07:28", "departureTime": "07:30", "routeNumber": "1", "haltTime": "02:00", "distance": "1098", "dayCount": "2", "stnSerialNumber": "21", "boardingDisabled": "false"}, {"stationCode": "SLO", "stationName": "SAMALKOT JN", "arrivalTime": "08:13", "departureTime": "08:15", "routeNumber": "1", "haltTime": "02:00", "distance": "1149", "dayCount": "2", "stnSerialNumber": "22", "boardingDisabled": "false"}, {"stationCode": "AKP", "stationName": "ANAKAPALLE", "arrivalTime": "10:33", "departureTime": "10:35", "routeNumber": "1", "haltTime": "02:00", "distance": "1266", "dayCount": "2", "stnSerialNumber": "23", "boardingDisabled": "false"}, {"stationCode": "DVD", "stationName": "DUVVADA", "arrivalTime": "12:08", "departureTime": "12:10", "routeNumber": "1", "haltTime": "02:00", "distance": "1282", "dayCount": "2", "stnSerialNumber": "24", "boardingDisabled": "false"}, {"stationCode": "KTV", "stationName": "KOTTAVALASA", "arrivalTime": "12:55", "departureTime": "12:57", "routeNumber": "1", "haltTime": "02:00", "distance": "1312", "dayCount": "2", "stnSerialNumber": "26", "boardingDisabled": "false"}, {"stationCode": "VZM", "stationName": "VIZIANAGRAM JN", "arrivalTime": "13:25", "departureTime": "13:35", "routeNumber": "1", "haltTime": "10:00", "distance": "1346", "dayCount": "2", "stnSerialNumber": "27", "boardingDisabled": "false"}, {"stationCode": "VBL", "stationName": "BOBBILI", "arrivalTime": "14:23", "departureTime": "14:25", "routeNumber": "1", "haltTime": "02:00", "distance": "1400", "dayCount": "2", "stnSerialNumber": "28", "boardingDisabled": "false"}, {"stationCode": "PVP", "stationName": "PARVATIPURAM", "arrivalTime": "14:48", "departureTime": "14:50", "routeNumber": "1", "haltTime": "02:00", "distance": "1424", "dayCount": "2", "stnSerialNumber": "29", "boardingDisabled": "false"}, {"stationCode": "RGDA", "stationName": "RAYAGADA", "arrivalTime": "15:40", "departureTime": "15:45", "routeNumber": "1", "haltTime": "05:00", "distance": "1470", "dayCount": "2", "stnSerialNumber": "30", "boardingDisabled": "false"}, {"stationCode": "MNGD", "stationName": "MUNIGUDA", "arrivalTime": "16:48", "departureTime": "16:50", "routeNumber": "1", "haltTime": "02:00", "distance": "1524", "dayCount": "2", "stnSerialNumber": "32", "boardingDisabled": "false"}, {"stationCode": "KSNG", "stationName": "KESINGA", "arrivalTime": "17:40", "departureTime": "17:42", "routeNumber": "1", "haltTime": "02:00", "distance": "1597", "dayCount": "2", "stnSerialNumber": "33", "boardingDisabled": "false"}, {"stationCode": "TIG", "stationName": "TITLAGARH", "arrivalTime": "18:00", "departureTime": "18:10", "routeNumber": "1", "haltTime": "10:00", "distance": "1610", "dayCount": "2", "stnSerialNumber": "34", "boardingDisabled": "false"}, {"stationCode": "BLGR", "stationName": "BALANGIR", "arrivalTime": "19:05", "departureTime": "19:07", "routeNumber": "1", "haltTime": "02:00", "distance": "1674", "dayCount": "2", "stnSerialNumber": "35", "boardingDisabled": "false"}, {"stationCode": "BRGA", "stationName": "BARGARH ROAD", "arrivalTime": "20:00", "departureTime": "20:02", "routeNumber": "1", "haltTime": "02:00", "distance": "1749", "dayCount": "2", "stnSerialNumber": "36", "boardingDisabled": "false"}, {"stationCode": "SBP", "stationName": "SAMBALPUR", "arrivalTime": "21:15", "departureTime": "--", "routeNumber": "1", "haltTime": "--", "distance": "1792", "dayCount": "2", "stnSerialNumber": "37", "boardingDisabled": "false"}]}