{"trainNumber": "08439", "trainName": "PURI PNBE SPL", "stationFrom": "PURI", "stationTo": "PNBE", "trainOwner": "0", "trainRunsOnMon": "N", "trainRunsOnTue": "N", "trainRunsOnWed": "N", "trainRunsOnThu": "N", "trainRunsOnFri": "N", "trainRunsOnSat": "Y", "trainRunsOnSun": "N", "timeStamp": "2023-06-19T15:31:06.354", "duration": "0", "stationList": [{"stationCode": "PURI", "stationName": "PURI", "arrivalTime": "--", "departureTime": "14:55", "routeNumber": "1", "haltTime": "--", "distance": "0", "dayCount": "1", "stnSerialNumber": "1", "boardingDisabled": "false"}, {"stationCode": "KUR", "stationName": "KHURDA ROAD JN", "arrivalTime": "15:40", "departureTime": "15:45", "routeNumber": "1", "haltTime": "05:00", "distance": "44", "dayCount": "1", "stnSerialNumber": "2", "boardingDisabled": "false"}, {"stationCode": "BBS", "stationName": "BHUBANESWAR", "arrivalTime": "16:10", "departureTime": "16:15", "routeNumber": "1", "haltTime": "05:00", "distance": "63", "dayCount": "1", "stnSerialNumber": "3", "boardingDisabled": "false"}, {"stationCode": "CTC", "stationName": "CUTTACK", "arrivalTime": "16:55", "departureTime": "17:00", "routeNumber": "1", "haltTime": "05:00", "distance": "91", "dayCount": "1", "stnSerialNumber": "4", "boardingDisabled": "false"}, {"stationCode": "JJKR", "stationName": "JAJPUR K ROAD", "arrivalTime": "17:49", "departureTime": "17:51", "routeNumber": "1", "haltTime": "02:00", "distance": "163", "dayCount": "1", "stnSerialNumber": "5", "boardingDisabled": "false"}, {"stationCode": "BHC", "stationName": "BHADRAK", "arrivalTime": "18:55", "departureTime": "18:57", "routeNumber": "1", "haltTime": "02:00", "distance": "206", "dayCount": "1", "stnSerialNumber": "6", "boardingDisabled": "false"}, {"stationCode": "BLS", "stationName": "BALASORE", "arrivalTime": "19:37", "departureTime": "19:42", "routeNumber": "1", "haltTime": "05:00", "distance": "268", "dayCount": "1", "stnSerialNumber": "7", "boardingDisabled": "false"}, {"stationCode": "HIJ", "stationName": "HIJLI", "arrivalTime": "21:10", "departureTime": "21:15", "routeNumber": "1", "haltTime": "05:00", "distance": "380", "dayCount": "1", "stnSerialNumber": "8", "boardingDisabled": "false"}, {"stationCode": "MDN", "stationName": "MIDNAPORE", "arrivalTime": "22:38", "departureTime": "22:40", "routeNumber": "1", "haltTime": "02:00", "distance": "403", "dayCount": "1", "stnSerialNumber": "10", "boardingDisabled": "false"}, {"stationCode": "BQA", "stationName": "BANKURA", "arrivalTime": "23:50", "departureTime": "23:52", "routeNumber": "1", "haltTime": "02:00", "distance": "505", "dayCount": "1", "stnSerialNumber": "11", "boardingDisabled": "false"}, {"stationCode": "ADRA", "stationName": "ADRA JN", "arrivalTime": "00:40", "departureTime": "00:45", "routeNumber": "1", "haltTime": "05:00", "distance": "559", "dayCount": "2", "stnSerialNumber": "12", "boardingDisabled": "false"}, {"stationCode": "ASN", "stationName": "ASANSOL JN", "arrivalTime": "02:00", "departureTime": "02:20", "routeNumber": "1", "haltTime": "20:00", "distance": "600", "dayCount": "2", "stnSerialNumber": "13", "boardingDisabled": "false"}, {"stationCode": "CRJ", "stationName": "CHITTARANJAN", "arrivalTime": "02:43", "departureTime": "02:45", "routeNumber": "1", "haltTime": "02:00", "distance": "625", "dayCount": "2", "stnSerialNumber": "14", "boardingDisabled": "false"}, {"stationCode": "MDP", "stationName": "MADHUPUR JN", "arrivalTime": "03:24", "departureTime": "03:26", "routeNumber": "1", "haltTime": "02:00", "distance": "681", "dayCount": "2", "stnSerialNumber": "15", "boardingDisabled": "false"}, {"stationCode": "JSME", "stationName": "JASIDIH JN", "arrivalTime": "03:58", "departureTime": "04:00", "routeNumber": "1", "haltTime": "02:00", "distance": "710", "dayCount": "2", "stnSerialNumber": "16", "boardingDisabled": "false"}, {"stationCode": "JAJ", "stationName": "JHAJHA", "arrivalTime": "06:20", "departureTime": "06:25", "routeNumber": "1", "haltTime": "05:00", "distance": "754", "dayCount": "2", "stnSerialNumber": "17", "boardingDisabled": "false"}, {"stationCode": "KIUL", "stationName": "KIUL JN", "arrivalTime": "07:08", "departureTime": "07:10", "routeNumber": "1", "haltTime": "02:00", "distance": "808", "dayCount": "2", "stnSerialNumber": "18", "boardingDisabled": "false"}, {"stationCode": "MKA", "stationName": "MOKAMEH JN", "arrivalTime": "07:35", "departureTime": "07:37", "routeNumber": "1", "haltTime": "02:00", "distance": "842", "dayCount": "2", "stnSerialNumber": "19", "boardingDisabled": "false"}, {"stationCode": "PNBE", "stationName": "PATNA JN", "arrivalTime": "09:25", "departureTime": "--", "routeNumber": "1", "haltTime": "--", "distance": "931", "dayCount": "2", "stnSerialNumber": "20", "boardingDisabled": "false"}]}