{"trainNumber": "08503", "trainName": "RGDA VSKP PGRSP", "stationFrom": "RGDA", "stationTo": "VSKP", "trainOwner": "0", "trainRunsOnMon": "Y", "trainRunsOnTue": "Y", "trainRunsOnWed": "Y", "trainRunsOnThu": "Y", "trainRunsOnFri": "Y", "trainRunsOnSat": "Y", "trainRunsOnSun": "Y", "timeStamp": "2023-06-19T15:31:15.850", "duration": "0", "stationList": [{"stationCode": "RGDA", "stationName": "RAYAGADA", "arrivalTime": "--", "departureTime": "05:40", "routeNumber": "1", "haltTime": "--", "distance": "0", "dayCount": "1", "stnSerialNumber": "1", "boardingDisabled": "false"}, {"stationCode": "LDX", "stationName": "LADDA", "arrivalTime": "05:49", "departureTime": "05:50", "routeNumber": "1", "haltTime": "01:00", "distance": "8", "dayCount": "1", "stnSerialNumber": "2", "boardingDisabled": "false"}, {"stationCode": "JMPT", "stationName": "JIMIDIPETA", "arrivalTime": "05:57", "departureTime": "05:58", "routeNumber": "1", "haltTime": "01:00", "distance": "15", "dayCount": "1", "stnSerialNumber": "3", "boardingDisabled": "false"}, {"stationCode": "KNRT", "stationName": "KUNERU", "arrivalTime": "06:06", "departureTime": "06:07", "routeNumber": "1", "haltTime": "01:00", "distance": "25", "dayCount": "1", "stnSerialNumber": "4", "boardingDisabled": "false"}, {"stationCode": "GMDA", "stationName": "GUMADA", "arrivalTime": "06:15", "departureTime": "06:16", "routeNumber": "1", "haltTime": "01:00", "distance": "34", "dayCount": "1", "stnSerialNumber": "5", "boardingDisabled": "false"}, {"stationCode": "PVPT", "stationName": "PARVATIPURAM TN", "arrivalTime": "06:27", "departureTime": "06:28", "routeNumber": "1", "haltTime": "01:00", "distance": "45", "dayCount": "1", "stnSerialNumber": "6", "boardingDisabled": "false"}, {"stationCode": "PVP", "stationName": "PARVATIPURAM", "arrivalTime": "06:33", "departureTime": "06:35", "routeNumber": "1", "haltTime": "02:00", "distance": "47", "dayCount": "1", "stnSerialNumber": "7", "boardingDisabled": "false"}, {"stationCode": "NSX", "stationName": "NARSIPURAM HALT", "arrivalTime": "06:40", "departureTime": "06:41", "routeNumber": "1", "haltTime": "01:00", "distance": "52", "dayCount": "1", "stnSerialNumber": "8", "boardingDisabled": "false"}, {"stationCode": "SNM", "stationName": "SITANAGARAM", "arrivalTime": "06:48", "departureTime": "06:49", "routeNumber": "1", "haltTime": "01:00", "distance": "60", "dayCount": "1", "stnSerialNumber": "9", "boardingDisabled": "false"}, {"stationCode": "VBL", "stationName": "BOBBILI", "arrivalTime": "07:02", "departureTime": "07:04", "routeNumber": "1", "haltTime": "02:00", "distance": "71", "dayCount": "1", "stnSerialNumber": "10", "boardingDisabled": "false"}, {"stationCode": "DNV", "stationName": "DONKINAVALASA", "arrivalTime": "07:15", "departureTime": "07:16", "routeNumber": "1", "haltTime": "01:00", "distance": "83", "dayCount": "1", "stnSerialNumber": "11", "boardingDisabled": "false"}, {"stationCode": "KMX", "stationName": "KOMATIPALLI", "arrivalTime": "07:25", "departureTime": "07:26", "routeNumber": "1", "haltTime": "01:00", "distance": "93", "dayCount": "1", "stnSerialNumber": "12", "boardingDisabled": "false"}, {"stationCode": "GPI", "stationName": "GAJAPATINAGARAM", "arrivalTime": "07:34", "departureTime": "07:35", "routeNumber": "1", "haltTime": "01:00", "distance": "103", "dayCount": "1", "stnSerialNumber": "13", "boardingDisabled": "false"}, {"stationCode": "GRBL", "stationName": "GARUDUBILLI", "arrivalTime": "07:44", "departureTime": "07:45", "routeNumber": "1", "haltTime": "01:00", "distance": "113", "dayCount": "1", "stnSerialNumber": "14", "boardingDisabled": "false"}, {"stationCode": "GTLM", "stationName": "GOTLAM", "arrivalTime": "07:51", "departureTime": "07:52", "routeNumber": "1", "haltTime": "01:00", "distance": "119", "dayCount": "1", "stnSerialNumber": "15", "boardingDisabled": "false"}, {"stationCode": "VZM", "stationName": "VIZIANAGRAM JN", "arrivalTime": "08:05", "departureTime": "08:10", "routeNumber": "1", "haltTime": "05:00", "distance": "125", "dayCount": "1", "stnSerialNumber": "16", "boardingDisabled": "false"}, {"stationCode": "KUK", "stationName": "KORUKONDA", "arrivalTime": "08:20", "departureTime": "08:21", "routeNumber": "1", "haltTime": "01:00", "distance": "135", "dayCount": "1", "stnSerialNumber": "17", "boardingDisabled": "false"}, {"stationCode": "ALM", "stationName": "ALAMANDA", "arrivalTime": "08:27", "departureTime": "08:28", "routeNumber": "1", "haltTime": "01:00", "distance": "142", "dayCount": "1", "stnSerialNumber": "18", "boardingDisabled": "false"}, {"stationCode": "KPL", "stationName": "KANTAKAPALLE", "arrivalTime": "08:36", "departureTime": "08:37", "routeNumber": "1", "haltTime": "01:00", "distance": "152", "dayCount": "1", "stnSerialNumber": "19", "boardingDisabled": "false"}, {"stationCode": "KTV", "stationName": "KOTTAVALASA", "arrivalTime": "08:46", "departureTime": "08:47", "routeNumber": "1", "haltTime": "01:00", "distance": "159", "dayCount": "1", "stnSerialNumber": "20", "boardingDisabled": "false"}, {"stationCode": "PDT", "stationName": "PENDURTI", "arrivalTime": "08:54", "departureTime": "08:55", "routeNumber": "1", "haltTime": "01:00", "distance": "168", "dayCount": "1", "stnSerialNumber": "21", "boardingDisabled": "false"}, {"stationCode": "SCM", "stationName": "SIMHACHALAM", "arrivalTime": "09:08", "departureTime": "09:10", "routeNumber": "1", "haltTime": "02:00", "distance": "177", "dayCount": "1", "stnSerialNumber": "22", "boardingDisabled": "false"}, {"stationCode": "MIPM", "stationName": "MARRIPALEM PH", "arrivalTime": "09:15", "departureTime": "09:16", "routeNumber": "1", "haltTime": "01:00", "distance": "181", "dayCount": "1", "stnSerialNumber": "23", "boardingDisabled": "false"}, {"stationCode": "VSKP", "stationName": "VISAKHAPATNAM", "arrivalTime": "10:00", "departureTime": "--", "routeNumber": "1", "haltTime": "--", "distance": "185", "dayCount": "1", "stnSerialNumber": "24", "boardingDisabled": "false"}]}