{"trainNumber": "08504", "trainName": "VSKP RGDA PGRSP", "stationFrom": "VSKP", "stationTo": "RGDA", "trainOwner": "0", "trainRunsOnMon": "Y", "trainRunsOnTue": "Y", "trainRunsOnWed": "Y", "trainRunsOnThu": "Y", "trainRunsOnFri": "Y", "trainRunsOnSat": "Y", "trainRunsOnSun": "Y", "timeStamp": "2023-06-19T15:31:15.862", "duration": "0", "stationList": [{"stationCode": "VSKP", "stationName": "VISAKHAPATNAM", "arrivalTime": "--", "departureTime": "18:00", "routeNumber": "1", "haltTime": "--", "distance": "0", "dayCount": "1", "stnSerialNumber": "1", "boardingDisabled": "false"}, {"stationCode": "MIPM", "stationName": "MARRIPALEM PH", "arrivalTime": "18:11", "departureTime": "18:12", "routeNumber": "1", "haltTime": "01:00", "distance": "5", "dayCount": "1", "stnSerialNumber": "2", "boardingDisabled": "false"}, {"stationCode": "SCM", "stationName": "SIMHACHALAM", "arrivalTime": "18:18", "departureTime": "18:20", "routeNumber": "1", "haltTime": "02:00", "distance": "8", "dayCount": "1", "stnSerialNumber": "3", "boardingDisabled": "false"}, {"stationCode": "PDT", "stationName": "PENDURTI", "arrivalTime": "18:31", "departureTime": "18:32", "routeNumber": "1", "haltTime": "01:00", "distance": "18", "dayCount": "1", "stnSerialNumber": "4", "boardingDisabled": "false"}, {"stationCode": "KTV", "stationName": "KOTTAVALASA", "arrivalTime": "18:39", "departureTime": "18:40", "routeNumber": "1", "haltTime": "01:00", "distance": "27", "dayCount": "1", "stnSerialNumber": "5", "boardingDisabled": "false"}, {"stationCode": "KPL", "stationName": "KANTAKAPALLE", "arrivalTime": "18:50", "departureTime": "18:51", "routeNumber": "1", "haltTime": "01:00", "distance": "34", "dayCount": "1", "stnSerialNumber": "6", "boardingDisabled": "false"}, {"stationCode": "ALM", "stationName": "ALAMANDA", "arrivalTime": "18:58", "departureTime": "18:59", "routeNumber": "1", "haltTime": "01:00", "distance": "44", "dayCount": "1", "stnSerialNumber": "7", "boardingDisabled": "false"}, {"stationCode": "KUK", "stationName": "KORUKONDA", "arrivalTime": "19:08", "departureTime": "19:09", "routeNumber": "1", "haltTime": "01:00", "distance": "51", "dayCount": "1", "stnSerialNumber": "8", "boardingDisabled": "false"}, {"stationCode": "VZM", "stationName": "VIZIANAGRAM JN", "arrivalTime": "19:20", "departureTime": "19:25", "routeNumber": "1", "haltTime": "05:00", "distance": "61", "dayCount": "1", "stnSerialNumber": "9", "boardingDisabled": "false"}, {"stationCode": "GTLM", "stationName": "GOTLAM", "arrivalTime": "19:34", "departureTime": "19:35", "routeNumber": "1", "haltTime": "01:00", "distance": "67", "dayCount": "1", "stnSerialNumber": "10", "boardingDisabled": "false"}, {"stationCode": "GRBL", "stationName": "GARUDUBILLI", "arrivalTime": "19:41", "departureTime": "19:42", "routeNumber": "1", "haltTime": "01:00", "distance": "73", "dayCount": "1", "stnSerialNumber": "11", "boardingDisabled": "false"}, {"stationCode": "GPI", "stationName": "GAJAPATINAGARAM", "arrivalTime": "19:51", "departureTime": "19:52", "routeNumber": "1", "haltTime": "01:00", "distance": "83", "dayCount": "1", "stnSerialNumber": "12", "boardingDisabled": "false"}, {"stationCode": "KMX", "stationName": "KOMATIPALLI", "arrivalTime": "20:00", "departureTime": "20:01", "routeNumber": "1", "haltTime": "01:00", "distance": "93", "dayCount": "1", "stnSerialNumber": "13", "boardingDisabled": "false"}, {"stationCode": "DNV", "stationName": "DONKINAVALASA", "arrivalTime": "20:10", "departureTime": "20:11", "routeNumber": "1", "haltTime": "01:00", "distance": "103", "dayCount": "1", "stnSerialNumber": "14", "boardingDisabled": "false"}, {"stationCode": "VBL", "stationName": "BOBBILI", "arrivalTime": "20:28", "departureTime": "20:30", "routeNumber": "1", "haltTime": "02:00", "distance": "115", "dayCount": "1", "stnSerialNumber": "15", "boardingDisabled": "false"}, {"stationCode": "SNM", "stationName": "SITANAGARAM", "arrivalTime": "20:40", "departureTime": "20:41", "routeNumber": "1", "haltTime": "01:00", "distance": "126", "dayCount": "1", "stnSerialNumber": "16", "boardingDisabled": "false"}, {"stationCode": "NSX", "stationName": "NARSIPURAM HALT", "arrivalTime": "20:48", "departureTime": "20:49", "routeNumber": "1", "haltTime": "01:00", "distance": "134", "dayCount": "1", "stnSerialNumber": "17", "boardingDisabled": "false"}, {"stationCode": "PVP", "stationName": "PARVATIPURAM", "arrivalTime": "20:57", "departureTime": "20:59", "routeNumber": "1", "haltTime": "02:00", "distance": "139", "dayCount": "1", "stnSerialNumber": "18", "boardingDisabled": "false"}, {"stationCode": "PVPT", "stationName": "PARVATIPURAM TN", "arrivalTime": "21:02", "departureTime": "21:03", "routeNumber": "1", "haltTime": "01:00", "distance": "140", "dayCount": "1", "stnSerialNumber": "19", "boardingDisabled": "false"}, {"stationCode": "GMDA", "stationName": "GUMADA", "arrivalTime": "21:15", "departureTime": "21:16", "routeNumber": "1", "haltTime": "01:00", "distance": "152", "dayCount": "1", "stnSerialNumber": "20", "boardingDisabled": "false"}, {"stationCode": "KNRT", "stationName": "KUNERU", "arrivalTime": "21:24", "departureTime": "21:25", "routeNumber": "1", "haltTime": "01:00", "distance": "161", "dayCount": "1", "stnSerialNumber": "21", "boardingDisabled": "false"}, {"stationCode": "JMPT", "stationName": "JIMIDIPETA", "arrivalTime": "21:33", "departureTime": "21:34", "routeNumber": "1", "haltTime": "01:00", "distance": "170", "dayCount": "1", "stnSerialNumber": "22", "boardingDisabled": "false"}, {"stationCode": "LDX", "stationName": "LADDA", "arrivalTime": "21:41", "departureTime": "21:42", "routeNumber": "1", "haltTime": "01:00", "distance": "178", "dayCount": "1", "stnSerialNumber": "23", "boardingDisabled": "false"}, {"stationCode": "RGDA", "stationName": "RAYAGADA", "arrivalTime": "22:05", "departureTime": "--", "routeNumber": "1", "haltTime": "--", "distance": "185", "dayCount": "1", "stnSerialNumber": "24", "boardingDisabled": "false"}]}