{"trainNumber": "08543", "trainName": "VSKP BNC SF SPL", "stationFrom": "VSKP", "stationTo": "BNC", "trainOwner": "0", "trainRunsOnMon": "N", "trainRunsOnTue": "N", "trainRunsOnWed": "N", "trainRunsOnThu": "N", "trainRunsOnFri": "N", "trainRunsOnSat": "N", "trainRunsOnSun": "Y", "timeStamp": "2023-06-19T15:30:09.424", "duration": "0", "stationList": [{"stationCode": "VSKP", "stationName": "VISAKHAPATNAM", "arrivalTime": "--", "departureTime": "15:55", "routeNumber": "1", "haltTime": "--", "distance": "0", "dayCount": "1", "stnSerialNumber": "1", "boardingDisabled": "false"}, {"stationCode": "DVD", "stationName": "DUVVADA", "arrivalTime": "16:28", "departureTime": "16:30", "routeNumber": "1", "haltTime": "02:00", "distance": "18", "dayCount": "1", "stnSerialNumber": "2", "boardingDisabled": "false"}, {"stationCode": "SLO", "stationName": "SAMALKOT JN", "arrivalTime": "17:54", "departureTime": "17:55", "routeNumber": "1", "haltTime": "01:00", "distance": "151", "dayCount": "1", "stnSerialNumber": "3", "boardingDisabled": "false"}, {"stationCode": "RJY", "stationName": "RAJAHMUNDRY", "arrivalTime": "18:38", "departureTime": "18:40", "routeNumber": "1", "haltTime": "02:00", "distance": "201", "dayCount": "1", "stnSerialNumber": "4", "boardingDisabled": "false"}, {"stationCode": "NDD", "stationName": "NIDADAVOLU JN", "arrivalTime": "19:09", "departureTime": "19:10", "routeNumber": "1", "haltTime": "01:00", "distance": "223", "dayCount": "1", "stnSerialNumber": "5", "boardingDisabled": "false"}, {"stationCode": "TNKU", "stationName": "TANUKU", "arrivalTime": "19:38", "departureTime": "19:40", "routeNumber": "1", "haltTime": "02:00", "distance": "240", "dayCount": "1", "stnSerialNumber": "6", "boardingDisabled": "false"}, {"stationCode": "BVRT", "stationName": "BHIMAVARAM TOWN", "arrivalTime": "20:18", "departureTime": "20:20", "routeNumber": "1", "haltTime": "02:00", "distance": "271", "dayCount": "1", "stnSerialNumber": "7", "boardingDisabled": "false"}, {"stationCode": "AKVD", "stationName": "AKIVIDU", "arrivalTime": "20:39", "departureTime": "20:40", "routeNumber": "1", "haltTime": "01:00", "distance": "289", "dayCount": "1", "stnSerialNumber": "8", "boardingDisabled": "false"}, {"stationCode": "KKLR", "stationName": "KAIKALUR", "arrivalTime": "20:58", "departureTime": "21:00", "routeNumber": "1", "haltTime": "02:00", "distance": "306", "dayCount": "1", "stnSerialNumber": "9", "boardingDisabled": "false"}, {"stationCode": "GDV", "stationName": "GUDIVADA JN", "arrivalTime": "21:48", "departureTime": "21:50", "routeNumber": "1", "haltTime": "02:00", "distance": "334", "dayCount": "1", "stnSerialNumber": "10", "boardingDisabled": "false"}, {"stationCode": "BZA", "stationName": "VIJAYAWADA JN", "arrivalTime": "22:50", "departureTime": "23:00", "routeNumber": "1", "haltTime": "10:00", "distance": "378", "dayCount": "1", "stnSerialNumber": "11", "boardingDisabled": "false"}, {"stationCode": "OGL", "stationName": "ONGOLE", "arrivalTime": "01:20", "departureTime": "01:22", "routeNumber": "1", "haltTime": "02:00", "distance": "517", "dayCount": "2", "stnSerialNumber": "12", "boardingDisabled": "false"}, {"stationCode": "NLR", "stationName": "NELLORE", "arrivalTime": "03:29", "departureTime": "03:30", "routeNumber": "1", "haltTime": "01:00", "distance": "633", "dayCount": "2", "stnSerialNumber": "13", "boardingDisabled": "false"}, {"stationCode": "GDR", "stationName": "GUDUR JN", "arrivalTime": "04:43", "departureTime": "04:45", "routeNumber": "1", "haltTime": "02:00", "distance": "671", "dayCount": "2", "stnSerialNumber": "14", "boardingDisabled": "false"}, {"stationCode": "RU", "stationName": "RENIGUNTA JN", "arrivalTime": "06:25", "departureTime": "06:30", "routeNumber": "1", "haltTime": "05:00", "distance": "754", "dayCount": "2", "stnSerialNumber": "15", "boardingDisabled": "false"}, {"stationCode": "KPD", "stationName": "KATPADI JN", "arrivalTime": "08:35", "departureTime": "08:40", "routeNumber": "1", "haltTime": "05:00", "distance": "868", "dayCount": "2", "stnSerialNumber": "16", "boardingDisabled": "false"}, {"stationCode": "JTJ", "stationName": "JOLARPETTAI", "arrivalTime": "09:48", "departureTime": "09:50", "routeNumber": "1", "haltTime": "02:00", "distance": "952", "dayCount": "2", "stnSerialNumber": "17", "boardingDisabled": "false"}, {"stationCode": "KPN", "stationName": "KUPPAM", "arrivalTime": "10:24", "departureTime": "10:25", "routeNumber": "1", "haltTime": "01:00", "distance": "996", "dayCount": "2", "stnSerialNumber": "18", "boardingDisabled": "false"}, {"stationCode": "BWT", "stationName": "BANGARAPET", "arrivalTime": "10:50", "departureTime": "10:52", "routeNumber": "1", "haltTime": "02:00", "distance": "1030", "dayCount": "2", "stnSerialNumber": "19", "boardingDisabled": "false"}, {"stationCode": "KJM", "stationName": "KRISHNARAJAPURM", "arrivalTime": "11:33", "departureTime": "11:35", "routeNumber": "1", "haltTime": "02:00", "distance": "1086", "dayCount": "2", "stnSerialNumber": "20", "boardingDisabled": "false"}, {"stationCode": "BNC", "stationName": "BENGALURU CANT", "arrivalTime": "12:30", "departureTime": "--", "routeNumber": "1", "haltTime": "--", "distance": "1096", "dayCount": "2", "stnSerialNumber": "21", "boardingDisabled": "false"}]}