{"trainNumber": "08544", "trainName": "BNC VSKP SPL", "stationFrom": "BNC", "stationTo": "VSKP", "trainOwner": "0", "trainRunsOnMon": "Y", "trainRunsOnTue": "N", "trainRunsOnWed": "N", "trainRunsOnThu": "N", "trainRunsOnFri": "N", "trainRunsOnSat": "N", "trainRunsOnSun": "N", "timeStamp": "2023-06-19T15:30:09.449", "duration": "0", "stationList": [{"stationCode": "BNC", "stationName": "BENGALURU CANT", "arrivalTime": "--", "departureTime": "15:50", "routeNumber": "1", "haltTime": "--", "distance": "0", "dayCount": "1", "stnSerialNumber": "1", "boardingDisabled": "false"}, {"stationCode": "KJM", "stationName": "KRISHNARAJAPURM", "arrivalTime": "16:03", "departureTime": "16:05", "routeNumber": "1", "haltTime": "02:00", "distance": "10", "dayCount": "1", "stnSerialNumber": "2", "boardingDisabled": "false"}, {"stationCode": "BWT", "stationName": "BANGARAPET", "arrivalTime": "16:38", "departureTime": "16:40", "routeNumber": "1", "haltTime": "02:00", "distance": "66", "dayCount": "1", "stnSerialNumber": "3", "boardingDisabled": "false"}, {"stationCode": "KPN", "stationName": "KUPPAM", "arrivalTime": "17:04", "departureTime": "17:05", "routeNumber": "1", "haltTime": "01:00", "distance": "101", "dayCount": "1", "stnSerialNumber": "4", "boardingDisabled": "false"}, {"stationCode": "JTJ", "stationName": "JOLARPETTAI", "arrivalTime": "18:45", "departureTime": "18:50", "routeNumber": "1", "haltTime": "05:00", "distance": "144", "dayCount": "1", "stnSerialNumber": "5", "boardingDisabled": "false"}, {"stationCode": "KPD", "stationName": "KATPADI JN", "arrivalTime": "20:05", "departureTime": "20:10", "routeNumber": "1", "haltTime": "05:00", "distance": "228", "dayCount": "1", "stnSerialNumber": "6", "boardingDisabled": "false"}, {"stationCode": "RU", "stationName": "RENIGUNTA JN", "arrivalTime": "22:30", "departureTime": "22:35", "routeNumber": "1", "haltTime": "05:00", "distance": "342", "dayCount": "1", "stnSerialNumber": "7", "boardingDisabled": "false"}, {"stationCode": "GDR", "stationName": "GUDUR JN", "arrivalTime": "00:43", "departureTime": "00:45", "routeNumber": "1", "haltTime": "02:00", "distance": "426", "dayCount": "2", "stnSerialNumber": "8", "boardingDisabled": "false"}, {"stationCode": "NLR", "stationName": "NELLORE", "arrivalTime": "01:13", "departureTime": "01:15", "routeNumber": "1", "haltTime": "02:00", "distance": "464", "dayCount": "2", "stnSerialNumber": "9", "boardingDisabled": "false"}, {"stationCode": "OGL", "stationName": "ONGOLE", "arrivalTime": "02:42", "departureTime": "02:44", "routeNumber": "1", "haltTime": "02:00", "distance": "580", "dayCount": "2", "stnSerialNumber": "10", "boardingDisabled": "false"}, {"stationCode": "BZA", "stationName": "VIJAYAWADA JN", "arrivalTime": "04:45", "departureTime": "04:55", "routeNumber": "1", "haltTime": "10:00", "distance": "718", "dayCount": "2", "stnSerialNumber": "11", "boardingDisabled": "false"}, {"stationCode": "GDV", "stationName": "GUDIVADA JN", "arrivalTime": "05:49", "departureTime": "05:50", "routeNumber": "1", "haltTime": "01:00", "distance": "762", "dayCount": "2", "stnSerialNumber": "12", "boardingDisabled": "false"}, {"stationCode": "KKLR", "stationName": "KAIKALUR", "arrivalTime": "06:24", "departureTime": "06:25", "routeNumber": "1", "haltTime": "01:00", "distance": "791", "dayCount": "2", "stnSerialNumber": "13", "boardingDisabled": "false"}, {"stationCode": "AKVD", "stationName": "AKIVIDU", "arrivalTime": "06:44", "departureTime": "06:45", "routeNumber": "1", "haltTime": "01:00", "distance": "808", "dayCount": "2", "stnSerialNumber": "14", "boardingDisabled": "false"}, {"stationCode": "BVRT", "stationName": "BHIMAVARAM TOWN", "arrivalTime": "07:04", "departureTime": "07:05", "routeNumber": "1", "haltTime": "01:00", "distance": "826", "dayCount": "2", "stnSerialNumber": "15", "boardingDisabled": "false"}, {"stationCode": "TNKU", "stationName": "TANUKU", "arrivalTime": "07:49", "departureTime": "07:50", "routeNumber": "1", "haltTime": "01:00", "distance": "856", "dayCount": "2", "stnSerialNumber": "16", "boardingDisabled": "false"}, {"stationCode": "NDD", "stationName": "NIDADAVOLU JN", "arrivalTime": "08:08", "departureTime": "08:10", "routeNumber": "1", "haltTime": "02:00", "distance": "873", "dayCount": "2", "stnSerialNumber": "17", "boardingDisabled": "false"}, {"stationCode": "RJY", "stationName": "RAJAHMUNDRY", "arrivalTime": "08:33", "departureTime": "08:35", "routeNumber": "1", "haltTime": "02:00", "distance": "895", "dayCount": "2", "stnSerialNumber": "18", "boardingDisabled": "false"}, {"stationCode": "SLO", "stationName": "SAMALKOT JN", "arrivalTime": "09:22", "departureTime": "09:24", "routeNumber": "1", "haltTime": "02:00", "distance": "946", "dayCount": "2", "stnSerialNumber": "19", "boardingDisabled": "false"}, {"stationCode": "DVD", "stationName": "DUVVADA", "arrivalTime": "12:00", "departureTime": "12:02", "routeNumber": "1", "haltTime": "02:00", "distance": "1079", "dayCount": "2", "stnSerialNumber": "20", "boardingDisabled": "false"}, {"stationCode": "VSKP", "stationName": "VISAKHAPATNAM", "arrivalTime": "13:30", "departureTime": "--", "routeNumber": "1", "haltTime": "--", "distance": "1096", "dayCount": "2", "stnSerialNumber": "21", "boardingDisabled": "false"}]}