{"trainNumber": "08552", "trainName": "KRDL VSKP PGRSP", "stationFrom": "KRDL", "stationTo": "VSKP", "trainOwner": "0", "trainRunsOnMon": "Y", "trainRunsOnTue": "Y", "trainRunsOnWed": "Y", "trainRunsOnThu": "Y", "trainRunsOnFri": "Y", "trainRunsOnSat": "Y", "trainRunsOnSun": "Y", "timeStamp": "2023-06-19T15:31:11.370", "duration": "0", "stationList": [{"stationCode": "KRDL", "stationName": "KIRANDUL", "arrivalTime": "--", "departureTime": "06:00", "routeNumber": "1", "haltTime": "--", "distance": "0", "dayCount": "1", "stnSerialNumber": "1", "boardingDisabled": "false"}, {"stationCode": "BCHL", "stationName": "BACHELI", "arrivalTime": "06:14", "departureTime": "06:16", "routeNumber": "1", "haltTime": "02:00", "distance": "10", "dayCount": "1", "stnSerialNumber": "2", "boardingDisabled": "false"}, {"stationCode": "BHNS", "stationName": "BHANSI", "arrivalTime": "06:32", "departureTime": "06:33", "routeNumber": "1", "haltTime": "01:00", "distance": "19", "dayCount": "1", "stnSerialNumber": "3", "boardingDisabled": "false"}, {"stationCode": "KMLR", "stationName": "KAMALUR", "arrivalTime": "06:50", "departureTime": "06:51", "routeNumber": "1", "haltTime": "01:00", "distance": "32", "dayCount": "1", "stnSerialNumber": "4", "boardingDisabled": "false"}, {"stationCode": "DWZ", "stationName": "DANTEWARA", "arrivalTime": "07:08", "departureTime": "07:09", "routeNumber": "1", "haltTime": "01:00", "distance": "44", "dayCount": "1", "stnSerialNumber": "5", "boardingDisabled": "false"}, {"stationCode": "GIZ", "stationName": "GIDAM", "arrivalTime": "07:21", "departureTime": "07:22", "routeNumber": "1", "haltTime": "01:00", "distance": "51", "dayCount": "1", "stnSerialNumber": "6", "boardingDisabled": "false"}, {"stationCode": "DBF", "stationName": "DABPAL", "arrivalTime": "07:36", "departureTime": "07:37", "routeNumber": "1", "haltTime": "01:00", "distance": "62", "dayCount": "1", "stnSerialNumber": "7", "boardingDisabled": "false"}, {"stationCode": "KWGN", "stationName": "KAWARGAON", "arrivalTime": "07:49", "departureTime": "07:50", "routeNumber": "1", "haltTime": "01:00", "distance": "71", "dayCount": "1", "stnSerialNumber": "8", "boardingDisabled": "false"}, {"stationCode": "KKLU", "stationName": "KAKLUR", "arrivalTime": "08:06", "departureTime": "08:07", "routeNumber": "1", "haltTime": "01:00", "distance": "83", "dayCount": "1", "stnSerialNumber": "9", "boardingDisabled": "false"}, {"stationCode": "KMSD", "stationName": "KUMAR SADRA", "arrivalTime": "08:22", "departureTime": "08:23", "routeNumber": "1", "haltTime": "01:00", "distance": "95", "dayCount": "1", "stnSerialNumber": "10", "boardingDisabled": "false"}, {"stationCode": "SZY", "stationName": "SILAK JHORI", "arrivalTime": "08:37", "departureTime": "08:38", "routeNumber": "1", "haltTime": "01:00", "distance": "105", "dayCount": "1", "stnSerialNumber": "11", "boardingDisabled": "false"}, {"stationCode": "DMK", "stationName": "DILMILI", "arrivalTime": "08:56", "departureTime": "08:57", "routeNumber": "1", "haltTime": "01:00", "distance": "116", "dayCount": "1", "stnSerialNumber": "12", "boardingDisabled": "false"}, {"stationCode": "BDXX", "stationName": "BADE ARAPUR", "arrivalTime": "09:13", "departureTime": "09:14", "routeNumber": "1", "haltTime": "01:00", "distance": "127", "dayCount": "1", "stnSerialNumber": "13", "boardingDisabled": "false"}, {"stationCode": "TPQ", "stationName": "TOPOKAL", "arrivalTime": "09:21", "departureTime": "09:22", "routeNumber": "1", "haltTime": "01:00", "distance": "133", "dayCount": "1", "stnSerialNumber": "14", "boardingDisabled": "false"}, {"stationCode": "KMEZ", "stationName": "KUMHAR MARENGA", "arrivalTime": "09:31", "departureTime": "09:32", "routeNumber": "1", "haltTime": "01:00", "distance": "141", "dayCount": "1", "stnSerialNumber": "15", "boardingDisabled": "false"}, {"stationCode": "JDB", "stationName": "JAGDALPUR", "arrivalTime": "09:50", "departureTime": "09:55", "routeNumber": "1", "haltTime": "05:00", "distance": "150", "dayCount": "1", "stnSerialNumber": "16", "boardingDisabled": "false"}, {"stationCode": "NKX", "stationName": "NAKTISEMRA", "arrivalTime": "10:15", "departureTime": "10:16", "routeNumber": "1", "haltTime": "01:00", "distance": "157", "dayCount": "1", "stnSerialNumber": "17", "boardingDisabled": "false"}, {"stationCode": "AGZ", "stationName": "AMAGURA", "arrivalTime": "10:25", "departureTime": "10:26", "routeNumber": "1", "haltTime": "01:00", "distance": "165", "dayCount": "1", "stnSerialNumber": "18", "boardingDisabled": "false"}, {"stationCode": "AGB", "stationName": "AMBAGAON", "arrivalTime": "10:37", "departureTime": "10:38", "routeNumber": "1", "haltTime": "01:00", "distance": "175", "dayCount": "1", "stnSerialNumber": "19", "boardingDisabled": "false"}, {"stationCode": "KPRR", "stationName": "KOTAPAR ROAD", "arrivalTime": "10:48", "departureTime": "10:49", "routeNumber": "1", "haltTime": "01:00", "distance": "182", "dayCount": "1", "stnSerialNumber": "20", "boardingDisabled": "false"}, {"stationCode": "CJS", "stationName": "CHARAMULA KUSUM", "arrivalTime": "11:03", "departureTime": "11:04", "routeNumber": "1", "haltTime": "01:00", "distance": "194", "dayCount": "1", "stnSerialNumber": "21", "boardingDisabled": "false"}, {"stationCode": "KDPA", "stationName": "KHADAPA", "arrivalTime": "11:13", "departureTime": "11:14", "routeNumber": "1", "haltTime": "01:00", "distance": "201", "dayCount": "1", "stnSerialNumber": "22", "boardingDisabled": "false"}, {"stationCode": "DIR", "stationName": "DHANAPUR ORISSA", "arrivalTime": "11:24", "departureTime": "11:25", "routeNumber": "1", "haltTime": "01:00", "distance": "208", "dayCount": "1", "stnSerialNumber": "23", "boardingDisabled": "false"}, {"stationCode": "JYP", "stationName": "JEYPORE", "arrivalTime": "11:40", "departureTime": "11:45", "routeNumber": "1", "haltTime": "05:00", "distance": "215", "dayCount": "1", "stnSerialNumber": "24", "boardingDisabled": "false"}, {"stationCode": "CTS", "stationName": "CHATTRIPUT", "arrivalTime": "11:57", "departureTime": "11:58", "routeNumber": "1", "haltTime": "01:00", "distance": "222", "dayCount": "1", "stnSerialNumber": "25", "boardingDisabled": "false"}, {"stationCode": "MVG", "stationName": "MALIGURA", "arrivalTime": "12:09", "departureTime": "12:10", "routeNumber": "1", "haltTime": "01:00", "distance": "229", "dayCount": "1", "stnSerialNumber": "26", "boardingDisabled": "false"}, {"stationCode": "JRT", "stationName": "JARTI", "arrivalTime": "12:30", "departureTime": "12:31", "routeNumber": "1", "haltTime": "01:00", "distance": "240", "dayCount": "1", "stnSerialNumber": "27", "boardingDisabled": "false"}, {"stationCode": "MVF", "stationName": "MANABAR", "arrivalTime": "12:45", "departureTime": "12:46", "routeNumber": "1", "haltTime": "01:00", "distance": "249", "dayCount": "1", "stnSerialNumber": "28", "boardingDisabled": "false"}, {"stationCode": "KRPU", "stationName": "KORAPUT", "arrivalTime": "13:15", "departureTime": "13:25", "routeNumber": "1", "haltTime": "10:00", "distance": "256", "dayCount": "1", "stnSerialNumber": "29", "boardingDisabled": "false"}, {"stationCode": "SUKU", "stationName": "SUKU", "arrivalTime": "13:38", "departureTime": "13:39", "routeNumber": "1", "haltTime": "01:00", "distance": "267", "dayCount": "1", "stnSerialNumber": "30", "boardingDisabled": "false"}, {"stationCode": "PBV", "stationName": "PALIBA", "arrivalTime": "13:51", "departureTime": "13:52", "routeNumber": "1", "haltTime": "01:00", "distance": "275", "dayCount": "1", "stnSerialNumber": "31", "boardingDisabled": "false"}, {"stationCode": "MKRD", "stationName": "MACHHAKUNDA", "arrivalTime": "14:07", "departureTime": "14:08", "routeNumber": "1", "haltTime": "01:00", "distance": "288", "dayCount": "1", "stnSerialNumber": "32", "boardingDisabled": "false"}, {"stationCode": "BHJA", "stationName": "BHEJA", "arrivalTime": "14:22", "departureTime": "14:23", "routeNumber": "1", "haltTime": "01:00", "distance": "299", "dayCount": "1", "stnSerialNumber": "33", "boardingDisabled": "false"}, {"stationCode": "PFU", "stationName": "PADUA", "arrivalTime": "14:36", "departureTime": "14:37", "routeNumber": "1", "haltTime": "01:00", "distance": "309", "dayCount": "1", "stnSerialNumber": "34", "boardingDisabled": "false"}, {"stationCode": "DPC", "stationName": "DARLIPUT", "arrivalTime": "14:50", "departureTime": "14:51", "routeNumber": "1", "haltTime": "01:00", "distance": "319", "dayCount": "1", "stnSerialNumber": "35", "boardingDisabled": "false"}, {"stationCode": "GPJ", "stationName": "GORAPUR", "arrivalTime": "15:11", "departureTime": "15:12", "routeNumber": "1", "haltTime": "01:00", "distance": "331", "dayCount": "1", "stnSerialNumber": "36", "boardingDisabled": "false"}, {"stationCode": "ARK", "stationName": "ARAKKU", "arrivalTime": "15:30", "departureTime": "15:45", "routeNumber": "1", "haltTime": "15:00", "distance": "341", "dayCount": "1", "stnSerialNumber": "37", "boardingDisabled": "false"}, {"stationCode": "SMLG", "stationName": "SHIMILIAGUDA", "arrivalTime": "16:03", "departureTime": "16:04", "routeNumber": "1", "haltTime": "01:00", "distance": "353", "dayCount": "1", "stnSerialNumber": "38", "boardingDisabled": "false"}, {"stationCode": "KVLS", "stationName": "KARAKAVALASA", "arrivalTime": "16:23", "departureTime": "16:24", "routeNumber": "1", "haltTime": "01:00", "distance": "362", "dayCount": "1", "stnSerialNumber": "39", "boardingDisabled": "false"}, {"stationCode": "BGHU", "stationName": "BORRAGUHALLU", "arrivalTime": "16:45", "departureTime": "16:50", "routeNumber": "1", "haltTime": "05:00", "distance": "373", "dayCount": "1", "stnSerialNumber": "40", "boardingDisabled": "false"}, {"stationCode": "CMDP", "stationName": "CHIMIDIPALLI", "arrivalTime": "17:04", "departureTime": "17:05", "routeNumber": "1", "haltTime": "01:00", "distance": "382", "dayCount": "1", "stnSerialNumber": "41", "boardingDisabled": "false"}, {"stationCode": "BDVR", "stationName": "BODDAVARA", "arrivalTime": "18:04", "departureTime": "18:05", "routeNumber": "1", "haltTime": "01:00", "distance": "413", "dayCount": "1", "stnSerialNumber": "42", "boardingDisabled": "false"}, {"stationCode": "SUP", "stationName": "SHRUNGAVARPUKTA", "arrivalTime": "18:23", "departureTime": "18:25", "routeNumber": "1", "haltTime": "02:00", "distance": "420", "dayCount": "1", "stnSerialNumber": "43", "boardingDisabled": "false"}, {"stationCode": "MVW", "stationName": "MALLIVIDU", "arrivalTime": "18:45", "departureTime": "18:48", "routeNumber": "1", "haltTime": "03:00", "distance": "437", "dayCount": "1", "stnSerialNumber": "44", "boardingDisabled": "false"}, {"stationCode": "KTV", "stationName": "KOTTAVALASA", "arrivalTime": "19:08", "departureTime": "19:10", "routeNumber": "1", "haltTime": "02:00", "distance": "446", "dayCount": "1", "stnSerialNumber": "45", "boardingDisabled": "false"}, {"stationCode": "PDT", "stationName": "PENDURTI", "arrivalTime": "19:18", "departureTime": "19:19", "routeNumber": "1", "haltTime": "01:00", "distance": "455", "dayCount": "1", "stnSerialNumber": "46", "boardingDisabled": "false"}, {"stationCode": "SCM", "stationName": "SIMHACHALAM", "arrivalTime": "19:31", "departureTime": "19:33", "routeNumber": "1", "haltTime": "02:00", "distance": "464", "dayCount": "1", "stnSerialNumber": "47", "boardingDisabled": "false"}, {"stationCode": "MIPM", "stationName": "MARRIPALEM PH", "arrivalTime": "19:39", "departureTime": "19:40", "routeNumber": "1", "haltTime": "01:00", "distance": "468", "dayCount": "1", "stnSerialNumber": "48", "boardingDisabled": "false"}, {"stationCode": "VSKP", "stationName": "VISAKHAPATNAM", "arrivalTime": "20:20", "departureTime": "--", "routeNumber": "1", "haltTime": "--", "distance": "472", "dayCount": "1", "stnSerialNumber": "49", "boardingDisabled": "false"}]}