{"trainNumber": "08587", "trainName": "BSBS VSKP SPL", "stationFrom": "BSBS", "stationTo": "VSKP", "trainOwner": "0", "trainRunsOnMon": "N", "trainRunsOnTue": "N", "trainRunsOnWed": "N", "trainRunsOnThu": "Y", "trainRunsOnFri": "N", "trainRunsOnSat": "N", "trainRunsOnSun": "N", "timeStamp": "2023-06-19T15:31:11.572", "duration": "0", "stationList": [{"stationCode": "BSBS", "stationName": "BANARAS", "arrivalTime": "--", "departureTime": "18:00", "routeNumber": "1", "haltTime": "--", "distance": "0", "dayCount": "1", "stnSerialNumber": "1", "boardingDisabled": "false"}, {"stationCode": "BSB", "stationName": "VARANASI JN", "arrivalTime": "18:10", "departureTime": "18:15", "routeNumber": "1", "haltTime": "05:00", "distance": "4", "dayCount": "1", "stnSerialNumber": "2", "boardingDisabled": "false"}, {"stationCode": "DDU", "stationName": "DD UPADHYAYA JN", "arrivalTime": "19:00", "departureTime": "19:10", "routeNumber": "1", "haltTime": "10:00", "distance": "21", "dayCount": "1", "stnSerialNumber": "3", "boardingDisabled": "false"}, {"stationCode": "BBU", "stationName": "BHABUA ROAD", "arrivalTime": "20:00", "departureTime": "20:02", "routeNumber": "1", "haltTime": "02:00", "distance": "73", "dayCount": "1", "stnSerialNumber": "4", "boardingDisabled": "false"}, {"stationCode": "SSM", "stationName": "SASARAM", "arrivalTime": "20:45", "departureTime": "20:47", "routeNumber": "1", "haltTime": "02:00", "distance": "121", "dayCount": "1", "stnSerialNumber": "5", "boardingDisabled": "false"}, {"stationCode": "DOS", "stationName": "DEHRI ON SONE", "arrivalTime": "21:05", "departureTime": "21:07", "routeNumber": "1", "haltTime": "02:00", "distance": "139", "dayCount": "1", "stnSerialNumber": "6", "boardingDisabled": "false"}, {"stationCode": "GHD", "stationName": "GARWA ROAD", "arrivalTime": "23:15", "departureTime": "23:20", "routeNumber": "1", "haltTime": "05:00", "distance": "237", "dayCount": "1", "stnSerialNumber": "7", "boardingDisabled": "false"}, {"stationCode": "DTO", "stationName": "DALTONGANJ", "arrivalTime": "23:55", "departureTime": "23:57", "routeNumber": "1", "haltTime": "02:00", "distance": "271", "dayCount": "1", "stnSerialNumber": "8", "boardingDisabled": "false"}, {"stationCode": "LTHR", "stationName": "LATEHAR", "arrivalTime": "01:00", "departureTime": "01:02", "routeNumber": "1", "haltTime": "02:00", "distance": "338", "dayCount": "2", "stnSerialNumber": "9", "boardingDisabled": "false"}, {"stationCode": "BRKA", "stationName": "BARKA KANA", "arrivalTime": "03:10", "departureTime": "03:20", "routeNumber": "1", "haltTime": "10:00", "distance": "456", "dayCount": "2", "stnSerialNumber": "10", "boardingDisabled": "false"}, {"stationCode": "MURI", "stationName": "MURI", "arrivalTime": "04:20", "departureTime": "04:25", "routeNumber": "1", "haltTime": "05:00", "distance": "513", "dayCount": "2", "stnSerialNumber": "11", "boardingDisabled": "false"}, {"stationCode": "RNC", "stationName": "RANCHI", "arrivalTime": "05:15", "departureTime": "05:20", "routeNumber": "1", "haltTime": "05:00", "distance": "575", "dayCount": "2", "stnSerialNumber": "12", "boardingDisabled": "false"}, {"stationCode": "HTE", "stationName": "HATIA", "arrivalTime": "05:35", "departureTime": "05:40", "routeNumber": "1", "haltTime": "05:00", "distance": "582", "dayCount": "2", "stnSerialNumber": "13", "boardingDisabled": "false"}, {"stationCode": "ROU", "stationName": "ROURKELA", "arrivalTime": "09:00", "departureTime": "09:05", "routeNumber": "1", "haltTime": "05:00", "distance": "749", "dayCount": "2", "stnSerialNumber": "14", "boardingDisabled": "false"}, {"stationCode": "JSG", "stationName": "JHARSUGUDA JN", "arrivalTime": "10:20", "departureTime": "10:25", "routeNumber": "1", "haltTime": "05:00", "distance": "851", "dayCount": "2", "stnSerialNumber": "15", "boardingDisabled": "false"}, {"stationCode": "SBP", "stationName": "SAMBALPUR", "arrivalTime": "11:00", "departureTime": "11:05", "routeNumber": "1", "haltTime": "05:00", "distance": "899", "dayCount": "2", "stnSerialNumber": "16", "boardingDisabled": "false"}, {"stationCode": "BRGA", "stationName": "BARGARH ROAD", "arrivalTime": "11:45", "departureTime": "11:47", "routeNumber": "1", "haltTime": "02:00", "distance": "942", "dayCount": "2", "stnSerialNumber": "17", "boardingDisabled": "false"}, {"stationCode": "BLGR", "stationName": "BALANGIR", "arrivalTime": "12:45", "departureTime": "12:47", "routeNumber": "1", "haltTime": "02:00", "distance": "1017", "dayCount": "2", "stnSerialNumber": "18", "boardingDisabled": "false"}, {"stationCode": "TIG", "stationName": "TITLAGARH", "arrivalTime": "13:50", "departureTime": "13:55", "routeNumber": "1", "haltTime": "05:00", "distance": "1081", "dayCount": "2", "stnSerialNumber": "19", "boardingDisabled": "false"}, {"stationCode": "KSNG", "stationName": "KESINGA", "arrivalTime": "14:15", "departureTime": "14:17", "routeNumber": "1", "haltTime": "02:00", "distance": "1094", "dayCount": "2", "stnSerialNumber": "20", "boardingDisabled": "false"}, {"stationCode": "MNGD", "stationName": "MUNIGUDA", "arrivalTime": "15:20", "departureTime": "15:22", "routeNumber": "1", "haltTime": "02:00", "distance": "1166", "dayCount": "2", "stnSerialNumber": "21", "boardingDisabled": "false"}, {"stationCode": "RGDA", "stationName": "RAYAGADA", "arrivalTime": "17:10", "departureTime": "17:15", "routeNumber": "1", "haltTime": "05:00", "distance": "1220", "dayCount": "2", "stnSerialNumber": "23", "boardingDisabled": "false"}, {"stationCode": "PVP", "stationName": "PARVATIPURAM", "arrivalTime": "17:52", "departureTime": "17:54", "routeNumber": "1", "haltTime": "02:00", "distance": "1267", "dayCount": "2", "stnSerialNumber": "24", "boardingDisabled": "false"}, {"stationCode": "VBL", "stationName": "BOBBILI", "arrivalTime": "18:14", "departureTime": "18:16", "routeNumber": "1", "haltTime": "02:00", "distance": "1291", "dayCount": "2", "stnSerialNumber": "25", "boardingDisabled": "false"}, {"stationCode": "VZM", "stationName": "VIZIANAGRAM JN", "arrivalTime": "18:58", "departureTime": "19:00", "routeNumber": "1", "haltTime": "02:00", "distance": "1344", "dayCount": "2", "stnSerialNumber": "26", "boardingDisabled": "false"}, {"stationCode": "KTV", "stationName": "KOTTAVALASA", "arrivalTime": "19:26", "departureTime": "19:28", "routeNumber": "1", "haltTime": "02:00", "distance": "1379", "dayCount": "2", "stnSerialNumber": "27", "boardingDisabled": "false"}, {"stationCode": "SCM", "stationName": "SIMHACHALAM", "arrivalTime": "19:41", "departureTime": "19:43", "routeNumber": "1", "haltTime": "02:00", "distance": "1397", "dayCount": "2", "stnSerialNumber": "28", "boardingDisabled": "false"}, {"stationCode": "VSKP", "stationName": "VISAKHAPATNAM", "arrivalTime": "20:30", "departureTime": "--", "routeNumber": "1", "haltTime": "--", "distance": "1405", "dayCount": "2", "stnSerialNumber": "29", "boardingDisabled": "false"}]}