{"trainNumber": "08580", "trainName": "SC VSKP SPL", "stationFrom": "SC", "stationTo": "VSKP", "trainOwner": "0", "trainRunsOnMon": "N", "trainRunsOnTue": "N", "trainRunsOnWed": "N", "trainRunsOnThu": "Y", "trainRunsOnFri": "N", "trainRunsOnSat": "N", "trainRunsOnSun": "N", "timeStamp": "2023-06-19T16:11:50.151", "duration": "0", "stationList": [{"stationCode": "SC", "stationName": "SECUNDERABAD JN", "arrivalTime": "--", "departureTime": "19:40", "routeNumber": "1", "haltTime": "--", "distance": "0", "dayCount": "1", "stnSerialNumber": "1", "boardingDisabled": "false"}, {"stationCode": "NLDA", "stationName": "NALGONDA", "arrivalTime": "21:00", "departureTime": "21:02", "routeNumber": "1", "haltTime": "02:00", "distance": "110", "dayCount": "1", "stnSerialNumber": "2", "boardingDisabled": "false"}, {"stationCode": "MRGA", "stationName": "MIRYALAGUDA", "arrivalTime": "21:30", "departureTime": "21:32", "routeNumber": "1", "haltTime": "02:00", "distance": "148", "dayCount": "1", "stnSerialNumber": "3", "boardingDisabled": "false"}, {"stationCode": "SAP", "stationName": "SATTENAPALLE", "arrivalTime": "22:42", "departureTime": "22:44", "routeNumber": "1", "haltTime": "02:00", "distance": "239", "dayCount": "1", "stnSerialNumber": "4", "boardingDisabled": "false"}, {"stationCode": "GNT", "stationName": "GUNTUR JN", "arrivalTime": "23:45", "departureTime": "23:55", "routeNumber": "1", "haltTime": "10:00", "distance": "282", "dayCount": "1", "stnSerialNumber": "5", "boardingDisabled": "false"}, {"stationCode": "BZA", "stationName": "VIJAYAWADA JN", "arrivalTime": "00:45", "departureTime": "00:55", "routeNumber": "1", "haltTime": "10:00", "distance": "313", "dayCount": "2", "stnSerialNumber": "6", "boardingDisabled": "false"}, {"stationCode": "GDV", "stationName": "GUDIVADA JN", "arrivalTime": "01:44", "departureTime": "01:45", "routeNumber": "1", "haltTime": "01:00", "distance": "357", "dayCount": "2", "stnSerialNumber": "7", "boardingDisabled": "false"}, {"stationCode": "KKLR", "stationName": "KAIKALUR", "arrivalTime": "02:19", "departureTime": "02:20", "routeNumber": "1", "haltTime": "01:00", "distance": "386", "dayCount": "2", "stnSerialNumber": "8", "boardingDisabled": "false"}, {"stationCode": "BVRT", "stationName": "BHIMAVARAM TOWN", "arrivalTime": "02:59", "departureTime": "03:00", "routeNumber": "1", "haltTime": "01:00", "distance": "421", "dayCount": "2", "stnSerialNumber": "9", "boardingDisabled": "false"}, {"stationCode": "TNKU", "stationName": "TANUKU", "arrivalTime": "03:34", "departureTime": "03:35", "routeNumber": "1", "haltTime": "01:00", "distance": "452", "dayCount": "2", "stnSerialNumber": "10", "boardingDisabled": "false"}, {"stationCode": "NDD", "stationName": "NIDADAVOLU JN", "arrivalTime": "03:54", "departureTime": "03:55", "routeNumber": "1", "haltTime": "01:00", "distance": "468", "dayCount": "2", "stnSerialNumber": "11", "boardingDisabled": "false"}, {"stationCode": "RJY", "stationName": "RAJAHMUNDRY", "arrivalTime": "04:19", "departureTime": "04:20", "routeNumber": "1", "haltTime": "01:00", "distance": "491", "dayCount": "2", "stnSerialNumber": "12", "boardingDisabled": "false"}, {"stationCode": "SLO", "stationName": "SAMALKOT JN", "arrivalTime": "05:04", "departureTime": "05:05", "routeNumber": "1", "haltTime": "01:00", "distance": "541", "dayCount": "2", "stnSerialNumber": "13", "boardingDisabled": "false"}, {"stationCode": "ANV", "stationName": "ANNAVARAM", "arrivalTime": "05:29", "departureTime": "05:30", "routeNumber": "1", "haltTime": "01:00", "distance": "578", "dayCount": "2", "stnSerialNumber": "14", "boardingDisabled": "false"}, {"stationCode": "AKP", "stationName": "ANAKAPALLE", "arrivalTime": "06:38", "departureTime": "06:40", "routeNumber": "1", "haltTime": "02:00", "distance": "658", "dayCount": "2", "stnSerialNumber": "15", "boardingDisabled": "false"}, {"stationCode": "DVD", "stationName": "DUVVADA", "arrivalTime": "08:00", "departureTime": "08:02", "routeNumber": "1", "haltTime": "02:00", "distance": "674", "dayCount": "2", "stnSerialNumber": "16", "boardingDisabled": "false"}, {"stationCode": "VSKP", "stationName": "VISAKHAPATNAM", "arrivalTime": "09:15", "departureTime": "--", "routeNumber": "1", "haltTime": "--", "distance": "691", "dayCount": "2", "stnSerialNumber": "17", "boardingDisabled": "false"}]}