{"trainNumber": "08588", "trainName": "VSKP BSBS SPL", "stationFrom": "VSKP", "stationTo": "BSBS", "trainOwner": "0", "trainRunsOnMon": "N", "trainRunsOnTue": "N", "trainRunsOnWed": "Y", "trainRunsOnThu": "N", "trainRunsOnFri": "N", "trainRunsOnSat": "N", "trainRunsOnSun": "N", "timeStamp": "2023-06-19T15:31:11.581", "duration": "0", "stationList": [{"stationCode": "VSKP", "stationName": "VISAKHAPATNAM", "arrivalTime": "--", "departureTime": "12:30", "routeNumber": "1", "haltTime": "--", "distance": "0", "dayCount": "1", "stnSerialNumber": "1", "boardingDisabled": "false"}, {"stationCode": "SCM", "stationName": "SIMHACHALAM", "arrivalTime": "12:46", "departureTime": "12:48", "routeNumber": "1", "haltTime": "02:00", "distance": "8", "dayCount": "1", "stnSerialNumber": "2", "boardingDisabled": "false"}, {"stationCode": "KTV", "stationName": "KOTTAVALASA", "arrivalTime": "13:13", "departureTime": "13:15", "routeNumber": "1", "haltTime": "02:00", "distance": "27", "dayCount": "1", "stnSerialNumber": "3", "boardingDisabled": "false"}, {"stationCode": "VZM", "stationName": "VIZIANAGRAM JN", "arrivalTime": "13:43", "departureTime": "13:45", "routeNumber": "1", "haltTime": "02:00", "distance": "61", "dayCount": "1", "stnSerialNumber": "4", "boardingDisabled": "false"}, {"stationCode": "VBL", "stationName": "BOBBILI", "arrivalTime": "14:28", "departureTime": "14:30", "routeNumber": "1", "haltTime": "02:00", "distance": "115", "dayCount": "1", "stnSerialNumber": "5", "boardingDisabled": "false"}, {"stationCode": "PVP", "stationName": "PARVATIPURAM", "arrivalTime": "14:50", "departureTime": "14:52", "routeNumber": "1", "haltTime": "02:00", "distance": "139", "dayCount": "1", "stnSerialNumber": "6", "boardingDisabled": "false"}, {"stationCode": "RGDA", "stationName": "RAYAGADA", "arrivalTime": "15:40", "departureTime": "15:45", "routeNumber": "1", "haltTime": "05:00", "distance": "185", "dayCount": "1", "stnSerialNumber": "7", "boardingDisabled": "false"}, {"stationCode": "MNGD", "stationName": "MUNIGUDA", "arrivalTime": "16:47", "departureTime": "16:49", "routeNumber": "1", "haltTime": "02:00", "distance": "239", "dayCount": "1", "stnSerialNumber": "9", "boardingDisabled": "false"}, {"stationCode": "KSNG", "stationName": "KESINGA", "arrivalTime": "17:40", "departureTime": "17:42", "routeNumber": "1", "haltTime": "02:00", "distance": "312", "dayCount": "1", "stnSerialNumber": "10", "boardingDisabled": "false"}, {"stationCode": "TIG", "stationName": "TITLAGARH", "arrivalTime": "18:00", "departureTime": "18:05", "routeNumber": "1", "haltTime": "05:00", "distance": "325", "dayCount": "1", "stnSerialNumber": "11", "boardingDisabled": "false"}, {"stationCode": "BLGR", "stationName": "BALANGIR", "arrivalTime": "19:00", "departureTime": "19:02", "routeNumber": "1", "haltTime": "02:00", "distance": "388", "dayCount": "1", "stnSerialNumber": "12", "boardingDisabled": "false"}, {"stationCode": "BRGA", "stationName": "BARGARH ROAD", "arrivalTime": "19:58", "departureTime": "20:00", "routeNumber": "1", "haltTime": "02:00", "distance": "464", "dayCount": "1", "stnSerialNumber": "13", "boardingDisabled": "false"}, {"stationCode": "SBP", "stationName": "SAMBALPUR", "arrivalTime": "20:40", "departureTime": "20:45", "routeNumber": "1", "haltTime": "05:00", "distance": "506", "dayCount": "1", "stnSerialNumber": "14", "boardingDisabled": "false"}, {"stationCode": "JSG", "stationName": "JHARSUGUDA JN", "arrivalTime": "21:50", "departureTime": "21:55", "routeNumber": "1", "haltTime": "05:00", "distance": "555", "dayCount": "1", "stnSerialNumber": "15", "boardingDisabled": "false"}, {"stationCode": "ROU", "stationName": "ROURKELA", "arrivalTime": "23:15", "departureTime": "23:20", "routeNumber": "1", "haltTime": "05:00", "distance": "657", "dayCount": "1", "stnSerialNumber": "16", "boardingDisabled": "false"}, {"stationCode": "HTE", "stationName": "HATIA", "arrivalTime": "02:35", "departureTime": "02:40", "routeNumber": "1", "haltTime": "05:00", "distance": "823", "dayCount": "2", "stnSerialNumber": "17", "boardingDisabled": "false"}, {"stationCode": "RNC", "stationName": "RANCHI", "arrivalTime": "02:55", "departureTime": "03:00", "routeNumber": "1", "haltTime": "05:00", "distance": "830", "dayCount": "2", "stnSerialNumber": "18", "boardingDisabled": "false"}, {"stationCode": "MURI", "stationName": "MURI", "arrivalTime": "03:55", "departureTime": "04:00", "routeNumber": "1", "haltTime": "05:00", "distance": "892", "dayCount": "2", "stnSerialNumber": "19", "boardingDisabled": "false"}, {"stationCode": "BRKA", "stationName": "BARKA KANA", "arrivalTime": "05:30", "departureTime": "05:40", "routeNumber": "1", "haltTime": "10:00", "distance": "950", "dayCount": "2", "stnSerialNumber": "20", "boardingDisabled": "false"}, {"stationCode": "LTHR", "stationName": "LATEHAR", "arrivalTime": "07:30", "departureTime": "07:32", "routeNumber": "1", "haltTime": "02:00", "distance": "1067", "dayCount": "2", "stnSerialNumber": "21", "boardingDisabled": "false"}, {"stationCode": "DTO", "stationName": "DALTONGANJ", "arrivalTime": "08:30", "departureTime": "08:32", "routeNumber": "1", "haltTime": "02:00", "distance": "1135", "dayCount": "2", "stnSerialNumber": "22", "boardingDisabled": "false"}, {"stationCode": "GHD", "stationName": "GARWA ROAD", "arrivalTime": "09:25", "departureTime": "09:30", "routeNumber": "1", "haltTime": "05:00", "distance": "1168", "dayCount": "2", "stnSerialNumber": "23", "boardingDisabled": "false"}, {"stationCode": "DOS", "stationName": "DEHRI ON SONE", "arrivalTime": "11:20", "departureTime": "11:22", "routeNumber": "1", "haltTime": "02:00", "distance": "1267", "dayCount": "2", "stnSerialNumber": "24", "boardingDisabled": "false"}, {"stationCode": "SSM", "stationName": "SASARAM", "arrivalTime": "11:38", "departureTime": "11:40", "routeNumber": "1", "haltTime": "02:00", "distance": "1285", "dayCount": "2", "stnSerialNumber": "25", "boardingDisabled": "false"}, {"stationCode": "BBU", "stationName": "BHABUA ROAD", "arrivalTime": "12:10", "departureTime": "12:12", "routeNumber": "1", "haltTime": "02:00", "distance": "1332", "dayCount": "2", "stnSerialNumber": "26", "boardingDisabled": "false"}, {"stationCode": "DDU", "stationName": "DD UPADHYAYA JN", "arrivalTime": "13:30", "departureTime": "13:40", "routeNumber": "1", "haltTime": "10:00", "distance": "1385", "dayCount": "2", "stnSerialNumber": "27", "boardingDisabled": "false"}, {"stationCode": "BSB", "stationName": "VARANASI JN", "arrivalTime": "16:10", "departureTime": "16:15", "routeNumber": "1", "haltTime": "05:00", "distance": "1402", "dayCount": "2", "stnSerialNumber": "28", "boardingDisabled": "false"}, {"stationCode": "BSBS", "stationName": "BANARAS", "arrivalTime": "16:30", "departureTime": "--", "routeNumber": "1", "haltTime": "--", "distance": "1405", "dayCount": "2", "stnSerialNumber": "29", "boardingDisabled": "false"}]}