{"trainNumber": "08586", "trainName": "MBNR VSKP SPL", "stationFrom": "MBNR", "stationTo": "VSKP", "trainOwner": "0", "trainRunsOnMon": "N", "trainRunsOnTue": "N", "trainRunsOnWed": "Y", "trainRunsOnThu": "N", "trainRunsOnFri": "N", "trainRunsOnSat": "N", "trainRunsOnSun": "N", "timeStamp": "2023-06-19T15:31:11.608", "duration": "0", "stationList": [{"stationCode": "MBNR", "stationName": "MAHBUBNAGAR", "arrivalTime": "--", "departureTime": "18:20", "routeNumber": "1", "haltTime": "--", "distance": "0", "dayCount": "1", "stnSerialNumber": "1", "boardingDisabled": "false"}, {"stationCode": "JCL", "stationName": "JADCHERLA", "arrivalTime": "18:40", "departureTime": "18:41", "routeNumber": "1", "haltTime": "01:00", "distance": "18", "dayCount": "1", "stnSerialNumber": "2", "boardingDisabled": "false"}, {"stationCode": "SHNR", "stationName": "SHADNAGAR", "arrivalTime": "19:12", "departureTime": "19:13", "routeNumber": "1", "haltTime": "01:00", "distance": "54", "dayCount": "1", "stnSerialNumber": "3", "boardingDisabled": "false"}, {"stationCode": "UR", "stationName": "UMDANAGAR", "arrivalTime": "19:35", "departureTime": "19:36", "routeNumber": "1", "haltTime": "01:00", "distance": "86", "dayCount": "1", "stnSerialNumber": "4", "boardingDisabled": "false"}, {"stationCode": "KCG", "stationName": "KACHEGUDA", "arrivalTime": "20:10", "departureTime": "20:20", "routeNumber": "1", "haltTime": "10:00", "distance": "106", "dayCount": "1", "stnSerialNumber": "5", "boardingDisabled": "false"}, {"stationCode": "MJF", "stationName": "MALKAJGIRI", "arrivalTime": "20:40", "departureTime": "20:42", "routeNumber": "1", "haltTime": "02:00", "distance": "115", "dayCount": "1", "stnSerialNumber": "6", "boardingDisabled": "false"}, {"stationCode": "NLDA", "stationName": "NALGONDA", "arrivalTime": "22:35", "departureTime": "22:37", "routeNumber": "1", "haltTime": "02:00", "distance": "222", "dayCount": "1", "stnSerialNumber": "7", "boardingDisabled": "false"}, {"stationCode": "MRGA", "stationName": "MIRYALAGUDA", "arrivalTime": "23:10", "departureTime": "23:12", "routeNumber": "1", "haltTime": "02:00", "distance": "260", "dayCount": "1", "stnSerialNumber": "8", "boardingDisabled": "false"}, {"stationCode": "SAP", "stationName": "SATTENAPALLE", "arrivalTime": "00:32", "departureTime": "00:34", "routeNumber": "1", "haltTime": "02:00", "distance": "351", "dayCount": "2", "stnSerialNumber": "9", "boardingDisabled": "false"}, {"stationCode": "GNT", "stationName": "GUNTUR JN", "arrivalTime": "01:25", "departureTime": "01:35", "routeNumber": "1", "haltTime": "10:00", "distance": "393", "dayCount": "2", "stnSerialNumber": "10", "boardingDisabled": "false"}, {"stationCode": "BZA", "stationName": "VIJAYAWADA JN", "arrivalTime": "03:45", "departureTime": "03:55", "routeNumber": "1", "haltTime": "10:00", "distance": "425", "dayCount": "2", "stnSerialNumber": "11", "boardingDisabled": "false"}, {"stationCode": "EE", "stationName": "ELURU", "arrivalTime": "04:30", "departureTime": "04:32", "routeNumber": "1", "haltTime": "02:00", "distance": "484", "dayCount": "2", "stnSerialNumber": "12", "boardingDisabled": "false"}, {"stationCode": "RJY", "stationName": "RAJAHMUNDRY", "arrivalTime": "05:45", "departureTime": "05:47", "routeNumber": "1", "haltTime": "02:00", "distance": "574", "dayCount": "2", "stnSerialNumber": "13", "boardingDisabled": "false"}, {"stationCode": "SLO", "stationName": "SAMALKOT JN", "arrivalTime": "06:25", "departureTime": "06:27", "routeNumber": "1", "haltTime": "02:00", "distance": "625", "dayCount": "2", "stnSerialNumber": "14", "boardingDisabled": "false"}, {"stationCode": "ANV", "stationName": "ANNAVARAM", "arrivalTime": "07:15", "departureTime": "07:17", "routeNumber": "1", "haltTime": "02:00", "distance": "661", "dayCount": "2", "stnSerialNumber": "15", "boardingDisabled": "false"}, {"stationCode": "DVD", "stationName": "DUVVADA", "arrivalTime": "08:45", "departureTime": "08:47", "routeNumber": "1", "haltTime": "02:00", "distance": "758", "dayCount": "2", "stnSerialNumber": "16", "boardingDisabled": "false"}, {"stationCode": "VSKP", "stationName": "VISAKHAPATNAM", "arrivalTime": "09:50", "departureTime": "--", "routeNumber": "1", "haltTime": "--", "distance": "775", "dayCount": "2", "stnSerialNumber": "17", "boardingDisabled": "false"}]}{"trainNumber": "08586", "trainName": "MBNR VSKP SPL", "stationFrom": "MBNR", "stationTo": "VSKP", "trainOwner": "0", "trainRunsOnMon": "N", "trainRunsOnTue": "N", "trainRunsOnWed": "Y", "trainRunsOnThu": "N", "trainRunsOnFri": "N", "trainRunsOnSat": "N", "trainRunsOnSun": "N", "timeStamp": "2023-06-19T15:31:45.856", "duration": "0", "stationList": [{"stationCode": "MBNR", "stationName": "MAHBUBNAGAR", "arrivalTime": "--", "departureTime": "18:20", "routeNumber": "1", "haltTime": "--", "distance": "0", "dayCount": "1", "stnSerialNumber": "1", "boardingDisabled": "false"}, {"stationCode": "JCL", "stationName": "JADCHERLA", "arrivalTime": "18:40", "departureTime": "18:41", "routeNumber": "1", "haltTime": "01:00", "distance": "18", "dayCount": "1", "stnSerialNumber": "2", "boardingDisabled": "false"}, {"stationCode": "SHNR", "stationName": "SHADNAGAR", "arrivalTime": "19:12", "departureTime": "19:13", "routeNumber": "1", "haltTime": "01:00", "distance": "54", "dayCount": "1", "stnSerialNumber": "3", "boardingDisabled": "false"}, {"stationCode": "UR", "stationName": "UMDANAGAR", "arrivalTime": "19:35", "departureTime": "19:36", "routeNumber": "1", "haltTime": "01:00", "distance": "86", "dayCount": "1", "stnSerialNumber": "4", "boardingDisabled": "false"}, {"stationCode": "KCG", "stationName": "KACHEGUDA", "arrivalTime": "20:10", "departureTime": "20:20", "routeNumber": "1", "haltTime": "10:00", "distance": "106", "dayCount": "1", "stnSerialNumber": "5", "boardingDisabled": "false"}, {"stationCode": "MJF", "stationName": "MALKAJGIRI", "arrivalTime": "20:40", "departureTime": "20:42", "routeNumber": "1", "haltTime": "02:00", "distance": "115", "dayCount": "1", "stnSerialNumber": "6", "boardingDisabled": "false"}, {"stationCode": "NLDA", "stationName": "NALGONDA", "arrivalTime": "22:35", "departureTime": "22:37", "routeNumber": "1", "haltTime": "02:00", "distance": "222", "dayCount": "1", "stnSerialNumber": "7", "boardingDisabled": "false"}, {"stationCode": "MRGA", "stationName": "MIRYALAGUDA", "arrivalTime": "23:10", "departureTime": "23:12", "routeNumber": "1", "haltTime": "02:00", "distance": "260", "dayCount": "1", "stnSerialNumber": "8", "boardingDisabled": "false"}, {"stationCode": "SAP", "stationName": "SATTENAPALLE", "arrivalTime": "00:32", "departureTime": "00:34", "routeNumber": "1", "haltTime": "02:00", "distance": "351", "dayCount": "2", "stnSerialNumber": "9", "boardingDisabled": "false"}, {"stationCode": "GNT", "stationName": "GUNTUR JN", "arrivalTime": "01:25", "departureTime": "01:35", "routeNumber": "1", "haltTime": "10:00", "distance": "393", "dayCount": "2", "stnSerialNumber": "10", "boardingDisabled": "false"}, {"stationCode": "BZA", "stationName": "VIJAYAWADA JN", "arrivalTime": "03:45", "departureTime": "03:55", "routeNumber": "1", "haltTime": "10:00", "distance": "425", "dayCount": "2", "stnSerialNumber": "11", "boardingDisabled": "false"}, {"stationCode": "EE", "stationName": "ELURU", "arrivalTime": "04:30", "departureTime": "04:32", "routeNumber": "1", "haltTime": "02:00", "distance": "484", "dayCount": "2", "stnSerialNumber": "12", "boardingDisabled": "false"}, {"stationCode": "RJY", "stationName": "RAJAHMUNDRY", "arrivalTime": "05:45", "departureTime": "05:47", "routeNumber": "1", "haltTime": "02:00", "distance": "574", "dayCount": "2", "stnSerialNumber": "13", "boardingDisabled": "false"}, {"stationCode": "SLO", "stationName": "SAMALKOT JN", "arrivalTime": "06:25", "departureTime": "06:27", "routeNumber": "1", "haltTime": "02:00", "distance": "625", "dayCount": "2", "stnSerialNumber": "14", "boardingDisabled": "false"}, {"stationCode": "ANV", "stationName": "ANNAVARAM", "arrivalTime": "07:15", "departureTime": "07:17", "routeNumber": "1", "haltTime": "02:00", "distance": "661", "dayCount": "2", "stnSerialNumber": "15", "boardingDisabled": "false"}, {"stationCode": "DVD", "stationName": "DUVVADA", "arrivalTime": "08:45", "departureTime": "08:47", "routeNumber": "1", "haltTime": "02:00", "distance": "758", "dayCount": "2", "stnSerialNumber": "16", "boardingDisabled": "false"}, {"stationCode": "VSKP", "stationName": "VISAKHAPATNAM", "arrivalTime": "09:50", "departureTime": "--", "routeNumber": "1", "haltTime": "--", "distance": "775", "dayCount": "2", "stnSerialNumber": "17", "boardingDisabled": "false"}]}