{"trainNumber": "08585", "trainName": "VSKP MBNR SPL", "stationFrom": "VSKP", "stationTo": "MBNR", "trainOwner": "0", "trainRunsOnMon": "N", "trainRunsOnTue": "Y", "trainRunsOnWed": "N", "trainRunsOnThu": "N", "trainRunsOnFri": "N", "trainRunsOnSat": "N", "trainRunsOnSun": "N", "timeStamp": "2023-06-19T15:31:11.592", "duration": "0", "stationList": [{"stationCode": "VSKP", "stationName": "VISAKHAPATNAM", "arrivalTime": "--", "departureTime": "17:35", "routeNumber": "1", "haltTime": "--", "distance": "0", "dayCount": "1", "stnSerialNumber": "1", "boardingDisabled": "false"}, {"stationCode": "DVD", "stationName": "DUVVADA", "arrivalTime": "18:05", "departureTime": "18:07", "routeNumber": "1", "haltTime": "02:00", "distance": "18", "dayCount": "1", "stnSerialNumber": "2", "boardingDisabled": "false"}, {"stationCode": "ANV", "stationName": "ANNAVARAM", "arrivalTime": "18:22", "departureTime": "18:23", "routeNumber": "1", "haltTime": "01:00", "distance": "114", "dayCount": "1", "stnSerialNumber": "3", "boardingDisabled": "false"}, {"stationCode": "SLO", "stationName": "SAMALKOT JN", "arrivalTime": "19:48", "departureTime": "19:50", "routeNumber": "1", "haltTime": "02:00", "distance": "151", "dayCount": "1", "stnSerialNumber": "4", "boardingDisabled": "false"}, {"stationCode": "RJY", "stationName": "RAJAHMUNDRY", "arrivalTime": "20:48", "departureTime": "20:50", "routeNumber": "1", "haltTime": "02:00", "distance": "201", "dayCount": "1", "stnSerialNumber": "5", "boardingDisabled": "false"}, {"stationCode": "EE", "stationName": "ELURU", "arrivalTime": "22:00", "departureTime": "22:10", "routeNumber": "1", "haltTime": "10:00", "distance": "291", "dayCount": "1", "stnSerialNumber": "6", "boardingDisabled": "false"}, {"stationCode": "BZA", "stationName": "VIJAYAWADA JN", "arrivalTime": "23:00", "departureTime": "23:10", "routeNumber": "1", "haltTime": "10:00", "distance": "350", "dayCount": "1", "stnSerialNumber": "7", "boardingDisabled": "false"}, {"stationCode": "GNT", "stationName": "GUNTUR JN", "arrivalTime": "00:40", "departureTime": "00:45", "routeNumber": "1", "haltTime": "05:00", "distance": "382", "dayCount": "2", "stnSerialNumber": "8", "boardingDisabled": "false"}, {"stationCode": "SAP", "stationName": "SATTENAPALLE", "arrivalTime": "01:20", "departureTime": "01:21", "routeNumber": "1", "haltTime": "01:00", "distance": "424", "dayCount": "2", "stnSerialNumber": "9", "boardingDisabled": "false"}, {"stationCode": "MRGA", "stationName": "MIRYALAGUDA", "arrivalTime": "02:45", "departureTime": "02:47", "routeNumber": "1", "haltTime": "02:00", "distance": "516", "dayCount": "2", "stnSerialNumber": "10", "boardingDisabled": "false"}, {"stationCode": "NLDA", "stationName": "NALGONDA", "arrivalTime": "03:15", "departureTime": "03:17", "routeNumber": "1", "haltTime": "02:00", "distance": "553", "dayCount": "2", "stnSerialNumber": "11", "boardingDisabled": "false"}, {"stationCode": "MJF", "stationName": "MALKAJGIRI", "arrivalTime": "07:23", "departureTime": "07:25", "routeNumber": "1", "haltTime": "02:00", "distance": "660", "dayCount": "2", "stnSerialNumber": "12", "boardingDisabled": "false"}, {"stationCode": "KCG", "stationName": "KACHEGUDA", "arrivalTime": "08:00", "departureTime": "08:10", "routeNumber": "1", "haltTime": "10:00", "distance": "669", "dayCount": "2", "stnSerialNumber": "13", "boardingDisabled": "false"}, {"stationCode": "UR", "stationName": "UMDANAGAR", "arrivalTime": "08:40", "departureTime": "08:41", "routeNumber": "1", "haltTime": "01:00", "distance": "690", "dayCount": "2", "stnSerialNumber": "14", "boardingDisabled": "false"}, {"stationCode": "SHNR", "stationName": "SHADNAGAR", "arrivalTime": "09:20", "departureTime": "09:21", "routeNumber": "1", "haltTime": "01:00", "distance": "721", "dayCount": "2", "stnSerialNumber": "15", "boardingDisabled": "false"}, {"stationCode": "JCL", "stationName": "JADCHERLA", "arrivalTime": "10:00", "departureTime": "10:01", "routeNumber": "1", "haltTime": "01:00", "distance": "757", "dayCount": "2", "stnSerialNumber": "16", "boardingDisabled": "false"}, {"stationCode": "MBNR", "stationName": "MAHBUBNAGAR", "arrivalTime": "10:30", "departureTime": "--", "routeNumber": "1", "haltTime": "--", "distance": "775", "dayCount": "2", "stnSerialNumber": "17", "boardingDisabled": "false"}]}