{"trainNumber": "08584", "trainName": "TPTY VSKP SPL", "stationFrom": "TPTY", "stationTo": "VSKP", "trainOwner": "0", "trainRunsOnMon": "N", "trainRunsOnTue": "Y", "trainRunsOnWed": "N", "trainRunsOnThu": "N", "trainRunsOnFri": "N", "trainRunsOnSat": "N", "trainRunsOnSun": "N", "timeStamp": "2023-06-19T15:31:11.648", "duration": "0", "stationList": [{"stationCode": "TPTY", "stationName": "TIRUPATI", "arrivalTime": "--", "departureTime": "21:55", "routeNumber": "1", "haltTime": "--", "distance": "0", "dayCount": "1", "stnSerialNumber": "1", "boardingDisabled": "false"}, {"stationCode": "RU", "stationName": "RENIGUNTA JN", "arrivalTime": "22:13", "departureTime": "22:15", "routeNumber": "1", "haltTime": "02:00", "distance": "10", "dayCount": "1", "stnSerialNumber": "2", "boardingDisabled": "false"}, {"stationCode": "KHT", "stationName": "SRI KALAHASTI", "arrivalTime": "22:35", "departureTime": "22:36", "routeNumber": "1", "haltTime": "01:00", "distance": "33", "dayCount": "1", "stnSerialNumber": "3", "boardingDisabled": "false"}, {"stationCode": "GDR", "stationName": "GUDUR JN", "arrivalTime": "23:23", "departureTime": "23:25", "routeNumber": "1", "haltTime": "02:00", "distance": "93", "dayCount": "1", "stnSerialNumber": "4", "boardingDisabled": "false"}, {"stationCode": "NLR", "stationName": "NELLORE", "arrivalTime": "23:53", "departureTime": "23:55", "routeNumber": "1", "haltTime": "02:00", "distance": "132", "dayCount": "1", "stnSerialNumber": "5", "boardingDisabled": "false"}, {"stationCode": "OGL", "stationName": "ONGOLE", "arrivalTime": "01:23", "departureTime": "01:25", "routeNumber": "1", "haltTime": "02:00", "distance": "248", "dayCount": "2", "stnSerialNumber": "6", "boardingDisabled": "false"}, {"stationCode": "CLX", "stationName": "CHIRALA", "arrivalTime": "01:59", "departureTime": "02:00", "routeNumber": "1", "haltTime": "01:00", "distance": "297", "dayCount": "2", "stnSerialNumber": "7", "boardingDisabled": "false"}, {"stationCode": "TEL", "stationName": "TENALI JN", "arrivalTime": "02:48", "departureTime": "02:50", "routeNumber": "1", "haltTime": "02:00", "distance": "355", "dayCount": "2", "stnSerialNumber": "8", "boardingDisabled": "false"}, {"stationCode": "BZA", "stationName": "VIJAYAWADA JN", "arrivalTime": "03:10", "departureTime": "03:12", "routeNumber": "1", "haltTime": "02:00", "distance": "386", "dayCount": "2", "stnSerialNumber": "9", "boardingDisabled": "false"}, {"stationCode": "EE", "stationName": "ELURU", "arrivalTime": "04:28", "departureTime": "04:30", "routeNumber": "1", "haltTime": "02:00", "distance": "446", "dayCount": "2", "stnSerialNumber": "10", "boardingDisabled": "false"}, {"stationCode": "TDD", "stationName": "TADEPALLIGUDEM", "arrivalTime": "05:04", "departureTime": "05:05", "routeNumber": "1", "haltTime": "01:00", "distance": "493", "dayCount": "2", "stnSerialNumber": "11", "boardingDisabled": "false"}, {"stationCode": "RJY", "stationName": "RAJAHMUNDRY", "arrivalTime": "05:43", "departureTime": "05:45", "routeNumber": "1", "haltTime": "02:00", "distance": "535", "dayCount": "2", "stnSerialNumber": "12", "boardingDisabled": "false"}, {"stationCode": "SLO", "stationName": "SAMALKOT JN", "arrivalTime": "06:28", "departureTime": "06:30", "routeNumber": "1", "haltTime": "02:00", "distance": "586", "dayCount": "2", "stnSerialNumber": "13", "boardingDisabled": "false"}, {"stationCode": "ANV", "stationName": "ANNAVARAM", "arrivalTime": "06:53", "departureTime": "06:55", "routeNumber": "1", "haltTime": "02:00", "distance": "622", "dayCount": "2", "stnSerialNumber": "14", "boardingDisabled": "false"}, {"stationCode": "AKP", "stationName": "ANAKAPALLE", "arrivalTime": "08:28", "departureTime": "08:30", "routeNumber": "1", "haltTime": "02:00", "distance": "703", "dayCount": "2", "stnSerialNumber": "15", "boardingDisabled": "false"}, {"stationCode": "DVD", "stationName": "DUVVADA", "arrivalTime": "09:33", "departureTime": "09:35", "routeNumber": "1", "haltTime": "02:00", "distance": "719", "dayCount": "2", "stnSerialNumber": "16", "boardingDisabled": "false"}, {"stationCode": "VSKP", "stationName": "VISAKHAPATNAM", "arrivalTime": "10:15", "departureTime": "--", "routeNumber": "1", "haltTime": "--", "distance": "736", "dayCount": "2", "stnSerialNumber": "17", "boardingDisabled": "false"}]}