{"trainNumber": "09007", "trainName": "BL BHIWANI SPL", "stationFrom": "BL", "stationTo": "BNW", "trainOwner": "0", "trainRunsOnMon": "N", "trainRunsOnTue": "N", "trainRunsOnWed": "N", "trainRunsOnThu": "Y", "trainRunsOnFri": "N", "trainRunsOnSat": "N", "trainRunsOnSun": "N", "timeStamp": "2023-06-19T15:31:13.093", "duration": "0", "stationList": [{"stationCode": "BL", "stationName": "VALSAD", "arrivalTime": "--", "departureTime": "13:50", "routeNumber": "1", "haltTime": "--", "distance": "0", "dayCount": "1", "stnSerialNumber": "1", "boardingDisabled": "false"}, {"stationCode": "ST", "stationName": "SURAT", "arrivalTime": "14:40", "departureTime": "14:43", "routeNumber": "1", "haltTime": "03:00", "distance": "69", "dayCount": "1", "stnSerialNumber": "2", "boardingDisabled": "false"}, {"stationCode": "BRC", "stationName": "VADODARA JN", "arrivalTime": "16:30", "departureTime": "16:40", "routeNumber": "1", "haltTime": "10:00", "distance": "198", "dayCount": "1", "stnSerialNumber": "3", "boardingDisabled": "false"}, {"stationCode": "RTM", "stationName": "RATLAM JN", "arrivalTime": "21:15", "departureTime": "21:25", "routeNumber": "1", "haltTime": "10:00", "distance": "460", "dayCount": "1", "stnSerialNumber": "4", "boardingDisabled": "false"}, {"stationCode": "MDS", "stationName": "MANDASOR", "arrivalTime": "22:35", "departureTime": "22:37", "routeNumber": "1", "haltTime": "02:00", "distance": "544", "dayCount": "1", "stnSerialNumber": "5", "boardingDisabled": "false"}, {"stationCode": "NMH", "stationName": "NIMACH", "arrivalTime": "23:18", "departureTime": "23:20", "routeNumber": "1", "haltTime": "02:00", "distance": "592", "dayCount": "1", "stnSerialNumber": "6", "boardingDisabled": "false"}, {"stationCode": "COR", "stationName": "CHITTAURGARH", "arrivalTime": "01:00", "departureTime": "01:05", "routeNumber": "1", "haltTime": "05:00", "distance": "648", "dayCount": "2", "stnSerialNumber": "7", "boardingDisabled": "false"}, {"stationCode": "BHL", "stationName": "BHILWARA", "arrivalTime": "02:00", "departureTime": "02:05", "routeNumber": "1", "haltTime": "05:00", "distance": "702", "dayCount": "2", "stnSerialNumber": "8", "boardingDisabled": "false"}, {"stationCode": "AII", "stationName": "AJMER JN", "arrivalTime": "04:35", "departureTime": "04:45", "routeNumber": "1", "haltTime": "10:00", "distance": "834", "dayCount": "2", "stnSerialNumber": "9", "boardingDisabled": "false"}, {"stationCode": "KSG", "stationName": "KISHANGARH", "arrivalTime": "05:21", "departureTime": "05:23", "routeNumber": "1", "haltTime": "02:00", "distance": "860", "dayCount": "2", "stnSerialNumber": "10", "boardingDisabled": "false"}, {"stationCode": "FL", "stationName": "PHULERA JN", "arrivalTime": "06:05", "departureTime": "06:07", "routeNumber": "1", "haltTime": "02:00", "distance": "914", "dayCount": "2", "stnSerialNumber": "11", "boardingDisabled": "false"}, {"stationCode": "JP", "stationName": "JAIPUR", "arrivalTime": "07:15", "departureTime": "07:25", "routeNumber": "1", "haltTime": "10:00", "distance": "969", "dayCount": "2", "stnSerialNumber": "12", "boardingDisabled": "false"}, {"stationCode": "GADJ", "stationName": "GANDHINAGAR JPR", "arrivalTime": "07:35", "departureTime": "07:38", "routeNumber": "1", "haltTime": "03:00", "distance": "974", "dayCount": "2", "stnSerialNumber": "13", "boardingDisabled": "false"}, {"stationCode": "DO", "stationName": "DAUSA", "arrivalTime": "08:14", "departureTime": "08:16", "routeNumber": "1", "haltTime": "02:00", "distance": "1030", "dayCount": "2", "stnSerialNumber": "14", "boardingDisabled": "false"}, {"stationCode": "BKI", "stationName": "BANDIKUI JN", "arrivalTime": "08:38", "departureTime": "08:40", "routeNumber": "1", "haltTime": "02:00", "distance": "1059", "dayCount": "2", "stnSerialNumber": "15", "boardingDisabled": "false"}, {"stationCode": "AWR", "stationName": "ALWAR", "arrivalTime": "09:25", "departureTime": "09:28", "routeNumber": "1", "haltTime": "03:00", "distance": "1119", "dayCount": "2", "stnSerialNumber": "16", "boardingDisabled": "false"}, {"stationCode": "RE", "stationName": "REWARI", "arrivalTime": "11:00", "departureTime": "11:10", "routeNumber": "1", "haltTime": "10:00", "distance": "1194", "dayCount": "2", "stnSerialNumber": "17", "boardingDisabled": "false"}, {"stationCode": "KSI", "stationName": "KOSLI", "arrivalTime": "11:46", "departureTime": "11:48", "routeNumber": "1", "haltTime": "02:00", "distance": "1221", "dayCount": "2", "stnSerialNumber": "18", "boardingDisabled": "false"}, {"stationCode": "CKD", "stationName": "CHARKHI DADRI", "arrivalTime": "12:11", "departureTime": "12:13", "routeNumber": "1", "haltTime": "02:00", "distance": "1249", "dayCount": "2", "stnSerialNumber": "19", "boardingDisabled": "false"}, {"stationCode": "BNW", "stationName": "BHIWANI", "arrivalTime": "12:50", "departureTime": "--", "routeNumber": "1", "haltTime": "--", "distance": "1276", "dayCount": "2", "stnSerialNumber": "20", "boardingDisabled": "false"}]}