{"trainNumber": "09008", "trainName": "BNW BL SF SPL", "stationFrom": "BNW", "stationTo": "BL", "trainOwner": "0", "trainRunsOnMon": "N", "trainRunsOnTue": "N", "trainRunsOnWed": "N", "trainRunsOnThu": "N", "trainRunsOnFri": "Y", "trainRunsOnSat": "N", "trainRunsOnSun": "N", "timeStamp": "2023-06-19T15:31:13.064", "duration": "0", "stationList": [{"stationCode": "BNW", "stationName": "BHIWANI", "arrivalTime": "--", "departureTime": "14:50", "routeNumber": "1", "haltTime": "--", "distance": "0", "dayCount": "1", "stnSerialNumber": "1", "boardingDisabled": "false"}, {"stationCode": "CKD", "stationName": "CHARKHI DADRI", "arrivalTime": "15:12", "departureTime": "15:14", "routeNumber": "1", "haltTime": "02:00", "distance": "28", "dayCount": "1", "stnSerialNumber": "2", "boardingDisabled": "false"}, {"stationCode": "KSI", "stationName": "KOSLI", "arrivalTime": "15:37", "departureTime": "15:39", "routeNumber": "1", "haltTime": "02:00", "distance": "55", "dayCount": "1", "stnSerialNumber": "3", "boardingDisabled": "false"}, {"stationCode": "RE", "stationName": "REWARI", "arrivalTime": "16:20", "departureTime": "16:25", "routeNumber": "1", "haltTime": "05:00", "distance": "83", "dayCount": "1", "stnSerialNumber": "4", "boardingDisabled": "false"}, {"stationCode": "AWR", "stationName": "ALWAR", "arrivalTime": "17:23", "departureTime": "17:26", "routeNumber": "1", "haltTime": "03:00", "distance": "157", "dayCount": "1", "stnSerialNumber": "5", "boardingDisabled": "false"}, {"stationCode": "BKI", "stationName": "BANDIKUI JN", "arrivalTime": "18:10", "departureTime": "18:12", "routeNumber": "1", "haltTime": "02:00", "distance": "218", "dayCount": "1", "stnSerialNumber": "6", "boardingDisabled": "false"}, {"stationCode": "DO", "stationName": "DAUSA", "arrivalTime": "18:31", "departureTime": "18:33", "routeNumber": "1", "haltTime": "02:00", "distance": "247", "dayCount": "1", "stnSerialNumber": "7", "boardingDisabled": "false"}, {"stationCode": "GADJ", "stationName": "GANDHINAGAR JPR", "arrivalTime": "19:10", "departureTime": "19:13", "routeNumber": "1", "haltTime": "03:00", "distance": "303", "dayCount": "1", "stnSerialNumber": "8", "boardingDisabled": "false"}, {"stationCode": "JP", "stationName": "JAIPUR", "arrivalTime": "19:25", "departureTime": "19:35", "routeNumber": "1", "haltTime": "10:00", "distance": "308", "dayCount": "1", "stnSerialNumber": "9", "boardingDisabled": "false"}, {"stationCode": "FL", "stationName": "PHULERA JN", "arrivalTime": "20:37", "departureTime": "20:39", "routeNumber": "1", "haltTime": "02:00", "distance": "363", "dayCount": "1", "stnSerialNumber": "10", "boardingDisabled": "false"}, {"stationCode": "KSG", "stationName": "KISHANGARH", "arrivalTime": "21:10", "departureTime": "21:12", "routeNumber": "1", "haltTime": "02:00", "distance": "417", "dayCount": "1", "stnSerialNumber": "11", "boardingDisabled": "false"}, {"stationCode": "AII", "stationName": "AJMER JN", "arrivalTime": "22:05", "departureTime": "22:15", "routeNumber": "1", "haltTime": "10:00", "distance": "443", "dayCount": "1", "stnSerialNumber": "13", "boardingDisabled": "false"}, {"stationCode": "BHL", "stationName": "BHILWARA", "arrivalTime": "00:05", "departureTime": "00:10", "routeNumber": "1", "haltTime": "05:00", "distance": "574", "dayCount": "2", "stnSerialNumber": "14", "boardingDisabled": "false"}, {"stationCode": "COR", "stationName": "CHITTAURGARH", "arrivalTime": "02:20", "departureTime": "02:25", "routeNumber": "1", "haltTime": "05:00", "distance": "629", "dayCount": "2", "stnSerialNumber": "16", "boardingDisabled": "false"}, {"stationCode": "NMH", "stationName": "NIMACH", "arrivalTime": "03:03", "departureTime": "03:05", "routeNumber": "1", "haltTime": "02:00", "distance": "684", "dayCount": "2", "stnSerialNumber": "17", "boardingDisabled": "false"}, {"stationCode": "MDS", "stationName": "MANDASOR", "arrivalTime": "03:44", "departureTime": "03:46", "routeNumber": "1", "haltTime": "02:00", "distance": "733", "dayCount": "2", "stnSerialNumber": "18", "boardingDisabled": "false"}, {"stationCode": "RTM", "stationName": "RATLAM JN", "arrivalTime": "05:25", "departureTime": "05:35", "routeNumber": "1", "haltTime": "10:00", "distance": "817", "dayCount": "2", "stnSerialNumber": "19", "boardingDisabled": "false"}, {"stationCode": "BRC", "stationName": "VADODARA JN", "arrivalTime": "09:00", "departureTime": "09:05", "routeNumber": "1", "haltTime": "05:00", "distance": "1079", "dayCount": "2", "stnSerialNumber": "21", "boardingDisabled": "false"}, {"stationCode": "ST", "stationName": "SURAT", "arrivalTime": "10:57", "departureTime": "11:02", "routeNumber": "1", "haltTime": "05:00", "distance": "1208", "dayCount": "2", "stnSerialNumber": "22", "boardingDisabled": "false"}, {"stationCode": "BL", "stationName": "VALSAD", "arrivalTime": "12:00", "departureTime": "--", "routeNumber": "1", "haltTime": "--", "distance": "1276", "dayCount": "2", "stnSerialNumber": "23", "boardingDisabled": "false"}]}