{"trainNumber": "09006", "trainName": "IZN VAPI SPL", "stationFrom": "IZN", "stationTo": "VAPI", "trainOwner": "0", "trainRunsOnMon": "Y", "trainRunsOnTue": "N", "trainRunsOnWed": "N", "trainRunsOnThu": "N", "trainRunsOnFri": "N", "trainRunsOnSat": "Y", "trainRunsOnSun": "N", "timeStamp": "2023-06-19T15:31:13.096", "duration": "0", "stationList": [{"stationCode": "IZN", "stationName": "IZZATNAGAR", "arrivalTime": "--", "departureTime": "20:05", "routeNumber": "1", "haltTime": "--", "distance": "0", "dayCount": "1", "stnSerialNumber": "1", "boardingDisabled": "false"}, {"stationCode": "BC", "stationName": "BAREILLY CITY", "arrivalTime": "20:21", "departureTime": "20:23", "routeNumber": "1", "haltTime": "02:00", "distance": "5", "dayCount": "1", "stnSerialNumber": "2", "boardingDisabled": "false"}, {"stationCode": "BRY", "stationName": "BAREILLY", "arrivalTime": "20:35", "departureTime": "20:40", "routeNumber": "1", "haltTime": "05:00", "distance": "8", "dayCount": "1", "stnSerialNumber": "3", "boardingDisabled": "false"}, {"stationCode": "BEM", "stationName": "BUDAUN", "arrivalTime": "21:20", "departureTime": "21:22", "routeNumber": "1", "haltTime": "02:00", "distance": "52", "dayCount": "1", "stnSerialNumber": "4", "boardingDisabled": "false"}, {"stationCode": "KSJ", "stationName": "KASGANJ", "arrivalTime": "22:30", "departureTime": "22:55", "routeNumber": "1", "haltTime": "25:00", "distance": "111", "dayCount": "1", "stnSerialNumber": "5", "boardingDisabled": "false"}, {"stationCode": "GWA", "stationName": "GANJ DUNDWARA", "arrivalTime": "23:33", "departureTime": "23:35", "routeNumber": "1", "haltTime": "02:00", "distance": "143", "dayCount": "1", "stnSerialNumber": "6", "boardingDisabled": "false"}, {"stationCode": "KMJ", "stationName": "KAIMGANJ", "arrivalTime": "00:15", "departureTime": "00:17", "routeNumber": "1", "haltTime": "02:00", "distance": "189", "dayCount": "2", "stnSerialNumber": "7", "boardingDisabled": "false"}, {"stationCode": "FBD", "stationName": "FARRUKHABAD", "arrivalTime": "01:00", "departureTime": "01:05", "routeNumber": "1", "haltTime": "05:00", "distance": "219", "dayCount": "2", "stnSerialNumber": "8", "boardingDisabled": "false"}, {"stationCode": "MNQ", "stationName": "MAINPURI JN", "arrivalTime": "02:15", "departureTime": "02:20", "routeNumber": "1", "haltTime": "05:00", "distance": "277", "dayCount": "2", "stnSerialNumber": "9", "boardingDisabled": "false"}, {"stationCode": "SKB", "stationName": "SHIKOHABAD JN", "arrivalTime": "04:00", "departureTime": "04:02", "routeNumber": "1", "haltTime": "02:00", "distance": "325", "dayCount": "2", "stnSerialNumber": "10", "boardingDisabled": "false"}, {"stationCode": "FZD", "stationName": "FIROZABAD", "arrivalTime": "04:20", "departureTime": "04:22", "routeNumber": "1", "haltTime": "02:00", "distance": "345", "dayCount": "2", "stnSerialNumber": "11", "boardingDisabled": "false"}, {"stationCode": "TDL", "stationName": "TUNDLA JN", "arrivalTime": "05:05", "departureTime": "05:10", "routeNumber": "1", "haltTime": "05:00", "distance": "362", "dayCount": "2", "stnSerialNumber": "12", "boardingDisabled": "false"}, {"stationCode": "AF", "stationName": "AGRA FORT", "arrivalTime": "06:00", "departureTime": "06:05", "routeNumber": "1", "haltTime": "05:00", "distance": "384", "dayCount": "2", "stnSerialNumber": "13", "boardingDisabled": "false"}, {"stationCode": "BXN", "stationName": "BAYANA JN", "arrivalTime": "07:55", "departureTime": "07:57", "routeNumber": "1", "haltTime": "02:00", "distance": "469", "dayCount": "2", "stnSerialNumber": "14", "boardingDisabled": "false"}, {"stationCode": "HAN", "stationName": "HINDAUN CITY", "arrivalTime": "08:20", "departureTime": "08:22", "routeNumber": "1", "haltTime": "02:00", "distance": "501", "dayCount": "2", "stnSerialNumber": "15", "boardingDisabled": "false"}, {"stationCode": "GGC", "stationName": "GANGAPUR CITY", "arrivalTime": "08:50", "departureTime": "08:55", "routeNumber": "1", "haltTime": "05:00", "distance": "546", "dayCount": "2", "stnSerialNumber": "16", "boardingDisabled": "false"}, {"stationCode": "KOTA", "stationName": "KOTA JN", "arrivalTime": "11:05", "departureTime": "11:10", "routeNumber": "1", "haltTime": "05:00", "distance": "717", "dayCount": "2", "stnSerialNumber": "17", "boardingDisabled": "false"}, {"stationCode": "RTM", "stationName": "RATLAM JN", "arrivalTime": "16:00", "departureTime": "16:10", "routeNumber": "1", "haltTime": "10:00", "distance": "983", "dayCount": "2", "stnSerialNumber": "19", "boardingDisabled": "false"}, {"stationCode": "BRC", "stationName": "VADODARA JN", "arrivalTime": "21:05", "departureTime": "21:15", "routeNumber": "1", "haltTime": "10:00", "distance": "1245", "dayCount": "2", "stnSerialNumber": "21", "boardingDisabled": "false"}, {"stationCode": "ST", "stationName": "SURAT", "arrivalTime": "23:24", "departureTime": "23:27", "routeNumber": "1", "haltTime": "03:00", "distance": "1374", "dayCount": "2", "stnSerialNumber": "22", "boardingDisabled": "false"}, {"stationCode": "BL", "stationName": "VALSAD", "arrivalTime": "00:40", "departureTime": "00:42", "routeNumber": "1", "haltTime": "02:00", "distance": "1442", "dayCount": "3", "stnSerialNumber": "23", "boardingDisabled": "false"}, {"stationCode": "VAPI", "stationName": "VAPI", "arrivalTime": "01:30", "departureTime": "--", "routeNumber": "1", "haltTime": "--", "distance": "1467", "dayCount": "3", "stnSerialNumber": "24", "boardingDisabled": "false"}]}{"trainNumber": "09006", "trainName": "IZN VAPI SPL", "stationFrom": "IZN", "stationTo": "VAPI", "trainOwner": "0", "trainRunsOnMon": "Y", "trainRunsOnTue": "N", "trainRunsOnWed": "N", "trainRunsOnThu": "N", "trainRunsOnFri": "N", "trainRunsOnSat": "Y", "trainRunsOnSun": "N", "timeStamp": "2023-06-19T15:31:34.889", "duration": "0", "stationList": [{"stationCode": "IZN", "stationName": "IZZATNAGAR", "arrivalTime": "--", "departureTime": "20:05", "routeNumber": "1", "haltTime": "--", "distance": "0", "dayCount": "1", "stnSerialNumber": "1", "boardingDisabled": "false"}, {"stationCode": "BC", "stationName": "BAREILLY CITY", "arrivalTime": "20:21", "departureTime": "20:23", "routeNumber": "1", "haltTime": "02:00", "distance": "5", "dayCount": "1", "stnSerialNumber": "2", "boardingDisabled": "false"}, {"stationCode": "BRY", "stationName": "BAREILLY", "arrivalTime": "20:35", "departureTime": "20:40", "routeNumber": "1", "haltTime": "05:00", "distance": "8", "dayCount": "1", "stnSerialNumber": "3", "boardingDisabled": "false"}, {"stationCode": "BEM", "stationName": "BUDAUN", "arrivalTime": "21:20", "departureTime": "21:22", "routeNumber": "1", "haltTime": "02:00", "distance": "52", "dayCount": "1", "stnSerialNumber": "4", "boardingDisabled": "false"}, {"stationCode": "KSJ", "stationName": "KASGANJ", "arrivalTime": "22:30", "departureTime": "22:55", "routeNumber": "1", "haltTime": "25:00", "distance": "111", "dayCount": "1", "stnSerialNumber": "5", "boardingDisabled": "false"}, {"stationCode": "GWA", "stationName": "GANJ DUNDWARA", "arrivalTime": "23:33", "departureTime": "23:35", "routeNumber": "1", "haltTime": "02:00", "distance": "143", "dayCount": "1", "stnSerialNumber": "6", "boardingDisabled": "false"}, {"stationCode": "KMJ", "stationName": "KAIMGANJ", "arrivalTime": "00:15", "departureTime": "00:17", "routeNumber": "1", "haltTime": "02:00", "distance": "189", "dayCount": "2", "stnSerialNumber": "7", "boardingDisabled": "false"}, {"stationCode": "FBD", "stationName": "FARRUKHABAD", "arrivalTime": "01:00", "departureTime": "01:05", "routeNumber": "1", "haltTime": "05:00", "distance": "219", "dayCount": "2", "stnSerialNumber": "8", "boardingDisabled": "false"}, {"stationCode": "MNQ", "stationName": "MAINPURI JN", "arrivalTime": "02:15", "departureTime": "02:20", "routeNumber": "1", "haltTime": "05:00", "distance": "277", "dayCount": "2", "stnSerialNumber": "9", "boardingDisabled": "false"}, {"stationCode": "SKB", "stationName": "SHIKOHABAD JN", "arrivalTime": "04:00", "departureTime": "04:02", "routeNumber": "1", "haltTime": "02:00", "distance": "325", "dayCount": "2", "stnSerialNumber": "10", "boardingDisabled": "false"}, {"stationCode": "FZD", "stationName": "FIROZABAD", "arrivalTime": "04:20", "departureTime": "04:22", "routeNumber": "1", "haltTime": "02:00", "distance": "345", "dayCount": "2", "stnSerialNumber": "11", "boardingDisabled": "false"}, {"stationCode": "TDL", "stationName": "TUNDLA JN", "arrivalTime": "05:05", "departureTime": "05:10", "routeNumber": "1", "haltTime": "05:00", "distance": "362", "dayCount": "2", "stnSerialNumber": "12", "boardingDisabled": "false"}, {"stationCode": "AF", "stationName": "AGRA FORT", "arrivalTime": "06:00", "departureTime": "06:05", "routeNumber": "1", "haltTime": "05:00", "distance": "384", "dayCount": "2", "stnSerialNumber": "13", "boardingDisabled": "false"}, {"stationCode": "BXN", "stationName": "BAYANA JN", "arrivalTime": "07:55", "departureTime": "07:57", "routeNumber": "1", "haltTime": "02:00", "distance": "469", "dayCount": "2", "stnSerialNumber": "14", "boardingDisabled": "false"}, {"stationCode": "HAN", "stationName": "HINDAUN CITY", "arrivalTime": "08:20", "departureTime": "08:22", "routeNumber": "1", "haltTime": "02:00", "distance": "501", "dayCount": "2", "stnSerialNumber": "15", "boardingDisabled": "false"}, {"stationCode": "GGC", "stationName": "GANGAPUR CITY", "arrivalTime": "08:50", "departureTime": "08:55", "routeNumber": "1", "haltTime": "05:00", "distance": "546", "dayCount": "2", "stnSerialNumber": "16", "boardingDisabled": "false"}, {"stationCode": "KOTA", "stationName": "KOTA JN", "arrivalTime": "11:05", "departureTime": "11:10", "routeNumber": "1", "haltTime": "05:00", "distance": "717", "dayCount": "2", "stnSerialNumber": "17", "boardingDisabled": "false"}, {"stationCode": "RTM", "stationName": "RATLAM JN", "arrivalTime": "16:00", "departureTime": "16:10", "routeNumber": "1", "haltTime": "10:00", "distance": "983", "dayCount": "2", "stnSerialNumber": "19", "boardingDisabled": "false"}, {"stationCode": "BRC", "stationName": "VADODARA JN", "arrivalTime": "21:05", "departureTime": "21:15", "routeNumber": "1", "haltTime": "10:00", "distance": "1245", "dayCount": "2", "stnSerialNumber": "21", "boardingDisabled": "false"}, {"stationCode": "ST", "stationName": "SURAT", "arrivalTime": "23:24", "departureTime": "23:27", "routeNumber": "1", "haltTime": "03:00", "distance": "1374", "dayCount": "2", "stnSerialNumber": "22", "boardingDisabled": "false"}, {"stationCode": "BL", "stationName": "VALSAD", "arrivalTime": "00:40", "departureTime": "00:42", "routeNumber": "1", "haltTime": "02:00", "distance": "1442", "dayCount": "3", "stnSerialNumber": "23", "boardingDisabled": "false"}, {"stationCode": "VAPI", "stationName": "VAPI", "arrivalTime": "01:30", "departureTime": "--", "routeNumber": "1", "haltTime": "--", "distance": "1467", "dayCount": "3", "stnSerialNumber": "24", "boardingDisabled": "false"}]}