{"trainNumber": "09004", "trainName": "NDLS MMCT AC SPL", "stationFrom": "NDLS", "stationTo": "MMCT", "trainOwner": "0", "trainRunsOnMon": "N", "trainRunsOnTue": "N", "trainRunsOnWed": "N", "trainRunsOnThu": "N", "trainRunsOnFri": "N", "trainRunsOnSat": "Y", "trainRunsOnSun": "N", "timeStamp": "2023-06-19T15:30:10.121", "duration": "0", "stationList": [{"stationCode": "NDLS", "stationName": "NEW DELHI", "arrivalTime": "--", "departureTime": "14:10", "routeNumber": "1", "haltTime": "--", "distance": "0", "dayCount": "1", "stnSerialNumber": "1", "boardingDisabled": "false"}, {"stationCode": "MTJ", "stationName": "MATHURA JN", "arrivalTime": "16:30", "departureTime": "16:32", "routeNumber": "1", "haltTime": "02:00", "distance": "141", "dayCount": "1", "stnSerialNumber": "3", "boardingDisabled": "false"}, {"stationCode": "KOTA", "stationName": "KOTA JN", "arrivalTime": "20:20", "departureTime": "20:25", "routeNumber": "1", "haltTime": "05:00", "distance": "465", "dayCount": "1", "stnSerialNumber": "4", "boardingDisabled": "false"}, {"stationCode": "RTM", "stationName": "RATLAM JN", "arrivalTime": "00:25", "departureTime": "00:28", "routeNumber": "1", "haltTime": "03:00", "distance": "731", "dayCount": "2", "stnSerialNumber": "6", "boardingDisabled": "false"}, {"stationCode": "BRC", "stationName": "VADODARA JN", "arrivalTime": "04:08", "departureTime": "04:13", "routeNumber": "1", "haltTime": "05:00", "distance": "993", "dayCount": "2", "stnSerialNumber": "8", "boardingDisabled": "false"}, {"stationCode": "ST", "stationName": "SURAT", "arrivalTime": "07:45", "departureTime": "07:48", "routeNumber": "1", "haltTime": "03:00", "distance": "1122", "dayCount": "2", "stnSerialNumber": "9", "boardingDisabled": "false"}, {"stationCode": "BVI", "stationName": "BORIVALI", "arrivalTime": "10:56", "departureTime": "10:58", "routeNumber": "1", "haltTime": "02:00", "distance": "1355", "dayCount": "2", "stnSerialNumber": "10", "boardingDisabled": "false"}, {"stationCode": "MMCT", "stationName": "MUMBAI CENTRAL", "arrivalTime": "11:40", "departureTime": "--", "routeNumber": "1", "haltTime": "--", "distance": "1384", "dayCount": "2", "stnSerialNumber": "11", "boardingDisabled": "false"}]}