{"trainNumber": "09003", "trainName": "MMCT NDLS AC SPL", "stationFrom": "MMCT", "stationTo": "NDLS", "trainOwner": "0", "trainRunsOnMon": "N", "trainRunsOnTue": "N", "trainRunsOnWed": "N", "trainRunsOnThu": "N", "trainRunsOnFri": "Y", "trainRunsOnSat": "N", "trainRunsOnSun": "N", "timeStamp": "2023-06-19T15:30:10.150", "duration": "0", "stationList": [{"stationCode": "MMCT", "stationName": "MUMBAI CENTRAL", "arrivalTime": "--", "departureTime": "16:00", "routeNumber": "1", "haltTime": "--", "distance": "0", "dayCount": "1", "stnSerialNumber": "1", "boardingDisabled": "false"}, {"stationCode": "BVI", "stationName": "BORIVALI", "arrivalTime": "16:38", "departureTime": "16:41", "routeNumber": "1", "haltTime": "03:00", "distance": "30", "dayCount": "1", "stnSerialNumber": "2", "boardingDisabled": "false"}, {"stationCode": "ST", "stationName": "SURAT", "arrivalTime": "19:32", "departureTime": "19:35", "routeNumber": "1", "haltTime": "03:00", "distance": "263", "dayCount": "1", "stnSerialNumber": "3", "boardingDisabled": "false"}, {"stationCode": "BRC", "stationName": "VADODARA JN", "arrivalTime": "21:05", "departureTime": "21:10", "routeNumber": "1", "haltTime": "05:00", "distance": "392", "dayCount": "1", "stnSerialNumber": "4", "boardingDisabled": "false"}, {"stationCode": "RTM", "stationName": "RATLAM JN", "arrivalTime": "00:15", "departureTime": "00:20", "routeNumber": "1", "haltTime": "05:00", "distance": "653", "dayCount": "2", "stnSerialNumber": "5", "boardingDisabled": "false"}, {"stationCode": "KOTA", "stationName": "KOTA JN", "arrivalTime": "04:00", "departureTime": "04:05", "routeNumber": "1", "haltTime": "05:00", "distance": "920", "dayCount": "2", "stnSerialNumber": "6", "boardingDisabled": "false"}, {"stationCode": "MTJ", "stationName": "MATHURA JN", "arrivalTime": "08:50", "departureTime": "08:52", "routeNumber": "1", "haltTime": "02:00", "distance": "1244", "dayCount": "2", "stnSerialNumber": "7", "boardingDisabled": "false"}, {"stationCode": "NDLS", "stationName": "NEW DELHI", "arrivalTime": "12:30", "departureTime": "--", "routeNumber": "1", "haltTime": "--", "distance": "1384", "dayCount": "2", "stnSerialNumber": "8", "boardingDisabled": "false"}]}