{"trainNumber": "09005", "trainName": "VAPI IZN SPL", "stationFrom": "VAPI", "stationTo": "IZN", "trainOwner": "0", "trainRunsOnMon": "N", "trainRunsOnTue": "N", "trainRunsOnWed": "N", "trainRunsOnThu": "N", "trainRunsOnFri": "Y", "trainRunsOnSat": "N", "trainRunsOnSun": "Y", "timeStamp": "2023-06-19T15:31:13.100", "duration": "0", "stationList": [{"stationCode": "VAPI", "stationName": "VAPI", "arrivalTime": "--", "departureTime": "12:15", "routeNumber": "1", "haltTime": "--", "distance": "0", "dayCount": "1", "stnSerialNumber": "1", "boardingDisabled": "false"}, {"stationCode": "BL", "stationName": "VALSAD", "arrivalTime": "12:50", "departureTime": "12:52", "routeNumber": "1", "haltTime": "02:00", "distance": "25", "dayCount": "1", "stnSerialNumber": "2", "boardingDisabled": "false"}, {"stationCode": "ST", "stationName": "SURAT", "arrivalTime": "14:02", "departureTime": "14:05", "routeNumber": "1", "haltTime": "03:00", "distance": "93", "dayCount": "1", "stnSerialNumber": "3", "boardingDisabled": "false"}, {"stationCode": "BRC", "stationName": "VADODARA JN", "arrivalTime": "16:23", "departureTime": "16:33", "routeNumber": "1", "haltTime": "10:00", "distance": "222", "dayCount": "1", "stnSerialNumber": "4", "boardingDisabled": "false"}, {"stationCode": "RTM", "stationName": "RATLAM JN", "arrivalTime": "20:45", "departureTime": "20:50", "routeNumber": "1", "haltTime": "05:00", "distance": "484", "dayCount": "1", "stnSerialNumber": "6", "boardingDisabled": "false"}, {"stationCode": "KOTA", "stationName": "KOTA JN", "arrivalTime": "00:40", "departureTime": "00:45", "routeNumber": "1", "haltTime": "05:00", "distance": "750", "dayCount": "2", "stnSerialNumber": "8", "boardingDisabled": "false"}, {"stationCode": "GGC", "stationName": "GANGAPUR CITY", "arrivalTime": "02:53", "departureTime": "02:55", "routeNumber": "1", "haltTime": "02:00", "distance": "921", "dayCount": "2", "stnSerialNumber": "9", "boardingDisabled": "false"}, {"stationCode": "HAN", "stationName": "HINDAUN CITY", "arrivalTime": "03:33", "departureTime": "03:35", "routeNumber": "1", "haltTime": "02:00", "distance": "966", "dayCount": "2", "stnSerialNumber": "10", "boardingDisabled": "false"}, {"stationCode": "BXN", "stationName": "BAYANA JN", "arrivalTime": "04:25", "departureTime": "04:27", "routeNumber": "1", "haltTime": "02:00", "distance": "998", "dayCount": "2", "stnSerialNumber": "11", "boardingDisabled": "false"}, {"stationCode": "AF", "stationName": "AGRA FORT", "arrivalTime": "06:55", "departureTime": "07:00", "routeNumber": "1", "haltTime": "05:00", "distance": "1083", "dayCount": "2", "stnSerialNumber": "12", "boardingDisabled": "false"}, {"stationCode": "TDL", "stationName": "TUNDLA JN", "arrivalTime": "08:00", "departureTime": "08:05", "routeNumber": "1", "haltTime": "05:00", "distance": "1105", "dayCount": "2", "stnSerialNumber": "13", "boardingDisabled": "false"}, {"stationCode": "FZD", "stationName": "FIROZABAD", "arrivalTime": "08:25", "departureTime": "08:27", "routeNumber": "1", "haltTime": "02:00", "distance": "1122", "dayCount": "2", "stnSerialNumber": "14", "boardingDisabled": "false"}, {"stationCode": "SKB", "stationName": "SHIKOHABAD JN", "arrivalTime": "08:40", "departureTime": "08:42", "routeNumber": "1", "haltTime": "02:00", "distance": "1142", "dayCount": "2", "stnSerialNumber": "15", "boardingDisabled": "false"}, {"stationCode": "MNQ", "stationName": "MAINPURI JN", "arrivalTime": "09:30", "departureTime": "09:32", "routeNumber": "1", "haltTime": "02:00", "distance": "1190", "dayCount": "2", "stnSerialNumber": "16", "boardingDisabled": "false"}, {"stationCode": "FBD", "stationName": "FARRUKHABAD", "arrivalTime": "11:05", "departureTime": "11:10", "routeNumber": "1", "haltTime": "05:00", "distance": "1248", "dayCount": "2", "stnSerialNumber": "17", "boardingDisabled": "false"}, {"stationCode": "KMJ", "stationName": "KAIMGANJ", "arrivalTime": "11:33", "departureTime": "11:35", "routeNumber": "1", "haltTime": "02:00", "distance": "1278", "dayCount": "2", "stnSerialNumber": "18", "boardingDisabled": "false"}, {"stationCode": "GWA", "stationName": "GANJ DUNDWARA", "arrivalTime": "12:08", "departureTime": "12:10", "routeNumber": "1", "haltTime": "02:00", "distance": "1324", "dayCount": "2", "stnSerialNumber": "19", "boardingDisabled": "false"}, {"stationCode": "KSJ", "stationName": "KASGANJ", "arrivalTime": "12:50", "departureTime": "13:15", "routeNumber": "1", "haltTime": "25:00", "distance": "1356", "dayCount": "2", "stnSerialNumber": "20", "boardingDisabled": "false"}, {"stationCode": "BEM", "stationName": "BUDAUN", "arrivalTime": "14:03", "departureTime": "14:05", "routeNumber": "1", "haltTime": "02:00", "distance": "1415", "dayCount": "2", "stnSerialNumber": "21", "boardingDisabled": "false"}, {"stationCode": "BRY", "stationName": "BAREILLY", "arrivalTime": "15:08", "departureTime": "15:13", "routeNumber": "1", "haltTime": "05:00", "distance": "1459", "dayCount": "2", "stnSerialNumber": "22", "boardingDisabled": "false"}, {"stationCode": "BC", "stationName": "BAREILLY CITY", "arrivalTime": "15:28", "departureTime": "15:30", "routeNumber": "1", "haltTime": "02:00", "distance": "1462", "dayCount": "2", "stnSerialNumber": "23", "boardingDisabled": "false"}, {"stationCode": "IZN", "stationName": "IZZATNAGAR", "arrivalTime": "15:55", "departureTime": "--", "routeNumber": "1", "haltTime": "--", "distance": "1467", "dayCount": "2", "stnSerialNumber": "24", "boardingDisabled": "false"}]}