{"trainNumber": "09012", "trainName": "MLDT UDN SPL", "stationFrom": "MLDT", "stationTo": "UDN", "trainOwner": "0", "trainRunsOnMon": "N", "trainRunsOnTue": "N", "trainRunsOnWed": "N", "trainRunsOnThu": "N", "trainRunsOnFri": "N", "trainRunsOnSat": "N", "trainRunsOnSun": "Y", "timeStamp": "2023-06-19T15:30:09.997", "duration": "0", "stationList": [{"stationCode": "MLDT", "stationName": "MALDA TOWN", "arrivalTime": "--", "departureTime": "09:05", "routeNumber": "1", "haltTime": "--", "distance": "0", "dayCount": "1", "stnSerialNumber": "1", "boardingDisabled": "false"}, {"stationCode": "NFK", "stationName": "NEW FARAKKA JN", "arrivalTime": "09:39", "departureTime": "09:41", "routeNumber": "1", "haltTime": "02:00", "distance": "35", "dayCount": "1", "stnSerialNumber": "2", "boardingDisabled": "false"}, {"stationCode": "BHW", "stationName": "BARHARWA JN", "arrivalTime": "10:20", "departureTime": "10:22", "routeNumber": "1", "haltTime": "02:00", "distance": "50", "dayCount": "1", "stnSerialNumber": "3", "boardingDisabled": "false"}, {"stationCode": "SBG", "stationName": "SAHIBGANJ JN", "arrivalTime": "11:23", "departureTime": "11:25", "routeNumber": "1", "haltTime": "02:00", "distance": "104", "dayCount": "1", "stnSerialNumber": "4", "boardingDisabled": "false"}, {"stationCode": "CLG", "stationName": "KAHALGAON", "arrivalTime": "12:05", "departureTime": "12:07", "routeNumber": "1", "haltTime": "02:00", "distance": "148", "dayCount": "1", "stnSerialNumber": "5", "boardingDisabled": "false"}, {"stationCode": "BGP", "stationName": "BHAGALPUR", "arrivalTime": "12:51", "departureTime": "12:56", "routeNumber": "1", "haltTime": "05:00", "distance": "178", "dayCount": "1", "stnSerialNumber": "6", "boardingDisabled": "false"}, {"stationCode": "SGG", "stationName": "SULTANGANJ", "arrivalTime": "13:15", "departureTime": "13:17", "routeNumber": "1", "haltTime": "02:00", "distance": "202", "dayCount": "1", "stnSerialNumber": "7", "boardingDisabled": "false"}, {"stationCode": "JMP", "stationName": "JAMALPUR JN", "arrivalTime": "14:04", "departureTime": "14:09", "routeNumber": "1", "haltTime": "05:00", "distance": "232", "dayCount": "1", "stnSerialNumber": "8", "boardingDisabled": "false"}, {"stationCode": "AHA", "stationName": "ABHAIPUR", "arrivalTime": "14:27", "departureTime": "14:29", "routeNumber": "1", "haltTime": "02:00", "distance": "254", "dayCount": "1", "stnSerialNumber": "9", "boardingDisabled": "false"}, {"stationCode": "KIUL", "stationName": "KIUL JN", "arrivalTime": "15:15", "departureTime": "15:20", "routeNumber": "1", "haltTime": "05:00", "distance": "277", "dayCount": "1", "stnSerialNumber": "10", "boardingDisabled": "false"}, {"stationCode": "MKA", "stationName": "MOKAMEH JN", "arrivalTime": "16:08", "departureTime": "16:10", "routeNumber": "1", "haltTime": "02:00", "distance": "311", "dayCount": "1", "stnSerialNumber": "11", "boardingDisabled": "false"}, {"stationCode": "BKP", "stationName": "BAKHTIYARPUR JN", "arrivalTime": "16:45", "departureTime": "16:47", "routeNumber": "1", "haltTime": "02:00", "distance": "355", "dayCount": "1", "stnSerialNumber": "12", "boardingDisabled": "false"}, {"stationCode": "PNBE", "stationName": "PATNA JN", "arrivalTime": "18:10", "departureTime": "18:20", "routeNumber": "1", "haltTime": "10:00", "distance": "400", "dayCount": "1", "stnSerialNumber": "13", "boardingDisabled": "false"}, {"stationCode": "ARA", "stationName": "ARA JN", "arrivalTime": "19:13", "departureTime": "19:15", "routeNumber": "1", "haltTime": "02:00", "distance": "449", "dayCount": "1", "stnSerialNumber": "14", "boardingDisabled": "false"}, {"stationCode": "BXR", "stationName": "BUXAR", "arrivalTime": "20:15", "departureTime": "20:17", "routeNumber": "1", "haltTime": "02:00", "distance": "518", "dayCount": "1", "stnSerialNumber": "15", "boardingDisabled": "false"}, {"stationCode": "DDU", "stationName": "DD UPADHYAYA JN", "arrivalTime": "22:40", "departureTime": "22:50", "routeNumber": "1", "haltTime": "10:00", "distance": "612", "dayCount": "1", "stnSerialNumber": "16", "boardingDisabled": "false"}, {"stationCode": "PCOI", "stationName": "PRAYAGRAJCHEOKI", "arrivalTime": "01:55", "departureTime": "02:00", "routeNumber": "1", "haltTime": "05:00", "distance": "755", "dayCount": "2", "stnSerialNumber": "17", "boardingDisabled": "false"}, {"stationCode": "STA", "stationName": "SATNA", "arrivalTime": "05:15", "departureTime": "05:20", "routeNumber": "1", "haltTime": "05:00", "distance": "925", "dayCount": "2", "stnSerialNumber": "19", "boardingDisabled": "false"}, {"stationCode": "KTE", "stationName": "KATNI", "arrivalTime": "06:35", "departureTime": "06:40", "routeNumber": "1", "haltTime": "05:00", "distance": "1023", "dayCount": "2", "stnSerialNumber": "20", "boardingDisabled": "false"}, {"stationCode": "JBP", "stationName": "JABALPUR", "arrivalTime": "08:10", "departureTime": "08:20", "routeNumber": "1", "haltTime": "10:00", "distance": "1114", "dayCount": "2", "stnSerialNumber": "21", "boardingDisabled": "false"}, {"stationCode": "ET", "stationName": "ITARSI JN", "arrivalTime": "12:35", "departureTime": "12:45", "routeNumber": "1", "haltTime": "10:00", "distance": "1359", "dayCount": "2", "stnSerialNumber": "22", "boardingDisabled": "false"}, {"stationCode": "KNW", "stationName": "KHANDWA", "arrivalTime": "16:55", "departureTime": "17:00", "routeNumber": "1", "haltTime": "05:00", "distance": "1542", "dayCount": "2", "stnSerialNumber": "23", "boardingDisabled": "false"}, {"stationCode": "BSL", "stationName": "BHUSAVAL JN", "arrivalTime": "18:50", "departureTime": "18:55", "routeNumber": "1", "haltTime": "05:00", "distance": "1666", "dayCount": "2", "stnSerialNumber": "24", "boardingDisabled": "false"}, {"stationCode": "NDB", "stationName": "NANDURBAR", "arrivalTime": "21:40", "departureTime": "21:45", "routeNumber": "1", "haltTime": "05:00", "distance": "1841", "dayCount": "2", "stnSerialNumber": "26", "boardingDisabled": "false"}, {"stationCode": "UDN", "stationName": "UDHNA JN", "arrivalTime": "01:20", "departureTime": "--", "routeNumber": "1", "haltTime": "--", "distance": "1997", "dayCount": "3", "stnSerialNumber": "27", "boardingDisabled": "false"}]}