{"trainNumber": "09011", "trainName": "UDN MLDT SPL", "stationFrom": "UDN", "stationTo": "MLDT", "trainOwner": "0", "trainRunsOnMon": "N", "trainRunsOnTue": "N", "trainRunsOnWed": "N", "trainRunsOnThu": "Y", "trainRunsOnFri": "N", "trainRunsOnSat": "N", "trainRunsOnSun": "N", "timeStamp": "2023-06-19T15:31:12.957", "duration": "0", "stationList": [{"stationCode": "UDN", "stationName": "UDHNA JN", "arrivalTime": "--", "departureTime": "23:00", "routeNumber": "1", "haltTime": "--", "distance": "0", "dayCount": "1", "stnSerialNumber": "1", "boardingDisabled": "false"}, {"stationCode": "NDB", "stationName": "NANDURBAR", "arrivalTime": "01:30", "departureTime": "01:35", "routeNumber": "1", "haltTime": "05:00", "distance": "157", "dayCount": "2", "stnSerialNumber": "2", "boardingDisabled": "false"}, {"stationCode": "BSL", "stationName": "BHUSAVAL JN", "arrivalTime": "04:25", "departureTime": "04:30", "routeNumber": "1", "haltTime": "05:00", "distance": "332", "dayCount": "2", "stnSerialNumber": "4", "boardingDisabled": "false"}, {"stationCode": "KNW", "stationName": "KHANDWA", "arrivalTime": "06:42", "departureTime": "06:45", "routeNumber": "1", "haltTime": "03:00", "distance": "455", "dayCount": "2", "stnSerialNumber": "5", "boardingDisabled": "false"}, {"stationCode": "ET", "stationName": "ITARSI JN", "arrivalTime": "09:00", "departureTime": "09:05", "routeNumber": "1", "haltTime": "05:00", "distance": "638", "dayCount": "2", "stnSerialNumber": "6", "boardingDisabled": "false"}, {"stationCode": "JBP", "stationName": "JABALPUR", "arrivalTime": "12:55", "departureTime": "13:00", "routeNumber": "1", "haltTime": "05:00", "distance": "884", "dayCount": "2", "stnSerialNumber": "7", "boardingDisabled": "false"}, {"stationCode": "KTE", "stationName": "KATNI", "arrivalTime": "14:35", "departureTime": "14:40", "routeNumber": "1", "haltTime": "05:00", "distance": "974", "dayCount": "2", "stnSerialNumber": "8", "boardingDisabled": "false"}, {"stationCode": "STA", "stationName": "SATNA", "arrivalTime": "16:15", "departureTime": "16:20", "routeNumber": "1", "haltTime": "05:00", "distance": "1073", "dayCount": "2", "stnSerialNumber": "9", "boardingDisabled": "false"}, {"stationCode": "PCOI", "stationName": "PRAYAGRAJCHEOKI", "arrivalTime": "19:03", "departureTime": "19:05", "routeNumber": "1", "haltTime": "02:00", "distance": "1242", "dayCount": "2", "stnSerialNumber": "11", "boardingDisabled": "false"}, {"stationCode": "DDU", "stationName": "DD UPADHYAYA JN", "arrivalTime": "22:35", "departureTime": "22:45", "routeNumber": "1", "haltTime": "10:00", "distance": "1386", "dayCount": "2", "stnSerialNumber": "12", "boardingDisabled": "false"}, {"stationCode": "BXR", "stationName": "BUXAR", "arrivalTime": "23:50", "departureTime": "23:52", "routeNumber": "1", "haltTime": "02:00", "distance": "1480", "dayCount": "2", "stnSerialNumber": "13", "boardingDisabled": "false"}, {"stationCode": "ARA", "stationName": "ARA JN", "arrivalTime": "00:35", "departureTime": "00:37", "routeNumber": "1", "haltTime": "02:00", "distance": "1548", "dayCount": "3", "stnSerialNumber": "14", "boardingDisabled": "false"}, {"stationCode": "PNBE", "stationName": "PATNA JN", "arrivalTime": "01:40", "departureTime": "01:50", "routeNumber": "1", "haltTime": "10:00", "distance": "1597", "dayCount": "3", "stnSerialNumber": "15", "boardingDisabled": "false"}, {"stationCode": "BKP", "stationName": "BAKHTIYARPUR JN", "arrivalTime": "02:30", "departureTime": "02:32", "routeNumber": "1", "haltTime": "02:00", "distance": "1643", "dayCount": "3", "stnSerialNumber": "16", "boardingDisabled": "false"}, {"stationCode": "MKA", "stationName": "MOKAMEH JN", "arrivalTime": "03:00", "departureTime": "03:02", "routeNumber": "1", "haltTime": "02:00", "distance": "1687", "dayCount": "3", "stnSerialNumber": "17", "boardingDisabled": "false"}, {"stationCode": "KIUL", "stationName": "KIUL JN", "arrivalTime": "03:50", "departureTime": "03:55", "routeNumber": "1", "haltTime": "05:00", "distance": "1721", "dayCount": "3", "stnSerialNumber": "18", "boardingDisabled": "false"}, {"stationCode": "AHA", "stationName": "ABHAIPUR", "arrivalTime": "04:15", "departureTime": "04:17", "routeNumber": "1", "haltTime": "02:00", "distance": "1744", "dayCount": "3", "stnSerialNumber": "19", "boardingDisabled": "false"}, {"stationCode": "JMP", "stationName": "JAMALPUR JN", "arrivalTime": "04:42", "departureTime": "04:47", "routeNumber": "1", "haltTime": "05:00", "distance": "1766", "dayCount": "3", "stnSerialNumber": "20", "boardingDisabled": "false"}, {"stationCode": "SGG", "stationName": "SULTANGANJ", "arrivalTime": "05:17", "departureTime": "05:19", "routeNumber": "1", "haltTime": "02:00", "distance": "1795", "dayCount": "3", "stnSerialNumber": "21", "boardingDisabled": "false"}, {"stationCode": "BGP", "stationName": "BHAGALPUR", "arrivalTime": "06:10", "departureTime": "06:15", "routeNumber": "1", "haltTime": "05:00", "distance": "1819", "dayCount": "3", "stnSerialNumber": "22", "boardingDisabled": "false"}, {"stationCode": "CLG", "stationName": "KAHALGAON", "arrivalTime": "06:45", "departureTime": "06:47", "routeNumber": "1", "haltTime": "02:00", "distance": "1850", "dayCount": "3", "stnSerialNumber": "23", "boardingDisabled": "false"}, {"stationCode": "SBG", "stationName": "SAHIBGANJ JN", "arrivalTime": "07:30", "departureTime": "07:32", "routeNumber": "1", "haltTime": "02:00", "distance": "1893", "dayCount": "3", "stnSerialNumber": "24", "boardingDisabled": "false"}, {"stationCode": "BHW", "stationName": "BARHARWA JN", "arrivalTime": "08:25", "departureTime": "08:27", "routeNumber": "1", "haltTime": "02:00", "distance": "1948", "dayCount": "3", "stnSerialNumber": "25", "boardingDisabled": "false"}, {"stationCode": "NFK", "stationName": "NEW FARAKKA JN", "arrivalTime": "08:52", "departureTime": "08:54", "routeNumber": "1", "haltTime": "02:00", "distance": "1962", "dayCount": "3", "stnSerialNumber": "26", "boardingDisabled": "false"}, {"stationCode": "MLDT", "stationName": "MALDA TOWN", "arrivalTime": "09:30", "departureTime": "--", "routeNumber": "1", "haltTime": "--", "distance": "1997", "dayCount": "3", "stnSerialNumber": "27", "boardingDisabled": "false"}]}