{"trainNumber": "09025", "trainName": "BL DNR SPL", "stationFrom": "BL", "stationTo": "DNR", "trainOwner": "0", "trainRunsOnMon": "Y", "trainRunsOnTue": "N", "trainRunsOnWed": "N", "trainRunsOnThu": "N", "trainRunsOnFri": "N", "trainRunsOnSat": "N", "trainRunsOnSun": "N", "timeStamp": "2023-06-19T15:31:13.433", "duration": "0", "stationList": [{"stationCode": "BL", "stationName": "VALSAD", "arrivalTime": "--", "departureTime": "08:40", "routeNumber": "1", "haltTime": "--", "distance": "0", "dayCount": "1", "stnSerialNumber": "1", "boardingDisabled": "false"}, {"stationCode": "BHET", "stationName": "BHESTAN", "arrivalTime": "09:30", "departureTime": "09:35", "routeNumber": "1", "haltTime": "05:00", "distance": "60", "dayCount": "1", "stnSerialNumber": "2", "boardingDisabled": "false"}, {"stationCode": "NDB", "stationName": "NANDURBAR", "arrivalTime": "12:10", "departureTime": "12:20", "routeNumber": "1", "haltTime": "10:00", "distance": "221", "dayCount": "1", "stnSerialNumber": "3", "boardingDisabled": "false"}, {"stationCode": "BSL", "stationName": "BHUSAVAL JN", "arrivalTime": "15:25", "departureTime": "15:30", "routeNumber": "1", "haltTime": "05:00", "distance": "396", "dayCount": "1", "stnSerialNumber": "6", "boardingDisabled": "false"}, {"stationCode": "KNW", "stationName": "KHANDWA", "arrivalTime": "17:30", "departureTime": "17:32", "routeNumber": "1", "haltTime": "02:00", "distance": "520", "dayCount": "1", "stnSerialNumber": "7", "boardingDisabled": "false"}, {"stationCode": "ET", "stationName": "ITARSI JN", "arrivalTime": "20:00", "departureTime": "20:10", "routeNumber": "1", "haltTime": "10:00", "distance": "703", "dayCount": "1", "stnSerialNumber": "8", "boardingDisabled": "false"}, {"stationCode": "JBP", "stationName": "JABALPUR", "arrivalTime": "23:40", "departureTime": "23:50", "routeNumber": "1", "haltTime": "10:00", "distance": "948", "dayCount": "1", "stnSerialNumber": "9", "boardingDisabled": "false"}, {"stationCode": "KTE", "stationName": "KATNI", "arrivalTime": "01:05", "departureTime": "01:10", "routeNumber": "1", "haltTime": "05:00", "distance": "1039", "dayCount": "2", "stnSerialNumber": "10", "boardingDisabled": "false"}, {"stationCode": "STA", "stationName": "SATNA", "arrivalTime": "02:20", "departureTime": "02:25", "routeNumber": "1", "haltTime": "05:00", "distance": "1137", "dayCount": "2", "stnSerialNumber": "11", "boardingDisabled": "false"}, {"stationCode": "MKP", "stationName": "MANIKPUR", "arrivalTime": "04:00", "departureTime": "04:02", "routeNumber": "1", "haltTime": "02:00", "distance": "1215", "dayCount": "2", "stnSerialNumber": "12", "boardingDisabled": "false"}, {"stationCode": "PCOI", "stationName": "PRAYAGRAJCHEOKI", "arrivalTime": "05:33", "departureTime": "05:35", "routeNumber": "1", "haltTime": "02:00", "distance": "1307", "dayCount": "2", "stnSerialNumber": "13", "boardingDisabled": "false"}, {"stationCode": "DDU", "stationName": "DD UPADHYAYA JN", "arrivalTime": "07:50", "departureTime": "08:00", "routeNumber": "1", "haltTime": "10:00", "distance": "1450", "dayCount": "2", "stnSerialNumber": "14", "boardingDisabled": "false"}, {"stationCode": "BXR", "stationName": "BUXAR", "arrivalTime": "08:55", "departureTime": "08:57", "routeNumber": "1", "haltTime": "02:00", "distance": "1544", "dayCount": "2", "stnSerialNumber": "15", "boardingDisabled": "false"}, {"stationCode": "ARA", "stationName": "ARA JN", "arrivalTime": "10:35", "departureTime": "10:37", "routeNumber": "1", "haltTime": "02:00", "distance": "1613", "dayCount": "2", "stnSerialNumber": "16", "boardingDisabled": "false"}, {"stationCode": "DNR", "stationName": "DANAPUR", "arrivalTime": "12:00", "departureTime": "--", "routeNumber": "1", "haltTime": "--", "distance": "1652", "dayCount": "2", "stnSerialNumber": "17", "boardingDisabled": "false"}]}