{"trainNumber": "09039", "trainName": "BDTS AII SF SPL", "stationFrom": "BDTS", "stationTo": "AII", "trainOwner": "0", "trainRunsOnMon": "N", "trainRunsOnTue": "N", "trainRunsOnWed": "Y", "trainRunsOnThu": "N", "trainRunsOnFri": "N", "trainRunsOnSat": "N", "trainRunsOnSun": "N", "timeStamp": "2023-06-19T15:31:13.248", "duration": "0", "stationList": [{"stationCode": "BDTS", "stationName": "BANDRA TERMINUS", "arrivalTime": "--", "departureTime": "23:55", "routeNumber": "1", "haltTime": "--", "distance": "0", "dayCount": "1", "stnSerialNumber": "1", "boardingDisabled": "false"}, {"stationCode": "BVI", "stationName": "BORIVALI", "arrivalTime": "00:30", "departureTime": "00:32", "routeNumber": "1", "haltTime": "02:00", "distance": "19", "dayCount": "2", "stnSerialNumber": "2", "boardingDisabled": "false"}, {"stationCode": "VAPI", "stationName": "VAPI", "arrivalTime": "02:26", "departureTime": "02:28", "routeNumber": "1", "haltTime": "02:00", "distance": "159", "dayCount": "2", "stnSerialNumber": "3", "boardingDisabled": "false"}, {"stationCode": "BL", "stationName": "VALSAD", "arrivalTime": "02:59", "departureTime": "03:01", "routeNumber": "1", "haltTime": "02:00", "distance": "183", "dayCount": "2", "stnSerialNumber": "4", "boardingDisabled": "false"}, {"stationCode": "ST", "stationName": "SURAT", "arrivalTime": "04:10", "departureTime": "04:15", "routeNumber": "1", "haltTime": "05:00", "distance": "252", "dayCount": "2", "stnSerialNumber": "5", "boardingDisabled": "false"}, {"stationCode": "BH", "stationName": "BHARUCH JN", "arrivalTime": "04:58", "departureTime": "05:00", "routeNumber": "1", "haltTime": "02:00", "distance": "311", "dayCount": "2", "stnSerialNumber": "6", "boardingDisabled": "false"}, {"stationCode": "BRC", "stationName": "VADODARA JN", "arrivalTime": "06:00", "departureTime": "06:05", "routeNumber": "1", "haltTime": "05:00", "distance": "381", "dayCount": "2", "stnSerialNumber": "7", "boardingDisabled": "false"}, {"stationCode": "ADI", "stationName": "AHMEDABAD JN", "arrivalTime": "07:55", "departureTime": "08:20", "routeNumber": "1", "haltTime": "25:00", "distance": "481", "dayCount": "2", "stnSerialNumber": "8", "boardingDisabled": "false"}, {"stationCode": "MSH", "stationName": "MAHESANA JN", "arrivalTime": "09:35", "departureTime": "09:37", "routeNumber": "1", "haltTime": "02:00", "distance": "548", "dayCount": "2", "stnSerialNumber": "9", "boardingDisabled": "false"}, {"stationCode": "PNU", "stationName": "PALANPUR JN", "arrivalTime": "11:30", "departureTime": "11:35", "routeNumber": "1", "haltTime": "05:00", "distance": "614", "dayCount": "2", "stnSerialNumber": "10", "boardingDisabled": "false"}, {"stationCode": "ABR", "stationName": "ABU ROAD", "arrivalTime": "12:15", "departureTime": "12:25", "routeNumber": "1", "haltTime": "10:00", "distance": "666", "dayCount": "2", "stnSerialNumber": "11", "boardingDisabled": "false"}, {"stationCode": "FA", "stationName": "FALNA", "arrivalTime": "13:35", "departureTime": "13:37", "routeNumber": "1", "haltTime": "02:00", "distance": "765", "dayCount": "2", "stnSerialNumber": "12", "boardingDisabled": "false"}, {"stationCode": "MJ", "stationName": "MARWAR JN", "arrivalTime": "14:35", "departureTime": "14:40", "routeNumber": "1", "haltTime": "05:00", "distance": "831", "dayCount": "2", "stnSerialNumber": "13", "boardingDisabled": "false"}, {"stationCode": "BER", "stationName": "BEAWAR", "arrivalTime": "15:44", "departureTime": "15:46", "routeNumber": "1", "haltTime": "02:00", "distance": "919", "dayCount": "2", "stnSerialNumber": "14", "boardingDisabled": "false"}, {"stationCode": "AII", "stationName": "AJMER JN", "arrivalTime": "17:00", "departureTime": "--", "routeNumber": "1", "haltTime": "--", "distance": "971", "dayCount": "2", "stnSerialNumber": "15", "boardingDisabled": "false"}]}