{"trainNumber": "09037", "trainName": "BDTS BME SPECIAL", "stationFrom": "BDTS", "stationTo": "BME", "trainOwner": "0", "trainRunsOnMon": "N", "trainRunsOnTue": "N", "trainRunsOnWed": "N", "trainRunsOnThu": "N", "trainRunsOnFri": "Y", "trainRunsOnSat": "N", "trainRunsOnSun": "N", "timeStamp": "2023-06-19T15:31:13.292", "duration": "0", "stationList": [{"stationCode": "BDTS", "stationName": "BANDRA TERMINUS", "arrivalTime": "--", "departureTime": "19:25", "routeNumber": "1", "haltTime": "--", "distance": "0", "dayCount": "1", "stnSerialNumber": "1", "boardingDisabled": "false"}, {"stationCode": "BVI", "stationName": "BORIVALI", "arrivalTime": "19:55", "departureTime": "20:00", "routeNumber": "1", "haltTime": "05:00", "distance": "19", "dayCount": "1", "stnSerialNumber": "2", "boardingDisabled": "false"}, {"stationCode": "VAPI", "stationName": "VAPI", "arrivalTime": "21:55", "departureTime": "21:57", "routeNumber": "1", "haltTime": "02:00", "distance": "159", "dayCount": "1", "stnSerialNumber": "3", "boardingDisabled": "false"}, {"stationCode": "BL", "stationName": "VALSAD", "arrivalTime": "22:22", "departureTime": "22:24", "routeNumber": "1", "haltTime": "02:00", "distance": "183", "dayCount": "1", "stnSerialNumber": "4", "boardingDisabled": "false"}, {"stationCode": "ST", "stationName": "SURAT", "arrivalTime": "23:20", "departureTime": "23:25", "routeNumber": "1", "haltTime": "05:00", "distance": "252", "dayCount": "1", "stnSerialNumber": "5", "boardingDisabled": "false"}, {"stationCode": "BRC", "stationName": "VADODARA JN", "arrivalTime": "01:15", "departureTime": "01:20", "routeNumber": "1", "haltTime": "05:00", "distance": "381", "dayCount": "2", "stnSerialNumber": "6", "boardingDisabled": "false"}, {"stationCode": "ADI", "stationName": "AHMEDABAD JN", "arrivalTime": "03:15", "departureTime": "03:20", "routeNumber": "1", "haltTime": "05:00", "distance": "481", "dayCount": "2", "stnSerialNumber": "8", "boardingDisabled": "false"}, {"stationCode": "MSH", "stationName": "MAHESANA JN", "arrivalTime": "04:50", "departureTime": "04:52", "routeNumber": "1", "haltTime": "02:00", "distance": "548", "dayCount": "2", "stnSerialNumber": "9", "boardingDisabled": "false"}, {"stationCode": "PTN", "stationName": "PATAN", "arrivalTime": "05:23", "departureTime": "05:25", "routeNumber": "1", "haltTime": "02:00", "distance": "589", "dayCount": "2", "stnSerialNumber": "10", "boardingDisabled": "false"}, {"stationCode": "BLDI", "stationName": "BHILDI", "arrivalTime": "06:50", "departureTime": "06:55", "routeNumber": "1", "haltTime": "05:00", "distance": "640", "dayCount": "2", "stnSerialNumber": "11", "boardingDisabled": "false"}, {"stationCode": "DQN", "stationName": "DHANERA", "arrivalTime": "07:25", "departureTime": "07:27", "routeNumber": "1", "haltTime": "02:00", "distance": "675", "dayCount": "2", "stnSerialNumber": "12", "boardingDisabled": "false"}, {"stationCode": "RNV", "stationName": "RANIWARA", "arrivalTime": "07:50", "departureTime": "07:53", "routeNumber": "1", "haltTime": "03:00", "distance": "710", "dayCount": "2", "stnSerialNumber": "13", "boardingDisabled": "false"}, {"stationCode": "MBNL", "stationName": "MARWAR BHINMAL", "arrivalTime": "08:22", "departureTime": "08:25", "routeNumber": "1", "haltTime": "03:00", "distance": "742", "dayCount": "2", "stnSerialNumber": "14", "boardingDisabled": "false"}, {"stationCode": "MON", "stationName": "MODRAN", "arrivalTime": "08:47", "departureTime": "08:50", "routeNumber": "1", "haltTime": "03:00", "distance": "770", "dayCount": "2", "stnSerialNumber": "15", "boardingDisabled": "false"}, {"stationCode": "JOR", "stationName": "JALOR", "arrivalTime": "09:17", "departureTime": "09:20", "routeNumber": "1", "haltTime": "03:00", "distance": "804", "dayCount": "2", "stnSerialNumber": "16", "boardingDisabled": "false"}, {"stationCode": "MKSR", "stationName": "MOKALSAR", "arrivalTime": "09:52", "departureTime": "09:55", "routeNumber": "1", "haltTime": "03:00", "distance": "837", "dayCount": "2", "stnSerialNumber": "17", "boardingDisabled": "false"}, {"stationCode": "SMR", "stationName": "SAMDHARI JN", "arrivalTime": "10:45", "departureTime": "11:15", "routeNumber": "1", "haltTime": "30:00", "distance": "863", "dayCount": "2", "stnSerialNumber": "18", "boardingDisabled": "false"}, {"stationCode": "BLT", "stationName": "BALOTRA JN", "arrivalTime": "11:50", "departureTime": "11:55", "routeNumber": "1", "haltTime": "05:00", "distance": "897", "dayCount": "2", "stnSerialNumber": "19", "boardingDisabled": "false"}, {"stationCode": "BUT", "stationName": "BAYTU", "arrivalTime": "12:50", "departureTime": "12:52", "routeNumber": "1", "haltTime": "02:00", "distance": "947", "dayCount": "2", "stnSerialNumber": "20", "boardingDisabled": "false"}, {"stationCode": "BME", "stationName": "BARMER", "arrivalTime": "13:45", "departureTime": "--", "routeNumber": "1", "haltTime": "--", "distance": "993", "dayCount": "2", "stnSerialNumber": "21", "boardingDisabled": "false"}]}