{"trainNumber": "09033", "trainName": "UDN BJU SPL", "stationFrom": "UDN", "stationTo": "BJU", "trainOwner": "0", "trainRunsOnMon": "Y", "trainRunsOnTue": "N", "trainRunsOnWed": "Y", "trainRunsOnThu": "N", "trainRunsOnFri": "N", "trainRunsOnSat": "N", "trainRunsOnSun": "N", "timeStamp": "2023-06-19T15:30:10.549", "duration": "0", "stationList": [{"stationCode": "UDN", "stationName": "UDHNA JN", "arrivalTime": "--", "departureTime": "20:35", "routeNumber": "1", "haltTime": "--", "distance": "0", "dayCount": "1", "stnSerialNumber": "1", "boardingDisabled": "false"}, {"stationCode": "NDB", "stationName": "NANDURBAR", "arrivalTime": "23:00", "departureTime": "23:10", "routeNumber": "1", "haltTime": "10:00", "distance": "157", "dayCount": "1", "stnSerialNumber": "2", "boardingDisabled": "false"}, {"stationCode": "BSL", "stationName": "BHUSAVAL JN", "arrivalTime": "01:45", "departureTime": "01:50", "routeNumber": "1", "haltTime": "05:00", "distance": "332", "dayCount": "2", "stnSerialNumber": "5", "boardingDisabled": "false"}, {"stationCode": "KNW", "stationName": "KHANDWA", "arrivalTime": "03:52", "departureTime": "03:55", "routeNumber": "1", "haltTime": "03:00", "distance": "455", "dayCount": "2", "stnSerialNumber": "6", "boardingDisabled": "false"}, {"stationCode": "ET", "stationName": "ITARSI JN", "arrivalTime": "06:05", "departureTime": "06:15", "routeNumber": "1", "haltTime": "10:00", "distance": "638", "dayCount": "2", "stnSerialNumber": "7", "boardingDisabled": "false"}, {"stationCode": "PPI", "stationName": "PIPARIYA", "arrivalTime": "07:08", "departureTime": "07:10", "routeNumber": "1", "haltTime": "02:00", "distance": "706", "dayCount": "2", "stnSerialNumber": "8", "boardingDisabled": "false"}, {"stationCode": "NU", "stationName": "NARSINGHPUR", "arrivalTime": "08:10", "departureTime": "08:12", "routeNumber": "1", "haltTime": "02:00", "distance": "800", "dayCount": "2", "stnSerialNumber": "9", "boardingDisabled": "false"}, {"stationCode": "JBP", "stationName": "JABALPUR", "arrivalTime": "09:30", "departureTime": "09:40", "routeNumber": "1", "haltTime": "10:00", "distance": "884", "dayCount": "2", "stnSerialNumber": "10", "boardingDisabled": "false"}, {"stationCode": "KTE", "stationName": "KATNI", "arrivalTime": "11:00", "departureTime": "11:05", "routeNumber": "1", "haltTime": "05:00", "distance": "974", "dayCount": "2", "stnSerialNumber": "11", "boardingDisabled": "false"}, {"stationCode": "MYR", "stationName": "MAIHAR", "arrivalTime": "11:48", "departureTime": "11:50", "routeNumber": "1", "haltTime": "02:00", "distance": "1037", "dayCount": "2", "stnSerialNumber": "12", "boardingDisabled": "false"}, {"stationCode": "STA", "stationName": "SATNA", "arrivalTime": "12:45", "departureTime": "12:50", "routeNumber": "1", "haltTime": "05:00", "distance": "1073", "dayCount": "2", "stnSerialNumber": "13", "boardingDisabled": "false"}, {"stationCode": "MKP", "stationName": "MANIKPUR", "arrivalTime": "14:30", "departureTime": "14:32", "routeNumber": "1", "haltTime": "02:00", "distance": "1150", "dayCount": "2", "stnSerialNumber": "14", "boardingDisabled": "false"}, {"stationCode": "PCOI", "stationName": "PRAYAGRAJCHEOKI", "arrivalTime": "16:13", "departureTime": "16:15", "routeNumber": "1", "haltTime": "02:00", "distance": "1242", "dayCount": "2", "stnSerialNumber": "15", "boardingDisabled": "false"}, {"stationCode": "DDU", "stationName": "DD UPADHYAYA JN", "arrivalTime": "19:38", "departureTime": "19:48", "routeNumber": "1", "haltTime": "10:00", "distance": "1386", "dayCount": "2", "stnSerialNumber": "16", "boardingDisabled": "false"}, {"stationCode": "BXR", "stationName": "BUXAR", "arrivalTime": "20:56", "departureTime": "20:58", "routeNumber": "1", "haltTime": "02:00", "distance": "1480", "dayCount": "2", "stnSerialNumber": "17", "boardingDisabled": "false"}, {"stationCode": "ARA", "stationName": "ARA JN", "arrivalTime": "21:45", "departureTime": "21:47", "routeNumber": "1", "haltTime": "02:00", "distance": "1548", "dayCount": "2", "stnSerialNumber": "18", "boardingDisabled": "false"}, {"stationCode": "PNBE", "stationName": "PATNA JN", "arrivalTime": "22:25", "departureTime": "22:35", "routeNumber": "1", "haltTime": "10:00", "distance": "1597", "dayCount": "2", "stnSerialNumber": "19", "boardingDisabled": "false"}, {"stationCode": "BKP", "stationName": "BAKHTIYARPUR JN", "arrivalTime": "23:15", "departureTime": "23:17", "routeNumber": "1", "haltTime": "02:00", "distance": "1643", "dayCount": "2", "stnSerialNumber": "20", "boardingDisabled": "false"}, {"stationCode": "MKA", "stationName": "MOKAMEH JN", "arrivalTime": "23:45", "departureTime": "23:47", "routeNumber": "1", "haltTime": "02:00", "distance": "1687", "dayCount": "2", "stnSerialNumber": "21", "boardingDisabled": "false"}, {"stationCode": "BJU", "stationName": "BARAUNI JN", "arrivalTime": "02:00", "departureTime": "--", "routeNumber": "1", "haltTime": "--", "distance": "1707", "dayCount": "3", "stnSerialNumber": "22", "boardingDisabled": "false"}]}