{"trainNumber": "09040", "trainName": "AII BDTS SF SPL", "stationFrom": "AII", "stationTo": "BDTS", "trainOwner": "0", "trainRunsOnMon": "N", "trainRunsOnTue": "N", "trainRunsOnWed": "N", "trainRunsOnThu": "Y", "trainRunsOnFri": "N", "trainRunsOnSat": "N", "trainRunsOnSun": "N", "timeStamp": "2023-06-19T15:31:21.032", "duration": "0", "stationList": [{"stationCode": "AII", "stationName": "AJMER JN", "arrivalTime": "--", "departureTime": "23:45", "routeNumber": "1", "haltTime": "--", "distance": "0", "dayCount": "1", "stnSerialNumber": "1", "boardingDisabled": "false"}, {"stationCode": "BER", "stationName": "BEAWAR", "arrivalTime": "00:25", "departureTime": "00:27", "routeNumber": "1", "haltTime": "02:00", "distance": "53", "dayCount": "2", "stnSerialNumber": "2", "boardingDisabled": "false"}, {"stationCode": "MJ", "stationName": "MARWAR JN", "arrivalTime": "01:38", "departureTime": "01:40", "routeNumber": "1", "haltTime": "02:00", "distance": "140", "dayCount": "2", "stnSerialNumber": "3", "boardingDisabled": "false"}, {"stationCode": "FA", "stationName": "FALNA", "arrivalTime": "02:25", "departureTime": "02:27", "routeNumber": "1", "haltTime": "02:00", "distance": "207", "dayCount": "2", "stnSerialNumber": "4", "boardingDisabled": "false"}, {"stationCode": "ABR", "stationName": "ABU ROAD", "arrivalTime": "03:55", "departureTime": "04:05", "routeNumber": "1", "haltTime": "10:00", "distance": "306", "dayCount": "2", "stnSerialNumber": "5", "boardingDisabled": "false"}, {"stationCode": "PNU", "stationName": "PALANPUR JN", "arrivalTime": "05:05", "departureTime": "05:10", "routeNumber": "1", "haltTime": "05:00", "distance": "358", "dayCount": "2", "stnSerialNumber": "6", "boardingDisabled": "false"}, {"stationCode": "MSH", "stationName": "MAHESANA JN", "arrivalTime": "06:25", "departureTime": "06:27", "routeNumber": "1", "haltTime": "02:00", "distance": "423", "dayCount": "2", "stnSerialNumber": "7", "boardingDisabled": "false"}, {"stationCode": "ADI", "stationName": "AHMEDABAD JN", "arrivalTime": "07:55", "departureTime": "08:15", "routeNumber": "1", "haltTime": "20:00", "distance": "491", "dayCount": "2", "stnSerialNumber": "8", "boardingDisabled": "false"}, {"stationCode": "BRC", "stationName": "VADODARA JN", "arrivalTime": "10:08", "departureTime": "10:13", "routeNumber": "1", "haltTime": "05:00", "distance": "591", "dayCount": "2", "stnSerialNumber": "10", "boardingDisabled": "false"}, {"stationCode": "BH", "stationName": "BHARUCH JN", "arrivalTime": "11:06", "departureTime": "11:08", "routeNumber": "1", "haltTime": "02:00", "distance": "661", "dayCount": "2", "stnSerialNumber": "11", "boardingDisabled": "false"}, {"stationCode": "ST", "stationName": "SURAT", "arrivalTime": "11:55", "departureTime": "12:00", "routeNumber": "1", "haltTime": "05:00", "distance": "720", "dayCount": "2", "stnSerialNumber": "12", "boardingDisabled": "false"}, {"stationCode": "BL", "stationName": "VALSAD", "arrivalTime": "12:57", "departureTime": "12:59", "routeNumber": "1", "haltTime": "02:00", "distance": "788", "dayCount": "2", "stnSerialNumber": "13", "boardingDisabled": "false"}, {"stationCode": "VAPI", "stationName": "VAPI", "arrivalTime": "13:13", "departureTime": "13:15", "routeNumber": "1", "haltTime": "02:00", "distance": "812", "dayCount": "2", "stnSerialNumber": "14", "boardingDisabled": "false"}, {"stationCode": "BVI", "stationName": "BORIVALI", "arrivalTime": "15:10", "departureTime": "15:13", "routeNumber": "1", "haltTime": "03:00", "distance": "953", "dayCount": "2", "stnSerialNumber": "15", "boardingDisabled": "false"}, {"stationCode": "BDTS", "stationName": "BANDRA TERMINUS", "arrivalTime": "15:45", "departureTime": "--", "routeNumber": "1", "haltTime": "--", "distance": "971", "dayCount": "2", "stnSerialNumber": "16", "boardingDisabled": "false"}]}