{"trainNumber": "09051", "trainName": "MMCT BSL SPL", "stationFrom": "MMCT", "stationTo": "BSL", "trainOwner": "0", "trainRunsOnMon": "N", "trainRunsOnTue": "Y", "trainRunsOnWed": "N", "trainRunsOnThu": "N", "trainRunsOnFri": "Y", "trainRunsOnSat": "N", "trainRunsOnSun": "Y", "timeStamp": "2023-06-19T15:31:20.904", "duration": "0", "stationList": [{"stationCode": "MMCT", "stationName": "MUMBAI CENTRAL", "arrivalTime": "--", "departureTime": "23:55", "routeNumber": "1", "haltTime": "--", "distance": "0", "dayCount": "1", "stnSerialNumber": "1", "boardingDisabled": "false"}, {"stationCode": "BVI", "stationName": "BORIVALI", "arrivalTime": "00:30", "departureTime": "00:33", "routeNumber": "1", "haltTime": "03:00", "distance": "30", "dayCount": "2", "stnSerialNumber": "2", "boardingDisabled": "false"}, {"stationCode": "BOR", "stationName": "BOISAR", "arrivalTime": "01:41", "departureTime": "01:43", "routeNumber": "1", "haltTime": "02:00", "distance": "99", "dayCount": "2", "stnSerialNumber": "3", "boardingDisabled": "false"}, {"stationCode": "DRD", "stationName": "DAHANU ROAD", "arrivalTime": "01:53", "departureTime": "01:55", "routeNumber": "1", "haltTime": "02:00", "distance": "120", "dayCount": "2", "stnSerialNumber": "4", "boardingDisabled": "false"}, {"stationCode": "VAPI", "stationName": "VAPI", "arrivalTime": "02:27", "departureTime": "02:29", "routeNumber": "1", "haltTime": "02:00", "distance": "170", "dayCount": "2", "stnSerialNumber": "5", "boardingDisabled": "false"}, {"stationCode": "BL", "stationName": "VALSAD", "arrivalTime": "02:56", "departureTime": "02:58", "routeNumber": "1", "haltTime": "02:00", "distance": "194", "dayCount": "2", "stnSerialNumber": "6", "boardingDisabled": "false"}, {"stationCode": "NVS", "stationName": "NAVSARI", "arrivalTime": "03:33", "departureTime": "03:35", "routeNumber": "1", "haltTime": "02:00", "distance": "233", "dayCount": "2", "stnSerialNumber": "7", "boardingDisabled": "false"}, {"stationCode": "BHET", "stationName": "BHESTAN", "arrivalTime": "04:25", "departureTime": "04:30", "routeNumber": "1", "haltTime": "05:00", "distance": "253", "dayCount": "2", "stnSerialNumber": "8", "boardingDisabled": "false"}, {"stationCode": "BIY", "stationName": "BARDOLI", "arrivalTime": "05:49", "departureTime": "05:51", "routeNumber": "1", "haltTime": "02:00", "distance": "285", "dayCount": "2", "stnSerialNumber": "9", "boardingDisabled": "false"}, {"stationCode": "VYA", "stationName": "VYARA", "arrivalTime": "06:23", "departureTime": "06:25", "routeNumber": "1", "haltTime": "02:00", "distance": "316", "dayCount": "2", "stnSerialNumber": "10", "boardingDisabled": "false"}, {"stationCode": "NWU", "stationName": "NAVAPUR", "arrivalTime": "07:16", "departureTime": "07:18", "routeNumber": "1", "haltTime": "02:00", "distance": "357", "dayCount": "2", "stnSerialNumber": "11", "boardingDisabled": "false"}, {"stationCode": "NDB", "stationName": "NANDURBAR", "arrivalTime": "08:33", "departureTime": "08:38", "routeNumber": "1", "haltTime": "05:00", "distance": "415", "dayCount": "2", "stnSerialNumber": "12", "boardingDisabled": "false"}, {"stationCode": "DDE", "stationName": "DONDAICHA", "arrivalTime": "09:09", "departureTime": "09:11", "routeNumber": "1", "haltTime": "02:00", "distance": "449", "dayCount": "2", "stnSerialNumber": "13", "boardingDisabled": "false"}, {"stationCode": "SNK", "stationName": "SINDKHEDA", "arrivalTime": "09:28", "departureTime": "09:30", "routeNumber": "1", "haltTime": "02:00", "distance": "469", "dayCount": "2", "stnSerialNumber": "14", "boardingDisabled": "false"}, {"stationCode": "NDN", "stationName": "NARDANA", "arrivalTime": "09:43", "departureTime": "09:45", "routeNumber": "1", "haltTime": "02:00", "distance": "482", "dayCount": "2", "stnSerialNumber": "15", "boardingDisabled": "false"}, {"stationCode": "AN", "stationName": "AMALNER", "arrivalTime": "10:20", "departureTime": "10:22", "routeNumber": "1", "haltTime": "02:00", "distance": "510", "dayCount": "2", "stnSerialNumber": "16", "boardingDisabled": "false"}, {"stationCode": "DXG", "stationName": "DHARANGAON", "arrivalTime": "10:47", "departureTime": "10:49", "routeNumber": "1", "haltTime": "02:00", "distance": "535", "dayCount": "2", "stnSerialNumber": "17", "boardingDisabled": "false"}, {"stationCode": "JL", "stationName": "JALGAON JN", "arrivalTime": "11:20", "departureTime": "11:23", "routeNumber": "1", "haltTime": "03:00", "distance": "566", "dayCount": "2", "stnSerialNumber": "18", "boardingDisabled": "false"}, {"stationCode": "BSL", "stationName": "BHUSAVAL JN", "arrivalTime": "12:00", "departureTime": "--", "routeNumber": "1", "haltTime": "--", "distance": "590", "dayCount": "2", "stnSerialNumber": "19", "boardingDisabled": "false"}]}