{"trainNumber": "09052", "trainName": "BSL MMCT SPL", "stationFrom": "BSL", "stationTo": "MMCT", "trainOwner": "0", "trainRunsOnMon": "Y", "trainRunsOnTue": "N", "trainRunsOnWed": "Y", "trainRunsOnThu": "N", "trainRunsOnFri": "N", "trainRunsOnSat": "Y", "trainRunsOnSun": "N", "timeStamp": "2023-06-19T15:31:20.900", "duration": "0", "stationList": [{"stationCode": "BSL", "stationName": "BHUSAVAL JN", "arrivalTime": "--", "departureTime": "17:40", "routeNumber": "1", "haltTime": "--", "distance": "0", "dayCount": "1", "stnSerialNumber": "1", "boardingDisabled": "false"}, {"stationCode": "JL", "stationName": "JALGAON JN", "arrivalTime": "18:07", "departureTime": "18:10", "routeNumber": "1", "haltTime": "03:00", "distance": "25", "dayCount": "1", "stnSerialNumber": "2", "boardingDisabled": "false"}, {"stationCode": "DXG", "stationName": "DHARANGAON", "arrivalTime": "18:58", "departureTime": "18:59", "routeNumber": "1", "haltTime": "01:00", "distance": "55", "dayCount": "1", "stnSerialNumber": "3", "boardingDisabled": "false"}, {"stationCode": "AN", "stationName": "AMALNER", "arrivalTime": "19:18", "departureTime": "19:20", "routeNumber": "1", "haltTime": "02:00", "distance": "80", "dayCount": "1", "stnSerialNumber": "4", "boardingDisabled": "false"}, {"stationCode": "NDN", "stationName": "NARDANA", "arrivalTime": "19:44", "departureTime": "19:46", "routeNumber": "1", "haltTime": "02:00", "distance": "108", "dayCount": "1", "stnSerialNumber": "5", "boardingDisabled": "false"}, {"stationCode": "SNK", "stationName": "SINDKHEDA", "arrivalTime": "20:01", "departureTime": "20:03", "routeNumber": "1", "haltTime": "02:00", "distance": "121", "dayCount": "1", "stnSerialNumber": "6", "boardingDisabled": "false"}, {"stationCode": "DDE", "stationName": "DONDAICHA", "arrivalTime": "20:18", "departureTime": "20:20", "routeNumber": "1", "haltTime": "02:00", "distance": "141", "dayCount": "1", "stnSerialNumber": "7", "boardingDisabled": "false"}, {"stationCode": "NDB", "stationName": "NANDURBAR", "arrivalTime": "20:55", "departureTime": "21:00", "routeNumber": "1", "haltTime": "05:00", "distance": "175", "dayCount": "1", "stnSerialNumber": "8", "boardingDisabled": "false"}, {"stationCode": "NWU", "stationName": "NAVAPUR", "arrivalTime": "21:45", "departureTime": "21:47", "routeNumber": "1", "haltTime": "02:00", "distance": "233", "dayCount": "1", "stnSerialNumber": "9", "boardingDisabled": "false"}, {"stationCode": "VYA", "stationName": "VYARA", "arrivalTime": "22:26", "departureTime": "22:28", "routeNumber": "1", "haltTime": "02:00", "distance": "275", "dayCount": "1", "stnSerialNumber": "10", "boardingDisabled": "false"}, {"stationCode": "BIY", "stationName": "BARDOLI", "arrivalTime": "22:50", "departureTime": "22:52", "routeNumber": "1", "haltTime": "02:00", "distance": "305", "dayCount": "1", "stnSerialNumber": "11", "boardingDisabled": "false"}, {"stationCode": "BHET", "stationName": "BHESTAN", "arrivalTime": "23:50", "departureTime": "23:55", "routeNumber": "1", "haltTime": "05:00", "distance": "337", "dayCount": "1", "stnSerialNumber": "12", "boardingDisabled": "false"}, {"stationCode": "NVS", "stationName": "NAVSARI", "arrivalTime": "00:38", "departureTime": "00:40", "routeNumber": "1", "haltTime": "02:00", "distance": "357", "dayCount": "2", "stnSerialNumber": "13", "boardingDisabled": "false"}, {"stationCode": "BL", "stationName": "VALSAD", "arrivalTime": "01:23", "departureTime": "01:25", "routeNumber": "1", "haltTime": "02:00", "distance": "396", "dayCount": "2", "stnSerialNumber": "14", "boardingDisabled": "false"}, {"stationCode": "VAPI", "stationName": "VAPI", "arrivalTime": "01:47", "departureTime": "01:49", "routeNumber": "1", "haltTime": "02:00", "distance": "420", "dayCount": "2", "stnSerialNumber": "15", "boardingDisabled": "false"}, {"stationCode": "DRD", "stationName": "DAHANU ROAD", "arrivalTime": "02:45", "departureTime": "02:47", "routeNumber": "1", "haltTime": "02:00", "distance": "471", "dayCount": "2", "stnSerialNumber": "16", "boardingDisabled": "false"}, {"stationCode": "BOR", "stationName": "BOISAR", "arrivalTime": "03:04", "departureTime": "03:06", "routeNumber": "1", "haltTime": "02:00", "distance": "491", "dayCount": "2", "stnSerialNumber": "17", "boardingDisabled": "false"}, {"stationCode": "BVI", "stationName": "BORIVALI", "arrivalTime": "04:28", "departureTime": "04:30", "routeNumber": "1", "haltTime": "02:00", "distance": "560", "dayCount": "2", "stnSerialNumber": "18", "boardingDisabled": "false"}, {"stationCode": "MMCT", "stationName": "MUMBAI CENTRAL", "arrivalTime": "05:20", "departureTime": "--", "routeNumber": "1", "haltTime": "--", "distance": "590", "dayCount": "2", "stnSerialNumber": "19", "boardingDisabled": "false"}]}