{"trainNumber": "09068", "trainName": "UDZ BL SF SPL", "stationFrom": "UDZ", "stationTo": "BL", "trainOwner": "0", "trainRunsOnMon": "N", "trainRunsOnTue": "Y", "trainRunsOnWed": "N", "trainRunsOnThu": "N", "trainRunsOnFri": "N", "trainRunsOnSat": "N", "trainRunsOnSun": "N", "timeStamp": "2023-06-19T15:31:21.440", "duration": "0", "stationList": [{"stationCode": "UDZ", "stationName": "UDAIPUR CITY", "arrivalTime": "--", "departureTime": "21:15", "routeNumber": "1", "haltTime": "--", "distance": "0", "dayCount": "1", "stnSerialNumber": "1", "boardingDisabled": "false"}, {"stationCode": "RPZ", "stationName": "RANAPRATAPNAGAR", "arrivalTime": "21:21", "departureTime": "21:23", "routeNumber": "1", "haltTime": "02:00", "distance": "5", "dayCount": "1", "stnSerialNumber": "2", "boardingDisabled": "false"}, {"stationCode": "MVJ", "stationName": "MAVLI JN", "arrivalTime": "21:54", "departureTime": "21:56", "routeNumber": "1", "haltTime": "02:00", "distance": "43", "dayCount": "1", "stnSerialNumber": "3", "boardingDisabled": "false"}, {"stationCode": "FAN", "stationName": "FATEHNAGAR", "arrivalTime": "22:09", "departureTime": "22:10", "routeNumber": "1", "haltTime": "01:00", "distance": "56", "dayCount": "1", "stnSerialNumber": "4", "boardingDisabled": "false"}, {"stationCode": "COR", "stationName": "CHITTAURGARH", "arrivalTime": "23:05", "departureTime": "23:15", "routeNumber": "1", "haltTime": "10:00", "distance": "115", "dayCount": "1", "stnSerialNumber": "5", "boardingDisabled": "false"}, {"stationCode": "NMH", "stationName": "NIMACH", "arrivalTime": "00:17", "departureTime": "00:22", "routeNumber": "1", "haltTime": "05:00", "distance": "170", "dayCount": "2", "stnSerialNumber": "6", "boardingDisabled": "false"}, {"stationCode": "MDS", "stationName": "MANDASOR", "arrivalTime": "01:09", "departureTime": "01:12", "routeNumber": "1", "haltTime": "03:00", "distance": "219", "dayCount": "2", "stnSerialNumber": "7", "boardingDisabled": "false"}, {"stationCode": "RTM", "stationName": "RATLAM JN", "arrivalTime": "03:10", "departureTime": "03:20", "routeNumber": "1", "haltTime": "10:00", "distance": "303", "dayCount": "2", "stnSerialNumber": "8", "boardingDisabled": "false"}, {"stationCode": "BRC", "stationName": "VADODARA JN", "arrivalTime": "07:35", "departureTime": "07:45", "routeNumber": "1", "haltTime": "10:00", "distance": "565", "dayCount": "2", "stnSerialNumber": "10", "boardingDisabled": "false"}, {"stationCode": "ST", "stationName": "SURAT", "arrivalTime": "09:37", "departureTime": "09:42", "routeNumber": "1", "haltTime": "05:00", "distance": "694", "dayCount": "2", "stnSerialNumber": "11", "boardingDisabled": "false"}, {"stationCode": "BL", "stationName": "VALSAD", "arrivalTime": "10:35", "departureTime": "--", "routeNumber": "1", "haltTime": "--", "distance": "762", "dayCount": "2", "stnSerialNumber": "12", "boardingDisabled": "false"}]}{"trainNumber": "09068", "trainName": "UDZ BL SF SPL", "stationFrom": "UDZ", "stationTo": "BL", "trainOwner": "0", "trainRunsOnMon": "N", "trainRunsOnTue": "Y", "trainRunsOnWed": "N", "trainRunsOnThu": "N", "trainRunsOnFri": "N", "trainRunsOnSat": "N", "trainRunsOnSun": "N", "timeStamp": "2023-06-19T15:31:35.103", "duration": "0", "stationList": [{"stationCode": "UDZ", "stationName": "UDAIPUR CITY", "arrivalTime": "--", "departureTime": "21:15", "routeNumber": "1", "haltTime": "--", "distance": "0", "dayCount": "1", "stnSerialNumber": "1", "boardingDisabled": "false"}, {"stationCode": "RPZ", "stationName": "RANAPRATAPNAGAR", "arrivalTime": "21:21", "departureTime": "21:23", "routeNumber": "1", "haltTime": "02:00", "distance": "5", "dayCount": "1", "stnSerialNumber": "2", "boardingDisabled": "false"}, {"stationCode": "MVJ", "stationName": "MAVLI JN", "arrivalTime": "21:54", "departureTime": "21:56", "routeNumber": "1", "haltTime": "02:00", "distance": "43", "dayCount": "1", "stnSerialNumber": "3", "boardingDisabled": "false"}, {"stationCode": "FAN", "stationName": "FATEHNAGAR", "arrivalTime": "22:09", "departureTime": "22:10", "routeNumber": "1", "haltTime": "01:00", "distance": "56", "dayCount": "1", "stnSerialNumber": "4", "boardingDisabled": "false"}, {"stationCode": "COR", "stationName": "CHITTAURGARH", "arrivalTime": "23:05", "departureTime": "23:15", "routeNumber": "1", "haltTime": "10:00", "distance": "115", "dayCount": "1", "stnSerialNumber": "5", "boardingDisabled": "false"}, {"stationCode": "NMH", "stationName": "NIMACH", "arrivalTime": "00:17", "departureTime": "00:22", "routeNumber": "1", "haltTime": "05:00", "distance": "170", "dayCount": "2", "stnSerialNumber": "6", "boardingDisabled": "false"}, {"stationCode": "MDS", "stationName": "MANDASOR", "arrivalTime": "01:09", "departureTime": "01:12", "routeNumber": "1", "haltTime": "03:00", "distance": "219", "dayCount": "2", "stnSerialNumber": "7", "boardingDisabled": "false"}, {"stationCode": "RTM", "stationName": "RATLAM JN", "arrivalTime": "03:10", "departureTime": "03:20", "routeNumber": "1", "haltTime": "10:00", "distance": "303", "dayCount": "2", "stnSerialNumber": "8", "boardingDisabled": "false"}, {"stationCode": "BRC", "stationName": "VADODARA JN", "arrivalTime": "07:35", "departureTime": "07:45", "routeNumber": "1", "haltTime": "10:00", "distance": "565", "dayCount": "2", "stnSerialNumber": "10", "boardingDisabled": "false"}, {"stationCode": "ST", "stationName": "SURAT", "arrivalTime": "09:37", "departureTime": "09:42", "routeNumber": "1", "haltTime": "05:00", "distance": "694", "dayCount": "2", "stnSerialNumber": "11", "boardingDisabled": "false"}, {"stationCode": "BL", "stationName": "VALSAD", "arrivalTime": "10:35", "departureTime": "--", "routeNumber": "1", "haltTime": "--", "distance": "762", "dayCount": "2", "stnSerialNumber": "12", "boardingDisabled": "false"}]}