{"trainNumber": "09067", "trainName": "BL UDAIPUR SPL", "stationFrom": "BL", "stationTo": "UDZ", "trainOwner": "0", "trainRunsOnMon": "Y", "trainRunsOnTue": "N", "trainRunsOnWed": "N", "trainRunsOnThu": "N", "trainRunsOnFri": "N", "trainRunsOnSat": "N", "trainRunsOnSun": "N", "timeStamp": "2023-06-19T15:31:21.452", "duration": "0", "stationList": [{"stationCode": "BL", "stationName": "VALSAD", "arrivalTime": "--", "departureTime": "20:15", "routeNumber": "1", "haltTime": "--", "distance": "0", "dayCount": "1", "stnSerialNumber": "1", "boardingDisabled": "false"}, {"stationCode": "ST", "stationName": "SURAT", "arrivalTime": "21:15", "departureTime": "21:20", "routeNumber": "1", "haltTime": "05:00", "distance": "69", "dayCount": "1", "stnSerialNumber": "2", "boardingDisabled": "false"}, {"stationCode": "BRC", "stationName": "VADODARA JN", "arrivalTime": "23:00", "departureTime": "23:10", "routeNumber": "1", "haltTime": "10:00", "distance": "198", "dayCount": "1", "stnSerialNumber": "3", "boardingDisabled": "false"}, {"stationCode": "RTM", "stationName": "RATLAM JN", "arrivalTime": "03:13", "departureTime": "03:23", "routeNumber": "1", "haltTime": "10:00", "distance": "460", "dayCount": "2", "stnSerialNumber": "4", "boardingDisabled": "false"}, {"stationCode": "MDS", "stationName": "MANDASOR", "arrivalTime": "04:30", "departureTime": "04:35", "routeNumber": "1", "haltTime": "05:00", "distance": "544", "dayCount": "2", "stnSerialNumber": "5", "boardingDisabled": "false"}, {"stationCode": "NMH", "stationName": "NIMACH", "arrivalTime": "05:31", "departureTime": "05:33", "routeNumber": "1", "haltTime": "02:00", "distance": "592", "dayCount": "2", "stnSerialNumber": "6", "boardingDisabled": "false"}, {"stationCode": "COR", "stationName": "CHITTAURGARH", "arrivalTime": "06:45", "departureTime": "06:55", "routeNumber": "1", "haltTime": "10:00", "distance": "648", "dayCount": "2", "stnSerialNumber": "7", "boardingDisabled": "false"}, {"stationCode": "FAN", "stationName": "FATEHNAGAR", "arrivalTime": "08:07", "departureTime": "08:08", "routeNumber": "1", "haltTime": "01:00", "distance": "707", "dayCount": "2", "stnSerialNumber": "8", "boardingDisabled": "false"}, {"stationCode": "MVJ", "stationName": "MAVLI JN", "arrivalTime": "08:20", "departureTime": "08:22", "routeNumber": "1", "haltTime": "02:00", "distance": "720", "dayCount": "2", "stnSerialNumber": "9", "boardingDisabled": "false"}, {"stationCode": "RPZ", "stationName": "RANAPRATAPNAGAR", "arrivalTime": "09:03", "departureTime": "09:05", "routeNumber": "1", "haltTime": "02:00", "distance": "758", "dayCount": "2", "stnSerialNumber": "10", "boardingDisabled": "false"}, {"stationCode": "UDZ", "stationName": "UDAIPUR CITY", "arrivalTime": "09:45", "departureTime": "--", "routeNumber": "1", "haltTime": "--", "distance": "762", "dayCount": "2", "stnSerialNumber": "11", "boardingDisabled": "false"}]}