{"trainNumber": "09066", "trainName": "CPR ST SPECIAL", "stationFrom": "CPR", "stationTo": "ST", "trainOwner": "0", "trainRunsOnMon": "N", "trainRunsOnTue": "N", "trainRunsOnWed": "Y", "trainRunsOnThu": "N", "trainRunsOnFri": "N", "trainRunsOnSat": "N", "trainRunsOnSun": "N", "timeStamp": "2023-06-19T15:30:57.100", "duration": "0", "stationList": [{"stationCode": "CPR", "stationName": "CHHAPRA", "arrivalTime": "--", "departureTime": "08:30", "routeNumber": "1", "haltTime": "--", "distance": "0", "dayCount": "1", "stnSerialNumber": "1", "boardingDisabled": "false"}, {"stationCode": "JNU", "stationName": "JAUNPUR JN", "arrivalTime": "13:30", "departureTime": "13:40", "routeNumber": "1", "haltTime": "10:00", "distance": "230", "dayCount": "1", "stnSerialNumber": "2", "boardingDisabled": "false"}, {"stationCode": "BSB", "stationName": "VARANASI JN", "arrivalTime": "14:50", "departureTime": "15:00", "routeNumber": "1", "haltTime": "10:00", "distance": "287", "dayCount": "1", "stnSerialNumber": "3", "boardingDisabled": "false"}, {"stationCode": "PCOI", "stationName": "PRAYAGRAJCHEOKI", "arrivalTime": "17:40", "departureTime": "17:45", "routeNumber": "1", "haltTime": "05:00", "distance": "420", "dayCount": "1", "stnSerialNumber": "4", "boardingDisabled": "false"}, {"stationCode": "JBP", "stationName": "JABALPUR", "arrivalTime": "00:05", "departureTime": "00:15", "routeNumber": "1", "haltTime": "10:00", "distance": "779", "dayCount": "2", "stnSerialNumber": "6", "boardingDisabled": "false"}, {"stationCode": "ET", "stationName": "ITARSI JN", "arrivalTime": "03:45", "departureTime": "03:55", "routeNumber": "1", "haltTime": "10:00", "distance": "1024", "dayCount": "2", "stnSerialNumber": "7", "boardingDisabled": "false"}, {"stationCode": "BSL", "stationName": "BHUSAVAL JN", "arrivalTime": "07:35", "departureTime": "07:40", "routeNumber": "1", "haltTime": "05:00", "distance": "1331", "dayCount": "2", "stnSerialNumber": "9", "boardingDisabled": "false"}, {"stationCode": "NDB", "stationName": "NANDURBAR", "arrivalTime": "11:20", "departureTime": "11:22", "routeNumber": "1", "haltTime": "02:00", "distance": "1505", "dayCount": "2", "stnSerialNumber": "11", "boardingDisabled": "false"}, {"stationCode": "ST", "stationName": "SURAT", "arrivalTime": "13:45", "departureTime": "--", "routeNumber": "1", "haltTime": "--", "distance": "1666", "dayCount": "2", "stnSerialNumber": "12", "boardingDisabled": "false"}]}