{"trainNumber": "09069", "trainName": "UDN MLT SUP SPL", "stationFrom": "UDN", "stationTo": "MLT", "trainOwner": "0", "trainRunsOnMon": "N", "trainRunsOnTue": "N", "trainRunsOnWed": "N", "trainRunsOnThu": "N", "trainRunsOnFri": "Y", "trainRunsOnSat": "N", "trainRunsOnSun": "N", "timeStamp": "2023-06-19T15:30:57.092", "duration": "0", "stationList": [{"stationCode": "UDN", "stationName": "UDHNA JN", "arrivalTime": "--", "departureTime": "08:35", "routeNumber": "1", "haltTime": "--", "distance": "0", "dayCount": "1", "stnSerialNumber": "1", "boardingDisabled": "false"}, {"stationCode": "NDB", "stationName": "NANDURBAR", "arrivalTime": "10:30", "departureTime": "10:35", "routeNumber": "1", "haltTime": "05:00", "distance": "157", "dayCount": "1", "stnSerialNumber": "2", "boardingDisabled": "false"}, {"stationCode": "BSL", "stationName": "BHUSAVAL JN", "arrivalTime": "13:35", "departureTime": "13:40", "routeNumber": "1", "haltTime": "05:00", "distance": "332", "dayCount": "1", "stnSerialNumber": "4", "boardingDisabled": "false"}, {"stationCode": "AK", "stationName": "AKOLA JN", "arrivalTime": "15:50", "departureTime": "15:55", "routeNumber": "1", "haltTime": "05:00", "distance": "471", "dayCount": "1", "stnSerialNumber": "5", "boardingDisabled": "false"}, {"stationCode": "NGP", "stationName": "NAGPUR", "arrivalTime": "20:00", "departureTime": "20:05", "routeNumber": "1", "haltTime": "05:00", "distance": "724", "dayCount": "1", "stnSerialNumber": "6", "boardingDisabled": "false"}, {"stationCode": "G", "stationName": "GONDIA JN", "arrivalTime": "21:50", "departureTime": "21:52", "routeNumber": "1", "haltTime": "02:00", "distance": "854", "dayCount": "1", "stnSerialNumber": "7", "boardingDisabled": "false"}, {"stationCode": "DURG", "stationName": "DURG", "arrivalTime": "23:50", "departureTime": "23:55", "routeNumber": "1", "haltTime": "05:00", "distance": "989", "dayCount": "1", "stnSerialNumber": "8", "boardingDisabled": "false"}, {"stationCode": "R", "stationName": "RAIPUR JN", "arrivalTime": "00:40", "departureTime": "00:50", "routeNumber": "1", "haltTime": "10:00", "distance": "1026", "dayCount": "2", "stnSerialNumber": "9", "boardingDisabled": "false"}, {"stationCode": "MSMD", "stationName": "MAHASAMUND", "arrivalTime": "01:50", "departureTime": "01:52", "routeNumber": "1", "haltTime": "02:00", "distance": "1080", "dayCount": "2", "stnSerialNumber": "11", "boardingDisabled": "false"}, {"stationCode": "KRAR", "stationName": "KHARIAR ROAD", "arrivalTime": "02:30", "departureTime": "02:32", "routeNumber": "1", "haltTime": "02:00", "distance": "1131", "dayCount": "2", "stnSerialNumber": "12", "boardingDisabled": "false"}, {"stationCode": "KBJ", "stationName": "KANTABANJI", "arrivalTime": "03:20", "departureTime": "03:22", "routeNumber": "1", "haltTime": "02:00", "distance": "1196", "dayCount": "2", "stnSerialNumber": "13", "boardingDisabled": "false"}, {"stationCode": "TIG", "stationName": "TITLAGARH", "arrivalTime": "03:55", "departureTime": "04:15", "routeNumber": "1", "haltTime": "20:00", "distance": "1229", "dayCount": "2", "stnSerialNumber": "14", "boardingDisabled": "false"}, {"stationCode": "BLGR", "stationName": "BALANGIR", "arrivalTime": "05:10", "departureTime": "05:12", "routeNumber": "1", "haltTime": "02:00", "distance": "1292", "dayCount": "2", "stnSerialNumber": "15", "boardingDisabled": "false"}, {"stationCode": "BRGA", "stationName": "BARGARH ROAD", "arrivalTime": "06:13", "departureTime": "06:15", "routeNumber": "1", "haltTime": "02:00", "distance": "1368", "dayCount": "2", "stnSerialNumber": "16", "boardingDisabled": "false"}, {"stationCode": "SBP", "stationName": "SAMBALPUR", "arrivalTime": "07:00", "departureTime": "07:10", "routeNumber": "1", "haltTime": "10:00", "distance": "1411", "dayCount": "2", "stnSerialNumber": "17", "boardingDisabled": "false"}, {"stationCode": "RAIR", "stationName": "RAIRAKHOL", "arrivalTime": "08:10", "departureTime": "08:12", "routeNumber": "1", "haltTime": "02:00", "distance": "1481", "dayCount": "2", "stnSerialNumber": "18", "boardingDisabled": "false"}, {"stationCode": "BONA", "stationName": "BOINDA", "arrivalTime": "08:50", "departureTime": "08:52", "routeNumber": "1", "haltTime": "02:00", "distance": "1528", "dayCount": "2", "stnSerialNumber": "19", "boardingDisabled": "false"}, {"stationCode": "ANGL", "stationName": "ANGUL", "arrivalTime": "10:25", "departureTime": "10:27", "routeNumber": "1", "haltTime": "02:00", "distance": "1567", "dayCount": "2", "stnSerialNumber": "21", "boardingDisabled": "false"}, {"stationCode": "TLHD", "stationName": "TALCHER ROAD", "arrivalTime": "10:35", "departureTime": "10:37", "routeNumber": "1", "haltTime": "02:00", "distance": "1579", "dayCount": "2", "stnSerialNumber": "22", "boardingDisabled": "false"}, {"stationCode": "DNKL", "stationName": "DHENKANAL", "arrivalTime": "11:20", "departureTime": "11:22", "routeNumber": "1", "haltTime": "02:00", "distance": "1627", "dayCount": "2", "stnSerialNumber": "23", "boardingDisabled": "false"}, {"stationCode": "BBS", "stationName": "BHUBANESWAR", "arrivalTime": "13:00", "departureTime": "13:05", "routeNumber": "1", "haltTime": "05:00", "distance": "1689", "dayCount": "2", "stnSerialNumber": "24", "boardingDisabled": "false"}, {"stationCode": "KUR", "stationName": "KHURDA ROAD JN", "arrivalTime": "13:35", "departureTime": "13:45", "routeNumber": "1", "haltTime": "10:00", "distance": "1708", "dayCount": "2", "stnSerialNumber": "25", "boardingDisabled": "false"}, {"stationCode": "MLT", "stationName": "MALATIPATPUR", "arrivalTime": "15:40", "departureTime": "--", "routeNumber": "1", "haltTime": "--", "distance": "1745", "dayCount": "2", "stnSerialNumber": "26", "boardingDisabled": "false"}]}