{"trainNumber": "09065", "trainName": "ST CPR SPL", "stationFrom": "ST", "stationTo": "CPR", "trainOwner": "0", "trainRunsOnMon": "Y", "trainRunsOnTue": "N", "trainRunsOnWed": "N", "trainRunsOnThu": "N", "trainRunsOnFri": "N", "trainRunsOnSat": "N", "trainRunsOnSun": "N", "timeStamp": "2023-06-19T15:30:57.136", "duration": "0", "stationList": [{"stationCode": "ST", "stationName": "SURAT", "arrivalTime": "--", "departureTime": "08:30", "routeNumber": "1", "haltTime": "--", "distance": "0", "dayCount": "1", "stnSerialNumber": "1", "boardingDisabled": "false"}, {"stationCode": "NDB", "stationName": "NANDURBAR", "arrivalTime": "10:30", "departureTime": "10:32", "routeNumber": "1", "haltTime": "02:00", "distance": "161", "dayCount": "1", "stnSerialNumber": "2", "boardingDisabled": "false"}, {"stationCode": "BSL", "stationName": "BHUSAVAL JN", "arrivalTime": "13:10", "departureTime": "13:15", "routeNumber": "1", "haltTime": "05:00", "distance": "336", "dayCount": "1", "stnSerialNumber": "3", "boardingDisabled": "false"}, {"stationCode": "ET", "stationName": "ITARSI JN", "arrivalTime": "17:40", "departureTime": "17:50", "routeNumber": "1", "haltTime": "10:00", "distance": "642", "dayCount": "1", "stnSerialNumber": "4", "boardingDisabled": "false"}, {"stationCode": "JBP", "stationName": "JABALPUR", "arrivalTime": "21:28", "departureTime": "21:38", "routeNumber": "1", "haltTime": "10:00", "distance": "888", "dayCount": "1", "stnSerialNumber": "5", "boardingDisabled": "false"}, {"stationCode": "PCOI", "stationName": "PRAYAGRAJCHEOKI", "arrivalTime": "03:05", "departureTime": "03:10", "routeNumber": "1", "haltTime": "05:00", "distance": "1246", "dayCount": "2", "stnSerialNumber": "6", "boardingDisabled": "false"}, {"stationCode": "BSB", "stationName": "VARANASI JN", "arrivalTime": "06:50", "departureTime": "07:00", "routeNumber": "1", "haltTime": "10:00", "distance": "1379", "dayCount": "2", "stnSerialNumber": "7", "boardingDisabled": "false"}, {"stationCode": "JNU", "stationName": "JAUNPUR JN", "arrivalTime": "08:40", "departureTime": "08:50", "routeNumber": "1", "haltTime": "10:00", "distance": "1437", "dayCount": "2", "stnSerialNumber": "8", "boardingDisabled": "false"}, {"stationCode": "CPR", "stationName": "CHHAPRA", "arrivalTime": "14:30", "departureTime": "--", "routeNumber": "1", "haltTime": "--", "distance": "1666", "dayCount": "2", "stnSerialNumber": "9", "boardingDisabled": "false"}]}