{"trainNumber": "09075", "trainName": "MMCT KGM SF SPL", "stationFrom": "MMCT", "stationTo": "KGM", "trainOwner": "0", "trainRunsOnMon": "N", "trainRunsOnTue": "N", "trainRunsOnWed": "Y", "trainRunsOnThu": "N", "trainRunsOnFri": "N", "trainRunsOnSat": "N", "trainRunsOnSun": "N", "timeStamp": "2023-06-19T15:31:21.252", "duration": "0", "stationList": [{"stationCode": "MMCT", "stationName": "MUMBAI CENTRAL", "arrivalTime": "--", "departureTime": "11:00", "routeNumber": "1", "haltTime": "--", "distance": "0", "dayCount": "1", "stnSerialNumber": "1", "boardingDisabled": "false"}, {"stationCode": "BVI", "stationName": "BORIVALI", "arrivalTime": "11:42", "departureTime": "11:46", "routeNumber": "1", "haltTime": "04:00", "distance": "30", "dayCount": "1", "stnSerialNumber": "2", "boardingDisabled": "false"}, {"stationCode": "VAPI", "stationName": "VAPI", "arrivalTime": "13:22", "departureTime": "13:24", "routeNumber": "1", "haltTime": "02:00", "distance": "170", "dayCount": "1", "stnSerialNumber": "3", "boardingDisabled": "false"}, {"stationCode": "BL", "stationName": "VALSAD", "arrivalTime": "13:45", "departureTime": "13:47", "routeNumber": "1", "haltTime": "02:00", "distance": "194", "dayCount": "1", "stnSerialNumber": "4", "boardingDisabled": "false"}, {"stationCode": "ST", "stationName": "SURAT", "arrivalTime": "14:40", "departureTime": "14:43", "routeNumber": "1", "haltTime": "03:00", "distance": "263", "dayCount": "1", "stnSerialNumber": "5", "boardingDisabled": "false"}, {"stationCode": "BRC", "stationName": "VADODARA JN", "arrivalTime": "16:33", "departureTime": "16:38", "routeNumber": "1", "haltTime": "05:00", "distance": "392", "dayCount": "1", "stnSerialNumber": "6", "boardingDisabled": "false"}, {"stationCode": "RTM", "stationName": "RATLAM JN", "arrivalTime": "20:15", "departureTime": "20:25", "routeNumber": "1", "haltTime": "10:00", "distance": "653", "dayCount": "1", "stnSerialNumber": "8", "boardingDisabled": "false"}, {"stationCode": "KOTA", "stationName": "KOTA JN", "arrivalTime": "00:40", "departureTime": "00:45", "routeNumber": "1", "haltTime": "05:00", "distance": "920", "dayCount": "2", "stnSerialNumber": "10", "boardingDisabled": "false"}, {"stationCode": "GGC", "stationName": "GANGAPUR CITY", "arrivalTime": "02:47", "departureTime": "02:52", "routeNumber": "1", "haltTime": "05:00", "distance": "1091", "dayCount": "2", "stnSerialNumber": "11", "boardingDisabled": "false"}, {"stationCode": "HAN", "stationName": "HINDAUN CITY", "arrivalTime": "03:23", "departureTime": "03:25", "routeNumber": "1", "haltTime": "02:00", "distance": "1135", "dayCount": "2", "stnSerialNumber": "12", "boardingDisabled": "false"}, {"stationCode": "BTE", "stationName": "BHARATPUR JN", "arrivalTime": "05:03", "departureTime": "05:05", "routeNumber": "1", "haltTime": "02:00", "distance": "1210", "dayCount": "2", "stnSerialNumber": "13", "boardingDisabled": "false"}, {"stationCode": "AH", "stationName": "ACHHNERA JN", "arrivalTime": "05:30", "departureTime": "05:55", "routeNumber": "1", "haltTime": "25:00", "distance": "1237", "dayCount": "2", "stnSerialNumber": "14", "boardingDisabled": "false"}, {"stationCode": "MTJ", "stationName": "MATHURA JN", "arrivalTime": "06:55", "departureTime": "07:00", "routeNumber": "1", "haltTime": "05:00", "distance": "1272", "dayCount": "2", "stnSerialNumber": "15", "boardingDisabled": "false"}, {"stationCode": "HTC", "stationName": "HATHRAS CITY", "arrivalTime": "07:42", "departureTime": "07:44", "routeNumber": "1", "haltTime": "02:00", "distance": "1314", "dayCount": "2", "stnSerialNumber": "16", "boardingDisabled": "false"}, {"stationCode": "KSJ", "stationName": "KASGANJ", "arrivalTime": "08:50", "departureTime": "09:00", "routeNumber": "1", "haltTime": "10:00", "distance": "1377", "dayCount": "2", "stnSerialNumber": "17", "boardingDisabled": "false"}, {"stationCode": "BEM", "stationName": "BUDAUN", "arrivalTime": "09:46", "departureTime": "09:48", "routeNumber": "1", "haltTime": "02:00", "distance": "1436", "dayCount": "2", "stnSerialNumber": "18", "boardingDisabled": "false"}, {"stationCode": "BRY", "stationName": "BAREILLY", "arrivalTime": "10:45", "departureTime": "10:50", "routeNumber": "1", "haltTime": "05:00", "distance": "1480", "dayCount": "2", "stnSerialNumber": "19", "boardingDisabled": "false"}, {"stationCode": "BC", "stationName": "BAREILLY CITY", "arrivalTime": "11:03", "departureTime": "11:05", "routeNumber": "1", "haltTime": "02:00", "distance": "1483", "dayCount": "2", "stnSerialNumber": "20", "boardingDisabled": "false"}, {"stationCode": "IZN", "stationName": "IZZATNAGAR", "arrivalTime": "11:23", "departureTime": "11:25", "routeNumber": "1", "haltTime": "02:00", "distance": "1488", "dayCount": "2", "stnSerialNumber": "21", "boardingDisabled": "false"}, {"stationCode": "BHI", "stationName": "BAHERI", "arrivalTime": "12:20", "departureTime": "12:22", "routeNumber": "1", "haltTime": "02:00", "distance": "1531", "dayCount": "2", "stnSerialNumber": "22", "boardingDisabled": "false"}, {"stationCode": "KHH", "stationName": "KICHHA", "arrivalTime": "12:38", "departureTime": "12:40", "routeNumber": "1", "haltTime": "02:00", "distance": "1547", "dayCount": "2", "stnSerialNumber": "23", "boardingDisabled": "false"}, {"stationCode": "LKU", "stationName": "LAL KUAN", "arrivalTime": "13:10", "departureTime": "13:15", "routeNumber": "1", "haltTime": "05:00", "distance": "1564", "dayCount": "2", "stnSerialNumber": "24", "boardingDisabled": "false"}, {"stationCode": "HDW", "stationName": "HALDWANI", "arrivalTime": "13:48", "departureTime": "13:50", "routeNumber": "1", "haltTime": "02:00", "distance": "1581", "dayCount": "2", "stnSerialNumber": "25", "boardingDisabled": "false"}, {"stationCode": "KGM", "stationName": "KATHGODAM", "arrivalTime": "14:30", "departureTime": "--", "routeNumber": "1", "haltTime": "--", "distance": "1587", "dayCount": "2", "stnSerialNumber": "26", "boardingDisabled": "false"}]}