{"trainNumber": "09070", "trainName": "MLT UDN SUP SPL", "stationFrom": "MLT", "stationTo": "UDN", "trainOwner": "0", "trainRunsOnMon": "N", "trainRunsOnTue": "N", "trainRunsOnWed": "N", "trainRunsOnThu": "N", "trainRunsOnFri": "N", "trainRunsOnSat": "Y", "trainRunsOnSun": "N", "timeStamp": "2023-06-19T15:30:57.020", "duration": "0", "stationList": [{"stationCode": "MLT", "stationName": "MALATIPATPUR", "arrivalTime": "--", "departureTime": "20:00", "routeNumber": "1", "haltTime": "--", "distance": "0", "dayCount": "1", "stnSerialNumber": "1", "boardingDisabled": "false"}, {"stationCode": "KUR", "stationName": "KHURDA ROAD JN", "arrivalTime": "21:00", "departureTime": "21:10", "routeNumber": "1", "haltTime": "10:00", "distance": "37", "dayCount": "1", "stnSerialNumber": "2", "boardingDisabled": "false"}, {"stationCode": "BBS", "stationName": "BHUBANESWAR", "arrivalTime": "21:50", "departureTime": "21:55", "routeNumber": "1", "haltTime": "05:00", "distance": "56", "dayCount": "1", "stnSerialNumber": "3", "boardingDisabled": "false"}, {"stationCode": "DNKL", "stationName": "DHENKANAL", "arrivalTime": "23:40", "departureTime": "23:42", "routeNumber": "1", "haltTime": "02:00", "distance": "118", "dayCount": "1", "stnSerialNumber": "4", "boardingDisabled": "false"}, {"stationCode": "TLHD", "stationName": "TALCHER ROAD", "arrivalTime": "00:30", "departureTime": "00:32", "routeNumber": "1", "haltTime": "02:00", "distance": "166", "dayCount": "2", "stnSerialNumber": "5", "boardingDisabled": "false"}, {"stationCode": "ANGL", "stationName": "ANGUL", "arrivalTime": "00:50", "departureTime": "00:55", "routeNumber": "1", "haltTime": "05:00", "distance": "178", "dayCount": "2", "stnSerialNumber": "6", "boardingDisabled": "false"}, {"stationCode": "BONA", "stationName": "BOINDA", "arrivalTime": "01:30", "departureTime": "01:32", "routeNumber": "1", "haltTime": "02:00", "distance": "217", "dayCount": "2", "stnSerialNumber": "8", "boardingDisabled": "false"}, {"stationCode": "RAIR", "stationName": "RAIRAKHOL", "arrivalTime": "02:05", "departureTime": "02:07", "routeNumber": "1", "haltTime": "02:00", "distance": "264", "dayCount": "2", "stnSerialNumber": "9", "boardingDisabled": "false"}, {"stationCode": "SBP", "stationName": "SAMBALPUR", "arrivalTime": "03:10", "departureTime": "03:20", "routeNumber": "1", "haltTime": "10:00", "distance": "335", "dayCount": "2", "stnSerialNumber": "10", "boardingDisabled": "false"}, {"stationCode": "BRGA", "stationName": "BARGARH ROAD", "arrivalTime": "04:00", "departureTime": "04:02", "routeNumber": "1", "haltTime": "02:00", "distance": "377", "dayCount": "2", "stnSerialNumber": "11", "boardingDisabled": "false"}, {"stationCode": "BLGR", "stationName": "BALANGIR", "arrivalTime": "04:58", "departureTime": "05:00", "routeNumber": "1", "haltTime": "02:00", "distance": "453", "dayCount": "2", "stnSerialNumber": "12", "boardingDisabled": "false"}, {"stationCode": "TIG", "stationName": "TITLAGARH", "arrivalTime": "06:00", "departureTime": "06:20", "routeNumber": "1", "haltTime": "20:00", "distance": "516", "dayCount": "2", "stnSerialNumber": "13", "boardingDisabled": "false"}, {"stationCode": "KBJ", "stationName": "KANTABANJI", "arrivalTime": "06:50", "departureTime": "06:52", "routeNumber": "1", "haltTime": "02:00", "distance": "550", "dayCount": "2", "stnSerialNumber": "14", "boardingDisabled": "false"}, {"stationCode": "KRAR", "stationName": "KHARIAR ROAD", "arrivalTime": "07:50", "departureTime": "07:52", "routeNumber": "1", "haltTime": "02:00", "distance": "614", "dayCount": "2", "stnSerialNumber": "15", "boardingDisabled": "false"}, {"stationCode": "MSMD", "stationName": "MAHASAMUND", "arrivalTime": "08:20", "departureTime": "08:22", "routeNumber": "1", "haltTime": "02:00", "distance": "665", "dayCount": "2", "stnSerialNumber": "16", "boardingDisabled": "false"}, {"stationCode": "R", "stationName": "RAIPUR JN", "arrivalTime": "09:40", "departureTime": "09:50", "routeNumber": "1", "haltTime": "10:00", "distance": "719", "dayCount": "2", "stnSerialNumber": "18", "boardingDisabled": "false"}, {"stationCode": "DURG", "stationName": "DURG", "arrivalTime": "11:25", "departureTime": "11:30", "routeNumber": "1", "haltTime": "05:00", "distance": "756", "dayCount": "2", "stnSerialNumber": "19", "boardingDisabled": "false"}, {"stationCode": "G", "stationName": "GONDIA JN", "arrivalTime": "13:30", "departureTime": "13:32", "routeNumber": "1", "haltTime": "02:00", "distance": "891", "dayCount": "2", "stnSerialNumber": "20", "boardingDisabled": "false"}, {"stationCode": "NGP", "stationName": "NAGPUR", "arrivalTime": "15:35", "departureTime": "15:40", "routeNumber": "1", "haltTime": "05:00", "distance": "1021", "dayCount": "2", "stnSerialNumber": "21", "boardingDisabled": "false"}, {"stationCode": "AK", "stationName": "AKOLA JN", "arrivalTime": "19:25", "departureTime": "19:30", "routeNumber": "1", "haltTime": "05:00", "distance": "1274", "dayCount": "2", "stnSerialNumber": "22", "boardingDisabled": "false"}, {"stationCode": "BSL", "stationName": "BHUSAVAL JN", "arrivalTime": "21:40", "departureTime": "21:45", "routeNumber": "1", "haltTime": "05:00", "distance": "1414", "dayCount": "2", "stnSerialNumber": "23", "boardingDisabled": "false"}, {"stationCode": "NDB", "stationName": "NANDURBAR", "arrivalTime": "01:15", "departureTime": "01:20", "routeNumber": "1", "haltTime": "05:00", "distance": "1588", "dayCount": "3", "stnSerialNumber": "25", "boardingDisabled": "false"}, {"stationCode": "UDN", "stationName": "UDHNA JN", "arrivalTime": "03:30", "departureTime": "--", "routeNumber": "1", "haltTime": "--", "distance": "1745", "dayCount": "3", "stnSerialNumber": "26", "boardingDisabled": "false"}]}