{"trainNumber": "09072", "trainName": "WGI BIM SPL", "stationFrom": "WGI", "stationTo": "BIM", "trainOwner": "0", "trainRunsOnMon": "Y", "trainRunsOnTue": "Y", "trainRunsOnWed": "Y", "trainRunsOnThu": "Y", "trainRunsOnFri": "Y", "trainRunsOnSat": "Y", "trainRunsOnSun": "Y", "timeStamp": "2023-06-19T15:31:21.295", "duration": "0", "stationList": [{"stationCode": "WGI", "stationName": "WAGHAI", "arrivalTime": "--", "departureTime": "06:00", "routeNumber": "1", "haltTime": "--", "distance": "0", "dayCount": "1", "stnSerialNumber": "1", "boardingDisabled": "false"}, {"stationCode": "DNGD", "stationName": "DUNGARDA", "arrivalTime": "06:02", "departureTime": "06:04", "routeNumber": "1", "haltTime": "02:00", "distance": "4", "dayCount": "1", "stnSerialNumber": "2", "boardingDisabled": "false"}, {"stationCode": "KMB", "stationName": "KALV AMBA", "arrivalTime": "06:14", "departureTime": "06:16", "routeNumber": "1", "haltTime": "02:00", "distance": "7", "dayCount": "1", "stnSerialNumber": "3", "boardingDisabled": "false"}, {"stationCode": "KVO", "stationName": "KEVDI ROAD", "arrivalTime": "06:28", "departureTime": "06:30", "routeNumber": "1", "haltTime": "02:00", "distance": "12", "dayCount": "1", "stnSerialNumber": "4", "boardingDisabled": "false"}, {"stationCode": "UNI", "stationName": "UNAI VANSADA RD", "arrivalTime": "06:50", "departureTime": "06:53", "routeNumber": "1", "haltTime": "03:00", "distance": "21", "dayCount": "1", "stnSerialNumber": "5", "boardingDisabled": "false"}, {"stationCode": "ANW", "stationName": "ANAWAL", "arrivalTime": "07:12", "departureTime": "07:17", "routeNumber": "1", "haltTime": "05:00", "distance": "29", "dayCount": "1", "stnSerialNumber": "6", "boardingDisabled": "false"}, {"stationCode": "DOLK", "stationName": "DHOLIKUA", "arrivalTime": "07:31", "departureTime": "07:33", "routeNumber": "1", "haltTime": "02:00", "distance": "36", "dayCount": "1", "stnSerialNumber": "7", "boardingDisabled": "false"}, {"stationCode": "RW", "stationName": "RANKUA", "arrivalTime": "07:49", "departureTime": "07:51", "routeNumber": "1", "haltTime": "02:00", "distance": "42", "dayCount": "1", "stnSerialNumber": "8", "boardingDisabled": "false"}, {"stationCode": "CIO", "stationName": "CHIKHLI ROAD", "arrivalTime": "08:10", "departureTime": "08:12", "routeNumber": "1", "haltTime": "02:00", "distance": "50", "dayCount": "1", "stnSerialNumber": "9", "boardingDisabled": "false"}, {"stationCode": "GNV", "stationName": "GANDEVI", "arrivalTime": "08:32", "departureTime": "08:34", "routeNumber": "1", "haltTime": "02:00", "distance": "58", "dayCount": "1", "stnSerialNumber": "10", "boardingDisabled": "false"}, {"stationCode": "BIM", "stationName": "BILIMORA JN", "arrivalTime": "09:20", "departureTime": "--", "routeNumber": "1", "haltTime": "--", "distance": "63", "dayCount": "1", "stnSerialNumber": "11", "boardingDisabled": "false"}]}