{"trainNumber": "09078", "trainName": "NDB PASS SPL", "stationFrom": "BSL", "stationTo": "NDB", "trainOwner": "0", "trainRunsOnMon": "Y", "trainRunsOnTue": "Y", "trainRunsOnWed": "Y", "trainRunsOnThu": "Y", "trainRunsOnFri": "Y", "trainRunsOnSat": "Y", "trainRunsOnSun": "Y", "timeStamp": "2023-06-19T15:31:21.176", "duration": "0", "stationList": [{"stationCode": "BSL", "stationName": "BHUSAVAL JN", "arrivalTime": "--", "departureTime": "09:00", "routeNumber": "1", "haltTime": "--", "distance": "0", "dayCount": "1", "stnSerialNumber": "1", "boardingDisabled": "false"}, {"stationCode": "JL", "stationName": "JALGAON JN", "arrivalTime": "09:32", "departureTime": "09:35", "routeNumber": "1", "haltTime": "03:00", "distance": "25", "dayCount": "1", "stnSerialNumber": "2", "boardingDisabled": "false"}, {"stationCode": "PLD", "stationName": "PALDHI", "arrivalTime": "09:55", "departureTime": "09:57", "routeNumber": "1", "haltTime": "02:00", "distance": "36", "dayCount": "1", "stnSerialNumber": "3", "boardingDisabled": "false"}, {"stationCode": "CHLK", "stationName": "CHAVALKHEDE", "arrivalTime": "10:06", "departureTime": "10:08", "routeNumber": "1", "haltTime": "02:00", "distance": "48", "dayCount": "1", "stnSerialNumber": "4", "boardingDisabled": "false"}, {"stationCode": "DXG", "stationName": "DHARANGAON", "arrivalTime": "10:14", "departureTime": "10:16", "routeNumber": "1", "haltTime": "02:00", "distance": "55", "dayCount": "1", "stnSerialNumber": "5", "boardingDisabled": "false"}, {"stationCode": "BHNE", "stationName": "BHONE", "arrivalTime": "10:24", "departureTime": "10:25", "routeNumber": "1", "haltTime": "01:00", "distance": "62", "dayCount": "1", "stnSerialNumber": "6", "boardingDisabled": "false"}, {"stationCode": "TKHE", "stationName": "TAKARKHEDE", "arrivalTime": "10:37", "departureTime": "10:39", "routeNumber": "1", "haltTime": "02:00", "distance": "69", "dayCount": "1", "stnSerialNumber": "7", "boardingDisabled": "false"}, {"stationCode": "AN", "stationName": "AMALNER", "arrivalTime": "10:50", "departureTime": "10:52", "routeNumber": "1", "haltTime": "02:00", "distance": "80", "dayCount": "1", "stnSerialNumber": "8", "boardingDisabled": "false"}, {"stationCode": "BRTK", "stationName": "BHORTEX", "arrivalTime": "11:01", "departureTime": "11:03", "routeNumber": "1", "haltTime": "02:00", "distance": "88", "dayCount": "1", "stnSerialNumber": "9", "boardingDisabled": "false"}, {"stationCode": "PDP", "stationName": "PADSE", "arrivalTime": "11:10", "departureTime": "11:12", "routeNumber": "1", "haltTime": "02:00", "distance": "96", "dayCount": "1", "stnSerialNumber": "10", "boardingDisabled": "false"}, {"stationCode": "BEW", "stationName": "BETAVAD", "arrivalTime": "11:19", "departureTime": "11:20", "routeNumber": "1", "haltTime": "01:00", "distance": "101", "dayCount": "1", "stnSerialNumber": "11", "boardingDisabled": "false"}, {"stationCode": "NDN", "stationName": "NARDANA", "arrivalTime": "11:28", "departureTime": "11:30", "routeNumber": "1", "haltTime": "02:00", "distance": "108", "dayCount": "1", "stnSerialNumber": "12", "boardingDisabled": "false"}, {"stationCode": "HOL", "stationName": "HOL", "arrivalTime": "11:37", "departureTime": "11:38", "routeNumber": "1", "haltTime": "01:00", "distance": "114", "dayCount": "1", "stnSerialNumber": "13", "boardingDisabled": "false"}, {"stationCode": "SNK", "stationName": "SINDKHEDA", "arrivalTime": "11:50", "departureTime": "11:52", "routeNumber": "1", "haltTime": "02:00", "distance": "121", "dayCount": "1", "stnSerialNumber": "14", "boardingDisabled": "false"}, {"stationCode": "SNSL", "stationName": "SONSHELU", "arrivalTime": "12:00", "departureTime": "12:01", "routeNumber": "1", "haltTime": "01:00", "distance": "127", "dayCount": "1", "stnSerialNumber": "15", "boardingDisabled": "false"}, {"stationCode": "VKH", "stationName": "VIKHRAN ROAD", "arrivalTime": "12:10", "departureTime": "12:12", "routeNumber": "1", "haltTime": "02:00", "distance": "133", "dayCount": "1", "stnSerialNumber": "16", "boardingDisabled": "false"}, {"stationCode": "DDE", "stationName": "DONDAICHA", "arrivalTime": "12:19", "departureTime": "12:21", "routeNumber": "1", "haltTime": "02:00", "distance": "141", "dayCount": "1", "stnSerialNumber": "17", "boardingDisabled": "false"}, {"stationCode": "RNL", "stationName": "RANALA", "arrivalTime": "12:33", "departureTime": "12:35", "routeNumber": "1", "haltTime": "02:00", "distance": "153", "dayCount": "1", "stnSerialNumber": "18", "boardingDisabled": "false"}, {"stationCode": "TISI", "stationName": "TISI", "arrivalTime": "12:54", "departureTime": "12:56", "routeNumber": "1", "haltTime": "02:00", "distance": "162", "dayCount": "1", "stnSerialNumber": "19", "boardingDisabled": "false"}, {"stationCode": "CUE", "stationName": "CHOUPALE", "arrivalTime": "13:12", "departureTime": "13:13", "routeNumber": "1", "haltTime": "01:00", "distance": "170", "dayCount": "1", "stnSerialNumber": "20", "boardingDisabled": "false"}, {"stationCode": "NDB", "stationName": "NANDURBAR", "arrivalTime": "13:40", "departureTime": "--", "routeNumber": "1", "haltTime": "--", "distance": "175", "dayCount": "1", "stnSerialNumber": "21", "boardingDisabled": "false"}]}