{"trainNumber": "09076", "trainName": "KGM MMCT SF SPL", "stationFrom": "KGM", "stationTo": "MMCT", "trainOwner": "0", "trainRunsOnMon": "N", "trainRunsOnTue": "N", "trainRunsOnWed": "N", "trainRunsOnThu": "Y", "trainRunsOnFri": "N", "trainRunsOnSat": "N", "trainRunsOnSun": "N", "timeStamp": "2023-06-19T15:31:35.167", "duration": "0", "stationList": [{"stationCode": "KGM", "stationName": "KATHGODAM", "arrivalTime": "--", "departureTime": "17:30", "routeNumber": "1", "haltTime": "--", "distance": "0", "dayCount": "1", "stnSerialNumber": "1", "boardingDisabled": "false"}, {"stationCode": "HDW", "stationName": "HALDWANI", "arrivalTime": "17:50", "departureTime": "17:52", "routeNumber": "1", "haltTime": "02:00", "distance": "7", "dayCount": "1", "stnSerialNumber": "2", "boardingDisabled": "false"}, {"stationCode": "LKU", "stationName": "LAL KUAN", "arrivalTime": "18:25", "departureTime": "18:33", "routeNumber": "1", "haltTime": "08:00", "distance": "23", "dayCount": "1", "stnSerialNumber": "3", "boardingDisabled": "false"}, {"stationCode": "KHH", "stationName": "KICHHA", "arrivalTime": "19:07", "departureTime": "19:09", "routeNumber": "1", "haltTime": "02:00", "distance": "41", "dayCount": "1", "stnSerialNumber": "4", "boardingDisabled": "false"}, {"stationCode": "BHI", "stationName": "BAHERI", "arrivalTime": "19:25", "departureTime": "19:30", "routeNumber": "1", "haltTime": "05:00", "distance": "56", "dayCount": "1", "stnSerialNumber": "5", "boardingDisabled": "false"}, {"stationCode": "IZN", "stationName": "IZZATNAGAR", "arrivalTime": "20:03", "departureTime": "20:08", "routeNumber": "1", "haltTime": "05:00", "distance": "100", "dayCount": "1", "stnSerialNumber": "6", "boardingDisabled": "false"}, {"stationCode": "BC", "stationName": "BAREILLY CITY", "arrivalTime": "20:21", "departureTime": "20:23", "routeNumber": "1", "haltTime": "02:00", "distance": "105", "dayCount": "1", "stnSerialNumber": "7", "boardingDisabled": "false"}, {"stationCode": "BRY", "stationName": "BAREILLY", "arrivalTime": "20:42", "departureTime": "20:47", "routeNumber": "1", "haltTime": "05:00", "distance": "107", "dayCount": "1", "stnSerialNumber": "8", "boardingDisabled": "false"}, {"stationCode": "BEM", "stationName": "BUDAUN", "arrivalTime": "21:26", "departureTime": "21:31", "routeNumber": "1", "haltTime": "05:00", "distance": "151", "dayCount": "1", "stnSerialNumber": "9", "boardingDisabled": "false"}, {"stationCode": "KSJ", "stationName": "KASGANJ", "arrivalTime": "22:30", "departureTime": "22:40", "routeNumber": "1", "haltTime": "10:00", "distance": "210", "dayCount": "1", "stnSerialNumber": "10", "boardingDisabled": "false"}, {"stationCode": "HTC", "stationName": "HATHRAS CITY", "arrivalTime": "23:48", "departureTime": "23:50", "routeNumber": "1", "haltTime": "02:00", "distance": "274", "dayCount": "1", "stnSerialNumber": "11", "boardingDisabled": "false"}, {"stationCode": "MTJ", "stationName": "MATHURA JN", "arrivalTime": "01:10", "departureTime": "01:15", "routeNumber": "1", "haltTime": "05:00", "distance": "315", "dayCount": "2", "stnSerialNumber": "12", "boardingDisabled": "false"}, {"stationCode": "AH", "stationName": "ACHHNERA JN", "arrivalTime": "02:10", "departureTime": "02:35", "routeNumber": "1", "haltTime": "25:00", "distance": "350", "dayCount": "2", "stnSerialNumber": "13", "boardingDisabled": "false"}, {"stationCode": "BTE", "stationName": "BHARATPUR JN", "arrivalTime": "03:08", "departureTime": "03:10", "routeNumber": "1", "haltTime": "02:00", "distance": "377", "dayCount": "2", "stnSerialNumber": "14", "boardingDisabled": "false"}, {"stationCode": "HAN", "stationName": "HINDAUN CITY", "arrivalTime": "04:03", "departureTime": "04:05", "routeNumber": "1", "haltTime": "02:00", "distance": "452", "dayCount": "2", "stnSerialNumber": "15", "boardingDisabled": "false"}, {"stationCode": "GGC", "stationName": "GANGAPUR CITY", "arrivalTime": "04:40", "departureTime": "04:45", "routeNumber": "1", "haltTime": "05:00", "distance": "497", "dayCount": "2", "stnSerialNumber": "16", "boardingDisabled": "false"}, {"stationCode": "KOTA", "stationName": "KOTA JN", "arrivalTime": "06:40", "departureTime": "06:45", "routeNumber": "1", "haltTime": "05:00", "distance": "668", "dayCount": "2", "stnSerialNumber": "17", "boardingDisabled": "false"}, {"stationCode": "RTM", "stationName": "RATLAM JN", "arrivalTime": "10:30", "departureTime": "10:40", "routeNumber": "1", "haltTime": "10:00", "distance": "934", "dayCount": "2", "stnSerialNumber": "19", "boardingDisabled": "false"}, {"stationCode": "BRC", "stationName": "VADODARA JN", "arrivalTime": "14:40", "departureTime": "14:45", "routeNumber": "1", "haltTime": "05:00", "distance": "1196", "dayCount": "2", "stnSerialNumber": "21", "boardingDisabled": "false"}, {"stationCode": "ST", "stationName": "SURAT", "arrivalTime": "16:50", "departureTime": "16:53", "routeNumber": "1", "haltTime": "03:00", "distance": "1325", "dayCount": "2", "stnSerialNumber": "22", "boardingDisabled": "false"}, {"stationCode": "BL", "stationName": "VALSAD", "arrivalTime": "17:50", "departureTime": "17:52", "routeNumber": "1", "haltTime": "02:00", "distance": "1393", "dayCount": "2", "stnSerialNumber": "23", "boardingDisabled": "false"}, {"stationCode": "VAPI", "stationName": "VAPI", "arrivalTime": "18:08", "departureTime": "18:10", "routeNumber": "1", "haltTime": "02:00", "distance": "1417", "dayCount": "2", "stnSerialNumber": "24", "boardingDisabled": "false"}, {"stationCode": "BVI", "stationName": "BORIVALI", "arrivalTime": "20:08", "departureTime": "20:10", "routeNumber": "1", "haltTime": "02:00", "distance": "1557", "dayCount": "2", "stnSerialNumber": "25", "boardingDisabled": "false"}, {"stationCode": "MMCT", "stationName": "MUMBAI CENTRAL", "arrivalTime": "20:55", "departureTime": "--", "routeNumber": "1", "haltTime": "--", "distance": "1587", "dayCount": "2", "stnSerialNumber": "26", "boardingDisabled": "false"}]}