{"trainNumber": "09071", "trainName": "BIM WGI SPL", "stationFrom": "BIM", "stationTo": "WGI", "trainOwner": "0", "trainRunsOnMon": "Y", "trainRunsOnTue": "Y", "trainRunsOnWed": "Y", "trainRunsOnThu": "Y", "trainRunsOnFri": "Y", "trainRunsOnSat": "Y", "trainRunsOnSun": "Y", "timeStamp": "2023-06-19T15:31:21.312", "duration": "0", "stationList": [{"stationCode": "BIM", "stationName": "BILIMORA JN", "arrivalTime": "--", "departureTime": "19:40", "routeNumber": "1", "haltTime": "--", "distance": "0", "dayCount": "1", "stnSerialNumber": "1", "boardingDisabled": "false"}, {"stationCode": "GNV", "stationName": "GANDEVI", "arrivalTime": "19:43", "departureTime": "19:45", "routeNumber": "1", "haltTime": "02:00", "distance": "6", "dayCount": "1", "stnSerialNumber": "2", "boardingDisabled": "false"}, {"stationCode": "CIO", "stationName": "CHIKHLI ROAD", "arrivalTime": "20:04", "departureTime": "20:06", "routeNumber": "1", "haltTime": "02:00", "distance": "14", "dayCount": "1", "stnSerialNumber": "3", "boardingDisabled": "false"}, {"stationCode": "RW", "stationName": "RANKUA", "arrivalTime": "20:24", "departureTime": "20:26", "routeNumber": "1", "haltTime": "02:00", "distance": "22", "dayCount": "1", "stnSerialNumber": "4", "boardingDisabled": "false"}, {"stationCode": "DOLK", "stationName": "DHOLIKUA", "arrivalTime": "20:42", "departureTime": "20:44", "routeNumber": "1", "haltTime": "02:00", "distance": "28", "dayCount": "1", "stnSerialNumber": "5", "boardingDisabled": "false"}, {"stationCode": "ANW", "stationName": "ANAWAL", "arrivalTime": "20:58", "departureTime": "21:03", "routeNumber": "1", "haltTime": "05:00", "distance": "35", "dayCount": "1", "stnSerialNumber": "6", "boardingDisabled": "false"}, {"stationCode": "UNI", "stationName": "UNAI VANSADA RD", "arrivalTime": "21:22", "departureTime": "21:25", "routeNumber": "1", "haltTime": "03:00", "distance": "42", "dayCount": "1", "stnSerialNumber": "7", "boardingDisabled": "false"}, {"stationCode": "KVO", "stationName": "KEVDI ROAD", "arrivalTime": "21:45", "departureTime": "21:47", "routeNumber": "1", "haltTime": "02:00", "distance": "52", "dayCount": "1", "stnSerialNumber": "8", "boardingDisabled": "false"}, {"stationCode": "KMB", "stationName": "KALV AMBA", "arrivalTime": "21:59", "departureTime": "22:01", "routeNumber": "1", "haltTime": "02:00", "distance": "57", "dayCount": "1", "stnSerialNumber": "9", "boardingDisabled": "false"}, {"stationCode": "DNGD", "stationName": "DUNGARDA", "arrivalTime": "22:11", "departureTime": "22:13", "routeNumber": "1", "haltTime": "02:00", "distance": "60", "dayCount": "1", "stnSerialNumber": "10", "boardingDisabled": "false"}, {"stationCode": "WGI", "stationName": "WAGHAI", "arrivalTime": "22:40", "departureTime": "--", "routeNumber": "1", "haltTime": "--", "distance": "63", "dayCount": "1", "stnSerialNumber": "11", "boardingDisabled": "false"}]}