{"trainNumber": "09094", "trainName": "BGKT UDN SPL", "stationFrom": "BGKT", "stationTo": "UDN", "trainOwner": "0", "trainRunsOnMon": "N", "trainRunsOnTue": "N", "trainRunsOnWed": "N", "trainRunsOnThu": "N", "trainRunsOnFri": "N", "trainRunsOnSat": "N", "trainRunsOnSun": "Y", "timeStamp": "2023-06-19T15:30:55.534", "duration": "0", "stationList": [{"stationCode": "BGKT", "stationName": "BHAGAT KI KOTHI", "arrivalTime": "--", "departureTime": "12:15", "routeNumber": "1", "haltTime": "--", "distance": "0", "dayCount": "1", "stnSerialNumber": "1", "boardingDisabled": "false"}, {"stationCode": "LUNI", "stationName": "LUNI JN", "arrivalTime": "12:40", "departureTime": "12:42", "routeNumber": "1", "haltTime": "02:00", "distance": "29", "dayCount": "1", "stnSerialNumber": "2", "boardingDisabled": "false"}, {"stationCode": "PMY", "stationName": "PALI MARWAR", "arrivalTime": "13:20", "departureTime": "13:25", "routeNumber": "1", "haltTime": "05:00", "distance": "70", "dayCount": "1", "stnSerialNumber": "3", "boardingDisabled": "false"}, {"stationCode": "MJ", "stationName": "MARWAR JN", "arrivalTime": "14:15", "departureTime": "14:40", "routeNumber": "1", "haltTime": "25:00", "distance": "100", "dayCount": "1", "stnSerialNumber": "4", "boardingDisabled": "false"}, {"stationCode": "BER", "stationName": "BEAWAR", "arrivalTime": "15:40", "departureTime": "15:42", "routeNumber": "1", "haltTime": "02:00", "distance": "188", "dayCount": "1", "stnSerialNumber": "5", "boardingDisabled": "false"}, {"stationCode": "AII", "stationName": "AJMER JN", "arrivalTime": "16:50", "departureTime": "17:15", "routeNumber": "1", "haltTime": "25:00", "distance": "240", "dayCount": "1", "stnSerialNumber": "6", "boardingDisabled": "false"}, {"stationCode": "NSD", "stationName": "NASIRABAD", "arrivalTime": "17:40", "departureTime": "17:42", "routeNumber": "1", "haltTime": "02:00", "distance": "264", "dayCount": "1", "stnSerialNumber": "7", "boardingDisabled": "false"}, {"stationCode": "BJNR", "stationName": "BIJAINAGAR", "arrivalTime": "18:09", "departureTime": "18:11", "routeNumber": "1", "haltTime": "02:00", "distance": "305", "dayCount": "1", "stnSerialNumber": "8", "boardingDisabled": "false"}, {"stationCode": "BHL", "stationName": "BHILWARA", "arrivalTime": "19:10", "departureTime": "19:15", "routeNumber": "1", "haltTime": "05:00", "distance": "372", "dayCount": "1", "stnSerialNumber": "9", "boardingDisabled": "false"}, {"stationCode": "COR", "stationName": "CHITTAURGARH", "arrivalTime": "20:25", "departureTime": "20:35", "routeNumber": "1", "haltTime": "10:00", "distance": "426", "dayCount": "1", "stnSerialNumber": "11", "boardingDisabled": "false"}, {"stationCode": "NMH", "stationName": "NIMACH", "arrivalTime": "21:30", "departureTime": "21:35", "routeNumber": "1", "haltTime": "05:00", "distance": "482", "dayCount": "1", "stnSerialNumber": "12", "boardingDisabled": "false"}, {"stationCode": "MDS", "stationName": "MANDASOR", "arrivalTime": "22:14", "departureTime": "22:16", "routeNumber": "1", "haltTime": "02:00", "distance": "531", "dayCount": "1", "stnSerialNumber": "13", "boardingDisabled": "false"}, {"stationCode": "RTM", "stationName": "RATLAM JN", "arrivalTime": "23:50", "departureTime": "23:59", "routeNumber": "1", "haltTime": "09:00", "distance": "615", "dayCount": "1", "stnSerialNumber": "14", "boardingDisabled": "false"}, {"stationCode": "BRC", "stationName": "VADODARA JN", "arrivalTime": "04:45", "departureTime": "04:55", "routeNumber": "1", "haltTime": "10:00", "distance": "876", "dayCount": "2", "stnSerialNumber": "16", "boardingDisabled": "false"}, {"stationCode": "ST", "stationName": "SURAT", "arrivalTime": "06:42", "departureTime": "06:47", "routeNumber": "1", "haltTime": "05:00", "distance": "1005", "dayCount": "2", "stnSerialNumber": "17", "boardingDisabled": "false"}, {"stationCode": "UDN", "stationName": "UDHNA JN", "arrivalTime": "07:00", "departureTime": "--", "routeNumber": "1", "haltTime": "--", "distance": "1009", "dayCount": "2", "stnSerialNumber": "18", "boardingDisabled": "false"}]}