{"trainNumber": "09091", "trainName": "UDN HSR SPL", "stationFrom": "UDN", "stationTo": "HSR", "trainOwner": "0", "trainRunsOnMon": "N", "trainRunsOnTue": "N", "trainRunsOnWed": "Y", "trainRunsOnThu": "N", "trainRunsOnFri": "N", "trainRunsOnSat": "N", "trainRunsOnSun": "N", "timeStamp": "2023-06-19T15:31:20.093", "duration": "0", "stationList": [{"stationCode": "UDN", "stationName": "UDHNA JN", "arrivalTime": "--", "departureTime": "01:10", "routeNumber": "1", "haltTime": "--", "distance": "0", "dayCount": "1", "stnSerialNumber": "1", "boardingDisabled": "false"}, {"stationCode": "ST", "stationName": "SURAT", "arrivalTime": "01:16", "departureTime": "01:21", "routeNumber": "1", "haltTime": "05:00", "distance": "5", "dayCount": "1", "stnSerialNumber": "2", "boardingDisabled": "false"}, {"stationCode": "BH", "stationName": "BHARUCH JN", "arrivalTime": "02:02", "departureTime": "02:04", "routeNumber": "1", "haltTime": "02:00", "distance": "63", "dayCount": "1", "stnSerialNumber": "3", "boardingDisabled": "false"}, {"stationCode": "BRC", "stationName": "VADODARA JN", "arrivalTime": "03:00", "departureTime": "03:10", "routeNumber": "1", "haltTime": "10:00", "distance": "133", "dayCount": "1", "stnSerialNumber": "4", "boardingDisabled": "false"}, {"stationCode": "DHD", "stationName": "DAHOD", "arrivalTime": "05:13", "departureTime": "05:15", "routeNumber": "1", "haltTime": "02:00", "distance": "282", "dayCount": "1", "stnSerialNumber": "5", "boardingDisabled": "false"}, {"stationCode": "RTM", "stationName": "RATLAM JN", "arrivalTime": "06:45", "departureTime": "06:50", "routeNumber": "1", "haltTime": "05:00", "distance": "395", "dayCount": "1", "stnSerialNumber": "6", "boardingDisabled": "false"}, {"stationCode": "KOTA", "stationName": "KOTA JN", "arrivalTime": "10:30", "departureTime": "10:35", "routeNumber": "1", "haltTime": "05:00", "distance": "661", "dayCount": "1", "stnSerialNumber": "8", "boardingDisabled": "false"}, {"stationCode": "SWM", "stationName": "SAWAI MADHOPUR", "arrivalTime": "12:20", "departureTime": "12:40", "routeNumber": "1", "haltTime": "20:00", "distance": "769", "dayCount": "1", "stnSerialNumber": "9", "boardingDisabled": "false"}, {"stationCode": "DPA", "stationName": "DURGAPURA", "arrivalTime": "14:01", "departureTime": "14:04", "routeNumber": "1", "haltTime": "03:00", "distance": "893", "dayCount": "1", "stnSerialNumber": "10", "boardingDisabled": "false"}, {"stationCode": "JP", "stationName": "JAIPUR", "arrivalTime": "14:40", "departureTime": "14:55", "routeNumber": "1", "haltTime": "15:00", "distance": "900", "dayCount": "1", "stnSerialNumber": "11", "boardingDisabled": "false"}, {"stationCode": "COM", "stationName": "CHOMUN SAMOD", "arrivalTime": "15:23", "departureTime": "15:26", "routeNumber": "1", "haltTime": "03:00", "distance": "929", "dayCount": "1", "stnSerialNumber": "12", "boardingDisabled": "false"}, {"stationCode": "RGS", "stationName": "RINGAS JN", "arrivalTime": "15:45", "departureTime": "15:50", "routeNumber": "1", "haltTime": "05:00", "distance": "961", "dayCount": "1", "stnSerialNumber": "13", "boardingDisabled": "false"}, {"stationCode": "SMPR", "stationName": "SHRI MADHOPUR", "arrivalTime": "16:00", "departureTime": "16:02", "routeNumber": "1", "haltTime": "02:00", "distance": "971", "dayCount": "1", "stnSerialNumber": "14", "boardingDisabled": "false"}, {"stationCode": "NMK", "stationName": "NIM KA THANA", "arrivalTime": "16:34", "departureTime": "16:36", "routeNumber": "1", "haltTime": "02:00", "distance": "1008", "dayCount": "1", "stnSerialNumber": "15", "boardingDisabled": "false"}, {"stationCode": "NNL", "stationName": "NARNAUL", "arrivalTime": "17:16", "departureTime": "17:18", "routeNumber": "1", "haltTime": "02:00", "distance": "1058", "dayCount": "1", "stnSerialNumber": "16", "boardingDisabled": "false"}, {"stationCode": "RE", "stationName": "REWARI", "arrivalTime": "19:00", "departureTime": "19:15", "routeNumber": "1", "haltTime": "15:00", "distance": "1109", "dayCount": "1", "stnSerialNumber": "17", "boardingDisabled": "false"}, {"stationCode": "CKD", "stationName": "CHARKHI DADRI", "arrivalTime": "20:23", "departureTime": "20:25", "routeNumber": "1", "haltTime": "02:00", "distance": "1165", "dayCount": "1", "stnSerialNumber": "18", "boardingDisabled": "false"}, {"stationCode": "BNW", "stationName": "BHIWANI", "arrivalTime": "21:00", "departureTime": "21:05", "routeNumber": "1", "haltTime": "05:00", "distance": "1192", "dayCount": "1", "stnSerialNumber": "19", "boardingDisabled": "false"}, {"stationCode": "HNS", "stationName": "HANSI", "arrivalTime": "21:35", "departureTime": "21:37", "routeNumber": "1", "haltTime": "02:00", "distance": "1229", "dayCount": "1", "stnSerialNumber": "20", "boardingDisabled": "false"}, {"stationCode": "HSR", "stationName": "HISAR", "arrivalTime": "22:25", "departureTime": "--", "routeNumber": "1", "haltTime": "--", "distance": "1252", "dayCount": "1", "stnSerialNumber": "21", "boardingDisabled": "false"}]}