{"trainNumber": "09098", "trainName": "JAT UDN SF SPL", "stationFrom": "JAT", "stationTo": "UDN", "trainOwner": "0", "trainRunsOnMon": "N", "trainRunsOnTue": "Y", "trainRunsOnWed": "N", "trainRunsOnThu": "N", "trainRunsOnFri": "N", "trainRunsOnSat": "N", "trainRunsOnSun": "N", "timeStamp": "2023-06-19T15:30:55.448", "duration": "0", "stationList": [{"stationCode": "JAT", "stationName": "JAMMU TAWI", "arrivalTime": "--", "departureTime": "23:20", "routeNumber": "1", "haltTime": "--", "distance": "0", "dayCount": "1", "stnSerialNumber": "1", "boardingDisabled": "false"}, {"stationCode": "PTKC", "stationName": "PATHANKOT CANTT", "arrivalTime": "01:00", "departureTime": "01:05", "routeNumber": "1", "haltTime": "05:00", "distance": "100", "dayCount": "2", "stnSerialNumber": "2", "boardingDisabled": "false"}, {"stationCode": "JRC", "stationName": "JALANDHAR CANT", "arrivalTime": "03:00", "departureTime": "03:05", "routeNumber": "1", "haltTime": "05:00", "distance": "213", "dayCount": "2", "stnSerialNumber": "3", "boardingDisabled": "false"}, {"stationCode": "LDH", "stationName": "LUDHIANA JN", "arrivalTime": "04:00", "departureTime": "04:10", "routeNumber": "1", "haltTime": "10:00", "distance": "265", "dayCount": "2", "stnSerialNumber": "4", "boardingDisabled": "false"}, {"stationCode": "UMB", "stationName": "AMBALA CANT JN", "arrivalTime": "06:00", "departureTime": "06:05", "routeNumber": "1", "haltTime": "05:00", "distance": "378", "dayCount": "2", "stnSerialNumber": "6", "boardingDisabled": "false"}, {"stationCode": "DSJ", "stationName": "DELHI SAFDARJNG", "arrivalTime": "10:18", "departureTime": "10:20", "routeNumber": "1", "haltTime": "02:00", "distance": "588", "dayCount": "2", "stnSerialNumber": "7", "boardingDisabled": "false"}, {"stationCode": "MTJ", "stationName": "MATHURA JN", "arrivalTime": "14:10", "departureTime": "14:12", "routeNumber": "1", "haltTime": "02:00", "distance": "725", "dayCount": "2", "stnSerialNumber": "9", "boardingDisabled": "false"}, {"stationCode": "GGC", "stationName": "GANGAPUR CITY", "arrivalTime": "16:00", "departureTime": "16:05", "routeNumber": "1", "haltTime": "05:00", "distance": "878", "dayCount": "2", "stnSerialNumber": "10", "boardingDisabled": "false"}, {"stationCode": "SWM", "stationName": "SAWAI MADHOPUR", "arrivalTime": "16:50", "departureTime": "16:52", "routeNumber": "1", "haltTime": "02:00", "distance": "941", "dayCount": "2", "stnSerialNumber": "11", "boardingDisabled": "false"}, {"stationCode": "KOTA", "stationName": "KOTA JN", "arrivalTime": "18:30", "departureTime": "18:35", "routeNumber": "1", "haltTime": "05:00", "distance": "1049", "dayCount": "2", "stnSerialNumber": "12", "boardingDisabled": "false"}, {"stationCode": "RTM", "stationName": "RATLAM JN", "arrivalTime": "22:38", "departureTime": "22:48", "routeNumber": "1", "haltTime": "10:00", "distance": "1315", "dayCount": "2", "stnSerialNumber": "14", "boardingDisabled": "false"}, {"stationCode": "BRC", "stationName": "VADODARA JN", "arrivalTime": "02:45", "departureTime": "02:55", "routeNumber": "1", "haltTime": "10:00", "distance": "1577", "dayCount": "3", "stnSerialNumber": "16", "boardingDisabled": "false"}, {"stationCode": "ST", "stationName": "SURAT", "arrivalTime": "05:12", "departureTime": "05:15", "routeNumber": "1", "haltTime": "03:00", "distance": "1706", "dayCount": "3", "stnSerialNumber": "17", "boardingDisabled": "false"}, {"stationCode": "UDN", "stationName": "UDHNA JN", "arrivalTime": "05:30", "departureTime": "--", "routeNumber": "1", "haltTime": "--", "distance": "1710", "dayCount": "3", "stnSerialNumber": "18", "boardingDisabled": "false"}]}