{"trainNumber": "09092", "trainName": "HSR UDN SPL", "stationFrom": "HSR", "stationTo": "UDN", "trainOwner": "0", "trainRunsOnMon": "N", "trainRunsOnTue": "N", "trainRunsOnWed": "N", "trainRunsOnThu": "Y", "trainRunsOnFri": "N", "trainRunsOnSat": "N", "trainRunsOnSun": "N", "timeStamp": "2023-06-19T15:31:20.084", "duration": "0", "stationList": [{"stationCode": "HSR", "stationName": "HISAR", "arrivalTime": "--", "departureTime": "00:15", "routeNumber": "1", "haltTime": "--", "distance": "0", "dayCount": "1", "stnSerialNumber": "1", "boardingDisabled": "false"}, {"stationCode": "HNS", "stationName": "HANSI", "arrivalTime": "00:23", "departureTime": "00:25", "routeNumber": "1", "haltTime": "02:00", "distance": "24", "dayCount": "1", "stnSerialNumber": "2", "boardingDisabled": "false"}, {"stationCode": "BNW", "stationName": "BHIWANI", "arrivalTime": "01:15", "departureTime": "01:20", "routeNumber": "1", "haltTime": "05:00", "distance": "60", "dayCount": "1", "stnSerialNumber": "3", "boardingDisabled": "false"}, {"stationCode": "CKD", "stationName": "CHARKHI DADRI", "arrivalTime": "01:40", "departureTime": "01:42", "routeNumber": "1", "haltTime": "02:00", "distance": "88", "dayCount": "1", "stnSerialNumber": "4", "boardingDisabled": "false"}, {"stationCode": "RE", "stationName": "REWARI", "arrivalTime": "02:50", "departureTime": "02:55", "routeNumber": "1", "haltTime": "05:00", "distance": "143", "dayCount": "1", "stnSerialNumber": "5", "boardingDisabled": "false"}, {"stationCode": "NNL", "stationName": "NARNAUL", "arrivalTime": "03:34", "departureTime": "03:36", "routeNumber": "1", "haltTime": "02:00", "distance": "195", "dayCount": "1", "stnSerialNumber": "6", "boardingDisabled": "false"}, {"stationCode": "NMK", "stationName": "NIM KA THANA", "arrivalTime": "04:18", "departureTime": "04:20", "routeNumber": "1", "haltTime": "02:00", "distance": "245", "dayCount": "1", "stnSerialNumber": "7", "boardingDisabled": "false"}, {"stationCode": "SMPR", "stationName": "SHRI MADHOPUR", "arrivalTime": "04:52", "departureTime": "04:54", "routeNumber": "1", "haltTime": "02:00", "distance": "281", "dayCount": "1", "stnSerialNumber": "8", "boardingDisabled": "false"}, {"stationCode": "RGS", "stationName": "RINGAS JN", "arrivalTime": "05:05", "departureTime": "05:10", "routeNumber": "1", "haltTime": "05:00", "distance": "291", "dayCount": "1", "stnSerialNumber": "9", "boardingDisabled": "false"}, {"stationCode": "COM", "stationName": "CHOMUN SAMOD", "arrivalTime": "05:33", "departureTime": "05:36", "routeNumber": "1", "haltTime": "03:00", "distance": "323", "dayCount": "1", "stnSerialNumber": "10", "boardingDisabled": "false"}, {"stationCode": "JP", "stationName": "JAIPUR", "arrivalTime": "06:35", "departureTime": "06:50", "routeNumber": "1", "haltTime": "15:00", "distance": "352", "dayCount": "1", "stnSerialNumber": "11", "boardingDisabled": "false"}, {"stationCode": "DPA", "stationName": "DURGAPURA", "arrivalTime": "07:00", "departureTime": "07:03", "routeNumber": "1", "haltTime": "03:00", "distance": "359", "dayCount": "1", "stnSerialNumber": "12", "boardingDisabled": "false"}, {"stationCode": "SWM", "stationName": "SAWAI MADHOPUR", "arrivalTime": "11:05", "departureTime": "11:25", "routeNumber": "1", "haltTime": "20:00", "distance": "483", "dayCount": "1", "stnSerialNumber": "13", "boardingDisabled": "false"}, {"stationCode": "KOTA", "stationName": "KOTA JN", "arrivalTime": "12:40", "departureTime": "12:45", "routeNumber": "1", "haltTime": "05:00", "distance": "591", "dayCount": "1", "stnSerialNumber": "14", "boardingDisabled": "false"}, {"stationCode": "RTM", "stationName": "RATLAM JN", "arrivalTime": "16:40", "departureTime": "16:50", "routeNumber": "1", "haltTime": "10:00", "distance": "857", "dayCount": "1", "stnSerialNumber": "16", "boardingDisabled": "false"}, {"stationCode": "DHD", "stationName": "DAHOD", "arrivalTime": "18:25", "departureTime": "18:27", "routeNumber": "1", "haltTime": "02:00", "distance": "971", "dayCount": "1", "stnSerialNumber": "17", "boardingDisabled": "false"}, {"stationCode": "BRC", "stationName": "VADODARA JN", "arrivalTime": "21:00", "departureTime": "21:10", "routeNumber": "1", "haltTime": "10:00", "distance": "1119", "dayCount": "1", "stnSerialNumber": "19", "boardingDisabled": "false"}, {"stationCode": "BH", "stationName": "BHARUCH JN", "arrivalTime": "22:14", "departureTime": "22:16", "routeNumber": "1", "haltTime": "02:00", "distance": "1189", "dayCount": "1", "stnSerialNumber": "20", "boardingDisabled": "false"}, {"stationCode": "ST", "stationName": "SURAT", "arrivalTime": "23:35", "departureTime": "23:38", "routeNumber": "1", "haltTime": "03:00", "distance": "1248", "dayCount": "1", "stnSerialNumber": "21", "boardingDisabled": "false"}, {"stationCode": "UDN", "stationName": "UDHNA JN", "arrivalTime": "00:05", "departureTime": "--", "routeNumber": "1", "haltTime": "--", "distance": "1252", "dayCount": "2", "stnSerialNumber": "22", "boardingDisabled": "false"}]}