{"trainNumber": "09117", "trainName": "ST SFG SF SPL", "stationFrom": "ST", "stationTo": "SFG", "trainOwner": "0", "trainRunsOnMon": "N", "trainRunsOnTue": "N", "trainRunsOnWed": "N", "trainRunsOnThu": "N", "trainRunsOnFri": "Y", "trainRunsOnSat": "N", "trainRunsOnSun": "N", "timeStamp": "2023-06-19T15:31:19.576", "duration": "0", "stationList": [{"stationCode": "ST", "stationName": "SURAT", "arrivalTime": "--", "departureTime": "06:00", "routeNumber": "1", "haltTime": "--", "distance": "0", "dayCount": "1", "stnSerialNumber": "1", "boardingDisabled": "false"}, {"stationCode": "BH", "stationName": "BHARUCH JN", "arrivalTime": "06:44", "departureTime": "06:46", "routeNumber": "1", "haltTime": "02:00", "distance": "59", "dayCount": "1", "stnSerialNumber": "2", "boardingDisabled": "false"}, {"stationCode": "BRC", "stationName": "VADODARA JN", "arrivalTime": "07:50", "departureTime": "08:00", "routeNumber": "1", "haltTime": "10:00", "distance": "129", "dayCount": "1", "stnSerialNumber": "3", "boardingDisabled": "false"}, {"stationCode": "DHD", "stationName": "DAHOD", "arrivalTime": "10:20", "departureTime": "10:22", "routeNumber": "1", "haltTime": "02:00", "distance": "278", "dayCount": "1", "stnSerialNumber": "5", "boardingDisabled": "false"}, {"stationCode": "RTM", "stationName": "RATLAM JN", "arrivalTime": "13:05", "departureTime": "13:15", "routeNumber": "1", "haltTime": "10:00", "distance": "391", "dayCount": "1", "stnSerialNumber": "6", "boardingDisabled": "false"}, {"stationCode": "UJN", "stationName": "UJJAIN JN", "arrivalTime": "15:15", "departureTime": "15:25", "routeNumber": "1", "haltTime": "10:00", "distance": "487", "dayCount": "1", "stnSerialNumber": "7", "boardingDisabled": "false"}, {"stationCode": "MKC", "stationName": "MAKSI", "arrivalTime": "16:40", "departureTime": "16:42", "routeNumber": "1", "haltTime": "02:00", "distance": "528", "dayCount": "1", "stnSerialNumber": "8", "boardingDisabled": "false"}, {"stationCode": "SFY", "stationName": "SHAJAPUR", "arrivalTime": "17:05", "departureTime": "17:07", "routeNumber": "1", "haltTime": "02:00", "distance": "556", "dayCount": "1", "stnSerialNumber": "9", "boardingDisabled": "false"}, {"stationCode": "PFR", "stationName": "PACHOR ROAD", "arrivalTime": "17:51", "departureTime": "17:53", "routeNumber": "1", "haltTime": "02:00", "distance": "615", "dayCount": "1", "stnSerialNumber": "10", "boardingDisabled": "false"}, {"stationCode": "BRRG", "stationName": "BIYAVRA RAJGARH", "arrivalTime": "18:20", "departureTime": "18:22", "routeNumber": "1", "haltTime": "02:00", "distance": "645", "dayCount": "1", "stnSerialNumber": "11", "boardingDisabled": "false"}, {"stationCode": "RTA", "stationName": "RUTHIYAI", "arrivalTime": "19:15", "departureTime": "19:17", "routeNumber": "1", "haltTime": "02:00", "distance": "722", "dayCount": "1", "stnSerialNumber": "12", "boardingDisabled": "false"}, {"stationCode": "GUNA", "stationName": "GUNA", "arrivalTime": "20:10", "departureTime": "20:20", "routeNumber": "1", "haltTime": "10:00", "distance": "742", "dayCount": "1", "stnSerialNumber": "13", "boardingDisabled": "false"}, {"stationCode": "BDWS", "stationName": "BADARWAS", "arrivalTime": "21:03", "departureTime": "21:05", "routeNumber": "1", "haltTime": "02:00", "distance": "792", "dayCount": "1", "stnSerialNumber": "14", "boardingDisabled": "false"}, {"stationCode": "SVPI", "stationName": "SHIVPURI", "arrivalTime": "22:18", "departureTime": "22:20", "routeNumber": "1", "haltTime": "02:00", "distance": "844", "dayCount": "1", "stnSerialNumber": "15", "boardingDisabled": "false"}, {"stationCode": "GWL", "stationName": "GWALIOR", "arrivalTime": "01:05", "departureTime": "01:10", "routeNumber": "1", "haltTime": "05:00", "distance": "970", "dayCount": "2", "stnSerialNumber": "16", "boardingDisabled": "false"}, {"stationCode": "MLAR", "stationName": "MALANPUR", "arrivalTime": "01:30", "departureTime": "01:32", "routeNumber": "1", "haltTime": "02:00", "distance": "995", "dayCount": "2", "stnSerialNumber": "17", "boardingDisabled": "false"}, {"stationCode": "SONI", "stationName": "SONI", "arrivalTime": "02:00", "departureTime": "02:02", "routeNumber": "1", "haltTime": "02:00", "distance": "1028", "dayCount": "2", "stnSerialNumber": "18", "boardingDisabled": "false"}, {"stationCode": "BIX", "stationName": "BHIND", "arrivalTime": "02:30", "departureTime": "02:32", "routeNumber": "1", "haltTime": "02:00", "distance": "1051", "dayCount": "2", "stnSerialNumber": "19", "boardingDisabled": "false"}, {"stationCode": "ETW", "stationName": "ETAWAH JN", "arrivalTime": "03:38", "departureTime": "03:40", "routeNumber": "1", "haltTime": "02:00", "distance": "1088", "dayCount": "2", "stnSerialNumber": "20", "boardingDisabled": "false"}, {"stationCode": "GOY", "stationName": "GOVINDPURI", "arrivalTime": "05:25", "departureTime": "05:30", "routeNumber": "1", "haltTime": "05:00", "distance": "1224", "dayCount": "2", "stnSerialNumber": "21", "boardingDisabled": "false"}, {"stationCode": "FTP", "stationName": "FATEHPUR", "arrivalTime": "06:28", "departureTime": "06:30", "routeNumber": "1", "haltTime": "02:00", "distance": "1303", "dayCount": "2", "stnSerialNumber": "22", "boardingDisabled": "false"}, {"stationCode": "SFG", "stationName": "SUBEDARGANJ", "arrivalTime": "08:40", "departureTime": "--", "routeNumber": "1", "haltTime": "--", "distance": "1416", "dayCount": "2", "stnSerialNumber": "23", "boardingDisabled": "false"}]}