{"trainNumber": "09129", "trainName": "BRC HW SF SPL", "stationFrom": "BRC", "stationTo": "HW", "trainOwner": "0", "trainRunsOnMon": "N", "trainRunsOnTue": "N", "trainRunsOnWed": "N", "trainRunsOnThu": "N", "trainRunsOnFri": "N", "trainRunsOnSat": "Y", "trainRunsOnSun": "N", "timeStamp": "2023-06-19T15:30:52.901", "duration": "0", "stationList": [{"stationCode": "BRC", "stationName": "VADODARA JN", "arrivalTime": "--", "departureTime": "19:00", "routeNumber": "1", "haltTime": "--", "distance": "0", "dayCount": "1", "stnSerialNumber": "1", "boardingDisabled": "false"}, {"stationCode": "GDA", "stationName": "GODHRA JN", "arrivalTime": "19:58", "departureTime": "20:00", "routeNumber": "1", "haltTime": "02:00", "distance": "74", "dayCount": "1", "stnSerialNumber": "2", "boardingDisabled": "false"}, {"stationCode": "DHD", "stationName": "DAHOD", "arrivalTime": "20:50", "departureTime": "20:52", "routeNumber": "1", "haltTime": "02:00", "distance": "149", "dayCount": "1", "stnSerialNumber": "3", "boardingDisabled": "false"}, {"stationCode": "RTM", "stationName": "RATLAM JN", "arrivalTime": "22:35", "departureTime": "22:45", "routeNumber": "1", "haltTime": "10:00", "distance": "262", "dayCount": "1", "stnSerialNumber": "4", "boardingDisabled": "false"}, {"stationCode": "KOTA", "stationName": "KOTA JN", "arrivalTime": "02:00", "departureTime": "02:10", "routeNumber": "1", "haltTime": "10:00", "distance": "528", "dayCount": "2", "stnSerialNumber": "6", "boardingDisabled": "false"}, {"stationCode": "GGC", "stationName": "GANGAPUR CITY", "arrivalTime": "04:05", "departureTime": "04:10", "routeNumber": "1", "haltTime": "05:00", "distance": "700", "dayCount": "2", "stnSerialNumber": "7", "boardingDisabled": "false"}, {"stationCode": "MTJ", "stationName": "MATHURA JN", "arrivalTime": "06:25", "departureTime": "06:27", "routeNumber": "1", "haltTime": "02:00", "distance": "852", "dayCount": "2", "stnSerialNumber": "8", "boardingDisabled": "false"}, {"stationCode": "NZM", "stationName": "H NIZAMUDDIN", "arrivalTime": "08:35", "departureTime": "08:50", "routeNumber": "1", "haltTime": "15:00", "distance": "986", "dayCount": "2", "stnSerialNumber": "10", "boardingDisabled": "false"}, {"stationCode": "GZB", "stationName": "GHAZIABAD", "arrivalTime": "09:24", "departureTime": "09:26", "routeNumber": "1", "haltTime": "02:00", "distance": "1009", "dayCount": "2", "stnSerialNumber": "11", "boardingDisabled": "false"}, {"stationCode": "MTC", "stationName": "MEERUT CITY", "arrivalTime": "10:16", "departureTime": "10:18", "routeNumber": "1", "haltTime": "02:00", "distance": "1056", "dayCount": "2", "stnSerialNumber": "12", "boardingDisabled": "false"}, {"stationCode": "MOZ", "stationName": "MUZAFFARNAGAR", "arrivalTime": "10:58", "departureTime": "11:00", "routeNumber": "1", "haltTime": "02:00", "distance": "1111", "dayCount": "2", "stnSerialNumber": "13", "boardingDisabled": "false"}, {"stationCode": "TPZ", "stationName": "TAPRI", "arrivalTime": "12:46", "departureTime": "12:48", "routeNumber": "1", "haltTime": "02:00", "distance": "1163", "dayCount": "2", "stnSerialNumber": "14", "boardingDisabled": "false"}, {"stationCode": "RK", "stationName": "ROORKEE", "arrivalTime": "13:24", "departureTime": "13:26", "routeNumber": "1", "haltTime": "02:00", "distance": "1195", "dayCount": "2", "stnSerialNumber": "15", "boardingDisabled": "false"}, {"stationCode": "HW", "stationName": "HARIDWAR JN", "arrivalTime": "14:30", "departureTime": "--", "routeNumber": "1", "haltTime": "--", "distance": "1236", "dayCount": "2", "stnSerialNumber": "16", "boardingDisabled": "false"}]}