{"trainNumber": "09130", "trainName": "HW BRC SF SPL", "stationFrom": "HW", "stationTo": "BRC", "trainOwner": "0", "trainRunsOnMon": "N", "trainRunsOnTue": "N", "trainRunsOnWed": "N", "trainRunsOnThu": "N", "trainRunsOnFri": "N", "trainRunsOnSat": "N", "trainRunsOnSun": "Y", "timeStamp": "2023-06-19T15:31:18.516", "duration": "0", "stationList": [{"stationCode": "HW", "stationName": "HARIDWAR JN", "arrivalTime": "--", "departureTime": "17:20", "routeNumber": "1", "haltTime": "--", "distance": "0", "dayCount": "1", "stnSerialNumber": "1", "boardingDisabled": "false"}, {"stationCode": "RK", "stationName": "ROORKEE", "arrivalTime": "18:00", "departureTime": "18:02", "routeNumber": "1", "haltTime": "02:00", "distance": "42", "dayCount": "1", "stnSerialNumber": "2", "boardingDisabled": "false"}, {"stationCode": "TPZ", "stationName": "TAPRI", "arrivalTime": "18:58", "departureTime": "19:00", "routeNumber": "1", "haltTime": "02:00", "distance": "74", "dayCount": "1", "stnSerialNumber": "3", "boardingDisabled": "false"}, {"stationCode": "MOZ", "stationName": "MUZAFFARNAGAR", "arrivalTime": "19:35", "departureTime": "19:37", "routeNumber": "1", "haltTime": "02:00", "distance": "125", "dayCount": "1", "stnSerialNumber": "4", "boardingDisabled": "false"}, {"stationCode": "MTC", "stationName": "MEERUT CITY", "arrivalTime": "20:15", "departureTime": "20:17", "routeNumber": "1", "haltTime": "02:00", "distance": "181", "dayCount": "1", "stnSerialNumber": "5", "boardingDisabled": "false"}, {"stationCode": "GZB", "stationName": "GHAZIABAD", "arrivalTime": "21:18", "departureTime": "21:20", "routeNumber": "1", "haltTime": "02:00", "distance": "228", "dayCount": "1", "stnSerialNumber": "6", "boardingDisabled": "false"}, {"stationCode": "NZM", "stationName": "H NIZAMUDDIN", "arrivalTime": "22:00", "departureTime": "22:15", "routeNumber": "1", "haltTime": "15:00", "distance": "251", "dayCount": "1", "stnSerialNumber": "7", "boardingDisabled": "false"}, {"stationCode": "MTJ", "stationName": "MATHURA JN", "arrivalTime": "00:08", "departureTime": "00:10", "routeNumber": "1", "haltTime": "02:00", "distance": "384", "dayCount": "2", "stnSerialNumber": "9", "boardingDisabled": "false"}, {"stationCode": "GGC", "stationName": "GANGAPUR CITY", "arrivalTime": "01:40", "departureTime": "01:45", "routeNumber": "1", "haltTime": "05:00", "distance": "537", "dayCount": "2", "stnSerialNumber": "10", "boardingDisabled": "false"}, {"stationCode": "KOTA", "stationName": "KOTA JN", "arrivalTime": "03:40", "departureTime": "03:50", "routeNumber": "1", "haltTime": "10:00", "distance": "708", "dayCount": "2", "stnSerialNumber": "11", "boardingDisabled": "false"}, {"stationCode": "RTM", "stationName": "RATLAM JN", "arrivalTime": "07:00", "departureTime": "07:10", "routeNumber": "1", "haltTime": "10:00", "distance": "974", "dayCount": "2", "stnSerialNumber": "13", "boardingDisabled": "false"}, {"stationCode": "DHD", "stationName": "DAHOD", "arrivalTime": "08:48", "departureTime": "08:50", "routeNumber": "1", "haltTime": "02:00", "distance": "1088", "dayCount": "2", "stnSerialNumber": "14", "boardingDisabled": "false"}, {"stationCode": "GDA", "stationName": "GODHRA JN", "arrivalTime": "10:10", "departureTime": "10:12", "routeNumber": "1", "haltTime": "02:00", "distance": "1162", "dayCount": "2", "stnSerialNumber": "15", "boardingDisabled": "false"}, {"stationCode": "BRC", "stationName": "VADODARA JN", "arrivalTime": "11:25", "departureTime": "--", "routeNumber": "1", "haltTime": "--", "distance": "1236", "dayCount": "2", "stnSerialNumber": "16", "boardingDisabled": "false"}]}