{"trainNumber": "09183", "trainName": "MMCT BANARAS SPL", "stationFrom": "MMCT", "stationTo": "BSBS", "trainOwner": "0", "trainRunsOnMon": "N", "trainRunsOnTue": "N", "trainRunsOnWed": "Y", "trainRunsOnThu": "N", "trainRunsOnFri": "N", "trainRunsOnSat": "N", "trainRunsOnSun": "N", "timeStamp": "2023-06-19T15:30:18.958", "duration": "0", "stationList": [{"stationCode": "MMCT", "stationName": "MUMBAI CENTRAL", "arrivalTime": "--", "departureTime": "22:50", "routeNumber": "1", "haltTime": "--", "distance": "0", "dayCount": "1", "stnSerialNumber": "1", "boardingDisabled": "false"}, {"stationCode": "BVI", "stationName": "BORIVALI", "arrivalTime": "23:26", "departureTime": "23:28", "routeNumber": "1", "haltTime": "02:00", "distance": "30", "dayCount": "1", "stnSerialNumber": "2", "boardingDisabled": "false"}, {"stationCode": "VAPI", "stationName": "VAPI", "arrivalTime": "01:03", "departureTime": "01:05", "routeNumber": "1", "haltTime": "02:00", "distance": "170", "dayCount": "2", "stnSerialNumber": "3", "boardingDisabled": "false"}, {"stationCode": "ST", "stationName": "SURAT", "arrivalTime": "03:26", "departureTime": "03:29", "routeNumber": "1", "haltTime": "03:00", "distance": "263", "dayCount": "2", "stnSerialNumber": "5", "boardingDisabled": "false"}, {"stationCode": "BRC", "stationName": "VADODARA JN", "arrivalTime": "05:05", "departureTime": "05:15", "routeNumber": "1", "haltTime": "10:00", "distance": "392", "dayCount": "2", "stnSerialNumber": "6", "boardingDisabled": "false"}, {"stationCode": "RTM", "stationName": "RATLAM JN", "arrivalTime": "08:40", "departureTime": "08:50", "routeNumber": "1", "haltTime": "10:00", "distance": "653", "dayCount": "2", "stnSerialNumber": "8", "boardingDisabled": "false"}, {"stationCode": "KOTA", "stationName": "KOTA JN", "arrivalTime": "12:10", "departureTime": "12:20", "routeNumber": "1", "haltTime": "10:00", "distance": "920", "dayCount": "2", "stnSerialNumber": "10", "boardingDisabled": "false"}, {"stationCode": "SWM", "stationName": "SAWAI MADHOPUR", "arrivalTime": "13:38", "departureTime": "13:40", "routeNumber": "1", "haltTime": "02:00", "distance": "1027", "dayCount": "2", "stnSerialNumber": "11", "boardingDisabled": "false"}, {"stationCode": "GGC", "stationName": "GANGAPUR CITY", "arrivalTime": "14:30", "departureTime": "14:33", "routeNumber": "1", "haltTime": "03:00", "distance": "1091", "dayCount": "2", "stnSerialNumber": "12", "boardingDisabled": "false"}, {"stationCode": "BTE", "stationName": "BHARATPUR JN", "arrivalTime": "16:40", "departureTime": "16:42", "routeNumber": "1", "haltTime": "02:00", "distance": "1210", "dayCount": "2", "stnSerialNumber": "13", "boardingDisabled": "false"}, {"stationCode": "AH", "stationName": "ACHHNERA JN", "arrivalTime": "17:03", "departureTime": "17:05", "routeNumber": "1", "haltTime": "02:00", "distance": "1237", "dayCount": "2", "stnSerialNumber": "14", "boardingDisabled": "false"}, {"stationCode": "AF", "stationName": "AGRA FORT", "arrivalTime": "17:45", "departureTime": "17:50", "routeNumber": "1", "haltTime": "05:00", "distance": "1264", "dayCount": "2", "stnSerialNumber": "15", "boardingDisabled": "false"}, {"stationCode": "TDL", "stationName": "TUNDLA JN", "arrivalTime": "19:20", "departureTime": "19:25", "routeNumber": "1", "haltTime": "05:00", "distance": "1286", "dayCount": "2", "stnSerialNumber": "16", "boardingDisabled": "false"}, {"stationCode": "SKB", "stationName": "SHIKOHABAD JN", "arrivalTime": "20:15", "departureTime": "20:17", "routeNumber": "1", "haltTime": "02:00", "distance": "1323", "dayCount": "2", "stnSerialNumber": "17", "boardingDisabled": "false"}, {"stationCode": "MNQ", "stationName": "MAINPURI JN", "arrivalTime": "21:05", "departureTime": "21:07", "routeNumber": "1", "haltTime": "02:00", "distance": "1370", "dayCount": "2", "stnSerialNumber": "18", "boardingDisabled": "false"}, {"stationCode": "BGQ", "stationName": "BHONGAON", "arrivalTime": "21:25", "departureTime": "21:27", "routeNumber": "1", "haltTime": "02:00", "distance": "1384", "dayCount": "2", "stnSerialNumber": "19", "boardingDisabled": "false"}, {"stationCode": "FBD", "stationName": "FARRUKHABAD", "arrivalTime": "22:40", "departureTime": "23:15", "routeNumber": "1", "haltTime": "35:00", "distance": "1429", "dayCount": "2", "stnSerialNumber": "20", "boardingDisabled": "false"}, {"stationCode": "KJN", "stationName": "KANNAUJ", "arrivalTime": "00:10", "departureTime": "00:15", "routeNumber": "1", "haltTime": "05:00", "distance": "1488", "dayCount": "3", "stnSerialNumber": "21", "boardingDisabled": "false"}, {"stationCode": "CNB", "stationName": "KANPUR CENTRAL", "arrivalTime": "02:20", "departureTime": "02:25", "routeNumber": "1", "haltTime": "05:00", "distance": "1568", "dayCount": "3", "stnSerialNumber": "23", "boardingDisabled": "false"}, {"stationCode": "LKO", "stationName": "LUCKNOW NR", "arrivalTime": "04:15", "departureTime": "04:25", "routeNumber": "1", "haltTime": "10:00", "distance": "1642", "dayCount": "3", "stnSerialNumber": "24", "boardingDisabled": "false"}, {"stationCode": "RBL", "stationName": "RAE BARELI JN", "arrivalTime": "05:50", "departureTime": "05:55", "routeNumber": "1", "haltTime": "05:00", "distance": "1720", "dayCount": "3", "stnSerialNumber": "25", "boardingDisabled": "false"}, {"stationCode": "AME", "stationName": "AMETHI", "arrivalTime": "06:50", "departureTime": "06:52", "routeNumber": "1", "haltTime": "02:00", "distance": "1780", "dayCount": "3", "stnSerialNumber": "26", "boardingDisabled": "false"}, {"stationCode": "PBH", "stationName": "PARTAPGARH JN", "arrivalTime": "07:30", "departureTime": "07:35", "routeNumber": "1", "haltTime": "05:00", "distance": "1815", "dayCount": "3", "stnSerialNumber": "27", "boardingDisabled": "false"}, {"stationCode": "JNH", "stationName": "JANGHAI JN", "arrivalTime": "08:30", "departureTime": "08:32", "routeNumber": "1", "haltTime": "02:00", "distance": "1868", "dayCount": "3", "stnSerialNumber": "28", "boardingDisabled": "false"}, {"stationCode": "BOY", "stationName": "BHADOHI", "arrivalTime": "09:00", "departureTime": "09:02", "routeNumber": "1", "haltTime": "02:00", "distance": "1898", "dayCount": "3", "stnSerialNumber": "29", "boardingDisabled": "false"}, {"stationCode": "BSBS", "stationName": "BANARAS", "arrivalTime": "10:30", "departureTime": "--", "routeNumber": "1", "haltTime": "--", "distance": "1947", "dayCount": "3", "stnSerialNumber": "30", "boardingDisabled": "false"}]}