{"trainNumber": "09184", "trainName": "BSBS MMCT SPL", "stationFrom": "BSBS", "stationTo": "MMCT", "trainOwner": "0", "trainRunsOnMon": "N", "trainRunsOnTue": "N", "trainRunsOnWed": "N", "trainRunsOnThu": "N", "trainRunsOnFri": "Y", "trainRunsOnSat": "N", "trainRunsOnSun": "N", "timeStamp": "2023-06-19T15:30:18.942", "duration": "0", "stationList": [{"stationCode": "BSBS", "stationName": "BANARAS", "arrivalTime": "--", "departureTime": "14:30", "routeNumber": "1", "haltTime": "--", "distance": "0", "dayCount": "1", "stnSerialNumber": "1", "boardingDisabled": "false"}, {"stationCode": "BOY", "stationName": "BHADOHI", "arrivalTime": "15:15", "departureTime": "15:17", "routeNumber": "1", "haltTime": "02:00", "distance": "49", "dayCount": "1", "stnSerialNumber": "2", "boardingDisabled": "false"}, {"stationCode": "JNH", "stationName": "JANGHAI JN", "arrivalTime": "15:42", "departureTime": "15:44", "routeNumber": "1", "haltTime": "02:00", "distance": "79", "dayCount": "1", "stnSerialNumber": "3", "boardingDisabled": "false"}, {"stationCode": "PBH", "stationName": "PARTAPGARH JN", "arrivalTime": "17:10", "departureTime": "17:15", "routeNumber": "1", "haltTime": "05:00", "distance": "132", "dayCount": "1", "stnSerialNumber": "4", "boardingDisabled": "false"}, {"stationCode": "AME", "stationName": "AMETHI", "arrivalTime": "17:46", "departureTime": "17:48", "routeNumber": "1", "haltTime": "02:00", "distance": "167", "dayCount": "1", "stnSerialNumber": "5", "boardingDisabled": "false"}, {"stationCode": "RBL", "stationName": "RAE BARELI JN", "arrivalTime": "18:40", "departureTime": "18:45", "routeNumber": "1", "haltTime": "05:00", "distance": "227", "dayCount": "1", "stnSerialNumber": "6", "boardingDisabled": "false"}, {"stationCode": "LKO", "stationName": "LUCKNOW NR", "arrivalTime": "21:15", "departureTime": "21:25", "routeNumber": "1", "haltTime": "10:00", "distance": "305", "dayCount": "1", "stnSerialNumber": "7", "boardingDisabled": "false"}, {"stationCode": "CNB", "stationName": "KANPUR CENTRAL", "arrivalTime": "22:15", "departureTime": "22:20", "routeNumber": "1", "haltTime": "05:00", "distance": "379", "dayCount": "1", "stnSerialNumber": "8", "boardingDisabled": "false"}, {"stationCode": "KJN", "stationName": "KANNAUJ", "arrivalTime": "00:55", "departureTime": "01:00", "routeNumber": "1", "haltTime": "05:00", "distance": "459", "dayCount": "2", "stnSerialNumber": "10", "boardingDisabled": "false"}, {"stationCode": "FBD", "stationName": "FARRUKHABAD", "arrivalTime": "02:30", "departureTime": "03:00", "routeNumber": "1", "haltTime": "30:00", "distance": "518", "dayCount": "2", "stnSerialNumber": "11", "boardingDisabled": "false"}, {"stationCode": "BGQ", "stationName": "BHONGAON", "arrivalTime": "03:48", "departureTime": "03:50", "routeNumber": "1", "haltTime": "02:00", "distance": "563", "dayCount": "2", "stnSerialNumber": "12", "boardingDisabled": "false"}, {"stationCode": "MNQ", "stationName": "MAINPURI JN", "arrivalTime": "04:10", "departureTime": "04:12", "routeNumber": "1", "haltTime": "02:00", "distance": "577", "dayCount": "2", "stnSerialNumber": "13", "boardingDisabled": "false"}, {"stationCode": "SKB", "stationName": "SHIKOHABAD JN", "arrivalTime": "05:10", "departureTime": "05:12", "routeNumber": "1", "haltTime": "02:00", "distance": "624", "dayCount": "2", "stnSerialNumber": "14", "boardingDisabled": "false"}, {"stationCode": "TDL", "stationName": "TUNDLA JN", "arrivalTime": "06:50", "departureTime": "06:52", "routeNumber": "1", "haltTime": "02:00", "distance": "661", "dayCount": "2", "stnSerialNumber": "15", "boardingDisabled": "false"}, {"stationCode": "AF", "stationName": "AGRA FORT", "arrivalTime": "07:35", "departureTime": "07:40", "routeNumber": "1", "haltTime": "05:00", "distance": "683", "dayCount": "2", "stnSerialNumber": "16", "boardingDisabled": "false"}, {"stationCode": "AH", "stationName": "ACHHNERA JN", "arrivalTime": "08:35", "departureTime": "09:00", "routeNumber": "1", "haltTime": "25:00", "distance": "710", "dayCount": "2", "stnSerialNumber": "17", "boardingDisabled": "false"}, {"stationCode": "BTE", "stationName": "BHARATPUR JN", "arrivalTime": "10:00", "departureTime": "10:02", "routeNumber": "1", "haltTime": "02:00", "distance": "737", "dayCount": "2", "stnSerialNumber": "18", "boardingDisabled": "false"}, {"stationCode": "GGC", "stationName": "GANGAPUR CITY", "arrivalTime": "11:25", "departureTime": "11:30", "routeNumber": "1", "haltTime": "05:00", "distance": "856", "dayCount": "2", "stnSerialNumber": "19", "boardingDisabled": "false"}, {"stationCode": "SWM", "stationName": "SAWAI MADHOPUR", "arrivalTime": "12:18", "departureTime": "12:20", "routeNumber": "1", "haltTime": "02:00", "distance": "920", "dayCount": "2", "stnSerialNumber": "20", "boardingDisabled": "false"}, {"stationCode": "KOTA", "stationName": "KOTA JN", "arrivalTime": "13:40", "departureTime": "13:50", "routeNumber": "1", "haltTime": "10:00", "distance": "1027", "dayCount": "2", "stnSerialNumber": "21", "boardingDisabled": "false"}, {"stationCode": "RTM", "stationName": "RATLAM JN", "arrivalTime": "17:45", "departureTime": "17:55", "routeNumber": "1", "haltTime": "10:00", "distance": "1294", "dayCount": "2", "stnSerialNumber": "23", "boardingDisabled": "false"}, {"stationCode": "BRC", "stationName": "VADODARA JN", "arrivalTime": "21:44", "departureTime": "21:54", "routeNumber": "1", "haltTime": "10:00", "distance": "1555", "dayCount": "2", "stnSerialNumber": "25", "boardingDisabled": "false"}, {"stationCode": "ST", "stationName": "SURAT", "arrivalTime": "23:39", "departureTime": "23:44", "routeNumber": "1", "haltTime": "05:00", "distance": "1684", "dayCount": "2", "stnSerialNumber": "26", "boardingDisabled": "false"}, {"stationCode": "VAPI", "stationName": "VAPI", "arrivalTime": "01:08", "departureTime": "01:10", "routeNumber": "1", "haltTime": "02:00", "distance": "1777", "dayCount": "3", "stnSerialNumber": "28", "boardingDisabled": "false"}, {"stationCode": "BVI", "stationName": "BORIVALI", "arrivalTime": "03:36", "departureTime": "03:39", "routeNumber": "1", "haltTime": "03:00", "distance": "1917", "dayCount": "3", "stnSerialNumber": "29", "boardingDisabled": "false"}, {"stationCode": "MMCT", "stationName": "MUMBAI CENTRAL", "arrivalTime": "04:35", "departureTime": "--", "routeNumber": "1", "haltTime": "--", "distance": "1947", "dayCount": "3", "stnSerialNumber": "30", "boardingDisabled": "false"}]}