{"trainNumber": "09186", "trainName": "CPA MMCT SF HSP", "stationFrom": "CPA", "stationTo": "MMCT", "trainOwner": "0", "trainRunsOnMon": "N", "trainRunsOnTue": "N", "trainRunsOnWed": "N", "trainRunsOnThu": "N", "trainRunsOnFri": "N", "trainRunsOnSat": "N", "trainRunsOnSun": "Y", "timeStamp": "2023-06-19T15:30:18.878", "duration": "0", "stationList": [{"stationCode": "CPA", "stationName": "KANPUR ANWRGANJ", "arrivalTime": "--", "departureTime": "18:40", "routeNumber": "1", "haltTime": "--", "distance": "0", "dayCount": "1", "stnSerialNumber": "1", "boardingDisabled": "false"}, {"stationCode": "BLU", "stationName": "BILHAUR", "arrivalTime": "19:20", "departureTime": "19:22", "routeNumber": "1", "haltTime": "02:00", "distance": "53", "dayCount": "1", "stnSerialNumber": "2", "boardingDisabled": "false"}, {"stationCode": "KJN", "stationName": "KANNAUJ", "arrivalTime": "19:50", "departureTime": "19:55", "routeNumber": "1", "haltTime": "05:00", "distance": "79", "dayCount": "1", "stnSerialNumber": "3", "boardingDisabled": "false"}, {"stationCode": "FBD", "stationName": "FARRUKHABAD", "arrivalTime": "21:15", "departureTime": "21:20", "routeNumber": "1", "haltTime": "05:00", "distance": "137", "dayCount": "1", "stnSerialNumber": "4", "boardingDisabled": "false"}, {"stationCode": "KSJ", "stationName": "KASGANJ", "arrivalTime": "22:50", "departureTime": "23:00", "routeNumber": "1", "haltTime": "10:00", "distance": "245", "dayCount": "1", "stnSerialNumber": "5", "boardingDisabled": "false"}, {"stationCode": "HTC", "stationName": "HATHRAS CITY", "arrivalTime": "23:48", "departureTime": "23:50", "routeNumber": "1", "haltTime": "02:00", "distance": "308", "dayCount": "1", "stnSerialNumber": "7", "boardingDisabled": "false"}, {"stationCode": "MRT", "stationName": "MATHURA CANT", "arrivalTime": "00:58", "departureTime": "01:00", "routeNumber": "1", "haltTime": "02:00", "distance": "348", "dayCount": "2", "stnSerialNumber": "8", "boardingDisabled": "false"}, {"stationCode": "MTJ", "stationName": "MATHURA JN", "arrivalTime": "01:20", "departureTime": "01:25", "routeNumber": "1", "haltTime": "05:00", "distance": "350", "dayCount": "2", "stnSerialNumber": "9", "boardingDisabled": "false"}, {"stationCode": "AH", "stationName": "ACHHNERA JN", "arrivalTime": "02:25", "departureTime": "02:35", "routeNumber": "1", "haltTime": "10:00", "distance": "385", "dayCount": "2", "stnSerialNumber": "10", "boardingDisabled": "false"}, {"stationCode": "BTE", "stationName": "BHARATPUR JN", "arrivalTime": "03:08", "departureTime": "03:10", "routeNumber": "1", "haltTime": "02:00", "distance": "412", "dayCount": "2", "stnSerialNumber": "11", "boardingDisabled": "false"}, {"stationCode": "GGC", "stationName": "GANGAPUR CITY", "arrivalTime": "04:30", "departureTime": "04:35", "routeNumber": "1", "haltTime": "05:00", "distance": "531", "dayCount": "2", "stnSerialNumber": "12", "boardingDisabled": "false"}, {"stationCode": "KOTA", "stationName": "KOTA JN", "arrivalTime": "06:35", "departureTime": "06:40", "routeNumber": "1", "haltTime": "05:00", "distance": "703", "dayCount": "2", "stnSerialNumber": "13", "boardingDisabled": "false"}, {"stationCode": "RTM", "stationName": "RATLAM JN", "arrivalTime": "10:30", "departureTime": "10:40", "routeNumber": "1", "haltTime": "10:00", "distance": "969", "dayCount": "2", "stnSerialNumber": "14", "boardingDisabled": "false"}, {"stationCode": "BRC", "stationName": "VADODARA JN", "arrivalTime": "14:45", "departureTime": "14:50", "routeNumber": "1", "haltTime": "05:00", "distance": "1231", "dayCount": "2", "stnSerialNumber": "15", "boardingDisabled": "false"}, {"stationCode": "ST", "stationName": "SURAT", "arrivalTime": "16:30", "departureTime": "16:35", "routeNumber": "1", "haltTime": "05:00", "distance": "1359", "dayCount": "2", "stnSerialNumber": "16", "boardingDisabled": "false"}, {"stationCode": "VAPI", "stationName": "VAPI", "arrivalTime": "17:52", "departureTime": "17:54", "routeNumber": "1", "haltTime": "02:00", "distance": "1452", "dayCount": "2", "stnSerialNumber": "17", "boardingDisabled": "false"}, {"stationCode": "BVI", "stationName": "BORIVALI", "arrivalTime": "21:38", "departureTime": "21:40", "routeNumber": "1", "haltTime": "02:00", "distance": "1592", "dayCount": "2", "stnSerialNumber": "18", "boardingDisabled": "false"}, {"stationCode": "MMCT", "stationName": "MUMBAI CENTRAL", "arrivalTime": "22:30", "departureTime": "--", "routeNumber": "1", "haltTime": "--", "distance": "1622", "dayCount": "2", "stnSerialNumber": "19", "boardingDisabled": "false"}]}