{"trainNumber": "09208", "trainName": "BVC BDTS SPL", "stationFrom": "BVC", "stationTo": "BDTS", "trainOwner": "0", "trainRunsOnMon": "N", "trainRunsOnTue": "N", "trainRunsOnWed": "N", "trainRunsOnThu": "Y", "trainRunsOnFri": "N", "trainRunsOnSat": "N", "trainRunsOnSun": "N", "timeStamp": "2023-06-19T15:31:25.884", "duration": "0", "stationList": [{"stationCode": "BVC", "stationName": "BHAVNAGAR TRMUS", "arrivalTime": "--", "departureTime": "14:50", "routeNumber": "1", "haltTime": "--", "distance": "0", "dayCount": "1", "stnSerialNumber": "1", "boardingDisabled": "false"}, {"stationCode": "BVP", "stationName": "BHAVANAGAR PARA", "arrivalTime": "14:59", "departureTime": "15:00", "routeNumber": "1", "haltTime": "01:00", "distance": "3", "dayCount": "1", "stnSerialNumber": "2", "boardingDisabled": "false"}, {"stationCode": "SGD", "stationName": "SONGADH", "arrivalTime": "15:27", "departureTime": "15:29", "routeNumber": "1", "haltTime": "02:00", "distance": "28", "dayCount": "1", "stnSerialNumber": "3", "boardingDisabled": "false"}, {"stationCode": "DLJ", "stationName": "DHOLA JN", "arrivalTime": "15:46", "departureTime": "15:48", "routeNumber": "1", "haltTime": "02:00", "distance": "49", "dayCount": "1", "stnSerialNumber": "4", "boardingDisabled": "false"}, {"stationCode": "BTD", "stationName": "BOTAD JN", "arrivalTime": "16:32", "departureTime": "16:34", "routeNumber": "1", "haltTime": "02:00", "distance": "92", "dayCount": "1", "stnSerialNumber": "5", "boardingDisabled": "false"}, {"stationCode": "SRGT", "stationName": "SURENDRANAGAR G", "arrivalTime": "18:00", "departureTime": "18:01", "routeNumber": "1", "haltTime": "01:00", "distance": "167", "dayCount": "1", "stnSerialNumber": "6", "boardingDisabled": "false"}, {"stationCode": "ADI", "stationName": "AHMEDABAD JN", "arrivalTime": "21:05", "departureTime": "21:25", "routeNumber": "1", "haltTime": "20:00", "distance": "298", "dayCount": "1", "stnSerialNumber": "7", "boardingDisabled": "false"}, {"stationCode": "ND", "stationName": "NADIAD JN", "arrivalTime": "22:17", "departureTime": "22:19", "routeNumber": "1", "haltTime": "02:00", "distance": "343", "dayCount": "1", "stnSerialNumber": "8", "boardingDisabled": "false"}, {"stationCode": "BRC", "stationName": "VADODARA JN", "arrivalTime": "22:58", "departureTime": "23:02", "routeNumber": "1", "haltTime": "04:00", "distance": "397", "dayCount": "1", "stnSerialNumber": "9", "boardingDisabled": "false"}, {"stationCode": "ST", "stationName": "SURAT", "arrivalTime": "01:12", "departureTime": "01:17", "routeNumber": "1", "haltTime": "05:00", "distance": "526", "dayCount": "2", "stnSerialNumber": "10", "boardingDisabled": "false"}, {"stationCode": "VAPI", "stationName": "VAPI", "arrivalTime": "02:38", "departureTime": "02:40", "routeNumber": "1", "haltTime": "02:00", "distance": "619", "dayCount": "2", "stnSerialNumber": "11", "boardingDisabled": "false"}, {"stationCode": "BVI", "stationName": "BORIVALI", "arrivalTime": "05:28", "departureTime": "05:30", "routeNumber": "1", "haltTime": "02:00", "distance": "759", "dayCount": "2", "stnSerialNumber": "12", "boardingDisabled": "false"}, {"stationCode": "BDTS", "stationName": "BANDRA TERMINUS", "arrivalTime": "06:00", "departureTime": "--", "routeNumber": "1", "haltTime": "--", "distance": "778", "dayCount": "2", "stnSerialNumber": "13", "boardingDisabled": "false"}]}