{"trainNumber": "09207", "trainName": "BDTS BVC SPL", "stationFrom": "BDTS", "stationTo": "BVC", "trainOwner": "0", "trainRunsOnMon": "N", "trainRunsOnTue": "N", "trainRunsOnWed": "N", "trainRunsOnThu": "N", "trainRunsOnFri": "Y", "trainRunsOnSat": "N", "trainRunsOnSun": "N", "timeStamp": "2023-06-19T15:31:25.892", "duration": "0", "stationList": [{"stationCode": "BDTS", "stationName": "BANDRA TERMINUS", "arrivalTime": "--", "departureTime": "09:00", "routeNumber": "1", "haltTime": "--", "distance": "0", "dayCount": "1", "stnSerialNumber": "1", "boardingDisabled": "false"}, {"stationCode": "BVI", "stationName": "BORIVALI", "arrivalTime": "09:38", "departureTime": "09:41", "routeNumber": "1", "haltTime": "03:00", "distance": "19", "dayCount": "1", "stnSerialNumber": "2", "boardingDisabled": "false"}, {"stationCode": "VAPI", "stationName": "VAPI", "arrivalTime": "11:06", "departureTime": "11:08", "routeNumber": "1", "haltTime": "02:00", "distance": "159", "dayCount": "1", "stnSerialNumber": "3", "boardingDisabled": "false"}, {"stationCode": "ST", "stationName": "SURAT", "arrivalTime": "14:00", "departureTime": "14:05", "routeNumber": "1", "haltTime": "05:00", "distance": "252", "dayCount": "1", "stnSerialNumber": "4", "boardingDisabled": "false"}, {"stationCode": "BRC", "stationName": "VADODARA JN", "arrivalTime": "15:53", "departureTime": "15:58", "routeNumber": "1", "haltTime": "05:00", "distance": "381", "dayCount": "1", "stnSerialNumber": "5", "boardingDisabled": "false"}, {"stationCode": "ND", "stationName": "NADIAD JN", "arrivalTime": "16:48", "departureTime": "16:50", "routeNumber": "1", "haltTime": "02:00", "distance": "435", "dayCount": "1", "stnSerialNumber": "6", "boardingDisabled": "false"}, {"stationCode": "ADI", "stationName": "AHMEDABAD JN", "arrivalTime": "18:10", "departureTime": "18:30", "routeNumber": "1", "haltTime": "20:00", "distance": "481", "dayCount": "1", "stnSerialNumber": "7", "boardingDisabled": "false"}, {"stationCode": "SRGT", "stationName": "SURENDRANAGAR G", "arrivalTime": "20:40", "departureTime": "20:42", "routeNumber": "1", "haltTime": "02:00", "distance": "611", "dayCount": "1", "stnSerialNumber": "8", "boardingDisabled": "false"}, {"stationCode": "BTD", "stationName": "BOTAD JN", "arrivalTime": "21:47", "departureTime": "21:52", "routeNumber": "1", "haltTime": "05:00", "distance": "686", "dayCount": "1", "stnSerialNumber": "9", "boardingDisabled": "false"}, {"stationCode": "DLJ", "stationName": "DHOLA JN", "arrivalTime": "22:31", "departureTime": "22:32", "routeNumber": "1", "haltTime": "01:00", "distance": "729", "dayCount": "1", "stnSerialNumber": "10", "boardingDisabled": "false"}, {"stationCode": "SGD", "stationName": "SONGADH", "arrivalTime": "23:00", "departureTime": "23:01", "routeNumber": "1", "haltTime": "01:00", "distance": "750", "dayCount": "1", "stnSerialNumber": "11", "boardingDisabled": "false"}, {"stationCode": "BVP", "stationName": "BHAVANAGAR PARA", "arrivalTime": "23:22", "departureTime": "23:23", "routeNumber": "1", "haltTime": "01:00", "distance": "775", "dayCount": "1", "stnSerialNumber": "12", "boardingDisabled": "false"}, {"stationCode": "BVC", "stationName": "BHAVNAGAR TRMUS", "arrivalTime": "23:45", "departureTime": "--", "routeNumber": "1", "haltTime": "--", "distance": "778", "dayCount": "1", "stnSerialNumber": "13", "boardingDisabled": "false"}]}