{"trainNumber": "09324", "trainName": "INDB PUNE SPL", "stationFrom": "INDB", "stationTo": "PUNE", "trainOwner": "0", "trainRunsOnMon": "N", "trainRunsOnTue": "N", "trainRunsOnWed": "N", "trainRunsOnThu": "Y", "trainRunsOnFri": "N", "trainRunsOnSat": "N", "trainRunsOnSun": "N", "timeStamp": "2023-06-19T15:31:32.657", "duration": "0", "stationList": [{"stationCode": "INDB", "stationName": "INDORE JN BG", "arrivalTime": "--", "departureTime": "11:15", "routeNumber": "1", "haltTime": "--", "distance": "0", "dayCount": "1", "stnSerialNumber": "1", "boardingDisabled": "false"}, {"stationCode": "DWX", "stationName": "DEWAS", "arrivalTime": "11:50", "departureTime": "11:52", "routeNumber": "1", "haltTime": "02:00", "distance": "39", "dayCount": "1", "stnSerialNumber": "2", "boardingDisabled": "false"}, {"stationCode": "UJN", "stationName": "UJJAIN JN", "arrivalTime": "12:40", "departureTime": "12:45", "routeNumber": "1", "haltTime": "05:00", "distance": "80", "dayCount": "1", "stnSerialNumber": "3", "boardingDisabled": "false"}, {"stationCode": "NAD", "stationName": "NAGDA JN", "arrivalTime": "14:15", "departureTime": "14:20", "routeNumber": "1", "haltTime": "05:00", "distance": "135", "dayCount": "1", "stnSerialNumber": "4", "boardingDisabled": "false"}, {"stationCode": "RTM", "stationName": "RATLAM JN", "arrivalTime": "15:00", "departureTime": "15:05", "routeNumber": "1", "haltTime": "05:00", "distance": "176", "dayCount": "1", "stnSerialNumber": "5", "boardingDisabled": "false"}, {"stationCode": "GDA", "stationName": "GODHRA JN", "arrivalTime": "17:40", "departureTime": "17:42", "routeNumber": "1", "haltTime": "02:00", "distance": "364", "dayCount": "1", "stnSerialNumber": "6", "boardingDisabled": "false"}, {"stationCode": "BRC", "stationName": "VADODARA JN", "arrivalTime": "18:30", "departureTime": "18:35", "routeNumber": "1", "haltTime": "05:00", "distance": "438", "dayCount": "1", "stnSerialNumber": "7", "boardingDisabled": "false"}, {"stationCode": "ST", "stationName": "SURAT", "arrivalTime": "20:16", "departureTime": "20:21", "routeNumber": "1", "haltTime": "05:00", "distance": "567", "dayCount": "1", "stnSerialNumber": "8", "boardingDisabled": "false"}, {"stationCode": "BL", "stationName": "VALSAD", "arrivalTime": "21:12", "departureTime": "21:14", "routeNumber": "1", "haltTime": "02:00", "distance": "635", "dayCount": "1", "stnSerialNumber": "9", "boardingDisabled": "false"}, {"stationCode": "VAPI", "stationName": "VAPI", "arrivalTime": "21:35", "departureTime": "21:37", "routeNumber": "1", "haltTime": "02:00", "distance": "659", "dayCount": "1", "stnSerialNumber": "10", "boardingDisabled": "false"}, {"stationCode": "BSR", "stationName": "VASAI ROAD", "arrivalTime": "22:55", "departureTime": "23:00", "routeNumber": "1", "haltTime": "05:00", "distance": "782", "dayCount": "1", "stnSerialNumber": "11", "boardingDisabled": "false"}, {"stationCode": "KYN", "stationName": "KALYAN JN", "arrivalTime": "00:17", "departureTime": "00:20", "routeNumber": "1", "haltTime": "03:00", "distance": "834", "dayCount": "2", "stnSerialNumber": "12", "boardingDisabled": "false"}, {"stationCode": "LNL", "stationName": "LONAVALA", "arrivalTime": "02:00", "departureTime": "02:03", "routeNumber": "1", "haltTime": "03:00", "distance": "908", "dayCount": "2", "stnSerialNumber": "13", "boardingDisabled": "false"}, {"stationCode": "PUNE", "stationName": "PUNE JN", "arrivalTime": "03:10", "departureTime": "--", "routeNumber": "1", "haltTime": "--", "distance": "972", "dayCount": "2", "stnSerialNumber": "14", "boardingDisabled": "false"}]}{"trainNumber": "09324", "trainName": "INDB PUNE SPL", "stationFrom": "INDB", "stationTo": "PUNE", "trainOwner": "0", "trainRunsOnMon": "N", "trainRunsOnTue": "N", "trainRunsOnWed": "N", "trainRunsOnThu": "Y", "trainRunsOnFri": "N", "trainRunsOnSat": "N", "trainRunsOnSun": "N", "timeStamp": "2023-06-19T15:31:34.957", "duration": "0", "stationList": [{"stationCode": "INDB", "stationName": "INDORE JN BG", "arrivalTime": "--", "departureTime": "11:15", "routeNumber": "1", "haltTime": "--", "distance": "0", "dayCount": "1", "stnSerialNumber": "1", "boardingDisabled": "false"}, {"stationCode": "DWX", "stationName": "DEWAS", "arrivalTime": "11:50", "departureTime": "11:52", "routeNumber": "1", "haltTime": "02:00", "distance": "39", "dayCount": "1", "stnSerialNumber": "2", "boardingDisabled": "false"}, {"stationCode": "UJN", "stationName": "UJJAIN JN", "arrivalTime": "12:40", "departureTime": "12:45", "routeNumber": "1", "haltTime": "05:00", "distance": "80", "dayCount": "1", "stnSerialNumber": "3", "boardingDisabled": "false"}, {"stationCode": "NAD", "stationName": "NAGDA JN", "arrivalTime": "14:15", "departureTime": "14:20", "routeNumber": "1", "haltTime": "05:00", "distance": "135", "dayCount": "1", "stnSerialNumber": "4", "boardingDisabled": "false"}, {"stationCode": "RTM", "stationName": "RATLAM JN", "arrivalTime": "15:00", "departureTime": "15:05", "routeNumber": "1", "haltTime": "05:00", "distance": "176", "dayCount": "1", "stnSerialNumber": "5", "boardingDisabled": "false"}, {"stationCode": "GDA", "stationName": "GODHRA JN", "arrivalTime": "17:40", "departureTime": "17:42", "routeNumber": "1", "haltTime": "02:00", "distance": "364", "dayCount": "1", "stnSerialNumber": "6", "boardingDisabled": "false"}, {"stationCode": "BRC", "stationName": "VADODARA JN", "arrivalTime": "18:30", "departureTime": "18:35", "routeNumber": "1", "haltTime": "05:00", "distance": "438", "dayCount": "1", "stnSerialNumber": "7", "boardingDisabled": "false"}, {"stationCode": "ST", "stationName": "SURAT", "arrivalTime": "20:16", "departureTime": "20:21", "routeNumber": "1", "haltTime": "05:00", "distance": "567", "dayCount": "1", "stnSerialNumber": "8", "boardingDisabled": "false"}, {"stationCode": "BL", "stationName": "VALSAD", "arrivalTime": "21:12", "departureTime": "21:14", "routeNumber": "1", "haltTime": "02:00", "distance": "635", "dayCount": "1", "stnSerialNumber": "9", "boardingDisabled": "false"}, {"stationCode": "VAPI", "stationName": "VAPI", "arrivalTime": "21:35", "departureTime": "21:37", "routeNumber": "1", "haltTime": "02:00", "distance": "659", "dayCount": "1", "stnSerialNumber": "10", "boardingDisabled": "false"}, {"stationCode": "BSR", "stationName": "VASAI ROAD", "arrivalTime": "22:55", "departureTime": "23:00", "routeNumber": "1", "haltTime": "05:00", "distance": "782", "dayCount": "1", "stnSerialNumber": "11", "boardingDisabled": "false"}, {"stationCode": "KYN", "stationName": "KALYAN JN", "arrivalTime": "00:17", "departureTime": "00:20", "routeNumber": "1", "haltTime": "03:00", "distance": "834", "dayCount": "2", "stnSerialNumber": "12", "boardingDisabled": "false"}, {"stationCode": "LNL", "stationName": "LONAVALA", "arrivalTime": "02:00", "departureTime": "02:03", "routeNumber": "1", "haltTime": "03:00", "distance": "908", "dayCount": "2", "stnSerialNumber": "13", "boardingDisabled": "false"}, {"stationCode": "PUNE", "stationName": "PUNE JN", "arrivalTime": "03:10", "departureTime": "--", "routeNumber": "1", "haltTime": "--", "distance": "972", "dayCount": "2", "stnSerialNumber": "14", "boardingDisabled": "false"}]}