{"trainNumber": "09325", "trainName": "INDB BNW SPL", "stationFrom": "INDB", "stationTo": "BNW", "trainOwner": "0", "trainRunsOnMon": "Y", "trainRunsOnTue": "N", "trainRunsOnWed": "Y", "trainRunsOnThu": "N", "trainRunsOnFri": "Y", "trainRunsOnSat": "N", "trainRunsOnSun": "N", "timeStamp": "2023-06-19T15:30:53.812", "duration": "0", "stationList": [{"stationCode": "INDB", "stationName": "INDORE JN BG", "arrivalTime": "--", "departureTime": "19:20", "routeNumber": "1", "haltTime": "--", "distance": "0", "dayCount": "1", "stnSerialNumber": "1", "boardingDisabled": "false"}, {"stationCode": "FTD", "stationName": "FATEHABAD CH.JN", "arrivalTime": "19:54", "departureTime": "19:56", "routeNumber": "1", "haltTime": "02:00", "distance": "40", "dayCount": "1", "stnSerialNumber": "2", "boardingDisabled": "false"}, {"stationCode": "BNG", "stationName": "BARNAGAR", "arrivalTime": "20:13", "departureTime": "20:15", "routeNumber": "1", "haltTime": "02:00", "distance": "72", "dayCount": "1", "stnSerialNumber": "3", "boardingDisabled": "false"}, {"stationCode": "RTM", "stationName": "RATLAM JN", "arrivalTime": "21:25", "departureTime": "21:30", "routeNumber": "1", "haltTime": "05:00", "distance": "119", "dayCount": "1", "stnSerialNumber": "4", "boardingDisabled": "false"}, {"stationCode": "MDS", "stationName": "MANDASOR", "arrivalTime": "22:33", "departureTime": "22:35", "routeNumber": "1", "haltTime": "02:00", "distance": "203", "dayCount": "1", "stnSerialNumber": "5", "boardingDisabled": "false"}, {"stationCode": "NMH", "stationName": "NIMACH", "arrivalTime": "23:16", "departureTime": "23:18", "routeNumber": "1", "haltTime": "02:00", "distance": "252", "dayCount": "1", "stnSerialNumber": "6", "boardingDisabled": "false"}, {"stationCode": "COR", "stationName": "CHITTAURGARH", "arrivalTime": "01:00", "departureTime": "01:05", "routeNumber": "1", "haltTime": "05:00", "distance": "308", "dayCount": "2", "stnSerialNumber": "7", "boardingDisabled": "false"}, {"stationCode": "BHL", "stationName": "BHILWARA", "arrivalTime": "02:00", "departureTime": "02:05", "routeNumber": "1", "haltTime": "05:00", "distance": "362", "dayCount": "2", "stnSerialNumber": "8", "boardingDisabled": "false"}, {"stationCode": "MDL", "stationName": "MANDAL", "arrivalTime": "02:18", "departureTime": "02:20", "routeNumber": "1", "haltTime": "02:00", "distance": "373", "dayCount": "2", "stnSerialNumber": "9", "boardingDisabled": "false"}, {"stationCode": "BJNR", "stationName": "BIJAINAGAR", "arrivalTime": "03:03", "departureTime": "03:05", "routeNumber": "1", "haltTime": "02:00", "distance": "429", "dayCount": "2", "stnSerialNumber": "10", "boardingDisabled": "false"}, {"stationCode": "NSD", "stationName": "NASIRABAD", "arrivalTime": "03:41", "departureTime": "03:43", "routeNumber": "1", "haltTime": "02:00", "distance": "470", "dayCount": "2", "stnSerialNumber": "11", "boardingDisabled": "false"}, {"stationCode": "AII", "stationName": "AJMER JN", "arrivalTime": "04:45", "departureTime": "04:55", "routeNumber": "1", "haltTime": "10:00", "distance": "494", "dayCount": "2", "stnSerialNumber": "12", "boardingDisabled": "false"}, {"stationCode": "KSG", "stationName": "KISHANGARH", "arrivalTime": "05:40", "departureTime": "05:42", "routeNumber": "1", "haltTime": "02:00", "distance": "519", "dayCount": "2", "stnSerialNumber": "13", "boardingDisabled": "false"}, {"stationCode": "JP", "stationName": "JAIPUR", "arrivalTime": "07:12", "departureTime": "07:22", "routeNumber": "1", "haltTime": "10:00", "distance": "628", "dayCount": "2", "stnSerialNumber": "14", "boardingDisabled": "false"}, {"stationCode": "DO", "stationName": "DAUSA", "arrivalTime": "08:18", "departureTime": "08:20", "routeNumber": "1", "haltTime": "02:00", "distance": "690", "dayCount": "2", "stnSerialNumber": "15", "boardingDisabled": "false"}, {"stationCode": "BKI", "stationName": "BANDIKUI JN", "arrivalTime": "08:50", "departureTime": "08:52", "routeNumber": "1", "haltTime": "02:00", "distance": "719", "dayCount": "2", "stnSerialNumber": "16", "boardingDisabled": "false"}, {"stationCode": "AWR", "stationName": "ALWAR", "arrivalTime": "10:09", "departureTime": "10:12", "routeNumber": "1", "haltTime": "03:00", "distance": "779", "dayCount": "2", "stnSerialNumber": "17", "boardingDisabled": "false"}, {"stationCode": "RE", "stationName": "REWARI", "arrivalTime": "11:30", "departureTime": "11:35", "routeNumber": "1", "haltTime": "05:00", "distance": "853", "dayCount": "2", "stnSerialNumber": "18", "boardingDisabled": "false"}, {"stationCode": "KSI", "stationName": "KOSLI", "arrivalTime": "12:01", "departureTime": "12:03", "routeNumber": "1", "haltTime": "02:00", "distance": "881", "dayCount": "2", "stnSerialNumber": "19", "boardingDisabled": "false"}, {"stationCode": "JRL", "stationName": "JHARILI", "arrivalTime": "12:14", "departureTime": "12:16", "routeNumber": "1", "haltTime": "02:00", "distance": "895", "dayCount": "2", "stnSerialNumber": "20", "boardingDisabled": "false"}, {"stationCode": "CKD", "stationName": "CHARKHI DADRI", "arrivalTime": "12:26", "departureTime": "12:28", "routeNumber": "1", "haltTime": "02:00", "distance": "909", "dayCount": "2", "stnSerialNumber": "21", "boardingDisabled": "false"}, {"stationCode": "BNW", "stationName": "BHIWANI", "arrivalTime": "13:05", "departureTime": "--", "routeNumber": "1", "haltTime": "--", "distance": "936", "dayCount": "2", "stnSerialNumber": "22", "boardingDisabled": "false"}]}