{"trainNumber": "09326", "trainName": "BNW INDB SPL", "stationFrom": "BNW", "stationTo": "INDB", "trainOwner": "0", "trainRunsOnMon": "N", "trainRunsOnTue": "Y", "trainRunsOnWed": "N", "trainRunsOnThu": "Y", "trainRunsOnFri": "N", "trainRunsOnSat": "Y", "trainRunsOnSun": "N", "timeStamp": "2023-06-19T15:30:53.780", "duration": "0", "stationList": [{"stationCode": "BNW", "stationName": "BHIWANI", "arrivalTime": "--", "departureTime": "14:50", "routeNumber": "1", "haltTime": "--", "distance": "0", "dayCount": "1", "stnSerialNumber": "1", "boardingDisabled": "false"}, {"stationCode": "CKD", "stationName": "CHARKHI DADRI", "arrivalTime": "15:15", "departureTime": "15:17", "routeNumber": "1", "haltTime": "02:00", "distance": "28", "dayCount": "1", "stnSerialNumber": "2", "boardingDisabled": "false"}, {"stationCode": "JRL", "stationName": "JHARILI", "arrivalTime": "15:30", "departureTime": "15:32", "routeNumber": "1", "haltTime": "02:00", "distance": "41", "dayCount": "1", "stnSerialNumber": "3", "boardingDisabled": "false"}, {"stationCode": "KSI", "stationName": "KOSLI", "arrivalTime": "15:49", "departureTime": "15:51", "routeNumber": "1", "haltTime": "02:00", "distance": "55", "dayCount": "1", "stnSerialNumber": "4", "boardingDisabled": "false"}, {"stationCode": "RE", "stationName": "REWARI", "arrivalTime": "16:20", "departureTime": "16:25", "routeNumber": "1", "haltTime": "05:00", "distance": "83", "dayCount": "1", "stnSerialNumber": "5", "boardingDisabled": "false"}, {"stationCode": "AWR", "stationName": "ALWAR", "arrivalTime": "17:23", "departureTime": "17:26", "routeNumber": "1", "haltTime": "03:00", "distance": "157", "dayCount": "1", "stnSerialNumber": "6", "boardingDisabled": "false"}, {"stationCode": "BKI", "stationName": "BANDIKUI JN", "arrivalTime": "18:10", "departureTime": "18:12", "routeNumber": "1", "haltTime": "02:00", "distance": "218", "dayCount": "1", "stnSerialNumber": "7", "boardingDisabled": "false"}, {"stationCode": "DO", "stationName": "DAUSA", "arrivalTime": "18:31", "departureTime": "18:33", "routeNumber": "1", "haltTime": "02:00", "distance": "247", "dayCount": "1", "stnSerialNumber": "8", "boardingDisabled": "false"}, {"stationCode": "JP", "stationName": "JAIPUR", "arrivalTime": "19:25", "departureTime": "19:35", "routeNumber": "1", "haltTime": "10:00", "distance": "308", "dayCount": "1", "stnSerialNumber": "9", "boardingDisabled": "false"}, {"stationCode": "KSG", "stationName": "KISHANGARH", "arrivalTime": "21:10", "departureTime": "21:12", "routeNumber": "1", "haltTime": "02:00", "distance": "417", "dayCount": "1", "stnSerialNumber": "10", "boardingDisabled": "false"}, {"stationCode": "AII", "stationName": "AJMER JN", "arrivalTime": "22:05", "departureTime": "22:15", "routeNumber": "1", "haltTime": "10:00", "distance": "443", "dayCount": "1", "stnSerialNumber": "12", "boardingDisabled": "false"}, {"stationCode": "NSD", "stationName": "NASIRABAD", "arrivalTime": "22:40", "departureTime": "22:42", "routeNumber": "1", "haltTime": "02:00", "distance": "466", "dayCount": "1", "stnSerialNumber": "13", "boardingDisabled": "false"}, {"stationCode": "BJNR", "stationName": "BIJAINAGAR", "arrivalTime": "23:10", "departureTime": "23:12", "routeNumber": "1", "haltTime": "02:00", "distance": "508", "dayCount": "1", "stnSerialNumber": "14", "boardingDisabled": "false"}, {"stationCode": "MDL", "stationName": "MANDAL", "arrivalTime": "00:25", "departureTime": "00:27", "routeNumber": "1", "haltTime": "02:00", "distance": "563", "dayCount": "2", "stnSerialNumber": "15", "boardingDisabled": "false"}, {"stationCode": "BHL", "stationName": "BHILWARA", "arrivalTime": "00:45", "departureTime": "00:50", "routeNumber": "1", "haltTime": "05:00", "distance": "574", "dayCount": "2", "stnSerialNumber": "16", "boardingDisabled": "false"}, {"stationCode": "COR", "stationName": "CHITTAURGARH", "arrivalTime": "02:10", "departureTime": "02:15", "routeNumber": "1", "haltTime": "05:00", "distance": "629", "dayCount": "2", "stnSerialNumber": "18", "boardingDisabled": "false"}, {"stationCode": "NMH", "stationName": "NIMACH", "arrivalTime": "03:01", "departureTime": "03:03", "routeNumber": "1", "haltTime": "02:00", "distance": "684", "dayCount": "2", "stnSerialNumber": "19", "boardingDisabled": "false"}, {"stationCode": "MDS", "stationName": "MANDASOR", "arrivalTime": "03:42", "departureTime": "03:44", "routeNumber": "1", "haltTime": "02:00", "distance": "733", "dayCount": "2", "stnSerialNumber": "20", "boardingDisabled": "false"}, {"stationCode": "RTM", "stationName": "RATLAM JN", "arrivalTime": "05:30", "departureTime": "05:40", "routeNumber": "1", "haltTime": "10:00", "distance": "817", "dayCount": "2", "stnSerialNumber": "21", "boardingDisabled": "false"}, {"stationCode": "BNG", "stationName": "BARNAGAR", "arrivalTime": "06:31", "departureTime": "06:33", "routeNumber": "1", "haltTime": "02:00", "distance": "864", "dayCount": "2", "stnSerialNumber": "22", "boardingDisabled": "false"}, {"stationCode": "FTD", "stationName": "FATEHABAD CH.JN", "arrivalTime": "07:06", "departureTime": "07:08", "routeNumber": "1", "haltTime": "02:00", "distance": "896", "dayCount": "2", "stnSerialNumber": "23", "boardingDisabled": "false"}, {"stationCode": "INDB", "stationName": "INDORE JN BG", "arrivalTime": "08:30", "departureTime": "--", "routeNumber": "1", "haltTime": "--", "distance": "936", "dayCount": "2", "stnSerialNumber": "24", "boardingDisabled": "false"}]}