{"trainNumber": "09322", "trainName": "SVDK INDB SPL", "stationFrom": "SVDK", "stationTo": "INDB", "trainOwner": "0", "trainRunsOnMon": "N", "trainRunsOnTue": "N", "trainRunsOnWed": "N", "trainRunsOnThu": "N", "trainRunsOnFri": "Y", "trainRunsOnSat": "N", "trainRunsOnSun": "N", "timeStamp": "2023-06-19T15:31:32.664", "duration": "0", "stationList": [{"stationCode": "SVDK", "stationName": "SHMATA VD KATRA", "arrivalTime": "--", "departureTime": "03:50", "routeNumber": "1", "haltTime": "--", "distance": "0", "dayCount": "1", "stnSerialNumber": "1", "boardingDisabled": "false"}, {"stationCode": "UHP", "stationName": "UDHAMPUR", "arrivalTime": "04:14", "departureTime": "04:16", "routeNumber": "1", "haltTime": "02:00", "distance": "25", "dayCount": "1", "stnSerialNumber": "2", "boardingDisabled": "false"}, {"stationCode": "JAT", "stationName": "JAMMU TAWI", "arrivalTime": "05:40", "departureTime": "05:45", "routeNumber": "1", "haltTime": "05:00", "distance": "78", "dayCount": "1", "stnSerialNumber": "3", "boardingDisabled": "false"}, {"stationCode": "PTKC", "stationName": "PATHANKOT CANTT", "arrivalTime": "07:30", "departureTime": "07:35", "routeNumber": "1", "haltTime": "05:00", "distance": "178", "dayCount": "1", "stnSerialNumber": "4", "boardingDisabled": "false"}, {"stationCode": "JRC", "stationName": "JALANDHAR CANT", "arrivalTime": "09:35", "departureTime": "09:40", "routeNumber": "1", "haltTime": "05:00", "distance": "291", "dayCount": "1", "stnSerialNumber": "5", "boardingDisabled": "false"}, {"stationCode": "LDH", "stationName": "LUDHIANA JN", "arrivalTime": "10:30", "departureTime": "10:35", "routeNumber": "1", "haltTime": "05:00", "distance": "343", "dayCount": "1", "stnSerialNumber": "6", "boardingDisabled": "false"}, {"stationCode": "DSJ", "stationName": "DELHI SAFDARJNG", "arrivalTime": "15:55", "departureTime": "16:00", "routeNumber": "1", "haltTime": "05:00", "distance": "678", "dayCount": "1", "stnSerialNumber": "8", "boardingDisabled": "false"}, {"stationCode": "MTJ", "stationName": "MATHURA JN", "arrivalTime": "19:40", "departureTime": "19:45", "routeNumber": "1", "haltTime": "05:00", "distance": "815", "dayCount": "1", "stnSerialNumber": "10", "boardingDisabled": "false"}, {"stationCode": "BTE", "stationName": "BHARATPUR JN", "arrivalTime": "20:13", "departureTime": "20:15", "routeNumber": "1", "haltTime": "02:00", "distance": "849", "dayCount": "1", "stnSerialNumber": "11", "boardingDisabled": "false"}, {"stationCode": "GGC", "stationName": "GANGAPUR CITY", "arrivalTime": "21:45", "departureTime": "21:50", "routeNumber": "1", "haltTime": "05:00", "distance": "968", "dayCount": "1", "stnSerialNumber": "12", "boardingDisabled": "false"}, {"stationCode": "SWM", "stationName": "SAWAI MADHOPUR", "arrivalTime": "22:38", "departureTime": "22:40", "routeNumber": "1", "haltTime": "02:00", "distance": "1031", "dayCount": "1", "stnSerialNumber": "13", "boardingDisabled": "false"}, {"stationCode": "KOTA", "stationName": "KOTA JN", "arrivalTime": "00:20", "departureTime": "00:25", "routeNumber": "1", "haltTime": "05:00", "distance": "1139", "dayCount": "2", "stnSerialNumber": "14", "boardingDisabled": "false"}, {"stationCode": "NAD", "stationName": "NAGDA JN", "arrivalTime": "03:10", "departureTime": "03:35", "routeNumber": "1", "haltTime": "25:00", "distance": "1364", "dayCount": "2", "stnSerialNumber": "15", "boardingDisabled": "false"}, {"stationCode": "UJN", "stationName": "UJJAIN JN", "arrivalTime": "04:45", "departureTime": "04:50", "routeNumber": "1", "haltTime": "05:00", "distance": "1419", "dayCount": "2", "stnSerialNumber": "16", "boardingDisabled": "false"}, {"stationCode": "DWX", "stationName": "DEWAS", "arrivalTime": "05:50", "departureTime": "05:52", "routeNumber": "1", "haltTime": "02:00", "distance": "1460", "dayCount": "2", "stnSerialNumber": "17", "boardingDisabled": "false"}, {"stationCode": "INDB", "stationName": "INDORE JN BG", "arrivalTime": "07:30", "departureTime": "--", "routeNumber": "1", "haltTime": "--", "distance": "1498", "dayCount": "2", "stnSerialNumber": "18", "boardingDisabled": "false"}]}{"trainNumber": "09322", "trainName": "SVDK INDB SPL", "stationFrom": "SVDK", "stationTo": "INDB", "trainOwner": "0", "trainRunsOnMon": "N", "trainRunsOnTue": "N", "trainRunsOnWed": "N", "trainRunsOnThu": "N", "trainRunsOnFri": "Y", "trainRunsOnSat": "N", "trainRunsOnSun": "N", "timeStamp": "2023-06-19T15:31:34.957", "duration": "0", "stationList": [{"stationCode": "SVDK", "stationName": "SHMATA VD KATRA", "arrivalTime": "--", "departureTime": "03:50", "routeNumber": "1", "haltTime": "--", "distance": "0", "dayCount": "1", "stnSerialNumber": "1", "boardingDisabled": "false"}, {"stationCode": "UHP", "stationName": "UDHAMPUR", "arrivalTime": "04:14", "departureTime": "04:16", "routeNumber": "1", "haltTime": "02:00", "distance": "25", "dayCount": "1", "stnSerialNumber": "2", "boardingDisabled": "false"}, {"stationCode": "JAT", "stationName": "JAMMU TAWI", "arrivalTime": "05:40", "departureTime": "05:45", "routeNumber": "1", "haltTime": "05:00", "distance": "78", "dayCount": "1", "stnSerialNumber": "3", "boardingDisabled": "false"}, {"stationCode": "PTKC", "stationName": "PATHANKOT CANTT", "arrivalTime": "07:30", "departureTime": "07:35", "routeNumber": "1", "haltTime": "05:00", "distance": "178", "dayCount": "1", "stnSerialNumber": "4", "boardingDisabled": "false"}, {"stationCode": "JRC", "stationName": "JALANDHAR CANT", "arrivalTime": "09:35", "departureTime": "09:40", "routeNumber": "1", "haltTime": "05:00", "distance": "291", "dayCount": "1", "stnSerialNumber": "5", "boardingDisabled": "false"}, {"stationCode": "LDH", "stationName": "LUDHIANA JN", "arrivalTime": "10:30", "departureTime": "10:35", "routeNumber": "1", "haltTime": "05:00", "distance": "343", "dayCount": "1", "stnSerialNumber": "6", "boardingDisabled": "false"}, {"stationCode": "DSJ", "stationName": "DELHI SAFDARJNG", "arrivalTime": "15:55", "departureTime": "16:00", "routeNumber": "1", "haltTime": "05:00", "distance": "678", "dayCount": "1", "stnSerialNumber": "8", "boardingDisabled": "false"}, {"stationCode": "MTJ", "stationName": "MATHURA JN", "arrivalTime": "19:40", "departureTime": "19:45", "routeNumber": "1", "haltTime": "05:00", "distance": "815", "dayCount": "1", "stnSerialNumber": "10", "boardingDisabled": "false"}, {"stationCode": "BTE", "stationName": "BHARATPUR JN", "arrivalTime": "20:13", "departureTime": "20:15", "routeNumber": "1", "haltTime": "02:00", "distance": "849", "dayCount": "1", "stnSerialNumber": "11", "boardingDisabled": "false"}, {"stationCode": "GGC", "stationName": "GANGAPUR CITY", "arrivalTime": "21:45", "departureTime": "21:50", "routeNumber": "1", "haltTime": "05:00", "distance": "968", "dayCount": "1", "stnSerialNumber": "12", "boardingDisabled": "false"}, {"stationCode": "SWM", "stationName": "SAWAI MADHOPUR", "arrivalTime": "22:38", "departureTime": "22:40", "routeNumber": "1", "haltTime": "02:00", "distance": "1031", "dayCount": "1", "stnSerialNumber": "13", "boardingDisabled": "false"}, {"stationCode": "KOTA", "stationName": "KOTA JN", "arrivalTime": "00:20", "departureTime": "00:25", "routeNumber": "1", "haltTime": "05:00", "distance": "1139", "dayCount": "2", "stnSerialNumber": "14", "boardingDisabled": "false"}, {"stationCode": "NAD", "stationName": "NAGDA JN", "arrivalTime": "03:10", "departureTime": "03:35", "routeNumber": "1", "haltTime": "25:00", "distance": "1364", "dayCount": "2", "stnSerialNumber": "15", "boardingDisabled": "false"}, {"stationCode": "UJN", "stationName": "UJJAIN JN", "arrivalTime": "04:45", "departureTime": "04:50", "routeNumber": "1", "haltTime": "05:00", "distance": "1419", "dayCount": "2", "stnSerialNumber": "16", "boardingDisabled": "false"}, {"stationCode": "DWX", "stationName": "DEWAS", "arrivalTime": "05:50", "departureTime": "05:52", "routeNumber": "1", "haltTime": "02:00", "distance": "1460", "dayCount": "2", "stnSerialNumber": "17", "boardingDisabled": "false"}, {"stationCode": "INDB", "stationName": "INDORE JN BG", "arrivalTime": "07:30", "departureTime": "--", "routeNumber": "1", "haltTime": "--", "distance": "1498", "dayCount": "2", "stnSerialNumber": "18", "boardingDisabled": "false"}]}