{"trainNumber": "09323", "trainName": "PUNE INDB SPL", "stationFrom": "PUNE", "stationTo": "INDB", "trainOwner": "0", "trainRunsOnMon": "N", "trainRunsOnTue": "N", "trainRunsOnWed": "N", "trainRunsOnThu": "N", "trainRunsOnFri": "Y", "trainRunsOnSat": "N", "trainRunsOnSun": "N", "timeStamp": "2023-06-19T15:30:53.839", "duration": "0", "stationList": [{"stationCode": "PUNE", "stationName": "PUNE JN", "arrivalTime": "--", "departureTime": "05:10", "routeNumber": "1", "haltTime": "--", "distance": "0", "dayCount": "1", "stnSerialNumber": "1", "boardingDisabled": "false"}, {"stationCode": "LNL", "stationName": "LONAVALA", "arrivalTime": "06:17", "departureTime": "06:20", "routeNumber": "1", "haltTime": "03:00", "distance": "64", "dayCount": "1", "stnSerialNumber": "2", "boardingDisabled": "false"}, {"stationCode": "KYN", "stationName": "KALYAN JN", "arrivalTime": "07:47", "departureTime": "07:50", "routeNumber": "1", "haltTime": "03:00", "distance": "139", "dayCount": "1", "stnSerialNumber": "3", "boardingDisabled": "false"}, {"stationCode": "BSR", "stationName": "VASAI ROAD", "arrivalTime": "09:00", "departureTime": "09:05", "routeNumber": "1", "haltTime": "05:00", "distance": "191", "dayCount": "1", "stnSerialNumber": "5", "boardingDisabled": "false"}, {"stationCode": "VAPI", "stationName": "VAPI", "arrivalTime": "11:05", "departureTime": "11:07", "routeNumber": "1", "haltTime": "02:00", "distance": "314", "dayCount": "1", "stnSerialNumber": "6", "boardingDisabled": "false"}, {"stationCode": "BL", "stationName": "VALSAD", "arrivalTime": "11:40", "departureTime": "11:42", "routeNumber": "1", "haltTime": "02:00", "distance": "338", "dayCount": "1", "stnSerialNumber": "7", "boardingDisabled": "false"}, {"stationCode": "ST", "stationName": "SURAT", "arrivalTime": "14:17", "departureTime": "14:20", "routeNumber": "1", "haltTime": "03:00", "distance": "406", "dayCount": "1", "stnSerialNumber": "8", "boardingDisabled": "false"}, {"stationCode": "BRC", "stationName": "VADODARA JN", "arrivalTime": "16:33", "departureTime": "16:38", "routeNumber": "1", "haltTime": "05:00", "distance": "535", "dayCount": "1", "stnSerialNumber": "9", "boardingDisabled": "false"}, {"stationCode": "GDA", "stationName": "GODHRA JN", "arrivalTime": "18:00", "departureTime": "18:02", "routeNumber": "1", "haltTime": "02:00", "distance": "609", "dayCount": "1", "stnSerialNumber": "10", "boardingDisabled": "false"}, {"stationCode": "RTM", "stationName": "RATLAM JN", "arrivalTime": "20:20", "departureTime": "20:25", "routeNumber": "1", "haltTime": "05:00", "distance": "797", "dayCount": "1", "stnSerialNumber": "11", "boardingDisabled": "false"}, {"stationCode": "NAD", "stationName": "NAGDA JN", "arrivalTime": "21:10", "departureTime": "21:15", "routeNumber": "1", "haltTime": "05:00", "distance": "838", "dayCount": "1", "stnSerialNumber": "12", "boardingDisabled": "false"}, {"stationCode": "UJN", "stationName": "UJJAIN JN", "arrivalTime": "22:05", "departureTime": "22:07", "routeNumber": "1", "haltTime": "02:00", "distance": "893", "dayCount": "1", "stnSerialNumber": "13", "boardingDisabled": "false"}, {"stationCode": "DWX", "stationName": "DEWAS", "arrivalTime": "23:00", "departureTime": "23:02", "routeNumber": "1", "haltTime": "02:00", "distance": "933", "dayCount": "1", "stnSerialNumber": "14", "boardingDisabled": "false"}, {"stationCode": "INDB", "stationName": "INDORE JN BG", "arrivalTime": "23:55", "departureTime": "--", "routeNumber": "1", "haltTime": "--", "distance": "972", "dayCount": "1", "stnSerialNumber": "15", "boardingDisabled": "false"}]}