{"trainNumber": "09342", "trainName": "DNR DADN SPL", "stationFrom": "DNR", "stationTo": "DADN", "trainOwner": "0", "trainRunsOnMon": "N", "trainRunsOnTue": "Y", "trainRunsOnWed": "N", "trainRunsOnThu": "N", "trainRunsOnFri": "N", "trainRunsOnSat": "N", "trainRunsOnSun": "N", "timeStamp": "2023-06-19T15:31:32.932", "duration": "0", "stationList": [{"stationCode": "DNR", "stationName": "DANAPUR", "arrivalTime": "--", "departureTime": "18:45", "routeNumber": "1", "haltTime": "--", "distance": "0", "dayCount": "1", "stnSerialNumber": "1", "boardingDisabled": "false"}, {"stationCode": "ARA", "stationName": "ARA JN", "arrivalTime": "19:25", "departureTime": "19:27", "routeNumber": "1", "haltTime": "02:00", "distance": "40", "dayCount": "1", "stnSerialNumber": "2", "boardingDisabled": "false"}, {"stationCode": "BXR", "stationName": "BUXAR", "arrivalTime": "20:28", "departureTime": "20:30", "routeNumber": "1", "haltTime": "02:00", "distance": "109", "dayCount": "1", "stnSerialNumber": "3", "boardingDisabled": "false"}, {"stationCode": "DDU", "stationName": "DD UPADHYAYA JN", "arrivalTime": "23:30", "departureTime": "23:40", "routeNumber": "1", "haltTime": "10:00", "distance": "203", "dayCount": "1", "stnSerialNumber": "4", "boardingDisabled": "false"}, {"stationCode": "PCOI", "stationName": "PRAYAGRAJCHEOKI", "arrivalTime": "00:45", "departureTime": "00:50", "routeNumber": "1", "haltTime": "05:00", "distance": "346", "dayCount": "2", "stnSerialNumber": "5", "boardingDisabled": "false"}, {"stationCode": "MKP", "stationName": "MANIKPUR", "arrivalTime": "02:55", "departureTime": "03:00", "routeNumber": "1", "haltTime": "05:00", "distance": "438", "dayCount": "2", "stnSerialNumber": "6", "boardingDisabled": "false"}, {"stationCode": "STA", "stationName": "SATNA", "arrivalTime": "04:00", "departureTime": "04:05", "routeNumber": "1", "haltTime": "05:00", "distance": "516", "dayCount": "2", "stnSerialNumber": "7", "boardingDisabled": "false"}, {"stationCode": "KMZ", "stationName": "KATNI MURWARA", "arrivalTime": "05:45", "departureTime": "05:55", "routeNumber": "1", "haltTime": "10:00", "distance": "615", "dayCount": "2", "stnSerialNumber": "8", "boardingDisabled": "false"}, {"stationCode": "DMO", "stationName": "DAMOH", "arrivalTime": "07:20", "departureTime": "07:22", "routeNumber": "1", "haltTime": "02:00", "distance": "725", "dayCount": "2", "stnSerialNumber": "9", "boardingDisabled": "false"}, {"stationCode": "SGO", "stationName": "SAUGOR", "arrivalTime": "08:20", "departureTime": "08:22", "routeNumber": "1", "haltTime": "02:00", "distance": "802", "dayCount": "2", "stnSerialNumber": "10", "boardingDisabled": "false"}, {"stationCode": "BINA", "stationName": "BINA JN", "arrivalTime": "10:15", "departureTime": "10:20", "routeNumber": "1", "haltTime": "05:00", "distance": "877", "dayCount": "2", "stnSerialNumber": "11", "boardingDisabled": "false"}, {"stationCode": "BHS", "stationName": "VIDISHA", "arrivalTime": "11:28", "departureTime": "11:30", "routeNumber": "1", "haltTime": "02:00", "distance": "962", "dayCount": "2", "stnSerialNumber": "12", "boardingDisabled": "false"}, {"stationCode": "SHRN", "stationName": "S HIRDARAMNAGAR", "arrivalTime": "13:28", "departureTime": "13:30", "routeNumber": "1", "haltTime": "02:00", "distance": "1024", "dayCount": "2", "stnSerialNumber": "13", "boardingDisabled": "false"}, {"stationCode": "MKC", "stationName": "MAKSI", "arrivalTime": "15:28", "departureTime": "15:30", "routeNumber": "1", "haltTime": "02:00", "distance": "1156", "dayCount": "2", "stnSerialNumber": "14", "boardingDisabled": "false"}, {"stationCode": "UJN", "stationName": "UJJAIN JN", "arrivalTime": "16:10", "departureTime": "16:30", "routeNumber": "1", "haltTime": "20:00", "distance": "1197", "dayCount": "2", "stnSerialNumber": "15", "boardingDisabled": "false"}, {"stationCode": "DWX", "stationName": "DEWAS", "arrivalTime": "17:10", "departureTime": "17:12", "routeNumber": "1", "haltTime": "02:00", "distance": "1237", "dayCount": "2", "stnSerialNumber": "16", "boardingDisabled": "false"}, {"stationCode": "INDB", "stationName": "INDORE JN BG", "arrivalTime": "18:00", "departureTime": "18:05", "routeNumber": "1", "haltTime": "05:00", "distance": "1276", "dayCount": "2", "stnSerialNumber": "17", "boardingDisabled": "false"}, {"stationCode": "DADN", "stationName": "DR AMBEDKAR NGR", "arrivalTime": "18:45", "departureTime": "--", "routeNumber": "1", "haltTime": "--", "distance": "1297", "dayCount": "2", "stnSerialNumber": "18", "boardingDisabled": "false"}]}