{"trainNumber": "09343", "trainName": "DADN PNBE SF SPL", "stationFrom": "DADN", "stationTo": "PNBE", "trainOwner": "0", "trainRunsOnMon": "N", "trainRunsOnTue": "N", "trainRunsOnWed": "N", "trainRunsOnThu": "N", "trainRunsOnFri": "Y", "trainRunsOnSat": "N", "trainRunsOnSun": "N", "timeStamp": "2023-06-19T15:31:32.931", "duration": "0", "stationList": [{"stationCode": "DADN", "stationName": "DR AMBEDKAR NGR", "arrivalTime": "--", "departureTime": "04:05", "routeNumber": "1", "haltTime": "--", "distance": "0", "dayCount": "1", "stnSerialNumber": "1", "boardingDisabled": "false"}, {"stationCode": "INDB", "stationName": "INDORE JN BG", "arrivalTime": "04:29", "departureTime": "04:34", "routeNumber": "1", "haltTime": "05:00", "distance": "22", "dayCount": "1", "stnSerialNumber": "2", "boardingDisabled": "false"}, {"stationCode": "DWX", "stationName": "DEWAS", "arrivalTime": "05:18", "departureTime": "05:20", "routeNumber": "1", "haltTime": "02:00", "distance": "60", "dayCount": "1", "stnSerialNumber": "3", "boardingDisabled": "false"}, {"stationCode": "UJN", "stationName": "UJJAIN JN", "arrivalTime": "06:10", "departureTime": "06:30", "routeNumber": "1", "haltTime": "20:00", "distance": "101", "dayCount": "1", "stnSerialNumber": "4", "boardingDisabled": "false"}, {"stationCode": "MKC", "stationName": "MAKSI", "arrivalTime": "07:00", "departureTime": "07:02", "routeNumber": "1", "haltTime": "02:00", "distance": "142", "dayCount": "1", "stnSerialNumber": "5", "boardingDisabled": "false"}, {"stationCode": "SHRN", "stationName": "S HIRDARAMNAGAR", "arrivalTime": "08:28", "departureTime": "08:30", "routeNumber": "1", "haltTime": "02:00", "distance": "274", "dayCount": "1", "stnSerialNumber": "6", "boardingDisabled": "false"}, {"stationCode": "BHS", "stationName": "VIDISHA", "arrivalTime": "09:10", "departureTime": "09:12", "routeNumber": "1", "haltTime": "02:00", "distance": "337", "dayCount": "1", "stnSerialNumber": "7", "boardingDisabled": "false"}, {"stationCode": "BINA", "stationName": "BINA JN", "arrivalTime": "11:10", "departureTime": "11:15", "routeNumber": "1", "haltTime": "05:00", "distance": "423", "dayCount": "1", "stnSerialNumber": "8", "boardingDisabled": "false"}, {"stationCode": "SGO", "stationName": "SAUGOR", "arrivalTime": "12:10", "departureTime": "12:15", "routeNumber": "1", "haltTime": "05:00", "distance": "497", "dayCount": "1", "stnSerialNumber": "9", "boardingDisabled": "false"}, {"stationCode": "DMO", "stationName": "DAMOH", "arrivalTime": "13:18", "departureTime": "13:20", "routeNumber": "1", "haltTime": "02:00", "distance": "575", "dayCount": "1", "stnSerialNumber": "10", "boardingDisabled": "false"}, {"stationCode": "KMZ", "stationName": "KATNI MURWARA", "arrivalTime": "15:20", "departureTime": "15:30", "routeNumber": "1", "haltTime": "10:00", "distance": "684", "dayCount": "1", "stnSerialNumber": "11", "boardingDisabled": "false"}, {"stationCode": "STA", "stationName": "SATNA", "arrivalTime": "17:10", "departureTime": "17:15", "routeNumber": "1", "haltTime": "05:00", "distance": "784", "dayCount": "1", "stnSerialNumber": "12", "boardingDisabled": "false"}, {"stationCode": "MKP", "stationName": "MANIKPUR", "arrivalTime": "18:30", "departureTime": "18:32", "routeNumber": "1", "haltTime": "02:00", "distance": "861", "dayCount": "1", "stnSerialNumber": "13", "boardingDisabled": "false"}, {"stationCode": "PCOI", "stationName": "PRAYAGRAJCHEOKI", "arrivalTime": "20:05", "departureTime": "20:10", "routeNumber": "1", "haltTime": "05:00", "distance": "953", "dayCount": "1", "stnSerialNumber": "14", "boardingDisabled": "false"}, {"stationCode": "DDU", "stationName": "DD UPADHYAYA JN", "arrivalTime": "00:05", "departureTime": "00:15", "routeNumber": "1", "haltTime": "10:00", "distance": "1097", "dayCount": "2", "stnSerialNumber": "15", "boardingDisabled": "false"}, {"stationCode": "BXR", "stationName": "BUXAR", "arrivalTime": "01:25", "departureTime": "01:27", "routeNumber": "1", "haltTime": "02:00", "distance": "1191", "dayCount": "2", "stnSerialNumber": "16", "boardingDisabled": "false"}, {"stationCode": "ARA", "stationName": "ARA JN", "arrivalTime": "02:15", "departureTime": "02:17", "routeNumber": "1", "haltTime": "02:00", "distance": "1259", "dayCount": "2", "stnSerialNumber": "17", "boardingDisabled": "false"}, {"stationCode": "DNR", "stationName": "DANAPUR", "arrivalTime": "02:48", "departureTime": "02:50", "routeNumber": "1", "haltTime": "02:00", "distance": "1299", "dayCount": "2", "stnSerialNumber": "18", "boardingDisabled": "false"}, {"stationCode": "PNBE", "stationName": "PATNA JN", "arrivalTime": "03:50", "departureTime": "--", "routeNumber": "1", "haltTime": "--", "distance": "1308", "dayCount": "2", "stnSerialNumber": "19", "boardingDisabled": "false"}]}