{"trainNumber": "09418", "trainName": "PNBE ADI SPL", "stationFrom": "PNBE", "stationTo": "ADI", "trainOwner": "0", "trainRunsOnMon": "N", "trainRunsOnTue": "Y", "trainRunsOnWed": "N", "trainRunsOnThu": "N", "trainRunsOnFri": "N", "trainRunsOnSat": "N", "trainRunsOnSun": "N", "timeStamp": "2023-06-19T15:30:07.261", "duration": "0", "stationList": [{"stationCode": "PNBE", "stationName": "PATNA JN", "arrivalTime": "--", "departureTime": "23:45", "routeNumber": "1", "haltTime": "--", "distance": "0", "dayCount": "1", "stnSerialNumber": "1", "boardingDisabled": "false"}, {"stationCode": "DNR", "stationName": "DANAPUR", "arrivalTime": "00:01", "departureTime": "00:03", "routeNumber": "1", "haltTime": "02:00", "distance": "10", "dayCount": "2", "stnSerialNumber": "2", "boardingDisabled": "false"}, {"stationCode": "ARA", "stationName": "ARA JN", "arrivalTime": "00:31", "departureTime": "00:33", "routeNumber": "1", "haltTime": "02:00", "distance": "50", "dayCount": "2", "stnSerialNumber": "3", "boardingDisabled": "false"}, {"stationCode": "BXR", "stationName": "BUXAR", "arrivalTime": "01:14", "departureTime": "01:16", "routeNumber": "1", "haltTime": "02:00", "distance": "118", "dayCount": "2", "stnSerialNumber": "4", "boardingDisabled": "false"}, {"stationCode": "DDU", "stationName": "DD UPADHYAYA JN", "arrivalTime": "03:05", "departureTime": "03:15", "routeNumber": "1", "haltTime": "10:00", "distance": "212", "dayCount": "2", "stnSerialNumber": "5", "boardingDisabled": "false"}, {"stationCode": "BSB", "stationName": "VARANASI JN", "arrivalTime": "04:20", "departureTime": "04:35", "routeNumber": "1", "haltTime": "15:00", "distance": "229", "dayCount": "2", "stnSerialNumber": "6", "boardingDisabled": "false"}, {"stationCode": "JOP", "stationName": "JAUNPUR CITY", "arrivalTime": "06:10", "departureTime": "06:12", "routeNumber": "1", "haltTime": "02:00", "distance": "286", "dayCount": "2", "stnSerialNumber": "7", "boardingDisabled": "false"}, {"stationCode": "SLN", "stationName": "SULTANPUR", "arrivalTime": "08:15", "departureTime": "08:20", "routeNumber": "1", "haltTime": "05:00", "distance": "372", "dayCount": "2", "stnSerialNumber": "8", "boardingDisabled": "false"}, {"stationCode": "LKO", "stationName": "LUCKNOW NR", "arrivalTime": "11:50", "departureTime": "12:00", "routeNumber": "1", "haltTime": "10:00", "distance": "512", "dayCount": "2", "stnSerialNumber": "9", "boardingDisabled": "false"}, {"stationCode": "CNB", "stationName": "KANPUR CENTRAL", "arrivalTime": "13:35", "departureTime": "13:40", "routeNumber": "1", "haltTime": "05:00", "distance": "586", "dayCount": "2", "stnSerialNumber": "10", "boardingDisabled": "false"}, {"stationCode": "FBD", "stationName": "FARRUKHABAD", "arrivalTime": "16:21", "departureTime": "16:26", "routeNumber": "1", "haltTime": "05:00", "distance": "725", "dayCount": "2", "stnSerialNumber": "12", "boardingDisabled": "false"}, {"stationCode": "KSJ", "stationName": "KASGANJ", "arrivalTime": "18:10", "departureTime": "18:15", "routeNumber": "1", "haltTime": "05:00", "distance": "833", "dayCount": "2", "stnSerialNumber": "13", "boardingDisabled": "false"}, {"stationCode": "MTJ", "stationName": "MATHURA JN", "arrivalTime": "20:20", "departureTime": "20:25", "routeNumber": "1", "haltTime": "05:00", "distance": "938", "dayCount": "2", "stnSerialNumber": "14", "boardingDisabled": "false"}, {"stationCode": "AH", "stationName": "ACHHNERA JN", "arrivalTime": "21:05", "departureTime": "21:30", "routeNumber": "1", "haltTime": "25:00", "distance": "973", "dayCount": "2", "stnSerialNumber": "15", "boardingDisabled": "false"}, {"stationCode": "BTE", "stationName": "BHARATPUR JN", "arrivalTime": "22:28", "departureTime": "22:30", "routeNumber": "1", "haltTime": "02:00", "distance": "1000", "dayCount": "2", "stnSerialNumber": "16", "boardingDisabled": "false"}, {"stationCode": "HAN", "stationName": "HINDAUN CITY", "arrivalTime": "23:30", "departureTime": "23:32", "routeNumber": "1", "haltTime": "02:00", "distance": "1075", "dayCount": "2", "stnSerialNumber": "17", "boardingDisabled": "false"}, {"stationCode": "GGC", "stationName": "GANGAPUR CITY", "arrivalTime": "00:08", "departureTime": "00:10", "routeNumber": "1", "haltTime": "02:00", "distance": "1119", "dayCount": "3", "stnSerialNumber": "18", "boardingDisabled": "false"}, {"stationCode": "SWM", "stationName": "SAWAI MADHOPUR", "arrivalTime": "00:53", "departureTime": "00:55", "routeNumber": "1", "haltTime": "02:00", "distance": "1183", "dayCount": "3", "stnSerialNumber": "19", "boardingDisabled": "false"}, {"stationCode": "KOTA", "stationName": "KOTA JN", "arrivalTime": "02:10", "departureTime": "02:20", "routeNumber": "1", "haltTime": "10:00", "distance": "1290", "dayCount": "3", "stnSerialNumber": "20", "boardingDisabled": "false"}, {"stationCode": "RTM", "stationName": "RATLAM JN", "arrivalTime": "06:15", "departureTime": "06:25", "routeNumber": "1", "haltTime": "10:00", "distance": "1557", "dayCount": "3", "stnSerialNumber": "22", "boardingDisabled": "false"}, {"stationCode": "CYI", "stationName": "CHHAYAPURI", "arrivalTime": "09:25", "departureTime": "09:30", "routeNumber": "1", "haltTime": "05:00", "distance": "1811", "dayCount": "3", "stnSerialNumber": "24", "boardingDisabled": "false"}, {"stationCode": "ND", "stationName": "NADIAD JN", "arrivalTime": "10:28", "departureTime": "10:30", "routeNumber": "1", "haltTime": "02:00", "distance": "1861", "dayCount": "3", "stnSerialNumber": "25", "boardingDisabled": "false"}, {"stationCode": "ADI", "stationName": "AHMEDABAD JN", "arrivalTime": "11:20", "departureTime": "--", "routeNumber": "1", "haltTime": "--", "distance": "1907", "dayCount": "3", "stnSerialNumber": "27", "boardingDisabled": "false"}]}