{"trainNumber": "09415", "trainName": "BDTS GIMB SF SPL", "stationFrom": "BDTS", "stationTo": "GIMB", "trainOwner": "0", "trainRunsOnMon": "N", "trainRunsOnTue": "N", "trainRunsOnWed": "N", "trainRunsOnThu": "Y", "trainRunsOnFri": "N", "trainRunsOnSat": "N", "trainRunsOnSun": "N", "timeStamp": "2023-06-19T15:31:45.656", "duration": "0", "stationList": [{"stationCode": "BDTS", "stationName": "BANDRA TERMINUS", "arrivalTime": "--", "departureTime": "15:50", "routeNumber": "1", "haltTime": "--", "distance": "0", "dayCount": "1", "stnSerialNumber": "1", "boardingDisabled": "false"}, {"stationCode": "BVI", "stationName": "BORIVALI", "arrivalTime": "16:13", "departureTime": "16:15", "routeNumber": "1", "haltTime": "02:00", "distance": "19", "dayCount": "1", "stnSerialNumber": "2", "boardingDisabled": "false"}, {"stationCode": "VAPI", "stationName": "VAPI", "arrivalTime": "17:44", "departureTime": "17:46", "routeNumber": "1", "haltTime": "02:00", "distance": "159", "dayCount": "1", "stnSerialNumber": "3", "boardingDisabled": "false"}, {"stationCode": "ST", "stationName": "SURAT", "arrivalTime": "19:00", "departureTime": "19:05", "routeNumber": "1", "haltTime": "05:00", "distance": "252", "dayCount": "1", "stnSerialNumber": "4", "boardingDisabled": "false"}, {"stationCode": "BRC", "stationName": "VADODARA JN", "arrivalTime": "20:43", "departureTime": "20:48", "routeNumber": "1", "haltTime": "05:00", "distance": "381", "dayCount": "1", "stnSerialNumber": "5", "boardingDisabled": "false"}, {"stationCode": "ADI", "stationName": "AHMEDABAD JN", "arrivalTime": "22:35", "departureTime": "22:55", "routeNumber": "1", "haltTime": "20:00", "distance": "481", "dayCount": "1", "stnSerialNumber": "6", "boardingDisabled": "false"}, {"stationCode": "VG", "stationName": "VIRAMGAM JN", "arrivalTime": "23:55", "departureTime": "23:57", "routeNumber": "1", "haltTime": "02:00", "distance": "546", "dayCount": "1", "stnSerialNumber": "7", "boardingDisabled": "false"}, {"stationCode": "DHG", "stationName": "DHRANGDHRA", "arrivalTime": "00:48", "departureTime": "00:50", "routeNumber": "1", "haltTime": "02:00", "distance": "611", "dayCount": "2", "stnSerialNumber": "8", "boardingDisabled": "false"}, {"stationCode": "SIOB", "stationName": "SAMAKHIALI B G", "arrivalTime": "02:44", "departureTime": "02:46", "routeNumber": "1", "haltTime": "02:00", "distance": "727", "dayCount": "2", "stnSerialNumber": "9", "boardingDisabled": "false"}, {"stationCode": "BCOB", "stationName": "BHACHAU BG", "arrivalTime": "03:02", "departureTime": "03:04", "routeNumber": "1", "haltTime": "02:00", "distance": "743", "dayCount": "2", "stnSerialNumber": "10", "boardingDisabled": "false"}, {"stationCode": "GIMB", "stationName": "GANDHIDHAM BG", "arrivalTime": "04:15", "departureTime": "--", "routeNumber": "1", "haltTime": "--", "distance": "780", "dayCount": "2", "stnSerialNumber": "11", "boardingDisabled": "false"}]}