{"trainNumber": "09414", "trainName": "SPJ ADI SPL", "stationFrom": "SPJ", "stationTo": "ADI", "trainOwner": "0", "trainRunsOnMon": "N", "trainRunsOnTue": "N", "trainRunsOnWed": "N", "trainRunsOnThu": "Y", "trainRunsOnFri": "N", "trainRunsOnSat": "N", "trainRunsOnSun": "N", "timeStamp": "2023-06-19T15:30:07.300", "duration": "0", "stationList": [{"stationCode": "SPJ", "stationName": "SAMASTIPUR JN", "arrivalTime": "--", "departureTime": "05:00", "routeNumber": "1", "haltTime": "--", "distance": "0", "dayCount": "1", "stnSerialNumber": "1", "boardingDisabled": "false"}, {"stationCode": "MFP", "stationName": "MUZAFFARPUR JN", "arrivalTime": "06:00", "departureTime": "06:05", "routeNumber": "1", "haltTime": "05:00", "distance": "52", "dayCount": "1", "stnSerialNumber": "2", "boardingDisabled": "false"}, {"stationCode": "HJP", "stationName": "HAJIPUR JN", "arrivalTime": "07:00", "departureTime": "07:05", "routeNumber": "1", "haltTime": "05:00", "distance": "106", "dayCount": "1", "stnSerialNumber": "3", "boardingDisabled": "false"}, {"stationCode": "PPTA", "stationName": "PATLIPUTRA", "arrivalTime": "07:55", "departureTime": "08:05", "routeNumber": "1", "haltTime": "10:00", "distance": "127", "dayCount": "1", "stnSerialNumber": "5", "boardingDisabled": "false"}, {"stationCode": "DNR", "stationName": "DANAPUR", "arrivalTime": "08:25", "departureTime": "08:27", "routeNumber": "1", "haltTime": "02:00", "distance": "133", "dayCount": "1", "stnSerialNumber": "6", "boardingDisabled": "false"}, {"stationCode": "ARA", "stationName": "ARA JN", "arrivalTime": "09:00", "departureTime": "09:02", "routeNumber": "1", "haltTime": "02:00", "distance": "172", "dayCount": "1", "stnSerialNumber": "7", "boardingDisabled": "false"}, {"stationCode": "BXR", "stationName": "BUXAR", "arrivalTime": "09:45", "departureTime": "09:47", "routeNumber": "1", "haltTime": "02:00", "distance": "241", "dayCount": "1", "stnSerialNumber": "8", "boardingDisabled": "false"}, {"stationCode": "DDU", "stationName": "DD UPADHYAYA JN", "arrivalTime": "11:20", "departureTime": "11:30", "routeNumber": "1", "haltTime": "10:00", "distance": "335", "dayCount": "1", "stnSerialNumber": "9", "boardingDisabled": "false"}, {"stationCode": "PCOI", "stationName": "PRAYAGRAJCHEOKI", "arrivalTime": "14:00", "departureTime": "14:02", "routeNumber": "1", "haltTime": "02:00", "distance": "479", "dayCount": "1", "stnSerialNumber": "10", "boardingDisabled": "false"}, {"stationCode": "MKP", "stationName": "MANIKPUR", "arrivalTime": "16:13", "departureTime": "16:15", "routeNumber": "1", "haltTime": "02:00", "distance": "570", "dayCount": "1", "stnSerialNumber": "11", "boardingDisabled": "false"}, {"stationCode": "STA", "stationName": "SATNA", "arrivalTime": "18:30", "departureTime": "18:35", "routeNumber": "1", "haltTime": "05:00", "distance": "648", "dayCount": "1", "stnSerialNumber": "12", "boardingDisabled": "false"}, {"stationCode": "KTE", "stationName": "KATNI", "arrivalTime": "20:05", "departureTime": "20:10", "routeNumber": "1", "haltTime": "05:00", "distance": "746", "dayCount": "1", "stnSerialNumber": "13", "boardingDisabled": "false"}, {"stationCode": "JBP", "stationName": "JABALPUR", "arrivalTime": "01:00", "departureTime": "01:10", "routeNumber": "1", "haltTime": "10:00", "distance": "837", "dayCount": "2", "stnSerialNumber": "14", "boardingDisabled": "false"}, {"stationCode": "ET", "stationName": "ITARSI JN", "arrivalTime": "03:25", "departureTime": "03:35", "routeNumber": "1", "haltTime": "10:00", "distance": "1082", "dayCount": "2", "stnSerialNumber": "15", "boardingDisabled": "false"}, {"stationCode": "KNW", "stationName": "KHANDWA", "arrivalTime": "06:10", "departureTime": "06:12", "routeNumber": "1", "haltTime": "02:00", "distance": "1265", "dayCount": "2", "stnSerialNumber": "16", "boardingDisabled": "false"}, {"stationCode": "BSL", "stationName": "BHUSAVAL JN", "arrivalTime": "08:00", "departureTime": "08:05", "routeNumber": "1", "haltTime": "05:00", "distance": "1389", "dayCount": "2", "stnSerialNumber": "17", "boardingDisabled": "false"}, {"stationCode": "NDB", "stationName": "NANDURBAR", "arrivalTime": "10:30", "departureTime": "10:40", "routeNumber": "1", "haltTime": "10:00", "distance": "1564", "dayCount": "2", "stnSerialNumber": "20", "boardingDisabled": "false"}, {"stationCode": "ST", "stationName": "SURAT", "arrivalTime": "13:50", "departureTime": "13:55", "routeNumber": "1", "haltTime": "05:00", "distance": "1724", "dayCount": "2", "stnSerialNumber": "21", "boardingDisabled": "false"}, {"stationCode": "BRC", "stationName": "VADODARA JN", "arrivalTime": "15:43", "departureTime": "15:48", "routeNumber": "1", "haltTime": "05:00", "distance": "1853", "dayCount": "2", "stnSerialNumber": "22", "boardingDisabled": "false"}, {"stationCode": "ADI", "stationName": "AHMEDABAD JN", "arrivalTime": "18:30", "departureTime": "--", "routeNumber": "1", "haltTime": "--", "distance": "1953", "dayCount": "2", "stnSerialNumber": "24", "boardingDisabled": "false"}]}