{"trainNumber": "09416", "trainName": "GIMB BDTS SF SPL", "stationFrom": "GIMB", "stationTo": "BDTS", "trainOwner": "0", "trainRunsOnMon": "N", "trainRunsOnTue": "N", "trainRunsOnWed": "N", "trainRunsOnThu": "Y", "trainRunsOnFri": "N", "trainRunsOnSat": "N", "trainRunsOnSun": "N", "timeStamp": "2023-06-19T15:31:45.647", "duration": "0", "stationList": [{"stationCode": "GIMB", "stationName": "GANDHIDHAM BG", "arrivalTime": "--", "departureTime": "00:30", "routeNumber": "1", "haltTime": "--", "distance": "0", "dayCount": "1", "stnSerialNumber": "1", "boardingDisabled": "false"}, {"stationCode": "BCOB", "stationName": "BHACHAU BG", "arrivalTime": "01:04", "departureTime": "01:06", "routeNumber": "1", "haltTime": "02:00", "distance": "38", "dayCount": "1", "stnSerialNumber": "2", "boardingDisabled": "false"}, {"stationCode": "SIOB", "stationName": "SAMAKHIALI B G", "arrivalTime": "01:29", "departureTime": "01:31", "routeNumber": "1", "haltTime": "02:00", "distance": "53", "dayCount": "1", "stnSerialNumber": "3", "boardingDisabled": "false"}, {"stationCode": "DHG", "stationName": "DHRANGDHRA", "arrivalTime": "03:08", "departureTime": "03:10", "routeNumber": "1", "haltTime": "02:00", "distance": "170", "dayCount": "1", "stnSerialNumber": "4", "boardingDisabled": "false"}, {"stationCode": "VG", "stationName": "VIRAMGAM JN", "arrivalTime": "04:38", "departureTime": "04:40", "routeNumber": "1", "haltTime": "02:00", "distance": "235", "dayCount": "1", "stnSerialNumber": "5", "boardingDisabled": "false"}, {"stationCode": "ADI", "stationName": "AHMEDABAD JN", "arrivalTime": "06:00", "departureTime": "06:20", "routeNumber": "1", "haltTime": "20:00", "distance": "300", "dayCount": "1", "stnSerialNumber": "6", "boardingDisabled": "false"}, {"stationCode": "BRC", "stationName": "VADODARA JN", "arrivalTime": "08:04", "departureTime": "08:09", "routeNumber": "1", "haltTime": "05:00", "distance": "400", "dayCount": "1", "stnSerialNumber": "7", "boardingDisabled": "false"}, {"stationCode": "ST", "stationName": "SURAT", "arrivalTime": "09:35", "departureTime": "09:40", "routeNumber": "1", "haltTime": "05:00", "distance": "529", "dayCount": "1", "stnSerialNumber": "8", "boardingDisabled": "false"}, {"stationCode": "VAPI", "stationName": "VAPI", "arrivalTime": "10:37", "departureTime": "10:39", "routeNumber": "1", "haltTime": "02:00", "distance": "622", "dayCount": "1", "stnSerialNumber": "9", "boardingDisabled": "false"}, {"stationCode": "BVI", "stationName": "BORIVALI", "arrivalTime": "12:12", "departureTime": "12:14", "routeNumber": "1", "haltTime": "02:00", "distance": "762", "dayCount": "1", "stnSerialNumber": "10", "boardingDisabled": "false"}, {"stationCode": "BDTS", "stationName": "BANDRA TERMINUS", "arrivalTime": "13:05", "departureTime": "--", "routeNumber": "1", "haltTime": "--", "distance": "780", "dayCount": "1", "stnSerialNumber": "11", "boardingDisabled": "false"}]}