{"trainNumber": "09419", "trainName": "ADI TPJ SPECIAL", "stationFrom": "ADI", "stationTo": "TPJ", "trainOwner": "0", "trainRunsOnMon": "N", "trainRunsOnTue": "N", "trainRunsOnWed": "N", "trainRunsOnThu": "Y", "trainRunsOnFri": "N", "trainRunsOnSat": "N", "trainRunsOnSun": "N", "timeStamp": "2023-06-19T15:30:07.234", "duration": "0", "stationList": [{"stationCode": "ADI", "stationName": "AHMEDABAD JN", "arrivalTime": "--", "departureTime": "09:30", "routeNumber": "1", "haltTime": "--", "distance": "0", "dayCount": "1", "stnSerialNumber": "1", "boardingDisabled": "false"}, {"stationCode": "BRC", "stationName": "VADODARA JN", "arrivalTime": "10:55", "departureTime": "11:00", "routeNumber": "1", "haltTime": "05:00", "distance": "100", "dayCount": "1", "stnSerialNumber": "2", "boardingDisabled": "false"}, {"stationCode": "ST", "stationName": "SURAT", "arrivalTime": "13:07", "departureTime": "13:12", "routeNumber": "1", "haltTime": "05:00", "distance": "229", "dayCount": "1", "stnSerialNumber": "3", "boardingDisabled": "false"}, {"stationCode": "VAPI", "stationName": "VAPI", "arrivalTime": "14:25", "departureTime": "14:27", "routeNumber": "1", "haltTime": "02:00", "distance": "322", "dayCount": "1", "stnSerialNumber": "4", "boardingDisabled": "false"}, {"stationCode": "BSR", "stationName": "VASAI ROAD", "arrivalTime": "16:05", "departureTime": "16:10", "routeNumber": "1", "haltTime": "05:00", "distance": "444", "dayCount": "1", "stnSerialNumber": "5", "boardingDisabled": "false"}, {"stationCode": "KYN", "stationName": "KALYAN JN", "arrivalTime": "16:52", "departureTime": "16:55", "routeNumber": "1", "haltTime": "03:00", "distance": "496", "dayCount": "1", "stnSerialNumber": "6", "boardingDisabled": "false"}, {"stationCode": "PUNE", "stationName": "PUNE JN", "arrivalTime": "20:10", "departureTime": "20:15", "routeNumber": "1", "haltTime": "05:00", "distance": "635", "dayCount": "1", "stnSerialNumber": "7", "boardingDisabled": "false"}, {"stationCode": "SUR", "stationName": "SOLAPUR JN", "arrivalTime": "00:15", "departureTime": "00:20", "routeNumber": "1", "haltTime": "05:00", "distance": "898", "dayCount": "2", "stnSerialNumber": "8", "boardingDisabled": "false"}, {"stationCode": "KLBG", "stationName": "KALABURAGI", "arrivalTime": "01:45", "departureTime": "01:48", "routeNumber": "1", "haltTime": "03:00", "distance": "1011", "dayCount": "2", "stnSerialNumber": "9", "boardingDisabled": "false"}, {"stationCode": "WADI", "stationName": "WADI", "arrivalTime": "03:20", "departureTime": "03:25", "routeNumber": "1", "haltTime": "05:00", "distance": "1048", "dayCount": "2", "stnSerialNumber": "10", "boardingDisabled": "false"}, {"stationCode": "RC", "stationName": "RAICHUR", "arrivalTime": "04:43", "departureTime": "04:45", "routeNumber": "1", "haltTime": "02:00", "distance": "1155", "dayCount": "2", "stnSerialNumber": "11", "boardingDisabled": "false"}, {"stationCode": "MALM", "stationName": "MANTHRALAYAM RD", "arrivalTime": "05:04", "departureTime": "05:05", "routeNumber": "1", "haltTime": "01:00", "distance": "1183", "dayCount": "2", "stnSerialNumber": "12", "boardingDisabled": "false"}, {"stationCode": "GTL", "stationName": "GUNTAKAL JN", "arrivalTime": "07:05", "departureTime": "07:10", "routeNumber": "1", "haltTime": "05:00", "distance": "1276", "dayCount": "2", "stnSerialNumber": "13", "boardingDisabled": "false"}, {"stationCode": "TU", "stationName": "TADIPATRI", "arrivalTime": "08:10", "departureTime": "08:12", "routeNumber": "1", "haltTime": "02:00", "distance": "1353", "dayCount": "2", "stnSerialNumber": "14", "boardingDisabled": "false"}, {"stationCode": "HX", "stationName": "CUDDAPAH", "arrivalTime": "09:58", "departureTime": "10:00", "routeNumber": "1", "haltTime": "02:00", "distance": "1461", "dayCount": "2", "stnSerialNumber": "15", "boardingDisabled": "false"}, {"stationCode": "RU", "stationName": "RENIGUNTA JN", "arrivalTime": "12:15", "departureTime": "12:20", "routeNumber": "1", "haltTime": "05:00", "distance": "1586", "dayCount": "2", "stnSerialNumber": "16", "boardingDisabled": "false"}, {"stationCode": "AJJ", "stationName": "ARAKKONAM JN", "arrivalTime": "14:03", "departureTime": "14:05", "routeNumber": "1", "haltTime": "02:00", "distance": "1658", "dayCount": "2", "stnSerialNumber": "17", "boardingDisabled": "false"}, {"stationCode": "PER", "stationName": "PERAMBUR", "arrivalTime": "14:53", "departureTime": "14:55", "routeNumber": "1", "haltTime": "02:00", "distance": "1721", "dayCount": "2", "stnSerialNumber": "18", "boardingDisabled": "false"}, {"stationCode": "MS", "stationName": "CHENNAI EGMORE", "arrivalTime": "16:05", "departureTime": "16:25", "routeNumber": "1", "haltTime": "20:00", "distance": "1733", "dayCount": "2", "stnSerialNumber": "20", "boardingDisabled": "false"}, {"stationCode": "TBM", "stationName": "TAMBARAM", "arrivalTime": "16:53", "departureTime": "16:55", "routeNumber": "1", "haltTime": "02:00", "distance": "1757", "dayCount": "2", "stnSerialNumber": "21", "boardingDisabled": "false"}, {"stationCode": "CGL", "stationName": "CHENGALPATTU", "arrivalTime": "17:23", "departureTime": "17:25", "routeNumber": "1", "haltTime": "02:00", "distance": "1788", "dayCount": "2", "stnSerialNumber": "22", "boardingDisabled": "false"}, {"stationCode": "VM", "stationName": "VILLUPURAM JN", "arrivalTime": "19:15", "departureTime": "19:40", "routeNumber": "1", "haltTime": "25:00", "distance": "1891", "dayCount": "2", "stnSerialNumber": "23", "boardingDisabled": "false"}, {"stationCode": "CUPJ", "stationName": "CUDDALORE PORT", "arrivalTime": "20:48", "departureTime": "20:50", "routeNumber": "1", "haltTime": "02:00", "distance": "1938", "dayCount": "2", "stnSerialNumber": "24", "boardingDisabled": "false"}, {"stationCode": "CDM", "stationName": "CHIDAMBARAM", "arrivalTime": "21:20", "departureTime": "21:22", "routeNumber": "1", "haltTime": "02:00", "distance": "1976", "dayCount": "2", "stnSerialNumber": "25", "boardingDisabled": "false"}, {"stationCode": "SY", "stationName": "SIRKAZHI", "arrivalTime": "21:35", "departureTime": "21:37", "routeNumber": "1", "haltTime": "02:00", "distance": "1993", "dayCount": "2", "stnSerialNumber": "26", "boardingDisabled": "false"}, {"stationCode": "VDL", "stationName": "VAITISVARANKOIL", "arrivalTime": "21:45", "departureTime": "21:47", "routeNumber": "1", "haltTime": "02:00", "distance": "1999", "dayCount": "2", "stnSerialNumber": "27", "boardingDisabled": "false"}, {"stationCode": "MV", "stationName": "MAYILADUTURAI J", "arrivalTime": "22:35", "departureTime": "22:40", "routeNumber": "1", "haltTime": "05:00", "distance": "2013", "dayCount": "2", "stnSerialNumber": "28", "boardingDisabled": "false"}, {"stationCode": "KMU", "stationName": "KUMBAKONAM", "arrivalTime": "23:28", "departureTime": "23:30", "routeNumber": "1", "haltTime": "02:00", "distance": "2044", "dayCount": "2", "stnSerialNumber": "29", "boardingDisabled": "false"}, {"stationCode": "PML", "stationName": "PAPANASAM", "arrivalTime": "23:45", "departureTime": "23:47", "routeNumber": "1", "haltTime": "02:00", "distance": "2058", "dayCount": "2", "stnSerialNumber": "30", "boardingDisabled": "false"}, {"stationCode": "TJ", "stationName": "THANJAVUR", "arrivalTime": "01:35", "departureTime": "01:37", "routeNumber": "1", "haltTime": "02:00", "distance": "2083", "dayCount": "3", "stnSerialNumber": "31", "boardingDisabled": "false"}, {"stationCode": "TPJ", "stationName": "TIRUCHCHIRAPALI", "arrivalTime": "03:45", "departureTime": "--", "routeNumber": "1", "haltTime": "--", "distance": "2133", "dayCount": "3", "stnSerialNumber": "32", "boardingDisabled": "false"}]}