{"trainNumber": "09413", "trainName": "ADI SPJ SPL", "stationFrom": "ADI", "stationTo": "SPJ", "trainOwner": "0", "trainRunsOnMon": "N", "trainRunsOnTue": "Y", "trainRunsOnWed": "N", "trainRunsOnThu": "N", "trainRunsOnFri": "N", "trainRunsOnSat": "N", "trainRunsOnSun": "N", "timeStamp": "2023-06-19T15:30:07.355", "duration": "0", "stationList": [{"stationCode": "ADI", "stationName": "AHMEDABAD JN", "arrivalTime": "--", "departureTime": "16:35", "routeNumber": "1", "haltTime": "--", "distance": "0", "dayCount": "1", "stnSerialNumber": "1", "boardingDisabled": "false"}, {"stationCode": "BRC", "stationName": "VADODARA JN", "arrivalTime": "18:20", "departureTime": "18:25", "routeNumber": "1", "haltTime": "05:00", "distance": "100", "dayCount": "1", "stnSerialNumber": "3", "boardingDisabled": "false"}, {"stationCode": "ST", "stationName": "SURAT", "arrivalTime": "20:16", "departureTime": "20:21", "routeNumber": "1", "haltTime": "05:00", "distance": "229", "dayCount": "1", "stnSerialNumber": "4", "boardingDisabled": "false"}, {"stationCode": "NDB", "stationName": "NANDURBAR", "arrivalTime": "23:00", "departureTime": "23:10", "routeNumber": "1", "haltTime": "10:00", "distance": "389", "dayCount": "1", "stnSerialNumber": "5", "boardingDisabled": "false"}, {"stationCode": "BSL", "stationName": "BHUSAVAL JN", "arrivalTime": "01:45", "departureTime": "01:50", "routeNumber": "1", "haltTime": "05:00", "distance": "564", "dayCount": "2", "stnSerialNumber": "8", "boardingDisabled": "false"}, {"stationCode": "KNW", "stationName": "KHANDWA", "arrivalTime": "03:52", "departureTime": "03:55", "routeNumber": "1", "haltTime": "03:00", "distance": "688", "dayCount": "2", "stnSerialNumber": "9", "boardingDisabled": "false"}, {"stationCode": "ET", "stationName": "ITARSI JN", "arrivalTime": "06:05", "departureTime": "06:15", "routeNumber": "1", "haltTime": "10:00", "distance": "871", "dayCount": "2", "stnSerialNumber": "10", "boardingDisabled": "false"}, {"stationCode": "JBP", "stationName": "JABALPUR", "arrivalTime": "09:30", "departureTime": "09:40", "routeNumber": "1", "haltTime": "10:00", "distance": "1116", "dayCount": "2", "stnSerialNumber": "11", "boardingDisabled": "false"}, {"stationCode": "KTE", "stationName": "KATNI", "arrivalTime": "11:00", "departureTime": "11:05", "routeNumber": "1", "haltTime": "05:00", "distance": "1207", "dayCount": "2", "stnSerialNumber": "12", "boardingDisabled": "false"}, {"stationCode": "STA", "stationName": "SATNA", "arrivalTime": "12:45", "departureTime": "12:50", "routeNumber": "1", "haltTime": "05:00", "distance": "1305", "dayCount": "2", "stnSerialNumber": "13", "boardingDisabled": "false"}, {"stationCode": "MKP", "stationName": "MANIKPUR", "arrivalTime": "14:35", "departureTime": "14:37", "routeNumber": "1", "haltTime": "02:00", "distance": "1383", "dayCount": "2", "stnSerialNumber": "14", "boardingDisabled": "false"}, {"stationCode": "PCOI", "stationName": "PRAYAGRAJCHEOKI", "arrivalTime": "16:13", "departureTime": "16:15", "routeNumber": "1", "haltTime": "02:00", "distance": "1475", "dayCount": "2", "stnSerialNumber": "15", "boardingDisabled": "false"}, {"stationCode": "DDU", "stationName": "DD UPADHYAYA JN", "arrivalTime": "20:05", "departureTime": "20:15", "routeNumber": "1", "haltTime": "10:00", "distance": "1618", "dayCount": "2", "stnSerialNumber": "16", "boardingDisabled": "false"}, {"stationCode": "BXR", "stationName": "BUXAR", "arrivalTime": "21:28", "departureTime": "21:30", "routeNumber": "1", "haltTime": "02:00", "distance": "1712", "dayCount": "2", "stnSerialNumber": "17", "boardingDisabled": "false"}, {"stationCode": "ARA", "stationName": "ARA JN", "arrivalTime": "22:30", "departureTime": "22:32", "routeNumber": "1", "haltTime": "02:00", "distance": "1781", "dayCount": "2", "stnSerialNumber": "18", "boardingDisabled": "false"}, {"stationCode": "DNR", "stationName": "DANAPUR", "arrivalTime": "23:15", "departureTime": "23:17", "routeNumber": "1", "haltTime": "02:00", "distance": "1820", "dayCount": "2", "stnSerialNumber": "19", "boardingDisabled": "false"}, {"stationCode": "PPTA", "stationName": "PATLIPUTRA", "arrivalTime": "23:35", "departureTime": "23:45", "routeNumber": "1", "haltTime": "10:00", "distance": "1826", "dayCount": "2", "stnSerialNumber": "20", "boardingDisabled": "false"}, {"stationCode": "HJP", "stationName": "HAJIPUR JN", "arrivalTime": "00:25", "departureTime": "00:30", "routeNumber": "1", "haltTime": "05:00", "distance": "1847", "dayCount": "3", "stnSerialNumber": "24", "boardingDisabled": "false"}, {"stationCode": "MFP", "stationName": "MUZAFFARPUR JN", "arrivalTime": "01:25", "departureTime": "01:30", "routeNumber": "1", "haltTime": "05:00", "distance": "1901", "dayCount": "3", "stnSerialNumber": "25", "boardingDisabled": "false"}, {"stationCode": "SPJ", "stationName": "SAMASTIPUR JN", "arrivalTime": "03:00", "departureTime": "--", "routeNumber": "1", "haltTime": "--", "distance": "1953", "dayCount": "3", "stnSerialNumber": "27", "boardingDisabled": "false"}]}