{"trainNumber": "09421", "trainName": "ADI DBG SPL", "stationFrom": "ADI", "stationTo": "DBG", "trainOwner": "0", "trainRunsOnMon": "Y", "trainRunsOnTue": "N", "trainRunsOnWed": "N", "trainRunsOnThu": "N", "trainRunsOnFri": "N", "trainRunsOnSat": "N", "trainRunsOnSun": "N", "timeStamp": "2023-06-19T15:30:08.393", "duration": "0", "stationList": [{"stationCode": "ADI", "stationName": "AHMEDABAD JN", "arrivalTime": "--", "departureTime": "16:10", "routeNumber": "1", "haltTime": "--", "distance": "0", "dayCount": "1", "stnSerialNumber": "1", "boardingDisabled": "false"}, {"stationCode": "MSH", "stationName": "MAHESANA JN", "arrivalTime": "17:15", "departureTime": "17:17", "routeNumber": "1", "haltTime": "02:00", "distance": "68", "dayCount": "1", "stnSerialNumber": "2", "boardingDisabled": "false"}, {"stationCode": "PNU", "stationName": "PALANPUR JN", "arrivalTime": "18:23", "departureTime": "18:25", "routeNumber": "1", "haltTime": "02:00", "distance": "133", "dayCount": "1", "stnSerialNumber": "3", "boardingDisabled": "false"}, {"stationCode": "ABR", "stationName": "ABU ROAD", "arrivalTime": "19:05", "departureTime": "19:15", "routeNumber": "1", "haltTime": "10:00", "distance": "186", "dayCount": "1", "stnSerialNumber": "4", "boardingDisabled": "false"}, {"stationCode": "FA", "stationName": "FALNA", "arrivalTime": "20:24", "departureTime": "20:26", "routeNumber": "1", "haltTime": "02:00", "distance": "285", "dayCount": "1", "stnSerialNumber": "5", "boardingDisabled": "false"}, {"stationCode": "MJ", "stationName": "MARWAR JN", "arrivalTime": "21:20", "departureTime": "21:25", "routeNumber": "1", "haltTime": "05:00", "distance": "351", "dayCount": "1", "stnSerialNumber": "6", "boardingDisabled": "false"}, {"stationCode": "BER", "stationName": "BEAWAR", "arrivalTime": "22:30", "departureTime": "22:32", "routeNumber": "1", "haltTime": "02:00", "distance": "439", "dayCount": "1", "stnSerialNumber": "7", "boardingDisabled": "false"}, {"stationCode": "AII", "stationName": "AJMER JN", "arrivalTime": "23:30", "departureTime": "23:40", "routeNumber": "1", "haltTime": "10:00", "distance": "491", "dayCount": "1", "stnSerialNumber": "8", "boardingDisabled": "false"}, {"stationCode": "KSG", "stationName": "KISHANGARH", "arrivalTime": "00:08", "departureTime": "00:10", "routeNumber": "1", "haltTime": "02:00", "distance": "517", "dayCount": "2", "stnSerialNumber": "9", "boardingDisabled": "false"}, {"stationCode": "JP", "stationName": "JAIPUR", "arrivalTime": "01:40", "departureTime": "01:50", "routeNumber": "1", "haltTime": "10:00", "distance": "626", "dayCount": "2", "stnSerialNumber": "10", "boardingDisabled": "false"}, {"stationCode": "BKI", "stationName": "BANDIKUI JN", "arrivalTime": "03:15", "departureTime": "03:17", "routeNumber": "1", "haltTime": "02:00", "distance": "716", "dayCount": "2", "stnSerialNumber": "11", "boardingDisabled": "false"}, {"stationCode": "BTE", "stationName": "BHARATPUR JN", "arrivalTime": "04:45", "departureTime": "04:47", "routeNumber": "1", "haltTime": "02:00", "distance": "813", "dayCount": "2", "stnSerialNumber": "12", "boardingDisabled": "false"}, {"stationCode": "AH", "stationName": "ACHHNERA JN", "arrivalTime": "05:30", "departureTime": "05:40", "routeNumber": "1", "haltTime": "10:00", "distance": "840", "dayCount": "2", "stnSerialNumber": "13", "boardingDisabled": "false"}, {"stationCode": "AF", "stationName": "AGRA FORT", "arrivalTime": "06:55", "departureTime": "06:58", "routeNumber": "1", "haltTime": "03:00", "distance": "867", "dayCount": "2", "stnSerialNumber": "14", "boardingDisabled": "false"}, {"stationCode": "TDL", "stationName": "TUNDLA JN", "arrivalTime": "08:00", "departureTime": "08:05", "routeNumber": "1", "haltTime": "05:00", "distance": "889", "dayCount": "2", "stnSerialNumber": "16", "boardingDisabled": "false"}, {"stationCode": "ETW", "stationName": "ETAWAH JN", "arrivalTime": "09:15", "departureTime": "09:17", "routeNumber": "1", "haltTime": "02:00", "distance": "981", "dayCount": "2", "stnSerialNumber": "17", "boardingDisabled": "false"}, {"stationCode": "CNB", "stationName": "KANPUR CENTRAL", "arrivalTime": "11:30", "departureTime": "11:35", "routeNumber": "1", "haltTime": "05:00", "distance": "1120", "dayCount": "2", "stnSerialNumber": "18", "boardingDisabled": "false"}, {"stationCode": "ON", "stationName": "UNNAO JN", "arrivalTime": "12:05", "departureTime": "12:07", "routeNumber": "1", "haltTime": "02:00", "distance": "1138", "dayCount": "2", "stnSerialNumber": "19", "boardingDisabled": "false"}, {"stationCode": "LKO", "stationName": "LUCKNOW NR", "arrivalTime": "13:15", "departureTime": "13:25", "routeNumber": "1", "haltTime": "10:00", "distance": "1194", "dayCount": "2", "stnSerialNumber": "20", "boardingDisabled": "false"}, {"stationCode": "GD", "stationName": "GONDA JN", "arrivalTime": "15:30", "departureTime": "15:35", "routeNumber": "1", "haltTime": "05:00", "distance": "1311", "dayCount": "2", "stnSerialNumber": "22", "boardingDisabled": "false"}, {"stationCode": "GKP", "stationName": "GORAKHPUR JN", "arrivalTime": "18:15", "departureTime": "18:20", "routeNumber": "1", "haltTime": "05:00", "distance": "1465", "dayCount": "2", "stnSerialNumber": "23", "boardingDisabled": "false"}, {"stationCode": "NKE", "stationName": "NARKATIAGANJ JN", "arrivalTime": "21:30", "departureTime": "21:40", "routeNumber": "1", "haltTime": "10:00", "distance": "1615", "dayCount": "2", "stnSerialNumber": "25", "boardingDisabled": "false"}, {"stationCode": "RXL", "stationName": "RAXAUL JN", "arrivalTime": "22:30", "departureTime": "22:35", "routeNumber": "1", "haltTime": "05:00", "distance": "1655", "dayCount": "2", "stnSerialNumber": "26", "boardingDisabled": "false"}, {"stationCode": "BGU", "stationName": "BAIRAGNIA", "arrivalTime": "23:35", "departureTime": "23:37", "routeNumber": "1", "haltTime": "02:00", "distance": "1709", "dayCount": "2", "stnSerialNumber": "27", "boardingDisabled": "false"}, {"stationCode": "SMI", "stationName": "SITAMARHI", "arrivalTime": "00:30", "departureTime": "00:35", "routeNumber": "1", "haltTime": "05:00", "distance": "1738", "dayCount": "3", "stnSerialNumber": "28", "boardingDisabled": "false"}, {"stationCode": "JNR", "stationName": "JANAKPUR ROAD", "arrivalTime": "01:05", "departureTime": "01:07", "routeNumber": "1", "haltTime": "02:00", "distance": "1763", "dayCount": "3", "stnSerialNumber": "29", "boardingDisabled": "false"}, {"stationCode": "DBG", "stationName": "DARBHANGA JN", "arrivalTime": "02:15", "departureTime": "--", "routeNumber": "1", "haltTime": "--", "distance": "1806", "dayCount": "3", "stnSerialNumber": "30", "boardingDisabled": "false"}]}