{"trainNumber": "09424", "trainName": "ADI MAJN SPL", "stationFrom": "ADI", "stationTo": "MAJN", "trainOwner": "0", "trainRunsOnMon": "N", "trainRunsOnTue": "N", "trainRunsOnWed": "N", "trainRunsOnThu": "N", "trainRunsOnFri": "Y", "trainRunsOnSat": "N", "trainRunsOnSun": "N", "timeStamp": "2023-06-19T15:30:08.325", "duration": "0", "stationList": [{"stationCode": "ADI", "stationName": "AHMEDABAD JN", "arrivalTime": "--", "departureTime": "16:00", "routeNumber": "1", "haltTime": "--", "distance": "0", "dayCount": "1", "stnSerialNumber": "1", "boardingDisabled": "false"}, {"stationCode": "ND", "stationName": "NADIAD JN", "arrivalTime": "16:55", "departureTime": "16:57", "routeNumber": "1", "haltTime": "02:00", "distance": "46", "dayCount": "1", "stnSerialNumber": "3", "boardingDisabled": "false"}, {"stationCode": "ANND", "stationName": "ANAND JN", "arrivalTime": "17:12", "departureTime": "17:14", "routeNumber": "1", "haltTime": "02:00", "distance": "64", "dayCount": "1", "stnSerialNumber": "4", "boardingDisabled": "false"}, {"stationCode": "BRC", "stationName": "VADODARA JN", "arrivalTime": "17:50", "departureTime": "17:55", "routeNumber": "1", "haltTime": "05:00", "distance": "100", "dayCount": "1", "stnSerialNumber": "5", "boardingDisabled": "false"}, {"stationCode": "BH", "stationName": "BHARUCH JN", "arrivalTime": "18:47", "departureTime": "18:49", "routeNumber": "1", "haltTime": "02:00", "distance": "170", "dayCount": "1", "stnSerialNumber": "6", "boardingDisabled": "false"}, {"stationCode": "ST", "stationName": "SURAT", "arrivalTime": "19:35", "departureTime": "19:40", "routeNumber": "1", "haltTime": "05:00", "distance": "229", "dayCount": "1", "stnSerialNumber": "7", "boardingDisabled": "false"}, {"stationCode": "VAPI", "stationName": "VAPI", "arrivalTime": "21:10", "departureTime": "21:12", "routeNumber": "1", "haltTime": "02:00", "distance": "322", "dayCount": "1", "stnSerialNumber": "8", "boardingDisabled": "false"}, {"stationCode": "BSR", "stationName": "VASAI ROAD", "arrivalTime": "23:10", "departureTime": "23:15", "routeNumber": "1", "haltTime": "05:00", "distance": "444", "dayCount": "1", "stnSerialNumber": "9", "boardingDisabled": "false"}, {"stationCode": "PNVL", "stationName": "PANVEL", "arrivalTime": "00:40", "departureTime": "00:45", "routeNumber": "1", "haltTime": "05:00", "distance": "511", "dayCount": "2", "stnSerialNumber": "11", "boardingDisabled": "false"}, {"stationCode": "ROHA", "stationName": "ROHA", "arrivalTime": "02:20", "departureTime": "02:25", "routeNumber": "1", "haltTime": "05:00", "distance": "589", "dayCount": "2", "stnSerialNumber": "12", "boardingDisabled": "false"}, {"stationCode": "RN", "stationName": "RATNAGIRI", "arrivalTime": "05:30", "departureTime": "05:35", "routeNumber": "1", "haltTime": "05:00", "distance": "874", "dayCount": "2", "stnSerialNumber": "13", "boardingDisabled": "false"}, {"stationCode": "KUDL", "stationName": "KUDAL", "arrivalTime": "07:58", "departureTime": "08:00", "routeNumber": "1", "haltTime": "02:00", "distance": "1069", "dayCount": "2", "stnSerialNumber": "14", "boardingDisabled": "false"}, {"stationCode": "SWV", "stationName": "SAWANTWADI ROAD", "arrivalTime": "08:20", "departureTime": "08:22", "routeNumber": "1", "haltTime": "02:00", "distance": "1098", "dayCount": "2", "stnSerialNumber": "15", "boardingDisabled": "false"}, {"stationCode": "THVM", "stationName": "THIVIM", "arrivalTime": "08:50", "departureTime": "08:52", "routeNumber": "1", "haltTime": "02:00", "distance": "1144", "dayCount": "2", "stnSerialNumber": "16", "boardingDisabled": "false"}, {"stationCode": "KRMI", "stationName": "KARMALI", "arrivalTime": "09:10", "departureTime": "09:12", "routeNumber": "1", "haltTime": "02:00", "distance": "1168", "dayCount": "2", "stnSerialNumber": "17", "boardingDisabled": "false"}, {"stationCode": "MAO", "stationName": "MADGAON", "arrivalTime": "10:10", "departureTime": "10:20", "routeNumber": "1", "haltTime": "10:00", "distance": "1208", "dayCount": "2", "stnSerialNumber": "18", "boardingDisabled": "false"}, {"stationCode": "KAWR", "stationName": "KARWAR", "arrivalTime": "11:20", "departureTime": "11:22", "routeNumber": "1", "haltTime": "02:00", "distance": "1290", "dayCount": "2", "stnSerialNumber": "19", "boardingDisabled": "false"}, {"stationCode": "UD", "stationName": "UDUPI", "arrivalTime": "15:00", "departureTime": "15:02", "routeNumber": "1", "haltTime": "02:00", "distance": "1557", "dayCount": "2", "stnSerialNumber": "20", "boardingDisabled": "false"}, {"stationCode": "SL", "stationName": "SURATHKAL", "arrivalTime": "16:00", "departureTime": "16:02", "routeNumber": "1", "haltTime": "02:00", "distance": "1616", "dayCount": "2", "stnSerialNumber": "21", "boardingDisabled": "false"}, {"stationCode": "MAJN", "stationName": "MANGALURU JN", "arrivalTime": "19:40", "departureTime": "--", "routeNumber": "1", "haltTime": "--", "distance": "1639", "dayCount": "2", "stnSerialNumber": "23", "boardingDisabled": "false"}]}