{"trainNumber": "09423", "trainName": "MAJN ADI SPL", "stationFrom": "MAJN", "stationTo": "ADI", "trainOwner": "0", "trainRunsOnMon": "N", "trainRunsOnTue": "N", "trainRunsOnWed": "N", "trainRunsOnThu": "N", "trainRunsOnFri": "N", "trainRunsOnSat": "Y", "trainRunsOnSun": "N", "timeStamp": "2023-06-19T15:31:35.653", "duration": "0", "stationList": [{"stationCode": "MAJN", "stationName": "MANGALURU JN", "arrivalTime": "--", "departureTime": "21:10", "routeNumber": "1", "haltTime": "--", "distance": "0", "dayCount": "1", "stnSerialNumber": "1", "boardingDisabled": "false"}, {"stationCode": "SL", "stationName": "SURATHKAL", "arrivalTime": "22:57", "departureTime": "22:59", "routeNumber": "1", "haltTime": "02:00", "distance": "23", "dayCount": "1", "stnSerialNumber": "3", "boardingDisabled": "false"}, {"stationCode": "UD", "stationName": "UDUPI", "arrivalTime": "23:45", "departureTime": "23:47", "routeNumber": "1", "haltTime": "02:00", "distance": "82", "dayCount": "1", "stnSerialNumber": "4", "boardingDisabled": "false"}, {"stationCode": "KAWR", "stationName": "KARWAR", "arrivalTime": "02:38", "departureTime": "02:40", "routeNumber": "1", "haltTime": "02:00", "distance": "349", "dayCount": "2", "stnSerialNumber": "5", "boardingDisabled": "false"}, {"stationCode": "MAO", "stationName": "MADGAON", "arrivalTime": "04:15", "departureTime": "04:25", "routeNumber": "1", "haltTime": "10:00", "distance": "431", "dayCount": "2", "stnSerialNumber": "6", "boardingDisabled": "false"}, {"stationCode": "KRMI", "stationName": "KARMALI", "arrivalTime": "04:55", "departureTime": "04:57", "routeNumber": "1", "haltTime": "02:00", "distance": "471", "dayCount": "2", "stnSerialNumber": "7", "boardingDisabled": "false"}, {"stationCode": "THVM", "stationName": "THIVIM", "arrivalTime": "05:16", "departureTime": "05:18", "routeNumber": "1", "haltTime": "02:00", "distance": "495", "dayCount": "2", "stnSerialNumber": "8", "boardingDisabled": "false"}, {"stationCode": "SWV", "stationName": "SAWANTWADI ROAD", "arrivalTime": "06:00", "departureTime": "06:02", "routeNumber": "1", "haltTime": "02:00", "distance": "541", "dayCount": "2", "stnSerialNumber": "9", "boardingDisabled": "false"}, {"stationCode": "KUDL", "stationName": "KUDAL", "arrivalTime": "06:18", "departureTime": "06:20", "routeNumber": "1", "haltTime": "02:00", "distance": "570", "dayCount": "2", "stnSerialNumber": "10", "boardingDisabled": "false"}, {"stationCode": "RN", "stationName": "RATNAGIRI", "arrivalTime": "09:00", "departureTime": "09:05", "routeNumber": "1", "haltTime": "05:00", "distance": "765", "dayCount": "2", "stnSerialNumber": "11", "boardingDisabled": "false"}, {"stationCode": "ROHA", "stationName": "ROHA", "arrivalTime": "14:05", "departureTime": "14:10", "routeNumber": "1", "haltTime": "05:00", "distance": "1050", "dayCount": "2", "stnSerialNumber": "12", "boardingDisabled": "false"}, {"stationCode": "PNVL", "stationName": "PANVEL", "arrivalTime": "15:25", "departureTime": "15:30", "routeNumber": "1", "haltTime": "05:00", "distance": "1128", "dayCount": "2", "stnSerialNumber": "13", "boardingDisabled": "false"}, {"stationCode": "BSR", "stationName": "VASAI ROAD", "arrivalTime": "17:18", "departureTime": "17:23", "routeNumber": "1", "haltTime": "05:00", "distance": "1195", "dayCount": "2", "stnSerialNumber": "14", "boardingDisabled": "false"}, {"stationCode": "VAPI", "stationName": "VAPI", "arrivalTime": "19:40", "departureTime": "19:42", "routeNumber": "1", "haltTime": "02:00", "distance": "1317", "dayCount": "2", "stnSerialNumber": "15", "boardingDisabled": "false"}, {"stationCode": "ST", "stationName": "SURAT", "arrivalTime": "21:20", "departureTime": "21:25", "routeNumber": "1", "haltTime": "05:00", "distance": "1410", "dayCount": "2", "stnSerialNumber": "16", "boardingDisabled": "false"}, {"stationCode": "BH", "stationName": "BHARUCH JN", "arrivalTime": "22:01", "departureTime": "22:03", "routeNumber": "1", "haltTime": "02:00", "distance": "1469", "dayCount": "2", "stnSerialNumber": "17", "boardingDisabled": "false"}, {"stationCode": "BRC", "stationName": "VADODARA JN", "arrivalTime": "23:00", "departureTime": "23:05", "routeNumber": "1", "haltTime": "05:00", "distance": "1539", "dayCount": "2", "stnSerialNumber": "18", "boardingDisabled": "false"}, {"stationCode": "ANND", "stationName": "ANAND JN", "arrivalTime": "23:25", "departureTime": "23:27", "routeNumber": "1", "haltTime": "02:00", "distance": "1575", "dayCount": "2", "stnSerialNumber": "19", "boardingDisabled": "false"}, {"stationCode": "ND", "stationName": "NADIAD JN", "arrivalTime": "23:42", "departureTime": "23:44", "routeNumber": "1", "haltTime": "02:00", "distance": "1593", "dayCount": "2", "stnSerialNumber": "20", "boardingDisabled": "false"}, {"stationCode": "ADI", "stationName": "AHMEDABAD JN", "arrivalTime": "01:15", "departureTime": "--", "routeNumber": "1", "haltTime": "--", "distance": "1639", "dayCount": "3", "stnSerialNumber": "21", "boardingDisabled": "false"}]}{"trainNumber": "09423", "trainName": "MAJN ADI SPL", "stationFrom": "MAJN", "stationTo": "ADI", "trainOwner": "0", "trainRunsOnMon": "N", "trainRunsOnTue": "N", "trainRunsOnWed": "N", "trainRunsOnThu": "N", "trainRunsOnFri": "N", "trainRunsOnSat": "Y", "trainRunsOnSun": "N", "timeStamp": "2023-06-19T15:31:45.933", "duration": "0", "stationList": [{"stationCode": "MAJN", "stationName": "MANGALURU JN", "arrivalTime": "--", "departureTime": "21:10", "routeNumber": "1", "haltTime": "--", "distance": "0", "dayCount": "1", "stnSerialNumber": "1", "boardingDisabled": "false"}, {"stationCode": "SL", "stationName": "SURATHKAL", "arrivalTime": "22:57", "departureTime": "22:59", "routeNumber": "1", "haltTime": "02:00", "distance": "23", "dayCount": "1", "stnSerialNumber": "3", "boardingDisabled": "false"}, {"stationCode": "UD", "stationName": "UDUPI", "arrivalTime": "23:45", "departureTime": "23:47", "routeNumber": "1", "haltTime": "02:00", "distance": "82", "dayCount": "1", "stnSerialNumber": "4", "boardingDisabled": "false"}, {"stationCode": "KAWR", "stationName": "KARWAR", "arrivalTime": "02:38", "departureTime": "02:40", "routeNumber": "1", "haltTime": "02:00", "distance": "349", "dayCount": "2", "stnSerialNumber": "5", "boardingDisabled": "false"}, {"stationCode": "MAO", "stationName": "MADGAON", "arrivalTime": "04:15", "departureTime": "04:25", "routeNumber": "1", "haltTime": "10:00", "distance": "431", "dayCount": "2", "stnSerialNumber": "6", "boardingDisabled": "false"}, {"stationCode": "KRMI", "stationName": "KARMALI", "arrivalTime": "04:55", "departureTime": "04:57", "routeNumber": "1", "haltTime": "02:00", "distance": "471", "dayCount": "2", "stnSerialNumber": "7", "boardingDisabled": "false"}, {"stationCode": "THVM", "stationName": "THIVIM", "arrivalTime": "05:16", "departureTime": "05:18", "routeNumber": "1", "haltTime": "02:00", "distance": "495", "dayCount": "2", "stnSerialNumber": "8", "boardingDisabled": "false"}, {"stationCode": "SWV", "stationName": "SAWANTWADI ROAD", "arrivalTime": "06:00", "departureTime": "06:02", "routeNumber": "1", "haltTime": "02:00", "distance": "541", "dayCount": "2", "stnSerialNumber": "9", "boardingDisabled": "false"}, {"stationCode": "KUDL", "stationName": "KUDAL", "arrivalTime": "06:18", "departureTime": "06:20", "routeNumber": "1", "haltTime": "02:00", "distance": "570", "dayCount": "2", "stnSerialNumber": "10", "boardingDisabled": "false"}, {"stationCode": "RN", "stationName": "RATNAGIRI", "arrivalTime": "09:00", "departureTime": "09:05", "routeNumber": "1", "haltTime": "05:00", "distance": "765", "dayCount": "2", "stnSerialNumber": "11", "boardingDisabled": "false"}, {"stationCode": "ROHA", "stationName": "ROHA", "arrivalTime": "14:05", "departureTime": "14:10", "routeNumber": "1", "haltTime": "05:00", "distance": "1050", "dayCount": "2", "stnSerialNumber": "12", "boardingDisabled": "false"}, {"stationCode": "PNVL", "stationName": "PANVEL", "arrivalTime": "15:25", "departureTime": "15:30", "routeNumber": "1", "haltTime": "05:00", "distance": "1128", "dayCount": "2", "stnSerialNumber": "13", "boardingDisabled": "false"}, {"stationCode": "BSR", "stationName": "VASAI ROAD", "arrivalTime": "17:18", "departureTime": "17:23", "routeNumber": "1", "haltTime": "05:00", "distance": "1195", "dayCount": "2", "stnSerialNumber": "14", "boardingDisabled": "false"}, {"stationCode": "VAPI", "stationName": "VAPI", "arrivalTime": "19:40", "departureTime": "19:42", "routeNumber": "1", "haltTime": "02:00", "distance": "1317", "dayCount": "2", "stnSerialNumber": "15", "boardingDisabled": "false"}, {"stationCode": "ST", "stationName": "SURAT", "arrivalTime": "21:20", "departureTime": "21:25", "routeNumber": "1", "haltTime": "05:00", "distance": "1410", "dayCount": "2", "stnSerialNumber": "16", "boardingDisabled": "false"}, {"stationCode": "BH", "stationName": "BHARUCH JN", "arrivalTime": "22:01", "departureTime": "22:03", "routeNumber": "1", "haltTime": "02:00", "distance": "1469", "dayCount": "2", "stnSerialNumber": "17", "boardingDisabled": "false"}, {"stationCode": "BRC", "stationName": "VADODARA JN", "arrivalTime": "23:00", "departureTime": "23:05", "routeNumber": "1", "haltTime": "05:00", "distance": "1539", "dayCount": "2", "stnSerialNumber": "18", "boardingDisabled": "false"}, {"stationCode": "ANND", "stationName": "ANAND JN", "arrivalTime": "23:25", "departureTime": "23:27", "routeNumber": "1", "haltTime": "02:00", "distance": "1575", "dayCount": "2", "stnSerialNumber": "19", "boardingDisabled": "false"}, {"stationCode": "ND", "stationName": "NADIAD JN", "arrivalTime": "23:42", "departureTime": "23:44", "routeNumber": "1", "haltTime": "02:00", "distance": "1593", "dayCount": "2", "stnSerialNumber": "20", "boardingDisabled": "false"}, {"stationCode": "ADI", "stationName": "AHMEDABAD JN", "arrivalTime": "01:15", "departureTime": "--", "routeNumber": "1", "haltTime": "--", "distance": "1639", "dayCount": "3", "stnSerialNumber": "21", "boardingDisabled": "false"}]}