{"trainNumber": "09422", "trainName": "DBG ADI SPL", "stationFrom": "DBG", "stationTo": "ADI", "trainOwner": "0", "trainRunsOnMon": "N", "trainRunsOnTue": "N", "trainRunsOnWed": "Y", "trainRunsOnThu": "N", "trainRunsOnFri": "N", "trainRunsOnSat": "N", "trainRunsOnSun": "N", "timeStamp": "2023-06-19T15:30:08.329", "duration": "0", "stationList": [{"stationCode": "DBG", "stationName": "DARBHANGA JN", "arrivalTime": "--", "departureTime": "05:30", "routeNumber": "1", "haltTime": "--", "distance": "0", "dayCount": "1", "stnSerialNumber": "1", "boardingDisabled": "false"}, {"stationCode": "JNR", "stationName": "JANAKPUR ROAD", "arrivalTime": "06:15", "departureTime": "06:17", "routeNumber": "1", "haltTime": "02:00", "distance": "43", "dayCount": "1", "stnSerialNumber": "2", "boardingDisabled": "false"}, {"stationCode": "SMI", "stationName": "SITAMARHI", "arrivalTime": "07:15", "departureTime": "07:20", "routeNumber": "1", "haltTime": "05:00", "distance": "68", "dayCount": "1", "stnSerialNumber": "3", "boardingDisabled": "false"}, {"stationCode": "BGU", "stationName": "BAIRAGNIA", "arrivalTime": "08:18", "departureTime": "08:20", "routeNumber": "1", "haltTime": "02:00", "distance": "97", "dayCount": "1", "stnSerialNumber": "4", "boardingDisabled": "false"}, {"stationCode": "RXL", "stationName": "RAXAUL JN", "arrivalTime": "09:10", "departureTime": "09:15", "routeNumber": "1", "haltTime": "05:00", "distance": "151", "dayCount": "1", "stnSerialNumber": "5", "boardingDisabled": "false"}, {"stationCode": "NKE", "stationName": "NARKATIAGANJ JN", "arrivalTime": "10:10", "departureTime": "10:20", "routeNumber": "1", "haltTime": "10:00", "distance": "191", "dayCount": "1", "stnSerialNumber": "6", "boardingDisabled": "false"}, {"stationCode": "GKP", "stationName": "GORAKHPUR JN", "arrivalTime": "15:25", "departureTime": "15:30", "routeNumber": "1", "haltTime": "05:00", "distance": "341", "dayCount": "1", "stnSerialNumber": "8", "boardingDisabled": "false"}, {"stationCode": "GD", "stationName": "GONDA JN", "arrivalTime": "18:40", "departureTime": "18:45", "routeNumber": "1", "haltTime": "05:00", "distance": "495", "dayCount": "1", "stnSerialNumber": "9", "boardingDisabled": "false"}, {"stationCode": "LKO", "stationName": "LUCKNOW NR", "arrivalTime": "21:15", "departureTime": "21:25", "routeNumber": "1", "haltTime": "10:00", "distance": "612", "dayCount": "1", "stnSerialNumber": "11", "boardingDisabled": "false"}, {"stationCode": "ON", "stationName": "UNNAO JN", "arrivalTime": "22:25", "departureTime": "22:27", "routeNumber": "1", "haltTime": "02:00", "distance": "668", "dayCount": "1", "stnSerialNumber": "12", "boardingDisabled": "false"}, {"stationCode": "CNB", "stationName": "KANPUR CENTRAL", "arrivalTime": "23:00", "departureTime": "23:05", "routeNumber": "1", "haltTime": "05:00", "distance": "686", "dayCount": "1", "stnSerialNumber": "13", "boardingDisabled": "false"}, {"stationCode": "ETW", "stationName": "ETAWAH JN", "arrivalTime": "00:38", "departureTime": "00:40", "routeNumber": "1", "haltTime": "02:00", "distance": "825", "dayCount": "2", "stnSerialNumber": "14", "boardingDisabled": "false"}, {"stationCode": "TDL", "stationName": "TUNDLA JN", "arrivalTime": "02:00", "departureTime": "02:10", "routeNumber": "1", "haltTime": "10:00", "distance": "917", "dayCount": "2", "stnSerialNumber": "15", "boardingDisabled": "false"}, {"stationCode": "JAB", "stationName": "YAMUNA BDG AGRA", "arrivalTime": "03:00", "departureTime": "03:03", "routeNumber": "1", "haltTime": "03:00", "distance": "937", "dayCount": "2", "stnSerialNumber": "16", "boardingDisabled": "false"}, {"stationCode": "AH", "stationName": "ACHHNERA JN", "arrivalTime": "04:00", "departureTime": "04:02", "routeNumber": "1", "haltTime": "02:00", "distance": "966", "dayCount": "2", "stnSerialNumber": "17", "boardingDisabled": "false"}, {"stationCode": "BTE", "stationName": "BHARATPUR JN", "arrivalTime": "04:35", "departureTime": "04:40", "routeNumber": "1", "haltTime": "05:00", "distance": "993", "dayCount": "2", "stnSerialNumber": "18", "boardingDisabled": "false"}, {"stationCode": "BKI", "stationName": "BANDIKUI JN", "arrivalTime": "06:00", "departureTime": "06:02", "routeNumber": "1", "haltTime": "02:00", "distance": "1090", "dayCount": "2", "stnSerialNumber": "19", "boardingDisabled": "false"}, {"stationCode": "JP", "stationName": "JAIPUR", "arrivalTime": "07:30", "departureTime": "07:35", "routeNumber": "1", "haltTime": "05:00", "distance": "1180", "dayCount": "2", "stnSerialNumber": "20", "boardingDisabled": "false"}, {"stationCode": "KSG", "stationName": "KISHANGARH", "arrivalTime": "09:05", "departureTime": "09:08", "routeNumber": "1", "haltTime": "03:00", "distance": "1289", "dayCount": "2", "stnSerialNumber": "21", "boardingDisabled": "false"}, {"stationCode": "AII", "stationName": "AJMER JN", "arrivalTime": "09:35", "departureTime": "09:40", "routeNumber": "1", "haltTime": "05:00", "distance": "1315", "dayCount": "2", "stnSerialNumber": "22", "boardingDisabled": "false"}, {"stationCode": "BER", "stationName": "BEAWAR", "arrivalTime": "10:40", "departureTime": "10:42", "routeNumber": "1", "haltTime": "02:00", "distance": "1367", "dayCount": "2", "stnSerialNumber": "23", "boardingDisabled": "false"}, {"stationCode": "MJ", "stationName": "MARWAR JN", "arrivalTime": "12:00", "departureTime": "12:05", "routeNumber": "1", "haltTime": "05:00", "distance": "1455", "dayCount": "2", "stnSerialNumber": "24", "boardingDisabled": "false"}, {"stationCode": "FA", "stationName": "FALNA", "arrivalTime": "12:57", "departureTime": "12:59", "routeNumber": "1", "haltTime": "02:00", "distance": "1521", "dayCount": "2", "stnSerialNumber": "25", "boardingDisabled": "false"}, {"stationCode": "ABR", "stationName": "ABU ROAD", "arrivalTime": "14:10", "departureTime": "14:15", "routeNumber": "1", "haltTime": "05:00", "distance": "1620", "dayCount": "2", "stnSerialNumber": "26", "boardingDisabled": "false"}, {"stationCode": "PNU", "stationName": "PALANPUR JN", "arrivalTime": "15:05", "departureTime": "15:07", "routeNumber": "1", "haltTime": "02:00", "distance": "1673", "dayCount": "2", "stnSerialNumber": "27", "boardingDisabled": "false"}, {"stationCode": "MSH", "stationName": "MAHESANA JN", "arrivalTime": "16:30", "departureTime": "16:32", "routeNumber": "1", "haltTime": "02:00", "distance": "1738", "dayCount": "2", "stnSerialNumber": "28", "boardingDisabled": "false"}, {"stationCode": "ADI", "stationName": "AHMEDABAD JN", "arrivalTime": "18:00", "departureTime": "--", "routeNumber": "1", "haltTime": "--", "distance": "1806", "dayCount": "2", "stnSerialNumber": "29", "boardingDisabled": "false"}]}