{"trainNumber": "09420", "trainName": "TPJ ADI SPECIAL", "stationFrom": "TPJ", "stationTo": "ADI", "trainOwner": "0", "trainRunsOnMon": "N", "trainRunsOnTue": "N", "trainRunsOnWed": "N", "trainRunsOnThu": "N", "trainRunsOnFri": "N", "trainRunsOnSat": "N", "trainRunsOnSun": "Y", "timeStamp": "2023-06-19T15:30:08.394", "duration": "0", "stationList": [{"stationCode": "TPJ", "stationName": "TIRUCHCHIRAPALI", "arrivalTime": "--", "departureTime": "05:45", "routeNumber": "1", "haltTime": "--", "distance": "0", "dayCount": "1", "stnSerialNumber": "1", "boardingDisabled": "false"}, {"stationCode": "TJ", "stationName": "THANJAVUR", "arrivalTime": "07:00", "departureTime": "07:02", "routeNumber": "1", "haltTime": "02:00", "distance": "50", "dayCount": "1", "stnSerialNumber": "2", "boardingDisabled": "false"}, {"stationCode": "PML", "stationName": "PAPANASAM", "arrivalTime": "07:23", "departureTime": "07:25", "routeNumber": "1", "haltTime": "02:00", "distance": "75", "dayCount": "1", "stnSerialNumber": "3", "boardingDisabled": "false"}, {"stationCode": "KMU", "stationName": "KUMBAKONAM", "arrivalTime": "07:50", "departureTime": "07:52", "routeNumber": "1", "haltTime": "02:00", "distance": "90", "dayCount": "1", "stnSerialNumber": "4", "boardingDisabled": "false"}, {"stationCode": "MV", "stationName": "MAYILADUTURAI J", "arrivalTime": "08:50", "departureTime": "08:55", "routeNumber": "1", "haltTime": "05:00", "distance": "121", "dayCount": "1", "stnSerialNumber": "5", "boardingDisabled": "false"}, {"stationCode": "VDL", "stationName": "VAITISVARANKOIL", "arrivalTime": "09:10", "departureTime": "09:12", "routeNumber": "1", "haltTime": "02:00", "distance": "135", "dayCount": "1", "stnSerialNumber": "6", "boardingDisabled": "false"}, {"stationCode": "SY", "stationName": "SIRKAZHI", "arrivalTime": "09:19", "departureTime": "09:21", "routeNumber": "1", "haltTime": "02:00", "distance": "141", "dayCount": "1", "stnSerialNumber": "7", "boardingDisabled": "false"}, {"stationCode": "CDM", "stationName": "CHIDAMBARAM", "arrivalTime": "09:48", "departureTime": "09:50", "routeNumber": "1", "haltTime": "02:00", "distance": "158", "dayCount": "1", "stnSerialNumber": "8", "boardingDisabled": "false"}, {"stationCode": "CUPJ", "stationName": "CUDDALORE PORT", "arrivalTime": "10:25", "departureTime": "10:27", "routeNumber": "1", "haltTime": "02:00", "distance": "196", "dayCount": "1", "stnSerialNumber": "9", "boardingDisabled": "false"}, {"stationCode": "VM", "stationName": "VILLUPURAM JN", "arrivalTime": "12:05", "departureTime": "12:15", "routeNumber": "1", "haltTime": "10:00", "distance": "243", "dayCount": "1", "stnSerialNumber": "10", "boardingDisabled": "false"}, {"stationCode": "CGL", "stationName": "CHENGALPATTU", "arrivalTime": "13:33", "departureTime": "13:35", "routeNumber": "1", "haltTime": "02:00", "distance": "345", "dayCount": "1", "stnSerialNumber": "11", "boardingDisabled": "false"}, {"stationCode": "TBM", "stationName": "TAMBARAM", "arrivalTime": "14:03", "departureTime": "14:05", "routeNumber": "1", "haltTime": "02:00", "distance": "376", "dayCount": "1", "stnSerialNumber": "12", "boardingDisabled": "false"}, {"stationCode": "MS", "stationName": "CHENNAI EGMORE", "arrivalTime": "14:40", "departureTime": "15:00", "routeNumber": "1", "haltTime": "20:00", "distance": "401", "dayCount": "1", "stnSerialNumber": "13", "boardingDisabled": "false"}, {"stationCode": "PER", "stationName": "PERAMBUR", "arrivalTime": "15:50", "departureTime": "15:52", "routeNumber": "1", "haltTime": "02:00", "distance": "412", "dayCount": "1", "stnSerialNumber": "15", "boardingDisabled": "false"}, {"stationCode": "AJJ", "stationName": "ARAKKONAM JN", "arrivalTime": "16:48", "departureTime": "16:50", "routeNumber": "1", "haltTime": "02:00", "distance": "475", "dayCount": "1", "stnSerialNumber": "16", "boardingDisabled": "false"}, {"stationCode": "RU", "stationName": "RENIGUNTA JN", "arrivalTime": "18:30", "departureTime": "18:35", "routeNumber": "1", "haltTime": "05:00", "distance": "548", "dayCount": "1", "stnSerialNumber": "17", "boardingDisabled": "false"}, {"stationCode": "HX", "stationName": "CUDDAPAH", "arrivalTime": "20:25", "departureTime": "20:27", "routeNumber": "1", "haltTime": "02:00", "distance": "673", "dayCount": "1", "stnSerialNumber": "18", "boardingDisabled": "false"}, {"stationCode": "TU", "stationName": "TADIPATRI", "arrivalTime": "21:40", "departureTime": "21:42", "routeNumber": "1", "haltTime": "02:00", "distance": "781", "dayCount": "1", "stnSerialNumber": "19", "boardingDisabled": "false"}, {"stationCode": "GTL", "stationName": "GUNTAKAL JN", "arrivalTime": "23:25", "departureTime": "23:30", "routeNumber": "1", "haltTime": "05:00", "distance": "857", "dayCount": "1", "stnSerialNumber": "20", "boardingDisabled": "false"}, {"stationCode": "MALM", "stationName": "MANTHRALAYAM RD", "arrivalTime": "00:35", "departureTime": "00:37", "routeNumber": "1", "haltTime": "02:00", "distance": "950", "dayCount": "2", "stnSerialNumber": "21", "boardingDisabled": "false"}, {"stationCode": "RC", "stationName": "RAICHUR", "arrivalTime": "01:18", "departureTime": "01:20", "routeNumber": "1", "haltTime": "02:00", "distance": "978", "dayCount": "2", "stnSerialNumber": "22", "boardingDisabled": "false"}, {"stationCode": "WADI", "stationName": "WADI", "arrivalTime": "03:20", "departureTime": "03:25", "routeNumber": "1", "haltTime": "05:00", "distance": "1086", "dayCount": "2", "stnSerialNumber": "23", "boardingDisabled": "false"}, {"stationCode": "KLBG", "stationName": "KALABURAGI", "arrivalTime": "03:57", "departureTime": "04:00", "routeNumber": "1", "haltTime": "03:00", "distance": "1122", "dayCount": "2", "stnSerialNumber": "24", "boardingDisabled": "false"}, {"stationCode": "SUR", "stationName": "SOLAPUR JN", "arrivalTime": "06:35", "departureTime": "06:40", "routeNumber": "1", "haltTime": "05:00", "distance": "1235", "dayCount": "2", "stnSerialNumber": "25", "boardingDisabled": "false"}, {"stationCode": "PUNE", "stationName": "PUNE JN", "arrivalTime": "10:45", "departureTime": "10:50", "routeNumber": "1", "haltTime": "05:00", "distance": "1499", "dayCount": "2", "stnSerialNumber": "26", "boardingDisabled": "false"}, {"stationCode": "KYN", "stationName": "KALYAN JN", "arrivalTime": "13:22", "departureTime": "13:25", "routeNumber": "1", "haltTime": "03:00", "distance": "1637", "dayCount": "2", "stnSerialNumber": "27", "boardingDisabled": "false"}, {"stationCode": "BSR", "stationName": "VASAI ROAD", "arrivalTime": "14:30", "departureTime": "14:35", "routeNumber": "1", "haltTime": "05:00", "distance": "1689", "dayCount": "2", "stnSerialNumber": "28", "boardingDisabled": "false"}, {"stationCode": "VAPI", "stationName": "VAPI", "arrivalTime": "15:43", "departureTime": "15:45", "routeNumber": "1", "haltTime": "02:00", "distance": "1812", "dayCount": "2", "stnSerialNumber": "29", "boardingDisabled": "false"}, {"stationCode": "ST", "stationName": "SURAT", "arrivalTime": "16:50", "departureTime": "16:55", "routeNumber": "1", "haltTime": "05:00", "distance": "1904", "dayCount": "2", "stnSerialNumber": "30", "boardingDisabled": "false"}, {"stationCode": "BRC", "stationName": "VADODARA JN", "arrivalTime": "18:33", "departureTime": "18:38", "routeNumber": "1", "haltTime": "05:00", "distance": "2033", "dayCount": "2", "stnSerialNumber": "31", "boardingDisabled": "false"}, {"stationCode": "ADI", "stationName": "AHMEDABAD JN", "arrivalTime": "21:15", "departureTime": "--", "routeNumber": "1", "haltTime": "--", "distance": "2133", "dayCount": "2", "stnSerialNumber": "32", "boardingDisabled": "false"}]}