{"trainNumber": "09436", "trainName": "OKHA ADI SPL", "stationFrom": "OKHA", "stationTo": "ADI", "trainOwner": "0", "trainRunsOnMon": "N", "trainRunsOnTue": "N", "trainRunsOnWed": "N", "trainRunsOnThu": "N", "trainRunsOnFri": "N", "trainRunsOnSat": "N", "trainRunsOnSun": "Y", "timeStamp": "2023-06-19T15:31:35.480", "duration": "0", "stationList": [{"stationCode": "OKHA", "stationName": "OKHA", "arrivalTime": "--", "departureTime": "23:45", "routeNumber": "1", "haltTime": "--", "distance": "0", "dayCount": "1", "stnSerialNumber": "1", "boardingDisabled": "false"}, {"stationCode": "DWK", "stationName": "DWARKA", "arrivalTime": "00:15", "departureTime": "00:20", "routeNumber": "1", "haltTime": "05:00", "distance": "29", "dayCount": "2", "stnSerialNumber": "2", "boardingDisabled": "false"}, {"stationCode": "KMBL", "stationName": "KHAMBHALIYA", "arrivalTime": "01:20", "departureTime": "01:22", "routeNumber": "1", "haltTime": "02:00", "distance": "114", "dayCount": "2", "stnSerialNumber": "3", "boardingDisabled": "false"}, {"stationCode": "JAM", "stationName": "JAMNAGAR", "arrivalTime": "02:30", "departureTime": "02:35", "routeNumber": "1", "haltTime": "05:00", "distance": "168", "dayCount": "2", "stnSerialNumber": "4", "boardingDisabled": "false"}, {"stationCode": "HAPA", "stationName": "HAPA", "arrivalTime": "03:00", "departureTime": "03:05", "routeNumber": "1", "haltTime": "05:00", "distance": "177", "dayCount": "2", "stnSerialNumber": "5", "boardingDisabled": "false"}, {"stationCode": "RJT", "stationName": "RAJKOT JN", "arrivalTime": "04:10", "departureTime": "04:15", "routeNumber": "1", "haltTime": "05:00", "distance": "253", "dayCount": "2", "stnSerialNumber": "6", "boardingDisabled": "false"}, {"stationCode": "WKR", "stationName": "WANKANER JN", "arrivalTime": "05:10", "departureTime": "05:12", "routeNumber": "1", "haltTime": "02:00", "distance": "294", "dayCount": "2", "stnSerialNumber": "7", "boardingDisabled": "false"}, {"stationCode": "THAN", "stationName": "THAN JN", "arrivalTime": "05:30", "departureTime": "05:32", "routeNumber": "1", "haltTime": "02:00", "distance": "321", "dayCount": "2", "stnSerialNumber": "8", "boardingDisabled": "false"}, {"stationCode": "SUNR", "stationName": "SURENDRANAGAR", "arrivalTime": "06:25", "departureTime": "06:27", "routeNumber": "1", "haltTime": "02:00", "distance": "369", "dayCount": "2", "stnSerialNumber": "9", "boardingDisabled": "false"}, {"stationCode": "VG", "stationName": "VIRAMGAM JN", "arrivalTime": "07:40", "departureTime": "07:42", "routeNumber": "1", "haltTime": "02:00", "distance": "434", "dayCount": "2", "stnSerialNumber": "10", "boardingDisabled": "false"}, {"stationCode": "CLDY", "stationName": "CHANDLODIYA", "arrivalTime": "08:20", "departureTime": "08:22", "routeNumber": "1", "haltTime": "02:00", "distance": "488", "dayCount": "2", "stnSerialNumber": "11", "boardingDisabled": "false"}, {"stationCode": "ADI", "stationName": "AHMEDABAD JN", "arrivalTime": "08:45", "departureTime": "--", "routeNumber": "1", "haltTime": "--", "distance": "499", "dayCount": "2", "stnSerialNumber": "12", "boardingDisabled": "false"}]}