{"trainNumber": "09435", "trainName": "ADI OKHA SPL", "stationFrom": "ADI", "stationTo": "OKHA", "trainOwner": "0", "trainRunsOnMon": "N", "trainRunsOnTue": "N", "trainRunsOnWed": "N", "trainRunsOnThu": "N", "trainRunsOnFri": "N", "trainRunsOnSat": "Y", "trainRunsOnSun": "N", "timeStamp": "2023-06-19T15:31:35.481", "duration": "0", "stationList": [{"stationCode": "ADI", "stationName": "AHMEDABAD JN", "arrivalTime": "--", "departureTime": "23:25", "routeNumber": "1", "haltTime": "--", "distance": "0", "dayCount": "1", "stnSerialNumber": "1", "boardingDisabled": "false"}, {"stationCode": "CLDY", "stationName": "CHANDLODIYA", "arrivalTime": "23:44", "departureTime": "23:46", "routeNumber": "1", "haltTime": "02:00", "distance": "12", "dayCount": "1", "stnSerialNumber": "2", "boardingDisabled": "false"}, {"stationCode": "VG", "stationName": "VIRAMGAM JN", "arrivalTime": "00:11", "departureTime": "00:13", "routeNumber": "1", "haltTime": "02:00", "distance": "66", "dayCount": "2", "stnSerialNumber": "3", "boardingDisabled": "false"}, {"stationCode": "SUNR", "stationName": "SURENDRANAGAR", "arrivalTime": "01:55", "departureTime": "01:57", "routeNumber": "1", "haltTime": "02:00", "distance": "131", "dayCount": "2", "stnSerialNumber": "4", "boardingDisabled": "false"}, {"stationCode": "THAN", "stationName": "THAN JN", "arrivalTime": "02:30", "departureTime": "02:32", "routeNumber": "1", "haltTime": "02:00", "distance": "179", "dayCount": "2", "stnSerialNumber": "5", "boardingDisabled": "false"}, {"stationCode": "WKR", "stationName": "WANKANER JN", "arrivalTime": "03:07", "departureTime": "03:09", "routeNumber": "1", "haltTime": "02:00", "distance": "206", "dayCount": "2", "stnSerialNumber": "6", "boardingDisabled": "false"}, {"stationCode": "RJT", "stationName": "RAJKOT JN", "arrivalTime": "04:04", "departureTime": "04:09", "routeNumber": "1", "haltTime": "05:00", "distance": "247", "dayCount": "2", "stnSerialNumber": "7", "boardingDisabled": "false"}, {"stationCode": "HAPA", "stationName": "HAPA", "arrivalTime": "05:25", "departureTime": "05:30", "routeNumber": "1", "haltTime": "05:00", "distance": "323", "dayCount": "2", "stnSerialNumber": "8", "boardingDisabled": "false"}, {"stationCode": "JAM", "stationName": "JAMNAGAR", "arrivalTime": "05:42", "departureTime": "05:47", "routeNumber": "1", "haltTime": "05:00", "distance": "332", "dayCount": "2", "stnSerialNumber": "9", "boardingDisabled": "false"}, {"stationCode": "KMBL", "stationName": "KHAMBHALIYA", "arrivalTime": "06:35", "departureTime": "06:37", "routeNumber": "1", "haltTime": "02:00", "distance": "386", "dayCount": "2", "stnSerialNumber": "10", "boardingDisabled": "false"}, {"stationCode": "DWK", "stationName": "DWARKA", "arrivalTime": "07:45", "departureTime": "07:50", "routeNumber": "1", "haltTime": "05:00", "distance": "471", "dayCount": "2", "stnSerialNumber": "11", "boardingDisabled": "false"}, {"stationCode": "OKHA", "stationName": "OKHA", "arrivalTime": "08:25", "departureTime": "--", "routeNumber": "1", "haltTime": "--", "distance": "499", "dayCount": "2", "stnSerialNumber": "12", "boardingDisabled": "false"}]}