{"trainNumber": "09447", "trainName": "ADI PNBE SF SPL", "stationFrom": "ADI", "stationTo": "PNBE", "trainOwner": "0", "trainRunsOnMon": "N", "trainRunsOnTue": "N", "trainRunsOnWed": "Y", "trainRunsOnThu": "N", "trainRunsOnFri": "N", "trainRunsOnSat": "N", "trainRunsOnSun": "N", "timeStamp": "2023-06-19T15:30:15.810", "duration": "0", "stationList": [{"stationCode": "ADI", "stationName": "AHMEDABAD JN", "arrivalTime": "--", "departureTime": "19:25", "routeNumber": "1", "haltTime": "--", "distance": "0", "dayCount": "1", "stnSerialNumber": "1", "boardingDisabled": "false"}, {"stationCode": "CYI", "stationName": "CHHAYAPURI", "arrivalTime": "21:07", "departureTime": "21:10", "routeNumber": "1", "haltTime": "03:00", "distance": "96", "dayCount": "1", "stnSerialNumber": "2", "boardingDisabled": "false"}, {"stationCode": "RTM", "stationName": "RATLAM JN", "arrivalTime": "00:15", "departureTime": "00:25", "routeNumber": "1", "haltTime": "10:00", "distance": "350", "dayCount": "2", "stnSerialNumber": "4", "boardingDisabled": "false"}, {"stationCode": "KOTA", "stationName": "KOTA JN", "arrivalTime": "03:50", "departureTime": "03:55", "routeNumber": "1", "haltTime": "05:00", "distance": "617", "dayCount": "2", "stnSerialNumber": "5", "boardingDisabled": "false"}, {"stationCode": "AF", "stationName": "AGRA FORT", "arrivalTime": "09:55", "departureTime": "10:00", "routeNumber": "1", "haltTime": "05:00", "distance": "950", "dayCount": "2", "stnSerialNumber": "6", "boardingDisabled": "false"}, {"stationCode": "CNB", "stationName": "KANPUR CENTRAL", "arrivalTime": "15:20", "departureTime": "15:25", "routeNumber": "1", "haltTime": "05:00", "distance": "1203", "dayCount": "2", "stnSerialNumber": "7", "boardingDisabled": "false"}, {"stationCode": "DDU", "stationName": "DD UPADHYAYA JN", "arrivalTime": "21:20", "departureTime": "21:30", "routeNumber": "1", "haltTime": "10:00", "distance": "1549", "dayCount": "2", "stnSerialNumber": "8", "boardingDisabled": "false"}, {"stationCode": "PNBE", "stationName": "PATNA JN", "arrivalTime": "00:30", "departureTime": "--", "routeNumber": "1", "haltTime": "--", "distance": "1761", "dayCount": "3", "stnSerialNumber": "9", "boardingDisabled": "false"}]}