{"trainNumber": "09452", "trainName": "BGP GIMB SPL", "stationFrom": "BGP", "stationTo": "GIMB", "trainOwner": "0", "trainRunsOnMon": "Y", "trainRunsOnTue": "N", "trainRunsOnWed": "N", "trainRunsOnThu": "N", "trainRunsOnFri": "N", "trainRunsOnSat": "N", "trainRunsOnSun": "N", "timeStamp": "2023-06-19T15:31:37.177", "duration": "0", "stationList": [{"stationCode": "BGP", "stationName": "BHAGALPUR", "arrivalTime": "--", "departureTime": "05:00", "routeNumber": "1", "haltTime": "--", "distance": "0", "dayCount": "1", "stnSerialNumber": "1", "boardingDisabled": "false"}, {"stationCode": "SGG", "stationName": "SULTANGANJ", "arrivalTime": "05:22", "departureTime": "05:24", "routeNumber": "1", "haltTime": "02:00", "distance": "24", "dayCount": "1", "stnSerialNumber": "2", "boardingDisabled": "false"}, {"stationCode": "MGR", "stationName": "MONGHYR", "arrivalTime": "06:22", "departureTime": "06:27", "routeNumber": "1", "haltTime": "05:00", "distance": "61", "dayCount": "1", "stnSerialNumber": "4", "boardingDisabled": "false"}, {"stationCode": "BGS", "stationName": "BEGU SARAI", "arrivalTime": "07:25", "departureTime": "07:27", "routeNumber": "1", "haltTime": "02:00", "distance": "101", "dayCount": "1", "stnSerialNumber": "6", "boardingDisabled": "false"}, {"stationCode": "BJU", "stationName": "BARAUNI JN", "arrivalTime": "08:20", "departureTime": "08:30", "routeNumber": "1", "haltTime": "10:00", "distance": "116", "dayCount": "1", "stnSerialNumber": "7", "boardingDisabled": "false"}, {"stationCode": "SPJ", "stationName": "SAMASTIPUR JN", "arrivalTime": "09:45", "departureTime": "09:50", "routeNumber": "1", "haltTime": "05:00", "distance": "167", "dayCount": "1", "stnSerialNumber": "8", "boardingDisabled": "false"}, {"stationCode": "MFP", "stationName": "MUZAFFARPUR JN", "arrivalTime": "11:10", "departureTime": "11:15", "routeNumber": "1", "haltTime": "05:00", "distance": "219", "dayCount": "1", "stnSerialNumber": "9", "boardingDisabled": "false"}, {"stationCode": "BMKI", "stationName": "BAPUDM MOTIHARI", "arrivalTime": "12:25", "departureTime": "12:27", "routeNumber": "1", "haltTime": "02:00", "distance": "298", "dayCount": "1", "stnSerialNumber": "10", "boardingDisabled": "false"}, {"stationCode": "SGL", "stationName": "SAGAULI JN", "arrivalTime": "12:40", "departureTime": "12:42", "routeNumber": "1", "haltTime": "02:00", "distance": "320", "dayCount": "1", "stnSerialNumber": "11", "boardingDisabled": "false"}, {"stationCode": "BTH", "stationName": "BETTIAH", "arrivalTime": "13:00", "departureTime": "13:02", "routeNumber": "1", "haltTime": "02:00", "distance": "342", "dayCount": "1", "stnSerialNumber": "12", "boardingDisabled": "false"}, {"stationCode": "NKE", "stationName": "NARKATIAGANJ JN", "arrivalTime": "13:42", "departureTime": "13:52", "routeNumber": "1", "haltTime": "10:00", "distance": "378", "dayCount": "1", "stnSerialNumber": "13", "boardingDisabled": "false"}, {"stationCode": "GKP", "stationName": "GORAKHPUR JN", "arrivalTime": "17:15", "departureTime": "17:25", "routeNumber": "1", "haltTime": "10:00", "distance": "528", "dayCount": "1", "stnSerialNumber": "15", "boardingDisabled": "false"}, {"stationCode": "BST", "stationName": "BASTI", "arrivalTime": "18:30", "departureTime": "18:32", "routeNumber": "1", "haltTime": "02:00", "distance": "593", "dayCount": "1", "stnSerialNumber": "16", "boardingDisabled": "false"}, {"stationCode": "GD", "stationName": "GONDA JN", "arrivalTime": "19:53", "departureTime": "20:00", "routeNumber": "1", "haltTime": "07:00", "distance": "682", "dayCount": "1", "stnSerialNumber": "17", "boardingDisabled": "false"}, {"stationCode": "LKO", "stationName": "LUCKNOW NR", "arrivalTime": "23:55", "departureTime": "00:05", "routeNumber": "1", "haltTime": "10:00", "distance": "799", "dayCount": "2", "stnSerialNumber": "19", "boardingDisabled": "false"}, {"stationCode": "CNB", "stationName": "KANPUR CENTRAL", "arrivalTime": "01:40", "departureTime": "01:45", "routeNumber": "1", "haltTime": "05:00", "distance": "873", "dayCount": "2", "stnSerialNumber": "20", "boardingDisabled": "false"}, {"stationCode": "FBD", "stationName": "FARRUKHABAD", "arrivalTime": "04:15", "departureTime": "04:20", "routeNumber": "1", "haltTime": "05:00", "distance": "1012", "dayCount": "2", "stnSerialNumber": "21", "boardingDisabled": "false"}, {"stationCode": "KSJ", "stationName": "KASGANJ", "arrivalTime": "06:15", "departureTime": "06:25", "routeNumber": "1", "haltTime": "10:00", "distance": "1120", "dayCount": "2", "stnSerialNumber": "22", "boardingDisabled": "false"}, {"stationCode": "MTJ", "stationName": "MATHURA JN", "arrivalTime": "09:10", "departureTime": "09:20", "routeNumber": "1", "haltTime": "10:00", "distance": "1225", "dayCount": "2", "stnSerialNumber": "23", "boardingDisabled": "false"}, {"stationCode": "AH", "stationName": "ACHHNERA JN", "arrivalTime": "10:05", "departureTime": "10:30", "routeNumber": "1", "haltTime": "25:00", "distance": "1259", "dayCount": "2", "stnSerialNumber": "24", "boardingDisabled": "false"}, {"stationCode": "BTE", "stationName": "BHARATPUR JN", "arrivalTime": "10:50", "departureTime": "10:52", "routeNumber": "1", "haltTime": "02:00", "distance": "1287", "dayCount": "2", "stnSerialNumber": "25", "boardingDisabled": "false"}, {"stationCode": "BXN", "stationName": "BAYANA JN", "arrivalTime": "11:25", "departureTime": "11:27", "routeNumber": "1", "haltTime": "02:00", "distance": "1329", "dayCount": "2", "stnSerialNumber": "26", "boardingDisabled": "false"}, {"stationCode": "HAN", "stationName": "HINDAUN CITY", "arrivalTime": "11:50", "departureTime": "11:52", "routeNumber": "1", "haltTime": "02:00", "distance": "1362", "dayCount": "2", "stnSerialNumber": "27", "boardingDisabled": "false"}, {"stationCode": "GGC", "stationName": "GANGAPUR CITY", "arrivalTime": "12:30", "departureTime": "12:35", "routeNumber": "1", "haltTime": "05:00", "distance": "1406", "dayCount": "2", "stnSerialNumber": "28", "boardingDisabled": "false"}, {"stationCode": "SWM", "stationName": "SAWAI MADHOPUR", "arrivalTime": "13:20", "departureTime": "13:25", "routeNumber": "1", "haltTime": "05:00", "distance": "1469", "dayCount": "2", "stnSerialNumber": "29", "boardingDisabled": "false"}, {"stationCode": "KOTA", "stationName": "KOTA JN", "arrivalTime": "14:50", "departureTime": "15:00", "routeNumber": "1", "haltTime": "10:00", "distance": "1577", "dayCount": "2", "stnSerialNumber": "30", "boardingDisabled": "false"}, {"stationCode": "BWM", "stationName": "BHAWANI MANDI", "arrivalTime": "16:13", "departureTime": "16:15", "routeNumber": "1", "haltTime": "02:00", "distance": "1678", "dayCount": "2", "stnSerialNumber": "31", "boardingDisabled": "false"}, {"stationCode": "RTM", "stationName": "RATLAM JN", "arrivalTime": "19:20", "departureTime": "19:30", "routeNumber": "1", "haltTime": "10:00", "distance": "1844", "dayCount": "2", "stnSerialNumber": "33", "boardingDisabled": "false"}, {"stationCode": "DHD", "stationName": "DAHOD", "arrivalTime": "20:48", "departureTime": "20:50", "routeNumber": "1", "haltTime": "02:00", "distance": "1957", "dayCount": "2", "stnSerialNumber": "34", "boardingDisabled": "false"}, {"stationCode": "ND", "stationName": "NADIAD JN", "arrivalTime": "01:20", "departureTime": "01:22", "routeNumber": "1", "haltTime": "02:00", "distance": "2129", "dayCount": "3", "stnSerialNumber": "36", "boardingDisabled": "false"}, {"stationCode": "ADI", "stationName": "AHMEDABAD JN", "arrivalTime": "02:20", "departureTime": "02:40", "routeNumber": "1", "haltTime": "20:00", "distance": "2174", "dayCount": "3", "stnSerialNumber": "38", "boardingDisabled": "false"}, {"stationCode": "DHG", "stationName": "DHRANGDHRA", "arrivalTime": "04:52", "departureTime": "04:54", "routeNumber": "1", "haltTime": "02:00", "distance": "2304", "dayCount": "3", "stnSerialNumber": "39", "boardingDisabled": "false"}, {"stationCode": "SIOB", "stationName": "SAMAKHIALI B G", "arrivalTime": "06:48", "departureTime": "06:50", "routeNumber": "1", "haltTime": "02:00", "distance": "2421", "dayCount": "3", "stnSerialNumber": "40", "boardingDisabled": "false"}, {"stationCode": "BCOB", "stationName": "BHACHAU BG", "arrivalTime": "07:06", "departureTime": "07:08", "routeNumber": "1", "haltTime": "02:00", "distance": "2437", "dayCount": "3", "stnSerialNumber": "41", "boardingDisabled": "false"}, {"stationCode": "GIMB", "stationName": "GANDHIDHAM BG", "arrivalTime": "08:00", "departureTime": "--", "routeNumber": "1", "haltTime": "--", "distance": "2474", "dayCount": "3", "stnSerialNumber": "42", "boardingDisabled": "false"}]}