{"trainNumber": "09451", "trainName": "FESTIVAL SPECIAL", "stationFrom": "GIMB", "stationTo": "BGP", "trainOwner": "0", "trainRunsOnMon": "N", "trainRunsOnTue": "N", "trainRunsOnWed": "N", "trainRunsOnThu": "N", "trainRunsOnFri": "Y", "trainRunsOnSat": "N", "trainRunsOnSun": "N", "timeStamp": "2023-06-19T15:31:37.228", "duration": "0", "stationList": [{"stationCode": "GIMB", "stationName": "GANDHIDHAM BG", "arrivalTime": "--", "departureTime": "17:40", "routeNumber": "1", "haltTime": "--", "distance": "0", "dayCount": "1", "stnSerialNumber": "1", "boardingDisabled": "false"}, {"stationCode": "BCOB", "stationName": "BHACHAU BG", "arrivalTime": "18:10", "departureTime": "18:12", "routeNumber": "1", "haltTime": "02:00", "distance": "38", "dayCount": "1", "stnSerialNumber": "2", "boardingDisabled": "false"}, {"stationCode": "SIOB", "stationName": "SAMAKHIALI B G", "arrivalTime": "18:30", "departureTime": "18:32", "routeNumber": "1", "haltTime": "02:00", "distance": "53", "dayCount": "1", "stnSerialNumber": "3", "boardingDisabled": "false"}, {"stationCode": "DHG", "stationName": "DHRANGDHRA", "arrivalTime": "20:10", "departureTime": "20:12", "routeNumber": "1", "haltTime": "02:00", "distance": "170", "dayCount": "1", "stnSerialNumber": "4", "boardingDisabled": "false"}, {"stationCode": "ADI", "stationName": "AHMEDABAD JN", "arrivalTime": "23:05", "departureTime": "23:25", "routeNumber": "1", "haltTime": "20:00", "distance": "301", "dayCount": "1", "stnSerialNumber": "5", "boardingDisabled": "false"}, {"stationCode": "ND", "stationName": "NADIAD JN", "arrivalTime": "00:11", "departureTime": "00:13", "routeNumber": "1", "haltTime": "02:00", "distance": "347", "dayCount": "2", "stnSerialNumber": "6", "boardingDisabled": "false"}, {"stationCode": "DHD", "stationName": "DAHOD", "arrivalTime": "04:05", "departureTime": "04:07", "routeNumber": "1", "haltTime": "02:00", "distance": "518", "dayCount": "2", "stnSerialNumber": "7", "boardingDisabled": "false"}, {"stationCode": "RTM", "stationName": "RATLAM JN", "arrivalTime": "06:00", "departureTime": "06:05", "routeNumber": "1", "haltTime": "05:00", "distance": "632", "dayCount": "2", "stnSerialNumber": "8", "boardingDisabled": "false"}, {"stationCode": "BWM", "stationName": "BHAWANI MANDI", "arrivalTime": "08:18", "departureTime": "08:20", "routeNumber": "1", "haltTime": "02:00", "distance": "798", "dayCount": "2", "stnSerialNumber": "9", "boardingDisabled": "false"}, {"stationCode": "KOTA", "stationName": "KOTA JN", "arrivalTime": "09:35", "departureTime": "09:45", "routeNumber": "1", "haltTime": "10:00", "distance": "898", "dayCount": "2", "stnSerialNumber": "10", "boardingDisabled": "false"}, {"stationCode": "SWM", "stationName": "SAWAI MADHOPUR", "arrivalTime": "10:55", "departureTime": "11:00", "routeNumber": "1", "haltTime": "05:00", "distance": "1006", "dayCount": "2", "stnSerialNumber": "11", "boardingDisabled": "false"}, {"stationCode": "GGC", "stationName": "GANGAPUR CITY", "arrivalTime": "11:55", "departureTime": "12:00", "routeNumber": "1", "haltTime": "05:00", "distance": "1069", "dayCount": "2", "stnSerialNumber": "12", "boardingDisabled": "false"}, {"stationCode": "HAN", "stationName": "HINDAUN CITY", "arrivalTime": "12:28", "departureTime": "12:30", "routeNumber": "1", "haltTime": "02:00", "distance": "1114", "dayCount": "2", "stnSerialNumber": "13", "boardingDisabled": "false"}, {"stationCode": "BXN", "stationName": "BAYANA JN", "arrivalTime": "12:58", "departureTime": "13:00", "routeNumber": "1", "haltTime": "02:00", "distance": "1147", "dayCount": "2", "stnSerialNumber": "14", "boardingDisabled": "false"}, {"stationCode": "BTE", "stationName": "BHARATPUR JN", "arrivalTime": "14:15", "departureTime": "14:20", "routeNumber": "1", "haltTime": "05:00", "distance": "1188", "dayCount": "2", "stnSerialNumber": "15", "boardingDisabled": "false"}, {"stationCode": "AH", "stationName": "ACHHNERA JN", "arrivalTime": "14:55", "departureTime": "15:20", "routeNumber": "1", "haltTime": "25:00", "distance": "1216", "dayCount": "2", "stnSerialNumber": "16", "boardingDisabled": "false"}, {"stationCode": "MTJ", "stationName": "MATHURA JN", "arrivalTime": "16:10", "departureTime": "16:20", "routeNumber": "1", "haltTime": "10:00", "distance": "1251", "dayCount": "2", "stnSerialNumber": "17", "boardingDisabled": "false"}, {"stationCode": "KSJ", "stationName": "KASGANJ", "arrivalTime": "18:10", "departureTime": "18:20", "routeNumber": "1", "haltTime": "10:00", "distance": "1356", "dayCount": "2", "stnSerialNumber": "18", "boardingDisabled": "false"}, {"stationCode": "FBD", "stationName": "FARRUKHABAD", "arrivalTime": "19:45", "departureTime": "19:50", "routeNumber": "1", "haltTime": "05:00", "distance": "1463", "dayCount": "2", "stnSerialNumber": "19", "boardingDisabled": "false"}, {"stationCode": "CNB", "stationName": "KANPUR CENTRAL", "arrivalTime": "23:10", "departureTime": "23:15", "routeNumber": "1", "haltTime": "05:00", "distance": "1603", "dayCount": "2", "stnSerialNumber": "20", "boardingDisabled": "false"}, {"stationCode": "LKO", "stationName": "LUCKNOW NR", "arrivalTime": "01:20", "departureTime": "01:30", "routeNumber": "1", "haltTime": "10:00", "distance": "1676", "dayCount": "3", "stnSerialNumber": "21", "boardingDisabled": "false"}, {"stationCode": "GD", "stationName": "GONDA JN", "arrivalTime": "03:30", "departureTime": "03:35", "routeNumber": "1", "haltTime": "05:00", "distance": "1793", "dayCount": "3", "stnSerialNumber": "22", "boardingDisabled": "false"}, {"stationCode": "BST", "stationName": "BASTI", "arrivalTime": "04:55", "departureTime": "05:00", "routeNumber": "1", "haltTime": "05:00", "distance": "1882", "dayCount": "3", "stnSerialNumber": "23", "boardingDisabled": "false"}, {"stationCode": "GKP", "stationName": "GORAKHPUR JN", "arrivalTime": "06:40", "departureTime": "06:55", "routeNumber": "1", "haltTime": "15:00", "distance": "1947", "dayCount": "3", "stnSerialNumber": "24", "boardingDisabled": "false"}, {"stationCode": "NKE", "stationName": "NARKATIAGANJ JN", "arrivalTime": "10:20", "departureTime": "10:30", "routeNumber": "1", "haltTime": "10:00", "distance": "2097", "dayCount": "3", "stnSerialNumber": "26", "boardingDisabled": "false"}, {"stationCode": "BTH", "stationName": "BETTIAH", "arrivalTime": "11:00", "departureTime": "11:02", "routeNumber": "1", "haltTime": "02:00", "distance": "2133", "dayCount": "3", "stnSerialNumber": "27", "boardingDisabled": "false"}, {"stationCode": "SGL", "stationName": "SAGAULI JN", "arrivalTime": "11:30", "departureTime": "11:32", "routeNumber": "1", "haltTime": "02:00", "distance": "2155", "dayCount": "3", "stnSerialNumber": "28", "boardingDisabled": "false"}, {"stationCode": "BMKI", "stationName": "BAPUDM MOTIHARI", "arrivalTime": "11:58", "departureTime": "12:00", "routeNumber": "1", "haltTime": "02:00", "distance": "2177", "dayCount": "3", "stnSerialNumber": "29", "boardingDisabled": "false"}, {"stationCode": "MFP", "stationName": "MUZAFFARPUR JN", "arrivalTime": "13:40", "departureTime": "13:45", "routeNumber": "1", "haltTime": "05:00", "distance": "2256", "dayCount": "3", "stnSerialNumber": "30", "boardingDisabled": "false"}, {"stationCode": "SPJ", "stationName": "SAMASTIPUR JN", "arrivalTime": "14:35", "departureTime": "14:40", "routeNumber": "1", "haltTime": "05:00", "distance": "2308", "dayCount": "3", "stnSerialNumber": "31", "boardingDisabled": "false"}, {"stationCode": "BJU", "stationName": "BARAUNI JN", "arrivalTime": "15:40", "departureTime": "15:50", "routeNumber": "1", "haltTime": "10:00", "distance": "2359", "dayCount": "3", "stnSerialNumber": "32", "boardingDisabled": "false"}, {"stationCode": "BGS", "stationName": "BEGU SARAI", "arrivalTime": "16:15", "departureTime": "16:17", "routeNumber": "1", "haltTime": "02:00", "distance": "2374", "dayCount": "3", "stnSerialNumber": "33", "boardingDisabled": "false"}, {"stationCode": "MGR", "stationName": "MONGHYR", "arrivalTime": "17:05", "departureTime": "17:10", "routeNumber": "1", "haltTime": "05:00", "distance": "2414", "dayCount": "3", "stnSerialNumber": "35", "boardingDisabled": "false"}, {"stationCode": "SGG", "stationName": "SULTANGANJ", "arrivalTime": "19:15", "departureTime": "19:17", "routeNumber": "1", "haltTime": "02:00", "distance": "2450", "dayCount": "3", "stnSerialNumber": "37", "boardingDisabled": "false"}, {"stationCode": "BGP", "stationName": "BHAGALPUR", "arrivalTime": "20:15", "departureTime": "--", "routeNumber": "1", "haltTime": "--", "distance": "2474", "dayCount": "3", "stnSerialNumber": "38", "boardingDisabled": "false"}]}