{"trainNumber": "09455", "trainName": "SBT BHUJ SPL", "stationFrom": "SBT", "stationTo": "BHUJ", "trainOwner": "0", "trainRunsOnMon": "Y", "trainRunsOnTue": "Y", "trainRunsOnWed": "Y", "trainRunsOnThu": "Y", "trainRunsOnFri": "Y", "trainRunsOnSat": "Y", "trainRunsOnSun": "Y", "timeStamp": "2023-06-19T15:31:37.161", "duration": "0", "stationList": [{"stationCode": "SBT", "stationName": "SABARMATI JN", "arrivalTime": "--", "departureTime": "17:40", "routeNumber": "1", "haltTime": "--", "distance": "0", "dayCount": "1", "stnSerialNumber": "1", "boardingDisabled": "false"}, {"stationCode": "CLDY", "stationName": "CHANDLODIYA", "arrivalTime": "17:47", "departureTime": "17:49", "routeNumber": "1", "haltTime": "02:00", "distance": "6", "dayCount": "1", "stnSerialNumber": "2", "boardingDisabled": "false"}, {"stationCode": "VG", "stationName": "VIRAMGAM JN", "arrivalTime": "18:25", "departureTime": "18:27", "routeNumber": "1", "haltTime": "02:00", "distance": "60", "dayCount": "1", "stnSerialNumber": "3", "boardingDisabled": "false"}, {"stationCode": "DHG", "stationName": "DHRANGDHRA", "arrivalTime": "19:23", "departureTime": "19:25", "routeNumber": "1", "haltTime": "02:00", "distance": "125", "dayCount": "1", "stnSerialNumber": "4", "boardingDisabled": "false"}, {"stationCode": "HVD", "stationName": "HALVAD", "arrivalTime": "19:54", "departureTime": "19:56", "routeNumber": "1", "haltTime": "02:00", "distance": "157", "dayCount": "1", "stnSerialNumber": "5", "boardingDisabled": "false"}, {"stationCode": "MALB", "stationName": "MALIYA MIYANA", "arrivalTime": "20:31", "departureTime": "20:33", "routeNumber": "1", "haltTime": "02:00", "distance": "202", "dayCount": "1", "stnSerialNumber": "6", "boardingDisabled": "false"}, {"stationCode": "SIOB", "stationName": "SAMAKHIALI B G", "arrivalTime": "21:26", "departureTime": "21:28", "routeNumber": "1", "haltTime": "02:00", "distance": "242", "dayCount": "1", "stnSerialNumber": "7", "boardingDisabled": "false"}, {"stationCode": "BCOB", "stationName": "BHACHAU BG", "arrivalTime": "21:44", "departureTime": "21:46", "routeNumber": "1", "haltTime": "02:00", "distance": "258", "dayCount": "1", "stnSerialNumber": "8", "boardingDisabled": "false"}, {"stationCode": "GIMB", "stationName": "GANDHIDHAM BG", "arrivalTime": "22:26", "departureTime": "22:40", "routeNumber": "1", "haltTime": "14:00", "distance": "295", "dayCount": "1", "stnSerialNumber": "9", "boardingDisabled": "false"}, {"stationCode": "AJE", "stationName": "ANJAR", "arrivalTime": "23:09", "departureTime": "23:11", "routeNumber": "1", "haltTime": "02:00", "distance": "311", "dayCount": "1", "stnSerialNumber": "11", "boardingDisabled": "false"}, {"stationCode": "BHUJ", "stationName": "BHUJ", "arrivalTime": "23:55", "departureTime": "--", "routeNumber": "1", "haltTime": "--", "distance": "353", "dayCount": "1", "stnSerialNumber": "12", "boardingDisabled": "false"}]}