{"trainNumber": "09462", "trainName": "ASR GIMB SPL", "stationFrom": "ASR", "stationTo": "GIMB", "trainOwner": "0", "trainRunsOnMon": "N", "trainRunsOnTue": "N", "trainRunsOnWed": "N", "trainRunsOnThu": "N", "trainRunsOnFri": "N", "trainRunsOnSat": "Y", "trainRunsOnSun": "N", "timeStamp": "2023-06-19T15:31:37.777", "duration": "0", "stationList": [{"stationCode": "ASR", "stationName": "AMRITSAR JN", "arrivalTime": "--", "departureTime": "14:30", "routeNumber": "1", "haltTime": "--", "distance": "0", "dayCount": "1", "stnSerialNumber": "1", "boardingDisabled": "false"}, {"stationCode": "BEAS", "stationName": "BEAS", "arrivalTime": "15:00", "departureTime": "15:02", "routeNumber": "1", "haltTime": "02:00", "distance": "43", "dayCount": "1", "stnSerialNumber": "2", "boardingDisabled": "false"}, {"stationCode": "JUC", "stationName": "JALANDHAR CITY", "arrivalTime": "15:35", "departureTime": "15:40", "routeNumber": "1", "haltTime": "05:00", "distance": "79", "dayCount": "1", "stnSerialNumber": "3", "boardingDisabled": "false"}, {"stationCode": "LDH", "stationName": "LUDHIANA JN", "arrivalTime": "16:50", "departureTime": "17:00", "routeNumber": "1", "haltTime": "10:00", "distance": "136", "dayCount": "1", "stnSerialNumber": "4", "boardingDisabled": "false"}, {"stationCode": "HSR", "stationName": "HISAR", "arrivalTime": "20:50", "departureTime": "21:30", "routeNumber": "1", "haltTime": "40:00", "distance": "346", "dayCount": "1", "stnSerialNumber": "6", "boardingDisabled": "false"}, {"stationCode": "SDLP", "stationName": "SADULPUR JN", "arrivalTime": "22:30", "departureTime": "22:35", "routeNumber": "1", "haltTime": "05:00", "distance": "416", "dayCount": "1", "stnSerialNumber": "7", "boardingDisabled": "false"}, {"stationCode": "CUR", "stationName": "CHURU", "arrivalTime": "23:30", "departureTime": "23:40", "routeNumber": "1", "haltTime": "10:00", "distance": "474", "dayCount": "1", "stnSerialNumber": "8", "boardingDisabled": "false"}, {"stationCode": "RTGH", "stationName": "RATANGARH JN", "arrivalTime": "01:30", "departureTime": "01:35", "routeNumber": "1", "haltTime": "05:00", "distance": "517", "dayCount": "2", "stnSerialNumber": "9", "boardingDisabled": "false"}, {"stationCode": "SUJH", "stationName": "SUJANGARH", "arrivalTime": "02:08", "departureTime": "02:10", "routeNumber": "1", "haltTime": "02:00", "distance": "563", "dayCount": "2", "stnSerialNumber": "10", "boardingDisabled": "false"}, {"stationCode": "LAU", "stationName": "LADNUN", "arrivalTime": "02:20", "departureTime": "02:22", "routeNumber": "1", "haltTime": "02:00", "distance": "572", "dayCount": "2", "stnSerialNumber": "11", "boardingDisabled": "false"}, {"stationCode": "DIA", "stationName": "DIDWANA", "arrivalTime": "02:44", "departureTime": "02:46", "routeNumber": "1", "haltTime": "02:00", "distance": "603", "dayCount": "2", "stnSerialNumber": "12", "boardingDisabled": "false"}, {"stationCode": "CTKT", "stationName": "CHOTI KHATU", "arrivalTime": "03:13", "departureTime": "03:15", "routeNumber": "1", "haltTime": "02:00", "distance": "639", "dayCount": "2", "stnSerialNumber": "13", "boardingDisabled": "false"}, {"stationCode": "DNA", "stationName": "DEGANA JN", "arrivalTime": "03:40", "departureTime": "03:43", "routeNumber": "1", "haltTime": "03:00", "distance": "669", "dayCount": "2", "stnSerialNumber": "14", "boardingDisabled": "false"}, {"stationCode": "MTD", "stationName": "MERTA ROAD JN", "arrivalTime": "04:15", "departureTime": "04:20", "routeNumber": "1", "haltTime": "05:00", "distance": "714", "dayCount": "2", "stnSerialNumber": "15", "boardingDisabled": "false"}, {"stationCode": "GOTN", "stationName": "GOTAN", "arrivalTime": "04:38", "departureTime": "04:40", "routeNumber": "1", "haltTime": "02:00", "distance": "734", "dayCount": "2", "stnSerialNumber": "16", "boardingDisabled": "false"}, {"stationCode": "JU", "stationName": "JODHPUR JN", "arrivalTime": "06:15", "departureTime": "06:25", "routeNumber": "1", "haltTime": "10:00", "distance": "818", "dayCount": "2", "stnSerialNumber": "17", "boardingDisabled": "false"}, {"stationCode": "LUNI", "stationName": "LUNI JN", "arrivalTime": "06:55", "departureTime": "06:58", "routeNumber": "1", "haltTime": "03:00", "distance": "850", "dayCount": "2", "stnSerialNumber": "18", "boardingDisabled": "false"}, {"stationCode": "SMR", "stationName": "SAMDHARI JN", "arrivalTime": "07:47", "departureTime": "07:52", "routeNumber": "1", "haltTime": "05:00", "distance": "898", "dayCount": "2", "stnSerialNumber": "19", "boardingDisabled": "false"}, {"stationCode": "MKSR", "stationName": "MOKALSAR", "arrivalTime": "08:14", "departureTime": "08:16", "routeNumber": "1", "haltTime": "02:00", "distance": "924", "dayCount": "2", "stnSerialNumber": "20", "boardingDisabled": "false"}, {"stationCode": "JOR", "stationName": "JALOR", "arrivalTime": "08:41", "departureTime": "08:44", "routeNumber": "1", "haltTime": "03:00", "distance": "957", "dayCount": "2", "stnSerialNumber": "21", "boardingDisabled": "false"}, {"stationCode": "MON", "stationName": "MODRAN", "arrivalTime": "09:23", "departureTime": "09:25", "routeNumber": "1", "haltTime": "02:00", "distance": "992", "dayCount": "2", "stnSerialNumber": "22", "boardingDisabled": "false"}, {"stationCode": "MBNL", "stationName": "MARWAR BHINMAL", "arrivalTime": "09:49", "departureTime": "09:52", "routeNumber": "1", "haltTime": "03:00", "distance": "1020", "dayCount": "2", "stnSerialNumber": "23", "boardingDisabled": "false"}, {"stationCode": "RNV", "stationName": "RANIWARA", "arrivalTime": "10:17", "departureTime": "10:19", "routeNumber": "1", "haltTime": "02:00", "distance": "1051", "dayCount": "2", "stnSerialNumber": "24", "boardingDisabled": "false"}, {"stationCode": "BLDI", "stationName": "BHILDI", "arrivalTime": "11:55", "departureTime": "12:00", "routeNumber": "1", "haltTime": "05:00", "distance": "1122", "dayCount": "2", "stnSerialNumber": "25", "boardingDisabled": "false"}, {"stationCode": "MSH", "stationName": "MAHESANA JN", "arrivalTime": "13:20", "departureTime": "13:22", "routeNumber": "1", "haltTime": "02:00", "distance": "1213", "dayCount": "2", "stnSerialNumber": "26", "boardingDisabled": "false"}, {"stationCode": "VG", "stationName": "VIRAMGAM JN", "arrivalTime": "14:20", "departureTime": "14:22", "routeNumber": "1", "haltTime": "02:00", "distance": "1277", "dayCount": "2", "stnSerialNumber": "27", "boardingDisabled": "false"}, {"stationCode": "DHG", "stationName": "DHRANGDHRA", "arrivalTime": "15:20", "departureTime": "15:22", "routeNumber": "1", "haltTime": "02:00", "distance": "1342", "dayCount": "2", "stnSerialNumber": "28", "boardingDisabled": "false"}, {"stationCode": "SIOB", "stationName": "SAMAKHIALI B G", "arrivalTime": "17:10", "departureTime": "17:12", "routeNumber": "1", "haltTime": "02:00", "distance": "1459", "dayCount": "2", "stnSerialNumber": "29", "boardingDisabled": "false"}, {"stationCode": "GIMB", "stationName": "GANDHIDHAM BG", "arrivalTime": "18:30", "departureTime": "--", "routeNumber": "1", "haltTime": "--", "distance": "1512", "dayCount": "2", "stnSerialNumber": "30", "boardingDisabled": "false"}]}{"trainNumber": "09462", "trainName": "ASR GIMB SPL", "stationFrom": "ASR", "stationTo": "GIMB", "trainOwner": "0", "trainRunsOnMon": "N", "trainRunsOnTue": "N", "trainRunsOnWed": "N", "trainRunsOnThu": "N", "trainRunsOnFri": "N", "trainRunsOnSat": "Y", "trainRunsOnSun": "N", "timeStamp": "2023-06-19T15:31:47.598", "duration": "0", "stationList": [{"stationCode": "ASR", "stationName": "AMRITSAR JN", "arrivalTime": "--", "departureTime": "14:30", "routeNumber": "1", "haltTime": "--", "distance": "0", "dayCount": "1", "stnSerialNumber": "1", "boardingDisabled": "false"}, {"stationCode": "BEAS", "stationName": "BEAS", "arrivalTime": "15:00", "departureTime": "15:02", "routeNumber": "1", "haltTime": "02:00", "distance": "43", "dayCount": "1", "stnSerialNumber": "2", "boardingDisabled": "false"}, {"stationCode": "JUC", "stationName": "JALANDHAR CITY", "arrivalTime": "15:35", "departureTime": "15:40", "routeNumber": "1", "haltTime": "05:00", "distance": "79", "dayCount": "1", "stnSerialNumber": "3", "boardingDisabled": "false"}, {"stationCode": "LDH", "stationName": "LUDHIANA JN", "arrivalTime": "16:50", "departureTime": "17:00", "routeNumber": "1", "haltTime": "10:00", "distance": "136", "dayCount": "1", "stnSerialNumber": "4", "boardingDisabled": "false"}, {"stationCode": "HSR", "stationName": "HISAR", "arrivalTime": "20:50", "departureTime": "21:30", "routeNumber": "1", "haltTime": "40:00", "distance": "346", "dayCount": "1", "stnSerialNumber": "6", "boardingDisabled": "false"}, {"stationCode": "SDLP", "stationName": "SADULPUR JN", "arrivalTime": "22:30", "departureTime": "22:35", "routeNumber": "1", "haltTime": "05:00", "distance": "416", "dayCount": "1", "stnSerialNumber": "7", "boardingDisabled": "false"}, {"stationCode": "CUR", "stationName": "CHURU", "arrivalTime": "23:30", "departureTime": "23:40", "routeNumber": "1", "haltTime": "10:00", "distance": "474", "dayCount": "1", "stnSerialNumber": "8", "boardingDisabled": "false"}, {"stationCode": "RTGH", "stationName": "RATANGARH JN", "arrivalTime": "01:30", "departureTime": "01:35", "routeNumber": "1", "haltTime": "05:00", "distance": "517", "dayCount": "2", "stnSerialNumber": "9", "boardingDisabled": "false"}, {"stationCode": "SUJH", "stationName": "SUJANGARH", "arrivalTime": "02:08", "departureTime": "02:10", "routeNumber": "1", "haltTime": "02:00", "distance": "563", "dayCount": "2", "stnSerialNumber": "10", "boardingDisabled": "false"}, {"stationCode": "LAU", "stationName": "LADNUN", "arrivalTime": "02:20", "departureTime": "02:22", "routeNumber": "1", "haltTime": "02:00", "distance": "572", "dayCount": "2", "stnSerialNumber": "11", "boardingDisabled": "false"}, {"stationCode": "DIA", "stationName": "DIDWANA", "arrivalTime": "02:44", "departureTime": "02:46", "routeNumber": "1", "haltTime": "02:00", "distance": "603", "dayCount": "2", "stnSerialNumber": "12", "boardingDisabled": "false"}, {"stationCode": "CTKT", "stationName": "CHOTI KHATU", "arrivalTime": "03:13", "departureTime": "03:15", "routeNumber": "1", "haltTime": "02:00", "distance": "639", "dayCount": "2", "stnSerialNumber": "13", "boardingDisabled": "false"}, {"stationCode": "DNA", "stationName": "DEGANA JN", "arrivalTime": "03:40", "departureTime": "03:43", "routeNumber": "1", "haltTime": "03:00", "distance": "669", "dayCount": "2", "stnSerialNumber": "14", "boardingDisabled": "false"}, {"stationCode": "MTD", "stationName": "MERTA ROAD JN", "arrivalTime": "04:15", "departureTime": "04:20", "routeNumber": "1", "haltTime": "05:00", "distance": "714", "dayCount": "2", "stnSerialNumber": "15", "boardingDisabled": "false"}, {"stationCode": "GOTN", "stationName": "GOTAN", "arrivalTime": "04:38", "departureTime": "04:40", "routeNumber": "1", "haltTime": "02:00", "distance": "734", "dayCount": "2", "stnSerialNumber": "16", "boardingDisabled": "false"}, {"stationCode": "JU", "stationName": "JODHPUR JN", "arrivalTime": "06:15", "departureTime": "06:25", "routeNumber": "1", "haltTime": "10:00", "distance": "818", "dayCount": "2", "stnSerialNumber": "17", "boardingDisabled": "false"}, {"stationCode": "LUNI", "stationName": "LUNI JN", "arrivalTime": "06:55", "departureTime": "06:58", "routeNumber": "1", "haltTime": "03:00", "distance": "850", "dayCount": "2", "stnSerialNumber": "18", "boardingDisabled": "false"}, {"stationCode": "SMR", "stationName": "SAMDHARI JN", "arrivalTime": "07:47", "departureTime": "07:52", "routeNumber": "1", "haltTime": "05:00", "distance": "898", "dayCount": "2", "stnSerialNumber": "19", "boardingDisabled": "false"}, {"stationCode": "MKSR", "stationName": "MOKALSAR", "arrivalTime": "08:14", "departureTime": "08:16", "routeNumber": "1", "haltTime": "02:00", "distance": "924", "dayCount": "2", "stnSerialNumber": "20", "boardingDisabled": "false"}, {"stationCode": "JOR", "stationName": "JALOR", "arrivalTime": "08:41", "departureTime": "08:44", "routeNumber": "1", "haltTime": "03:00", "distance": "957", "dayCount": "2", "stnSerialNumber": "21", "boardingDisabled": "false"}, {"stationCode": "MON", "stationName": "MODRAN", "arrivalTime": "09:23", "departureTime": "09:25", "routeNumber": "1", "haltTime": "02:00", "distance": "992", "dayCount": "2", "stnSerialNumber": "22", "boardingDisabled": "false"}, {"stationCode": "MBNL", "stationName": "MARWAR BHINMAL", "arrivalTime": "09:49", "departureTime": "09:52", "routeNumber": "1", "haltTime": "03:00", "distance": "1020", "dayCount": "2", "stnSerialNumber": "23", "boardingDisabled": "false"}, {"stationCode": "RNV", "stationName": "RANIWARA", "arrivalTime": "10:17", "departureTime": "10:19", "routeNumber": "1", "haltTime": "02:00", "distance": "1051", "dayCount": "2", "stnSerialNumber": "24", "boardingDisabled": "false"}, {"stationCode": "BLDI", "stationName": "BHILDI", "arrivalTime": "11:55", "departureTime": "12:00", "routeNumber": "1", "haltTime": "05:00", "distance": "1122", "dayCount": "2", "stnSerialNumber": "25", "boardingDisabled": "false"}, {"stationCode": "MSH", "stationName": "MAHESANA JN", "arrivalTime": "13:20", "departureTime": "13:22", "routeNumber": "1", "haltTime": "02:00", "distance": "1213", "dayCount": "2", "stnSerialNumber": "26", "boardingDisabled": "false"}, {"stationCode": "VG", "stationName": "VIRAMGAM JN", "arrivalTime": "14:20", "departureTime": "14:22", "routeNumber": "1", "haltTime": "02:00", "distance": "1277", "dayCount": "2", "stnSerialNumber": "27", "boardingDisabled": "false"}, {"stationCode": "DHG", "stationName": "DHRANGDHRA", "arrivalTime": "15:20", "departureTime": "15:22", "routeNumber": "1", "haltTime": "02:00", "distance": "1342", "dayCount": "2", "stnSerialNumber": "28", "boardingDisabled": "false"}, {"stationCode": "SIOB", "stationName": "SAMAKHIALI B G", "arrivalTime": "17:10", "departureTime": "17:12", "routeNumber": "1", "haltTime": "02:00", "distance": "1459", "dayCount": "2", "stnSerialNumber": "29", "boardingDisabled": "false"}, {"stationCode": "GIMB", "stationName": "GANDHIDHAM BG", "arrivalTime": "18:30", "departureTime": "--", "routeNumber": "1", "haltTime": "--", "distance": "1512", "dayCount": "2", "stnSerialNumber": "30", "boardingDisabled": "false"}]}