{"trainNumber": "09466", "trainName": "DBG ADI SPL", "stationFrom": "DBG", "stationTo": "ADI", "trainOwner": "0", "trainRunsOnMon": "Y", "trainRunsOnTue": "N", "trainRunsOnWed": "N", "trainRunsOnThu": "N", "trainRunsOnFri": "N", "trainRunsOnSat": "N", "trainRunsOnSun": "N", "timeStamp": "2023-06-19T15:30:16.438", "duration": "0", "stationList": [{"stationCode": "DBG", "stationName": "DARBHANGA JN", "arrivalTime": "--", "departureTime": "03:00", "routeNumber": "1", "haltTime": "--", "distance": "0", "dayCount": "1", "stnSerialNumber": "1", "boardingDisabled": "false"}, {"stationCode": "SPJ", "stationName": "SAMASTIPUR JN", "arrivalTime": "04:05", "departureTime": "04:30", "routeNumber": "1", "haltTime": "25:00", "distance": "38", "dayCount": "1", "stnSerialNumber": "2", "boardingDisabled": "false"}, {"stationCode": "MFP", "stationName": "MUZAFFARPUR JN", "arrivalTime": "05:20", "departureTime": "05:25", "routeNumber": "1", "haltTime": "05:00", "distance": "90", "dayCount": "1", "stnSerialNumber": "3", "boardingDisabled": "false"}, {"stationCode": "CPR", "stationName": "CHHAPRA", "arrivalTime": "08:35", "departureTime": "08:40", "routeNumber": "1", "haltTime": "05:00", "distance": "203", "dayCount": "1", "stnSerialNumber": "4", "boardingDisabled": "false"}, {"stationCode": "SHG", "stationName": "SHAHGANJ JN", "arrivalTime": "13:45", "departureTime": "13:55", "routeNumber": "1", "haltTime": "10:00", "distance": "436", "dayCount": "1", "stnSerialNumber": "5", "boardingDisabled": "false"}, {"stationCode": "AYC", "stationName": "AYODHYA CANTT", "arrivalTime": "15:50", "departureTime": "15:55", "routeNumber": "1", "haltTime": "05:00", "distance": "542", "dayCount": "1", "stnSerialNumber": "6", "boardingDisabled": "false"}, {"stationCode": "LKO", "stationName": "LUCKNOW NR", "arrivalTime": "18:00", "departureTime": "18:15", "routeNumber": "1", "haltTime": "15:00", "distance": "669", "dayCount": "1", "stnSerialNumber": "7", "boardingDisabled": "false"}, {"stationCode": "CNB", "stationName": "KANPUR CENTRAL", "arrivalTime": "20:25", "departureTime": "20:30", "routeNumber": "1", "haltTime": "05:00", "distance": "743", "dayCount": "1", "stnSerialNumber": "8", "boardingDisabled": "false"}, {"stationCode": "VGLJ", "stationName": "V LAKSHMIBAIJHS", "arrivalTime": "00:05", "departureTime": "00:15", "routeNumber": "1", "haltTime": "10:00", "distance": "964", "dayCount": "2", "stnSerialNumber": "9", "boardingDisabled": "false"}, {"stationCode": "BINA", "stationName": "BINA JN", "arrivalTime": "02:40", "departureTime": "02:50", "routeNumber": "1", "haltTime": "10:00", "distance": "1116", "dayCount": "2", "stnSerialNumber": "10", "boardingDisabled": "false"}, {"stationCode": "GUNA", "stationName": "GUNA", "arrivalTime": "05:00", "departureTime": "05:10", "routeNumber": "1", "haltTime": "10:00", "distance": "1235", "dayCount": "2", "stnSerialNumber": "11", "boardingDisabled": "false"}, {"stationCode": "UJN", "stationName": "UJJAIN JN", "arrivalTime": "09:30", "departureTime": "09:40", "routeNumber": "1", "haltTime": "10:00", "distance": "1490", "dayCount": "2", "stnSerialNumber": "12", "boardingDisabled": "false"}, {"stationCode": "RTM", "stationName": "RATLAM JN", "arrivalTime": "11:30", "departureTime": "11:40", "routeNumber": "1", "haltTime": "10:00", "distance": "1586", "dayCount": "2", "stnSerialNumber": "13", "boardingDisabled": "false"}, {"stationCode": "CYI", "stationName": "CHHAYAPURI", "arrivalTime": "14:52", "departureTime": "14:55", "routeNumber": "1", "haltTime": "03:00", "distance": "1840", "dayCount": "2", "stnSerialNumber": "15", "boardingDisabled": "false"}, {"stationCode": "ADI", "stationName": "AHMEDABAD JN", "arrivalTime": "16:35", "departureTime": "--", "routeNumber": "1", "haltTime": "--", "distance": "1936", "dayCount": "2", "stnSerialNumber": "16", "boardingDisabled": "false"}]}