{"trainNumber": "09523", "trainName": "OKHA DEE SF SPL", "stationFrom": "OKHA", "stationTo": "DEE", "trainOwner": "0", "trainRunsOnMon": "N", "trainRunsOnTue": "Y", "trainRunsOnWed": "N", "trainRunsOnThu": "N", "trainRunsOnFri": "N", "trainRunsOnSat": "N", "trainRunsOnSun": "N", "timeStamp": "2023-06-19T15:31:41.716", "duration": "0", "stationList": [{"stationCode": "OKHA", "stationName": "OKHA", "arrivalTime": "--", "departureTime": "10:00", "routeNumber": "1", "haltTime": "--", "distance": "0", "dayCount": "1", "stnSerialNumber": "1", "boardingDisabled": "false"}, {"stationCode": "DWK", "stationName": "DWARKA", "arrivalTime": "10:28", "departureTime": "10:33", "routeNumber": "1", "haltTime": "05:00", "distance": "29", "dayCount": "1", "stnSerialNumber": "2", "boardingDisabled": "false"}, {"stationCode": "KMBL", "stationName": "KHAMBHALIYA", "arrivalTime": "11:51", "departureTime": "11:53", "routeNumber": "1", "haltTime": "02:00", "distance": "114", "dayCount": "1", "stnSerialNumber": "3", "boardingDisabled": "false"}, {"stationCode": "JAM", "stationName": "JAMNAGAR", "arrivalTime": "12:43", "departureTime": "12:48", "routeNumber": "1", "haltTime": "05:00", "distance": "168", "dayCount": "1", "stnSerialNumber": "4", "boardingDisabled": "false"}, {"stationCode": "HAPA", "stationName": "HAPA", "arrivalTime": "13:08", "departureTime": "13:18", "routeNumber": "1", "haltTime": "10:00", "distance": "177", "dayCount": "1", "stnSerialNumber": "5", "boardingDisabled": "false"}, {"stationCode": "RJT", "stationName": "RAJKOT JN", "arrivalTime": "14:45", "departureTime": "14:50", "routeNumber": "1", "haltTime": "05:00", "distance": "253", "dayCount": "1", "stnSerialNumber": "6", "boardingDisabled": "false"}, {"stationCode": "SUNR", "stationName": "SURENDRANAGAR", "arrivalTime": "17:00", "departureTime": "17:02", "routeNumber": "1", "haltTime": "02:00", "distance": "369", "dayCount": "1", "stnSerialNumber": "7", "boardingDisabled": "false"}, {"stationCode": "VG", "stationName": "VIRAMGAM JN", "arrivalTime": "18:10", "departureTime": "18:12", "routeNumber": "1", "haltTime": "02:00", "distance": "434", "dayCount": "1", "stnSerialNumber": "8", "boardingDisabled": "false"}, {"stationCode": "MSH", "stationName": "MAHESANA JN", "arrivalTime": "19:06", "departureTime": "19:08", "routeNumber": "1", "haltTime": "02:00", "distance": "498", "dayCount": "1", "stnSerialNumber": "9", "boardingDisabled": "false"}, {"stationCode": "UJA", "stationName": "UNJHA", "arrivalTime": "19:28", "departureTime": "19:30", "routeNumber": "1", "haltTime": "02:00", "distance": "519", "dayCount": "1", "stnSerialNumber": "10", "boardingDisabled": "false"}, {"stationCode": "SID", "stationName": "SIDDHPUR", "arrivalTime": "19:44", "departureTime": "19:46", "routeNumber": "1", "haltTime": "02:00", "distance": "534", "dayCount": "1", "stnSerialNumber": "11", "boardingDisabled": "false"}, {"stationCode": "PNU", "stationName": "PALANPUR JN", "arrivalTime": "20:58", "departureTime": "21:00", "routeNumber": "1", "haltTime": "02:00", "distance": "563", "dayCount": "1", "stnSerialNumber": "12", "boardingDisabled": "false"}, {"stationCode": "ABR", "stationName": "ABU ROAD", "arrivalTime": "21:40", "departureTime": "21:50", "routeNumber": "1", "haltTime": "10:00", "distance": "616", "dayCount": "1", "stnSerialNumber": "13", "boardingDisabled": "false"}, {"stationCode": "FA", "stationName": "FALNA", "arrivalTime": "23:05", "departureTime": "23:07", "routeNumber": "1", "haltTime": "02:00", "distance": "715", "dayCount": "1", "stnSerialNumber": "14", "boardingDisabled": "false"}, {"stationCode": "MJ", "stationName": "MARWAR JN", "arrivalTime": "00:03", "departureTime": "00:05", "routeNumber": "1", "haltTime": "02:00", "distance": "781", "dayCount": "2", "stnSerialNumber": "15", "boardingDisabled": "false"}, {"stationCode": "BER", "stationName": "BEAWAR", "arrivalTime": "01:10", "departureTime": "01:12", "routeNumber": "1", "haltTime": "02:00", "distance": "869", "dayCount": "2", "stnSerialNumber": "16", "boardingDisabled": "false"}, {"stationCode": "AII", "stationName": "AJMER JN", "arrivalTime": "02:00", "departureTime": "02:10", "routeNumber": "1", "haltTime": "10:00", "distance": "921", "dayCount": "2", "stnSerialNumber": "17", "boardingDisabled": "false"}, {"stationCode": "KSG", "stationName": "KISHANGARH", "arrivalTime": "02:42", "departureTime": "02:44", "routeNumber": "1", "haltTime": "02:00", "distance": "946", "dayCount": "2", "stnSerialNumber": "18", "boardingDisabled": "false"}, {"stationCode": "JP", "stationName": "JAIPUR", "arrivalTime": "04:05", "departureTime": "04:15", "routeNumber": "1", "haltTime": "10:00", "distance": "1056", "dayCount": "2", "stnSerialNumber": "19", "boardingDisabled": "false"}, {"stationCode": "GADJ", "stationName": "GANDHINAGAR JPR", "arrivalTime": "04:26", "departureTime": "04:29", "routeNumber": "1", "haltTime": "03:00", "distance": "1061", "dayCount": "2", "stnSerialNumber": "20", "boardingDisabled": "false"}, {"stationCode": "BKI", "stationName": "BANDIKUI JN", "arrivalTime": "05:29", "departureTime": "05:31", "routeNumber": "1", "haltTime": "02:00", "distance": "1146", "dayCount": "2", "stnSerialNumber": "21", "boardingDisabled": "false"}, {"stationCode": "AWR", "stationName": "ALWAR", "arrivalTime": "06:26", "departureTime": "06:29", "routeNumber": "1", "haltTime": "03:00", "distance": "1206", "dayCount": "2", "stnSerialNumber": "22", "boardingDisabled": "false"}, {"stationCode": "RE", "stationName": "REWARI", "arrivalTime": "08:40", "departureTime": "08:45", "routeNumber": "1", "haltTime": "05:00", "distance": "1281", "dayCount": "2", "stnSerialNumber": "23", "boardingDisabled": "false"}, {"stationCode": "DEE", "stationName": "DELHI S ROHILLA", "arrivalTime": "10:10", "departureTime": "--", "routeNumber": "1", "haltTime": "--", "distance": "1359", "dayCount": "2", "stnSerialNumber": "24", "boardingDisabled": "false"}]}