{"trainNumber": "09525", "trainName": "OKHA NHLN SPL", "stationFrom": "OKHA", "stationTo": "NHLN", "trainOwner": "0", "trainRunsOnMon": "N", "trainRunsOnTue": "Y", "trainRunsOnWed": "N", "trainRunsOnThu": "N", "trainRunsOnFri": "N", "trainRunsOnSat": "N", "trainRunsOnSun": "N", "timeStamp": "2023-06-19T15:31:41.668", "duration": "0", "stationList": [{"stationCode": "OKHA", "stationName": "OKHA", "arrivalTime": "--", "departureTime": "22:00", "routeNumber": "1", "haltTime": "--", "distance": "0", "dayCount": "1", "stnSerialNumber": "1", "boardingDisabled": "false"}, {"stationCode": "DWK", "stationName": "DWARKA", "arrivalTime": "22:28", "departureTime": "22:33", "routeNumber": "1", "haltTime": "05:00", "distance": "29", "dayCount": "1", "stnSerialNumber": "2", "boardingDisabled": "false"}, {"stationCode": "KMBL", "stationName": "KHAMBHALIYA", "arrivalTime": "23:27", "departureTime": "23:29", "routeNumber": "1", "haltTime": "02:00", "distance": "114", "dayCount": "1", "stnSerialNumber": "3", "boardingDisabled": "false"}, {"stationCode": "JAM", "stationName": "JAMNAGAR", "arrivalTime": "00:26", "departureTime": "00:31", "routeNumber": "1", "haltTime": "05:00", "distance": "168", "dayCount": "2", "stnSerialNumber": "4", "boardingDisabled": "false"}, {"stationCode": "HAPA", "stationName": "HAPA", "arrivalTime": "00:41", "departureTime": "00:43", "routeNumber": "1", "haltTime": "02:00", "distance": "177", "dayCount": "2", "stnSerialNumber": "5", "boardingDisabled": "false"}, {"stationCode": "RJT", "stationName": "RAJKOT JN", "arrivalTime": "02:06", "departureTime": "02:11", "routeNumber": "1", "haltTime": "05:00", "distance": "253", "dayCount": "2", "stnSerialNumber": "6", "boardingDisabled": "false"}, {"stationCode": "WKR", "stationName": "WANKANER JN", "arrivalTime": "02:59", "departureTime": "03:01", "routeNumber": "1", "haltTime": "02:00", "distance": "294", "dayCount": "2", "stnSerialNumber": "7", "boardingDisabled": "false"}, {"stationCode": "SUNR", "stationName": "SURENDRANAGAR", "arrivalTime": "04:08", "departureTime": "04:10", "routeNumber": "1", "haltTime": "02:00", "distance": "369", "dayCount": "2", "stnSerialNumber": "8", "boardingDisabled": "false"}, {"stationCode": "ADI", "stationName": "AHMEDABAD JN", "arrivalTime": "06:30", "departureTime": "06:40", "routeNumber": "1", "haltTime": "10:00", "distance": "499", "dayCount": "2", "stnSerialNumber": "9", "boardingDisabled": "false"}, {"stationCode": "GER", "stationName": "GERATPUR", "arrivalTime": "07:40", "departureTime": "07:42", "routeNumber": "1", "haltTime": "02:00", "distance": "513", "dayCount": "2", "stnSerialNumber": "10", "boardingDisabled": "false"}, {"stationCode": "ND", "stationName": "NADIAD JN", "arrivalTime": "07:53", "departureTime": "07:55", "routeNumber": "1", "haltTime": "02:00", "distance": "545", "dayCount": "2", "stnSerialNumber": "11", "boardingDisabled": "false"}, {"stationCode": "ANND", "stationName": "ANAND JN", "arrivalTime": "08:10", "departureTime": "08:12", "routeNumber": "1", "haltTime": "02:00", "distance": "563", "dayCount": "2", "stnSerialNumber": "12", "boardingDisabled": "false"}, {"stationCode": "CYI", "stationName": "CHHAYAPURI", "arrivalTime": "09:05", "departureTime": "09:10", "routeNumber": "1", "haltTime": "05:00", "distance": "595", "dayCount": "2", "stnSerialNumber": "13", "boardingDisabled": "false"}, {"stationCode": "GDA", "stationName": "GODHRA JN", "arrivalTime": "10:33", "departureTime": "10:35", "routeNumber": "1", "haltTime": "02:00", "distance": "662", "dayCount": "2", "stnSerialNumber": "14", "boardingDisabled": "false"}, {"stationCode": "RTM", "stationName": "RATLAM JN", "arrivalTime": "12:55", "departureTime": "13:05", "routeNumber": "1", "haltTime": "10:00", "distance": "849", "dayCount": "2", "stnSerialNumber": "15", "boardingDisabled": "false"}, {"stationCode": "NAD", "stationName": "NAGDA JN", "arrivalTime": "13:53", "departureTime": "13:55", "routeNumber": "1", "haltTime": "02:00", "distance": "891", "dayCount": "2", "stnSerialNumber": "16", "boardingDisabled": "false"}, {"stationCode": "UJN", "stationName": "UJJAIN JN", "arrivalTime": "15:05", "departureTime": "15:10", "routeNumber": "1", "haltTime": "05:00", "distance": "946", "dayCount": "2", "stnSerialNumber": "17", "boardingDisabled": "false"}, {"stationCode": "MKC", "stationName": "MAKSI", "arrivalTime": "16:40", "departureTime": "16:42", "routeNumber": "1", "haltTime": "02:00", "distance": "987", "dayCount": "2", "stnSerialNumber": "18", "boardingDisabled": "false"}, {"stationCode": "SFY", "stationName": "SHAJAPUR", "arrivalTime": "17:05", "departureTime": "17:07", "routeNumber": "1", "haltTime": "02:00", "distance": "1015", "dayCount": "2", "stnSerialNumber": "19", "boardingDisabled": "false"}, {"stationCode": "BRRG", "stationName": "BIYAVRA RAJGARH", "arrivalTime": "18:20", "departureTime": "18:22", "routeNumber": "1", "haltTime": "02:00", "distance": "1103", "dayCount": "2", "stnSerialNumber": "20", "boardingDisabled": "false"}, {"stationCode": "RTA", "stationName": "RUTHIYAI", "arrivalTime": "19:15", "departureTime": "19:17", "routeNumber": "1", "haltTime": "02:00", "distance": "1180", "dayCount": "2", "stnSerialNumber": "21", "boardingDisabled": "false"}, {"stationCode": "GUNA", "stationName": "GUNA", "arrivalTime": "20:00", "departureTime": "20:10", "routeNumber": "1", "haltTime": "10:00", "distance": "1201", "dayCount": "2", "stnSerialNumber": "22", "boardingDisabled": "false"}, {"stationCode": "SVPI", "stationName": "SHIVPURI", "arrivalTime": "22:18", "departureTime": "22:20", "routeNumber": "1", "haltTime": "02:00", "distance": "1303", "dayCount": "2", "stnSerialNumber": "23", "boardingDisabled": "false"}, {"stationCode": "GWL", "stationName": "GWALIOR", "arrivalTime": "01:05", "departureTime": "01:10", "routeNumber": "1", "haltTime": "05:00", "distance": "1428", "dayCount": "3", "stnSerialNumber": "24", "boardingDisabled": "false"}, {"stationCode": "ETW", "stationName": "ETAWAH JN", "arrivalTime": "03:38", "departureTime": "03:40", "routeNumber": "1", "haltTime": "02:00", "distance": "1546", "dayCount": "3", "stnSerialNumber": "25", "boardingDisabled": "false"}, {"stationCode": "GOY", "stationName": "GOVINDPURI", "arrivalTime": "05:25", "departureTime": "05:30", "routeNumber": "1", "haltTime": "05:00", "distance": "1682", "dayCount": "3", "stnSerialNumber": "26", "boardingDisabled": "false"}, {"stationCode": "PRYJ", "stationName": "PRAYAGRAJ JN.", "arrivalTime": "08:35", "departureTime": "08:40", "routeNumber": "1", "haltTime": "05:00", "distance": "1878", "dayCount": "3", "stnSerialNumber": "27", "boardingDisabled": "false"}, {"stationCode": "GYN", "stationName": "GYANPUR ROAD", "arrivalTime": "09:38", "departureTime": "09:40", "routeNumber": "1", "haltTime": "02:00", "distance": "1943", "dayCount": "3", "stnSerialNumber": "28", "boardingDisabled": "false"}, {"stationCode": "BSBS", "stationName": "BANARAS", "arrivalTime": "10:50", "departureTime": "10:55", "routeNumber": "1", "haltTime": "05:00", "distance": "1999", "dayCount": "3", "stnSerialNumber": "29", "boardingDisabled": "false"}, {"stationCode": "BSB", "stationName": "VARANASI JN", "arrivalTime": "11:10", "departureTime": "11:20", "routeNumber": "1", "haltTime": "10:00", "distance": "2003", "dayCount": "3", "stnSerialNumber": "30", "boardingDisabled": "false"}, {"stationCode": "GCT", "stationName": "GHAZIPUR CITY", "arrivalTime": "12:40", "departureTime": "12:45", "routeNumber": "1", "haltTime": "05:00", "distance": "2078", "dayCount": "3", "stnSerialNumber": "31", "boardingDisabled": "false"}, {"stationCode": "BUI", "stationName": "BALLIA", "arrivalTime": "13:50", "departureTime": "13:55", "routeNumber": "1", "haltTime": "05:00", "distance": "2143", "dayCount": "3", "stnSerialNumber": "32", "boardingDisabled": "false"}, {"stationCode": "CPR", "stationName": "CHHAPRA", "arrivalTime": "15:35", "departureTime": "15:45", "routeNumber": "1", "haltTime": "10:00", "distance": "2208", "dayCount": "3", "stnSerialNumber": "33", "boardingDisabled": "false"}, {"stationCode": "HJP", "stationName": "HAJIPUR JN", "arrivalTime": "17:15", "departureTime": "17:20", "routeNumber": "1", "haltTime": "05:00", "distance": "2267", "dayCount": "3", "stnSerialNumber": "34", "boardingDisabled": "false"}, {"stationCode": "SPP", "stationName": "SHAHPUR PATOREE", "arrivalTime": "17:58", "departureTime": "18:00", "routeNumber": "1", "haltTime": "02:00", "distance": "2305", "dayCount": "3", "stnSerialNumber": "35", "boardingDisabled": "false"}, {"stationCode": "BJU", "stationName": "BARAUNI JN", "arrivalTime": "19:20", "departureTime": "19:30", "routeNumber": "1", "haltTime": "10:00", "distance": "2355", "dayCount": "3", "stnSerialNumber": "36", "boardingDisabled": "false"}, {"stationCode": "BGS", "stationName": "BEGU SARAI", "arrivalTime": "19:53", "departureTime": "19:55", "routeNumber": "1", "haltTime": "02:00", "distance": "2370", "dayCount": "3", "stnSerialNumber": "37", "boardingDisabled": "false"}, {"stationCode": "KGG", "stationName": "KHAGARIA JN", "arrivalTime": "20:45", "departureTime": "20:47", "routeNumber": "1", "haltTime": "02:00", "distance": "2410", "dayCount": "3", "stnSerialNumber": "38", "boardingDisabled": "false"}, {"stationCode": "NNA", "stationName": "NAUGACHIA", "arrivalTime": "21:45", "departureTime": "21:47", "routeNumber": "1", "haltTime": "02:00", "distance": "2477", "dayCount": "3", "stnSerialNumber": "39", "boardingDisabled": "false"}, {"stationCode": "KIR", "stationName": "KATIHAR JN", "arrivalTime": "23:10", "departureTime": "23:15", "routeNumber": "1", "haltTime": "05:00", "distance": "2534", "dayCount": "3", "stnSerialNumber": "40", "boardingDisabled": "false"}, {"stationCode": "BOE", "stationName": "BARSOI JN", "arrivalTime": "00:08", "departureTime": "00:10", "routeNumber": "1", "haltTime": "02:00", "distance": "2573", "dayCount": "4", "stnSerialNumber": "41", "boardingDisabled": "false"}, {"stationCode": "KNE", "stationName": "KISHANGANJ", "arrivalTime": "01:00", "departureTime": "01:02", "routeNumber": "1", "haltTime": "02:00", "distance": "2630", "dayCount": "4", "stnSerialNumber": "42", "boardingDisabled": "false"}, {"stationCode": "NJP", "stationName": "NEW JALPAIGURI", "arrivalTime": "02:25", "departureTime": "02:35", "routeNumber": "1", "haltTime": "10:00", "distance": "2717", "dayCount": "4", "stnSerialNumber": "43", "boardingDisabled": "false"}, {"stationCode": "NCB", "stationName": "NEW COOCH BEHAR", "arrivalTime": "05:05", "departureTime": "05:10", "routeNumber": "1", "haltTime": "05:00", "distance": "2844", "dayCount": "4", "stnSerialNumber": "45", "boardingDisabled": "false"}, {"stationCode": "KOJ", "stationName": "KOKRAJHAR", "arrivalTime": "06:30", "departureTime": "06:32", "routeNumber": "1", "haltTime": "02:00", "distance": "2941", "dayCount": "4", "stnSerialNumber": "46", "boardingDisabled": "false"}, {"stationCode": "NBQ", "stationName": "NEW BONGAIGAON", "arrivalTime": "07:30", "departureTime": "07:35", "routeNumber": "1", "haltTime": "05:00", "distance": "2969", "dayCount": "4", "stnSerialNumber": "47", "boardingDisabled": "false"}, {"stationCode": "BPRD", "stationName": "BARPETA ROAD", "arrivalTime": "08:15", "departureTime": "08:17", "routeNumber": "1", "haltTime": "02:00", "distance": "3013", "dayCount": "4", "stnSerialNumber": "48", "boardingDisabled": "false"}, {"stationCode": "RNY", "stationName": "RANGIYA JN", "arrivalTime": "10:00", "departureTime": "10:25", "routeNumber": "1", "haltTime": "25:00", "distance": "3078", "dayCount": "4", "stnSerialNumber": "49", "boardingDisabled": "false"}, {"stationCode": "ULG", "stationName": "UDALGURI", "arrivalTime": "11:33", "departureTime": "11:35", "routeNumber": "1", "haltTime": "02:00", "distance": "3139", "dayCount": "4", "stnSerialNumber": "50", "boardingDisabled": "false"}, {"stationCode": "NMM", "stationName": "NEW MISAMARI", "arrivalTime": "12:30", "departureTime": "12:32", "routeNumber": "1", "haltTime": "02:00", "distance": "3190", "dayCount": "4", "stnSerialNumber": "51", "boardingDisabled": "false"}, {"stationCode": "RPAN", "stationName": "RANGAPARA NORTH", "arrivalTime": "12:50", "departureTime": "12:55", "routeNumber": "1", "haltTime": "05:00", "distance": "3201", "dayCount": "4", "stnSerialNumber": "52", "boardingDisabled": "false"}, {"stationCode": "HMY", "stationName": "HARMUTI", "arrivalTime": "14:55", "departureTime": "15:00", "routeNumber": "1", "haltTime": "05:00", "distance": "3344", "dayCount": "4", "stnSerialNumber": "53", "boardingDisabled": "false"}, {"stationCode": "NHLN", "stationName": "NAHARLAGUN", "arrivalTime": "16:00", "departureTime": "--", "routeNumber": "1", "haltTime": "--", "distance": "3364", "dayCount": "4", "stnSerialNumber": "54", "boardingDisabled": "false"}]}