{"trainNumber": "09524", "trainName": "DEE OKHA SF SPL", "stationFrom": "DEE", "stationTo": "OKHA", "trainOwner": "0", "trainRunsOnMon": "N", "trainRunsOnTue": "N", "trainRunsOnWed": "Y", "trainRunsOnThu": "N", "trainRunsOnFri": "N", "trainRunsOnSat": "N", "trainRunsOnSun": "N", "timeStamp": "2023-06-19T15:30:50.709", "duration": "0", "stationList": [{"stationCode": "DEE", "stationName": "DELHI S ROHILLA", "arrivalTime": "--", "departureTime": "13:20", "routeNumber": "1", "haltTime": "--", "distance": "0", "dayCount": "1", "stnSerialNumber": "1", "boardingDisabled": "false"}, {"stationCode": "RE", "stationName": "REWARI", "arrivalTime": "14:48", "departureTime": "14:50", "routeNumber": "1", "haltTime": "02:00", "distance": "78", "dayCount": "1", "stnSerialNumber": "2", "boardingDisabled": "false"}, {"stationCode": "AWR", "stationName": "ALWAR", "arrivalTime": "15:49", "departureTime": "15:52", "routeNumber": "1", "haltTime": "03:00", "distance": "153", "dayCount": "1", "stnSerialNumber": "3", "boardingDisabled": "false"}, {"stationCode": "BKI", "stationName": "BANDIKUI JN", "arrivalTime": "16:37", "departureTime": "16:39", "routeNumber": "1", "haltTime": "02:00", "distance": "213", "dayCount": "1", "stnSerialNumber": "4", "boardingDisabled": "false"}, {"stationCode": "GADJ", "stationName": "GANDHINAGAR JPR", "arrivalTime": "17:56", "departureTime": "17:58", "routeNumber": "1", "haltTime": "02:00", "distance": "298", "dayCount": "1", "stnSerialNumber": "5", "boardingDisabled": "false"}, {"stationCode": "JP", "stationName": "JAIPUR", "arrivalTime": "18:20", "departureTime": "18:30", "routeNumber": "1", "haltTime": "10:00", "distance": "303", "dayCount": "1", "stnSerialNumber": "6", "boardingDisabled": "false"}, {"stationCode": "KSG", "stationName": "KISHANGARH", "arrivalTime": "20:32", "departureTime": "20:34", "routeNumber": "1", "haltTime": "02:00", "distance": "413", "dayCount": "1", "stnSerialNumber": "7", "boardingDisabled": "false"}, {"stationCode": "AII", "stationName": "AJMER JN", "arrivalTime": "21:25", "departureTime": "21:35", "routeNumber": "1", "haltTime": "10:00", "distance": "438", "dayCount": "1", "stnSerialNumber": "9", "boardingDisabled": "false"}, {"stationCode": "BER", "stationName": "BEAWAR", "arrivalTime": "22:18", "departureTime": "22:20", "routeNumber": "1", "haltTime": "02:00", "distance": "490", "dayCount": "1", "stnSerialNumber": "10", "boardingDisabled": "false"}, {"stationCode": "MJ", "stationName": "MARWAR JN", "arrivalTime": "23:30", "departureTime": "23:35", "routeNumber": "1", "haltTime": "05:00", "distance": "578", "dayCount": "1", "stnSerialNumber": "11", "boardingDisabled": "false"}, {"stationCode": "FA", "stationName": "FALNA", "arrivalTime": "00:20", "departureTime": "00:22", "routeNumber": "1", "haltTime": "02:00", "distance": "644", "dayCount": "2", "stnSerialNumber": "12", "boardingDisabled": "false"}, {"stationCode": "ABR", "stationName": "ABU ROAD", "arrivalTime": "01:45", "departureTime": "01:55", "routeNumber": "1", "haltTime": "10:00", "distance": "743", "dayCount": "2", "stnSerialNumber": "13", "boardingDisabled": "false"}, {"stationCode": "PNU", "stationName": "PALANPUR JN", "arrivalTime": "02:50", "departureTime": "02:52", "routeNumber": "1", "haltTime": "02:00", "distance": "796", "dayCount": "2", "stnSerialNumber": "14", "boardingDisabled": "false"}, {"stationCode": "SID", "stationName": "SIDDHPUR", "arrivalTime": "03:30", "departureTime": "03:32", "routeNumber": "1", "haltTime": "02:00", "distance": "825", "dayCount": "2", "stnSerialNumber": "15", "boardingDisabled": "false"}, {"stationCode": "UJA", "stationName": "UNJHA", "arrivalTime": "03:45", "departureTime": "03:47", "routeNumber": "1", "haltTime": "02:00", "distance": "840", "dayCount": "2", "stnSerialNumber": "16", "boardingDisabled": "false"}, {"stationCode": "MSH", "stationName": "MAHESANA JN", "arrivalTime": "04:05", "departureTime": "04:07", "routeNumber": "1", "haltTime": "02:00", "distance": "861", "dayCount": "2", "stnSerialNumber": "17", "boardingDisabled": "false"}, {"stationCode": "VG", "stationName": "VIRAMGAM JN", "arrivalTime": "05:23", "departureTime": "05:25", "routeNumber": "1", "haltTime": "02:00", "distance": "925", "dayCount": "2", "stnSerialNumber": "18", "boardingDisabled": "false"}, {"stationCode": "SUNR", "stationName": "SURENDRANAGAR", "arrivalTime": "06:45", "departureTime": "06:47", "routeNumber": "1", "haltTime": "02:00", "distance": "990", "dayCount": "2", "stnSerialNumber": "19", "boardingDisabled": "false"}, {"stationCode": "RJT", "stationName": "RAJKOT JN", "arrivalTime": "09:00", "departureTime": "09:10", "routeNumber": "1", "haltTime": "10:00", "distance": "1106", "dayCount": "2", "stnSerialNumber": "20", "boardingDisabled": "false"}, {"stationCode": "HAPA", "stationName": "HAPA", "arrivalTime": "10:24", "departureTime": "10:34", "routeNumber": "1", "haltTime": "10:00", "distance": "1182", "dayCount": "2", "stnSerialNumber": "21", "boardingDisabled": "false"}, {"stationCode": "JAM", "stationName": "JAMNAGAR", "arrivalTime": "10:46", "departureTime": "10:51", "routeNumber": "1", "haltTime": "05:00", "distance": "1191", "dayCount": "2", "stnSerialNumber": "22", "boardingDisabled": "false"}, {"stationCode": "KMBL", "stationName": "KHAMBHALIYA", "arrivalTime": "11:39", "departureTime": "11:41", "routeNumber": "1", "haltTime": "02:00", "distance": "1245", "dayCount": "2", "stnSerialNumber": "23", "boardingDisabled": "false"}, {"stationCode": "DWK", "stationName": "DWARKA", "arrivalTime": "13:15", "departureTime": "13:20", "routeNumber": "1", "haltTime": "05:00", "distance": "1330", "dayCount": "2", "stnSerialNumber": "24", "boardingDisabled": "false"}, {"stationCode": "OKHA", "stationName": "OKHA", "arrivalTime": "13:50", "departureTime": "--", "routeNumber": "1", "haltTime": "--", "distance": "1359", "dayCount": "2", "stnSerialNumber": "25", "boardingDisabled": "false"}]}