{"trainNumber": "09526", "trainName": "NHLN OKHA SPL", "stationFrom": "NHLN", "stationTo": "OKHA", "trainOwner": "0", "trainRunsOnMon": "N", "trainRunsOnTue": "N", "trainRunsOnWed": "N", "trainRunsOnThu": "N", "trainRunsOnFri": "N", "trainRunsOnSat": "Y", "trainRunsOnSun": "N", "timeStamp": "2023-06-19T15:30:50.637", "duration": "0", "stationList": [{"stationCode": "NHLN", "stationName": "NAHARLAGUN", "arrivalTime": "--", "departureTime": "10:00", "routeNumber": "1", "haltTime": "--", "distance": "0", "dayCount": "1", "stnSerialNumber": "1", "boardingDisabled": "false"}, {"stationCode": "HMY", "stationName": "HARMUTI", "arrivalTime": "10:20", "departureTime": "10:25", "routeNumber": "1", "haltTime": "05:00", "distance": "20", "dayCount": "1", "stnSerialNumber": "2", "boardingDisabled": "false"}, {"stationCode": "RPAN", "stationName": "RANGAPARA NORTH", "arrivalTime": "12:15", "departureTime": "12:20", "routeNumber": "1", "haltTime": "05:00", "distance": "163", "dayCount": "1", "stnSerialNumber": "3", "boardingDisabled": "false"}, {"stationCode": "NMM", "stationName": "NEW MISAMARI", "arrivalTime": "12:38", "departureTime": "12:40", "routeNumber": "1", "haltTime": "02:00", "distance": "174", "dayCount": "1", "stnSerialNumber": "4", "boardingDisabled": "false"}, {"stationCode": "ULG", "stationName": "UDALGURI", "arrivalTime": "13:20", "departureTime": "13:22", "routeNumber": "1", "haltTime": "02:00", "distance": "225", "dayCount": "1", "stnSerialNumber": "5", "boardingDisabled": "false"}, {"stationCode": "RNY", "stationName": "RANGIYA JN", "arrivalTime": "14:25", "departureTime": "14:50", "routeNumber": "1", "haltTime": "25:00", "distance": "286", "dayCount": "1", "stnSerialNumber": "6", "boardingDisabled": "false"}, {"stationCode": "BPRD", "stationName": "BARPETA ROAD", "arrivalTime": "15:38", "departureTime": "15:40", "routeNumber": "1", "haltTime": "02:00", "distance": "351", "dayCount": "1", "stnSerialNumber": "7", "boardingDisabled": "false"}, {"stationCode": "NBQ", "stationName": "NEW BONGAIGAON", "arrivalTime": "16:50", "departureTime": "16:55", "routeNumber": "1", "haltTime": "05:00", "distance": "395", "dayCount": "1", "stnSerialNumber": "8", "boardingDisabled": "false"}, {"stationCode": "KOJ", "stationName": "KOKRAJHAR", "arrivalTime": "17:20", "departureTime": "17:22", "routeNumber": "1", "haltTime": "02:00", "distance": "423", "dayCount": "1", "stnSerialNumber": "9", "boardingDisabled": "false"}, {"stationCode": "NCB", "stationName": "NEW COOCH BEHAR", "arrivalTime": "18:40", "departureTime": "18:45", "routeNumber": "1", "haltTime": "05:00", "distance": "520", "dayCount": "1", "stnSerialNumber": "10", "boardingDisabled": "false"}, {"stationCode": "NJP", "stationName": "NEW JALPAIGURI", "arrivalTime": "21:00", "departureTime": "21:10", "routeNumber": "1", "haltTime": "10:00", "distance": "647", "dayCount": "1", "stnSerialNumber": "12", "boardingDisabled": "false"}, {"stationCode": "KNE", "stationName": "KISHANGANJ", "arrivalTime": "22:25", "departureTime": "22:27", "routeNumber": "1", "haltTime": "02:00", "distance": "734", "dayCount": "1", "stnSerialNumber": "13", "boardingDisabled": "false"}, {"stationCode": "BOE", "stationName": "BARSOI JN", "arrivalTime": "23:26", "departureTime": "23:28", "routeNumber": "1", "haltTime": "02:00", "distance": "791", "dayCount": "1", "stnSerialNumber": "14", "boardingDisabled": "false"}, {"stationCode": "KIR", "stationName": "KATIHAR JN", "arrivalTime": "01:25", "departureTime": "01:35", "routeNumber": "1", "haltTime": "10:00", "distance": "830", "dayCount": "2", "stnSerialNumber": "15", "boardingDisabled": "false"}, {"stationCode": "NNA", "stationName": "NAUGACHIA", "arrivalTime": "02:21", "departureTime": "02:23", "routeNumber": "1", "haltTime": "02:00", "distance": "887", "dayCount": "2", "stnSerialNumber": "16", "boardingDisabled": "false"}, {"stationCode": "KGG", "stationName": "KHAGARIA JN", "arrivalTime": "03:20", "departureTime": "03:22", "routeNumber": "1", "haltTime": "02:00", "distance": "954", "dayCount": "2", "stnSerialNumber": "17", "boardingDisabled": "false"}, {"stationCode": "BGS", "stationName": "BEGU SARAI", "arrivalTime": "04:00", "departureTime": "04:02", "routeNumber": "1", "haltTime": "02:00", "distance": "994", "dayCount": "2", "stnSerialNumber": "18", "boardingDisabled": "false"}, {"stationCode": "BJU", "stationName": "BARAUNI JN", "arrivalTime": "04:35", "departureTime": "04:45", "routeNumber": "1", "haltTime": "10:00", "distance": "1009", "dayCount": "2", "stnSerialNumber": "19", "boardingDisabled": "false"}, {"stationCode": "SPP", "stationName": "SHAHPUR PATOREE", "arrivalTime": "05:36", "departureTime": "05:38", "routeNumber": "1", "haltTime": "02:00", "distance": "1059", "dayCount": "2", "stnSerialNumber": "20", "boardingDisabled": "false"}, {"stationCode": "HJP", "stationName": "HAJIPUR JN", "arrivalTime": "07:15", "departureTime": "07:20", "routeNumber": "1", "haltTime": "05:00", "distance": "1097", "dayCount": "2", "stnSerialNumber": "21", "boardingDisabled": "false"}, {"stationCode": "CPR", "stationName": "CHHAPRA", "arrivalTime": "09:25", "departureTime": "09:35", "routeNumber": "1", "haltTime": "10:00", "distance": "1156", "dayCount": "2", "stnSerialNumber": "22", "boardingDisabled": "false"}, {"stationCode": "BUI", "stationName": "BALLIA", "arrivalTime": "10:35", "departureTime": "10:40", "routeNumber": "1", "haltTime": "05:00", "distance": "1221", "dayCount": "2", "stnSerialNumber": "23", "boardingDisabled": "false"}, {"stationCode": "GCT", "stationName": "GHAZIPUR CITY", "arrivalTime": "11:25", "departureTime": "11:30", "routeNumber": "1", "haltTime": "05:00", "distance": "1287", "dayCount": "2", "stnSerialNumber": "24", "boardingDisabled": "false"}, {"stationCode": "BSB", "stationName": "VARANASI JN", "arrivalTime": "14:10", "departureTime": "14:15", "routeNumber": "1", "haltTime": "05:00", "distance": "1362", "dayCount": "2", "stnSerialNumber": "25", "boardingDisabled": "false"}, {"stationCode": "BSBS", "stationName": "BANARAS", "arrivalTime": "14:25", "departureTime": "14:30", "routeNumber": "1", "haltTime": "05:00", "distance": "1365", "dayCount": "2", "stnSerialNumber": "26", "boardingDisabled": "false"}, {"stationCode": "GYN", "stationName": "GYANPUR ROAD", "arrivalTime": "15:15", "departureTime": "15:17", "routeNumber": "1", "haltTime": "02:00", "distance": "1421", "dayCount": "2", "stnSerialNumber": "27", "boardingDisabled": "false"}, {"stationCode": "PRYJ", "stationName": "PRAYAGRAJ JN.", "arrivalTime": "17:10", "departureTime": "17:15", "routeNumber": "1", "haltTime": "05:00", "distance": "1486", "dayCount": "2", "stnSerialNumber": "28", "boardingDisabled": "false"}, {"stationCode": "GOY", "stationName": "GOVINDPURI", "arrivalTime": "19:45", "departureTime": "19:50", "routeNumber": "1", "haltTime": "05:00", "distance": "1682", "dayCount": "2", "stnSerialNumber": "29", "boardingDisabled": "false"}, {"stationCode": "ETW", "stationName": "ETAWAH JN", "arrivalTime": "21:38", "departureTime": "21:40", "routeNumber": "1", "haltTime": "02:00", "distance": "1818", "dayCount": "2", "stnSerialNumber": "30", "boardingDisabled": "false"}, {"stationCode": "GWL", "stationName": "GWALIOR", "arrivalTime": "00:25", "departureTime": "00:30", "routeNumber": "1", "haltTime": "05:00", "distance": "1936", "dayCount": "3", "stnSerialNumber": "31", "boardingDisabled": "false"}, {"stationCode": "SVPI", "stationName": "SHIVPURI", "arrivalTime": "02:15", "departureTime": "02:17", "routeNumber": "1", "haltTime": "02:00", "distance": "2062", "dayCount": "3", "stnSerialNumber": "32", "boardingDisabled": "false"}, {"stationCode": "GUNA", "stationName": "GUNA", "arrivalTime": "04:40", "departureTime": "04:50", "routeNumber": "1", "haltTime": "10:00", "distance": "2164", "dayCount": "3", "stnSerialNumber": "33", "boardingDisabled": "false"}, {"stationCode": "RTA", "stationName": "RUTHIYAI", "arrivalTime": "05:15", "departureTime": "05:17", "routeNumber": "1", "haltTime": "02:00", "distance": "2184", "dayCount": "3", "stnSerialNumber": "34", "boardingDisabled": "false"}, {"stationCode": "BRRG", "stationName": "BIYAVRA RAJGARH", "arrivalTime": "06:08", "departureTime": "06:10", "routeNumber": "1", "haltTime": "02:00", "distance": "2261", "dayCount": "3", "stnSerialNumber": "35", "boardingDisabled": "false"}, {"stationCode": "SFY", "stationName": "SHAJAPUR", "arrivalTime": "07:18", "departureTime": "07:20", "routeNumber": "1", "haltTime": "02:00", "distance": "2349", "dayCount": "3", "stnSerialNumber": "36", "boardingDisabled": "false"}, {"stationCode": "MKC", "stationName": "MAKSI", "arrivalTime": "08:00", "departureTime": "08:02", "routeNumber": "1", "haltTime": "02:00", "distance": "2377", "dayCount": "3", "stnSerialNumber": "37", "boardingDisabled": "false"}, {"stationCode": "UJN", "stationName": "UJJAIN JN", "arrivalTime": "08:45", "departureTime": "08:50", "routeNumber": "1", "haltTime": "05:00", "distance": "2418", "dayCount": "3", "stnSerialNumber": "38", "boardingDisabled": "false"}, {"stationCode": "NAD", "stationName": "NAGDA JN", "arrivalTime": "09:38", "departureTime": "09:40", "routeNumber": "1", "haltTime": "02:00", "distance": "2473", "dayCount": "3", "stnSerialNumber": "39", "boardingDisabled": "false"}, {"stationCode": "RTM", "stationName": "RATLAM JN", "arrivalTime": "10:20", "departureTime": "10:30", "routeNumber": "1", "haltTime": "10:00", "distance": "2515", "dayCount": "3", "stnSerialNumber": "40", "boardingDisabled": "false"}, {"stationCode": "GDA", "stationName": "GODHRA JN", "arrivalTime": "13:25", "departureTime": "13:27", "routeNumber": "1", "haltTime": "02:00", "distance": "2703", "dayCount": "3", "stnSerialNumber": "41", "boardingDisabled": "false"}, {"stationCode": "CYI", "stationName": "CHHAYAPURI", "arrivalTime": "14:15", "departureTime": "14:20", "routeNumber": "1", "haltTime": "05:00", "distance": "2769", "dayCount": "3", "stnSerialNumber": "42", "boardingDisabled": "false"}, {"stationCode": "ANND", "stationName": "ANAND JN", "arrivalTime": "16:03", "departureTime": "16:05", "routeNumber": "1", "haltTime": "02:00", "distance": "2801", "dayCount": "3", "stnSerialNumber": "43", "boardingDisabled": "false"}, {"stationCode": "ND", "stationName": "NADIAD JN", "arrivalTime": "16:19", "departureTime": "16:21", "routeNumber": "1", "haltTime": "02:00", "distance": "2819", "dayCount": "3", "stnSerialNumber": "44", "boardingDisabled": "false"}, {"stationCode": "ADI", "stationName": "AHMEDABAD JN", "arrivalTime": "17:45", "departureTime": "18:00", "routeNumber": "1", "haltTime": "15:00", "distance": "2865", "dayCount": "3", "stnSerialNumber": "46", "boardingDisabled": "false"}, {"stationCode": "SUNR", "stationName": "SURENDRANAGAR", "arrivalTime": "20:09", "departureTime": "20:11", "routeNumber": "1", "haltTime": "02:00", "distance": "2995", "dayCount": "3", "stnSerialNumber": "47", "boardingDisabled": "false"}, {"stationCode": "WKR", "stationName": "WANKANER JN", "arrivalTime": "21:15", "departureTime": "21:17", "routeNumber": "1", "haltTime": "02:00", "distance": "3070", "dayCount": "3", "stnSerialNumber": "48", "boardingDisabled": "false"}, {"stationCode": "RJT", "stationName": "RAJKOT JN", "arrivalTime": "22:22", "departureTime": "22:27", "routeNumber": "1", "haltTime": "05:00", "distance": "3111", "dayCount": "3", "stnSerialNumber": "49", "boardingDisabled": "false"}, {"stationCode": "HAPA", "stationName": "HAPA", "arrivalTime": "00:04", "departureTime": "00:06", "routeNumber": "1", "haltTime": "02:00", "distance": "3188", "dayCount": "4", "stnSerialNumber": "50", "boardingDisabled": "false"}, {"stationCode": "JAM", "stationName": "JAMNAGAR", "arrivalTime": "00:26", "departureTime": "00:31", "routeNumber": "1", "haltTime": "05:00", "distance": "3196", "dayCount": "4", "stnSerialNumber": "51", "boardingDisabled": "false"}, {"stationCode": "KMBL", "stationName": "KHAMBHALIYA", "arrivalTime": "01:19", "departureTime": "01:21", "routeNumber": "1", "haltTime": "02:00", "distance": "3250", "dayCount": "4", "stnSerialNumber": "52", "boardingDisabled": "false"}, {"stationCode": "DWK", "stationName": "DWARKA", "arrivalTime": "02:29", "departureTime": "02:34", "routeNumber": "1", "haltTime": "05:00", "distance": "3335", "dayCount": "4", "stnSerialNumber": "53", "boardingDisabled": "false"}, {"stationCode": "OKHA", "stationName": "OKHA", "arrivalTime": "03:35", "departureTime": "--", "routeNumber": "1", "haltTime": "--", "distance": "3364", "dayCount": "4", "stnSerialNumber": "54", "boardingDisabled": "false"}]}