{"trainNumber": "09575", "trainName": "RJT MBNR SPL", "stationFrom": "RJT", "stationTo": "MBNR", "trainOwner": "0", "trainRunsOnMon": "Y", "trainRunsOnTue": "N", "trainRunsOnWed": "N", "trainRunsOnThu": "N", "trainRunsOnFri": "N", "trainRunsOnSat": "N", "trainRunsOnSun": "N", "timeStamp": "2023-06-19T15:31:42.634", "duration": "0", "stationList": [{"stationCode": "RJT", "stationName": "RAJKOT JN", "arrivalTime": "--", "departureTime": "13:45", "routeNumber": "1", "haltTime": "--", "distance": "0", "dayCount": "1", "stnSerialNumber": "1", "boardingDisabled": "false"}, {"stationCode": "WKR", "stationName": "WANKANER JN", "arrivalTime": "14:16", "departureTime": "14:18", "routeNumber": "1", "haltTime": "02:00", "distance": "42", "dayCount": "1", "stnSerialNumber": "2", "boardingDisabled": "false"}, {"stationCode": "SUNR", "stationName": "SURENDRANAGAR", "arrivalTime": "15:26", "departureTime": "15:28", "routeNumber": "1", "haltTime": "02:00", "distance": "117", "dayCount": "1", "stnSerialNumber": "3", "boardingDisabled": "false"}, {"stationCode": "ADI", "stationName": "AHMEDABAD JN", "arrivalTime": "18:10", "departureTime": "18:30", "routeNumber": "1", "haltTime": "20:00", "distance": "247", "dayCount": "1", "stnSerialNumber": "4", "boardingDisabled": "false"}, {"stationCode": "ND", "stationName": "NADIAD JN", "arrivalTime": "19:23", "departureTime": "19:25", "routeNumber": "1", "haltTime": "02:00", "distance": "293", "dayCount": "1", "stnSerialNumber": "6", "boardingDisabled": "false"}, {"stationCode": "ANND", "stationName": "ANAND JN", "arrivalTime": "19:40", "departureTime": "19:42", "routeNumber": "1", "haltTime": "02:00", "distance": "311", "dayCount": "1", "stnSerialNumber": "7", "boardingDisabled": "false"}, {"stationCode": "BRC", "stationName": "VADODARA JN", "arrivalTime": "20:30", "departureTime": "20:35", "routeNumber": "1", "haltTime": "05:00", "distance": "347", "dayCount": "1", "stnSerialNumber": "8", "boardingDisabled": "false"}, {"stationCode": "ST", "stationName": "SURAT", "arrivalTime": "22:37", "departureTime": "22:42", "routeNumber": "1", "haltTime": "05:00", "distance": "476", "dayCount": "1", "stnSerialNumber": "9", "boardingDisabled": "false"}, {"stationCode": "NDB", "stationName": "NANDURBAR", "arrivalTime": "01:05", "departureTime": "01:10", "routeNumber": "1", "haltTime": "05:00", "distance": "636", "dayCount": "2", "stnSerialNumber": "10", "boardingDisabled": "false"}, {"stationCode": "JL", "stationName": "JALGAON JN", "arrivalTime": "04:40", "departureTime": "04:45", "routeNumber": "1", "haltTime": "05:00", "distance": "787", "dayCount": "2", "stnSerialNumber": "12", "boardingDisabled": "false"}, {"stationCode": "BSL", "stationName": "BHUSAVAL JN", "arrivalTime": "06:10", "departureTime": "06:15", "routeNumber": "1", "haltTime": "05:00", "distance": "811", "dayCount": "2", "stnSerialNumber": "13", "boardingDisabled": "false"}, {"stationCode": "AK", "stationName": "AKOLA JN", "arrivalTime": "07:50", "departureTime": "08:10", "routeNumber": "1", "haltTime": "20:00", "distance": "951", "dayCount": "2", "stnSerialNumber": "14", "boardingDisabled": "false"}, {"stationCode": "WHM", "stationName": "WASHIM", "arrivalTime": "09:09", "departureTime": "09:10", "routeNumber": "1", "haltTime": "01:00", "distance": "1030", "dayCount": "2", "stnSerialNumber": "15", "boardingDisabled": "false"}, {"stationCode": "HNL", "stationName": "HINGOLI DECCAN", "arrivalTime": "09:59", "departureTime": "10:00", "routeNumber": "1", "haltTime": "01:00", "distance": "1077", "dayCount": "2", "stnSerialNumber": "16", "boardingDisabled": "false"}, {"stationCode": "BMF", "stationName": "BASMAT", "arrivalTime": "10:49", "departureTime": "10:50", "routeNumber": "1", "haltTime": "01:00", "distance": "1135", "dayCount": "2", "stnSerialNumber": "17", "boardingDisabled": "false"}, {"stationCode": "PAU", "stationName": "PURNA JN", "arrivalTime": "11:30", "departureTime": "12:00", "routeNumber": "1", "haltTime": "30:00", "distance": "1158", "dayCount": "2", "stnSerialNumber": "18", "boardingDisabled": "false"}, {"stationCode": "NED", "stationName": "H SAHIB NANDED", "arrivalTime": "12:30", "departureTime": "12:35", "routeNumber": "1", "haltTime": "05:00", "distance": "1188", "dayCount": "2", "stnSerialNumber": "19", "boardingDisabled": "false"}, {"stationCode": "DAB", "stationName": "DHARMABAD", "arrivalTime": "13:52", "departureTime": "13:53", "routeNumber": "1", "haltTime": "01:00", "distance": "1260", "dayCount": "2", "stnSerialNumber": "20", "boardingDisabled": "false"}, {"stationCode": "BSX", "stationName": "BASAR", "arrivalTime": "14:09", "departureTime": "14:10", "routeNumber": "1", "haltTime": "01:00", "distance": "1269", "dayCount": "2", "stnSerialNumber": "21", "boardingDisabled": "false"}, {"stationCode": "NZB", "stationName": "NIZAMABAD JN", "arrivalTime": "14:40", "departureTime": "14:42", "routeNumber": "1", "haltTime": "02:00", "distance": "1299", "dayCount": "2", "stnSerialNumber": "22", "boardingDisabled": "false"}, {"stationCode": "KMC", "stationName": "KAMAREDDI", "arrivalTime": "15:30", "departureTime": "15:32", "routeNumber": "1", "haltTime": "02:00", "distance": "1351", "dayCount": "2", "stnSerialNumber": "23", "boardingDisabled": "false"}, {"stationCode": "MED", "stationName": "MEDCHAL", "arrivalTime": "16:29", "departureTime": "16:30", "routeNumber": "1", "haltTime": "01:00", "distance": "1432", "dayCount": "2", "stnSerialNumber": "24", "boardingDisabled": "false"}, {"stationCode": "KCG", "stationName": "KACHEGUDA", "arrivalTime": "17:25", "departureTime": "17:35", "routeNumber": "1", "haltTime": "10:00", "distance": "1464", "dayCount": "2", "stnSerialNumber": "25", "boardingDisabled": "false"}, {"stationCode": "SHNR", "stationName": "SHADNAGAR", "arrivalTime": "18:30", "departureTime": "18:31", "routeNumber": "1", "haltTime": "01:00", "distance": "1516", "dayCount": "2", "stnSerialNumber": "26", "boardingDisabled": "false"}, {"stationCode": "JCL", "stationName": "JADCHERLA", "arrivalTime": "19:05", "departureTime": "19:07", "routeNumber": "1", "haltTime": "02:00", "distance": "1552", "dayCount": "2", "stnSerialNumber": "27", "boardingDisabled": "false"}, {"stationCode": "MBNR", "stationName": "MAHBUBNAGAR", "arrivalTime": "19:35", "departureTime": "--", "routeNumber": "1", "haltTime": "--", "distance": "1570", "dayCount": "2", "stnSerialNumber": "28", "boardingDisabled": "false"}]}