{"trainNumber": "09589", "trainName": "BZU CWA SPECIAL", "stationFrom": "BZU", "stationTo": "CWA", "trainOwner": "0", "trainRunsOnMon": "Y", "trainRunsOnTue": "Y", "trainRunsOnWed": "Y", "trainRunsOnThu": "Y", "trainRunsOnFri": "Y", "trainRunsOnSat": "Y", "trainRunsOnSun": "Y", "timeStamp": "2023-06-19T15:31:42.788", "duration": "0", "stationList": [{"stationCode": "BZU", "stationName": "BETUL", "arrivalTime": "--", "departureTime": "16:00", "routeNumber": "1", "haltTime": "--", "distance": "0", "dayCount": "1", "stnSerialNumber": "1", "boardingDisabled": "false"}, {"stationCode": "MALK", "stationName": "MALKAPUR ROAD", "arrivalTime": "16:07", "departureTime": "16:08", "routeNumber": "1", "haltTime": "01:00", "distance": "7", "dayCount": "1", "stnSerialNumber": "2", "boardingDisabled": "false"}, {"stationCode": "BYS", "stationName": "BARSALI", "arrivalTime": "16:15", "departureTime": "16:16", "routeNumber": "1", "haltTime": "01:00", "distance": "13", "dayCount": "1", "stnSerialNumber": "3", "boardingDisabled": "false"}, {"stationCode": "AMLA", "stationName": "AMLA JN", "arrivalTime": "16:30", "departureTime": "17:00", "routeNumber": "1", "haltTime": "30:00", "distance": "23", "dayCount": "1", "stnSerialNumber": "4", "boardingDisabled": "false"}, {"stationCode": "JMV", "stationName": "JAMBARA", "arrivalTime": "17:19", "departureTime": "17:20", "routeNumber": "1", "haltTime": "01:00", "distance": "37", "dayCount": "1", "stnSerialNumber": "5", "boardingDisabled": "false"}, {"stationCode": "BXY", "stationName": "BORDHAI", "arrivalTime": "17:36", "departureTime": "17:38", "routeNumber": "1", "haltTime": "02:00", "distance": "50", "dayCount": "1", "stnSerialNumber": "6", "boardingDisabled": "false"}, {"stationCode": "NVG", "stationName": "NAWAGAON", "arrivalTime": "17:57", "departureTime": "17:58", "routeNumber": "1", "haltTime": "01:00", "distance": "66", "dayCount": "1", "stnSerialNumber": "7", "boardingDisabled": "false"}, {"stationCode": "HRG", "stationName": "HIRDAGARH", "arrivalTime": "18:17", "departureTime": "18:18", "routeNumber": "1", "haltTime": "01:00", "distance": "81", "dayCount": "1", "stnSerialNumber": "8", "boardingDisabled": "false"}, {"stationCode": "JNO", "stationName": "JUNNOR DEO", "arrivalTime": "18:30", "departureTime": "18:32", "routeNumber": "1", "haltTime": "02:00", "distance": "91", "dayCount": "1", "stnSerialNumber": "9", "boardingDisabled": "false"}, {"stationCode": "PCLI", "stationName": "PALACHAURI", "arrivalTime": "18:42", "departureTime": "18:43", "routeNumber": "1", "haltTime": "01:00", "distance": "99", "dayCount": "1", "stnSerialNumber": "10", "boardingDisabled": "false"}, {"stationCode": "IKR", "stationName": "IKLEHRA", "arrivalTime": "18:50", "departureTime": "18:51", "routeNumber": "1", "haltTime": "01:00", "distance": "104", "dayCount": "1", "stnSerialNumber": "11", "boardingDisabled": "false"}, {"stationCode": "PUX", "stationName": "PARASIA", "arrivalTime": "19:03", "departureTime": "19:05", "routeNumber": "1", "haltTime": "02:00", "distance": "110", "dayCount": "1", "stnSerialNumber": "12", "boardingDisabled": "false"}, {"stationCode": "CWA", "stationName": "CHHINDWARA JN", "arrivalTime": "20:30", "departureTime": "--", "routeNumber": "1", "haltTime": "--", "distance": "138", "dayCount": "1", "stnSerialNumber": "13", "boardingDisabled": "false"}]}