{"trainNumber": "09590", "trainName": "SEY BZU SPL", "stationFrom": "SEY", "stationTo": "BZU", "trainOwner": "0", "trainRunsOnMon": "Y", "trainRunsOnTue": "Y", "trainRunsOnWed": "Y", "trainRunsOnThu": "Y", "trainRunsOnFri": "Y", "trainRunsOnSat": "Y", "trainRunsOnSun": "Y", "timeStamp": "2023-06-19T15:30:54.884", "duration": "0", "stationList": [{"stationCode": "SEY", "stationName": "SEONI", "arrivalTime": "--", "departureTime": "05:30", "routeNumber": "1", "haltTime": "--", "distance": "0", "dayCount": "1", "stnSerialNumber": "1", "boardingDisabled": "false"}, {"stationCode": "CHUA", "stationName": "CHOURAI", "arrivalTime": "05:54", "departureTime": "05:56", "routeNumber": "1", "haltTime": "02:00", "distance": "32", "dayCount": "1", "stnSerialNumber": "2", "boardingDisabled": "false"}, {"stationCode": "CWA", "stationName": "CHHINDWARA JN", "arrivalTime": "06:55", "departureTime": "08:00", "routeNumber": "1", "haltTime": "65:00", "distance": "66", "dayCount": "1", "stnSerialNumber": "3", "boardingDisabled": "false"}, {"stationCode": "PUX", "stationName": "PARASIA", "arrivalTime": "08:47", "departureTime": "08:49", "routeNumber": "1", "haltTime": "02:00", "distance": "94", "dayCount": "1", "stnSerialNumber": "6", "boardingDisabled": "false"}, {"stationCode": "IKR", "stationName": "IKLEHRA", "arrivalTime": "09:00", "departureTime": "09:02", "routeNumber": "1", "haltTime": "02:00", "distance": "100", "dayCount": "1", "stnSerialNumber": "7", "boardingDisabled": "false"}, {"stationCode": "PCLI", "stationName": "PALACHAURI", "arrivalTime": "09:11", "departureTime": "09:12", "routeNumber": "1", "haltTime": "01:00", "distance": "105", "dayCount": "1", "stnSerialNumber": "8", "boardingDisabled": "false"}, {"stationCode": "JNO", "stationName": "JUNNOR DEO", "arrivalTime": "09:23", "departureTime": "09:25", "routeNumber": "1", "haltTime": "02:00", "distance": "113", "dayCount": "1", "stnSerialNumber": "9", "boardingDisabled": "false"}, {"stationCode": "HRG", "stationName": "HIRDAGARH", "arrivalTime": "09:38", "departureTime": "09:40", "routeNumber": "1", "haltTime": "02:00", "distance": "123", "dayCount": "1", "stnSerialNumber": "10", "boardingDisabled": "false"}, {"stationCode": "NVG", "stationName": "NAWAGAON", "arrivalTime": "09:59", "departureTime": "10:01", "routeNumber": "1", "haltTime": "02:00", "distance": "138", "dayCount": "1", "stnSerialNumber": "11", "boardingDisabled": "false"}, {"stationCode": "BXY", "stationName": "BORDHAI", "arrivalTime": "10:19", "departureTime": "10:21", "routeNumber": "1", "haltTime": "02:00", "distance": "154", "dayCount": "1", "stnSerialNumber": "12", "boardingDisabled": "false"}, {"stationCode": "JMV", "stationName": "JAMBARA", "arrivalTime": "10:37", "departureTime": "10:38", "routeNumber": "1", "haltTime": "01:00", "distance": "167", "dayCount": "1", "stnSerialNumber": "13", "boardingDisabled": "false"}, {"stationCode": "AMLA", "stationName": "AMLA JN", "arrivalTime": "11:30", "departureTime": "11:50", "routeNumber": "1", "haltTime": "20:00", "distance": "181", "dayCount": "1", "stnSerialNumber": "14", "boardingDisabled": "false"}, {"stationCode": "BYS", "stationName": "BARSALI", "arrivalTime": "12:00", "departureTime": "12:01", "routeNumber": "1", "haltTime": "01:00", "distance": "190", "dayCount": "1", "stnSerialNumber": "15", "boardingDisabled": "false"}, {"stationCode": "MALK", "stationName": "MALKAPUR ROAD", "arrivalTime": "12:09", "departureTime": "12:10", "routeNumber": "1", "haltTime": "01:00", "distance": "197", "dayCount": "1", "stnSerialNumber": "16", "boardingDisabled": "false"}, {"stationCode": "BZU", "stationName": "BETUL", "arrivalTime": "13:05", "departureTime": "--", "routeNumber": "1", "haltTime": "--", "distance": "203", "dayCount": "1", "stnSerialNumber": "17", "boardingDisabled": "false"}]}