{"trainNumber": "09627", "trainName": "AII SUR SF SPL", "stationFrom": "AII", "stationTo": "SUR", "trainOwner": "0", "trainRunsOnMon": "N", "trainRunsOnTue": "N", "trainRunsOnWed": "Y", "trainRunsOnThu": "N", "trainRunsOnFri": "N", "trainRunsOnSat": "N", "trainRunsOnSun": "N", "timeStamp": "2023-06-19T15:31:00.156", "duration": "0", "stationList": [{"stationCode": "AII", "stationName": "AJMER JN", "arrivalTime": "--", "departureTime": "09:00", "routeNumber": "1", "haltTime": "--", "distance": "0", "dayCount": "1", "stnSerialNumber": "1", "boardingDisabled": "false"}, {"stationCode": "KSG", "stationName": "KISHANGARH", "arrivalTime": "09:26", "departureTime": "09:28", "routeNumber": "1", "haltTime": "02:00", "distance": "26", "dayCount": "1", "stnSerialNumber": "3", "boardingDisabled": "false"}, {"stationCode": "JP", "stationName": "JAIPUR", "arrivalTime": "11:00", "departureTime": "11:10", "routeNumber": "1", "haltTime": "10:00", "distance": "135", "dayCount": "1", "stnSerialNumber": "4", "boardingDisabled": "false"}, {"stationCode": "DPA", "stationName": "DURGAPURA", "arrivalTime": "11:20", "departureTime": "11:23", "routeNumber": "1", "haltTime": "03:00", "distance": "142", "dayCount": "1", "stnSerialNumber": "5", "boardingDisabled": "false"}, {"stationCode": "SWM", "stationName": "SAWAI MADHOPUR", "arrivalTime": "13:25", "departureTime": "13:45", "routeNumber": "1", "haltTime": "20:00", "distance": "266", "dayCount": "1", "stnSerialNumber": "6", "boardingDisabled": "false"}, {"stationCode": "KOTA", "stationName": "KOTA JN", "arrivalTime": "15:00", "departureTime": "15:05", "routeNumber": "1", "haltTime": "05:00", "distance": "374", "dayCount": "1", "stnSerialNumber": "7", "boardingDisabled": "false"}, {"stationCode": "NAD", "stationName": "NAGDA JN", "arrivalTime": "18:15", "departureTime": "18:17", "routeNumber": "1", "haltTime": "02:00", "distance": "599", "dayCount": "1", "stnSerialNumber": "8", "boardingDisabled": "false"}, {"stationCode": "RTM", "stationName": "RATLAM JN", "arrivalTime": "19:20", "departureTime": "19:25", "routeNumber": "1", "haltTime": "05:00", "distance": "640", "dayCount": "1", "stnSerialNumber": "9", "boardingDisabled": "false"}, {"stationCode": "BRC", "stationName": "VADODARA JN", "arrivalTime": "23:50", "departureTime": "23:58", "routeNumber": "1", "haltTime": "08:00", "distance": "902", "dayCount": "1", "stnSerialNumber": "11", "boardingDisabled": "false"}, {"stationCode": "ST", "stationName": "SURAT", "arrivalTime": "01:32", "departureTime": "01:35", "routeNumber": "1", "haltTime": "03:00", "distance": "1031", "dayCount": "2", "stnSerialNumber": "12", "boardingDisabled": "false"}, {"stationCode": "BSR", "stationName": "VASAI ROAD", "arrivalTime": "04:15", "departureTime": "04:20", "routeNumber": "1", "haltTime": "05:00", "distance": "1246", "dayCount": "2", "stnSerialNumber": "13", "boardingDisabled": "false"}, {"stationCode": "KYN", "stationName": "KALYAN JN", "arrivalTime": "05:12", "departureTime": "05:15", "routeNumber": "1", "haltTime": "03:00", "distance": "1298", "dayCount": "2", "stnSerialNumber": "15", "boardingDisabled": "false"}, {"stationCode": "LNL", "stationName": "LONAVALA", "arrivalTime": "06:37", "departureTime": "06:40", "routeNumber": "1", "haltTime": "03:00", "distance": "1373", "dayCount": "2", "stnSerialNumber": "16", "boardingDisabled": "false"}, {"stationCode": "PUNE", "stationName": "PUNE JN", "arrivalTime": "07:55", "departureTime": "08:00", "routeNumber": "1", "haltTime": "05:00", "distance": "1437", "dayCount": "2", "stnSerialNumber": "17", "boardingDisabled": "false"}, {"stationCode": "DD", "stationName": "DAUND JN", "arrivalTime": "09:05", "departureTime": "09:07", "routeNumber": "1", "haltTime": "02:00", "distance": "1512", "dayCount": "2", "stnSerialNumber": "18", "boardingDisabled": "false"}, {"stationCode": "KWV", "stationName": "KURDUVADI", "arrivalTime": "10:03", "departureTime": "10:05", "routeNumber": "1", "haltTime": "02:00", "distance": "1621", "dayCount": "2", "stnSerialNumber": "19", "boardingDisabled": "false"}, {"stationCode": "SUR", "stationName": "SOLAPUR JN", "arrivalTime": "11:30", "departureTime": "--", "routeNumber": "1", "haltTime": "--", "distance": "1700", "dayCount": "2", "stnSerialNumber": "20", "boardingDisabled": "false"}]}