{"trainNumber": "09621", "trainName": "AII BDTS SF SPL", "stationFrom": "AII", "stationTo": "BDTS", "trainOwner": "0", "trainRunsOnMon": "N", "trainRunsOnTue": "N", "trainRunsOnWed": "N", "trainRunsOnThu": "N", "trainRunsOnFri": "N", "trainRunsOnSat": "N", "trainRunsOnSun": "Y", "timeStamp": "2023-06-19T15:31:00.184", "duration": "0", "stationList": [{"stationCode": "AII", "stationName": "AJMER JN", "arrivalTime": "--", "departureTime": "06:35", "routeNumber": "1", "haltTime": "--", "distance": "0", "dayCount": "1", "stnSerialNumber": "1", "boardingDisabled": "false"}, {"stationCode": "KSG", "stationName": "KISHANGARH", "arrivalTime": "07:02", "departureTime": "07:04", "routeNumber": "1", "haltTime": "02:00", "distance": "26", "dayCount": "1", "stnSerialNumber": "3", "boardingDisabled": "false"}, {"stationCode": "JP", "stationName": "JAIPUR", "arrivalTime": "09:00", "departureTime": "09:10", "routeNumber": "1", "haltTime": "10:00", "distance": "135", "dayCount": "1", "stnSerialNumber": "4", "boardingDisabled": "false"}, {"stationCode": "SWM", "stationName": "SAWAI MADHOPUR", "arrivalTime": "11:20", "departureTime": "11:40", "routeNumber": "1", "haltTime": "20:00", "distance": "266", "dayCount": "1", "stnSerialNumber": "5", "boardingDisabled": "false"}, {"stationCode": "KOTA", "stationName": "KOTA JN", "arrivalTime": "13:00", "departureTime": "13:05", "routeNumber": "1", "haltTime": "05:00", "distance": "374", "dayCount": "1", "stnSerialNumber": "6", "boardingDisabled": "false"}, {"stationCode": "RMA", "stationName": "RAMGANJ MANDI", "arrivalTime": "14:00", "departureTime": "14:02", "routeNumber": "1", "haltTime": "02:00", "distance": "446", "dayCount": "1", "stnSerialNumber": "7", "boardingDisabled": "false"}, {"stationCode": "BWM", "stationName": "BHAWANI MANDI", "arrivalTime": "14:23", "departureTime": "14:25", "routeNumber": "1", "haltTime": "02:00", "distance": "475", "dayCount": "1", "stnSerialNumber": "8", "boardingDisabled": "false"}, {"stationCode": "RTM", "stationName": "RATLAM JN", "arrivalTime": "17:40", "departureTime": "17:50", "routeNumber": "1", "haltTime": "10:00", "distance": "640", "dayCount": "1", "stnSerialNumber": "10", "boardingDisabled": "false"}, {"stationCode": "BRC", "stationName": "VADODARA JN", "arrivalTime": "21:45", "departureTime": "21:50", "routeNumber": "1", "haltTime": "05:00", "distance": "902", "dayCount": "1", "stnSerialNumber": "12", "boardingDisabled": "false"}, {"stationCode": "ST", "stationName": "SURAT", "arrivalTime": "23:49", "departureTime": "23:54", "routeNumber": "1", "haltTime": "05:00", "distance": "1031", "dayCount": "1", "stnSerialNumber": "13", "boardingDisabled": "false"}, {"stationCode": "VAPI", "stationName": "VAPI", "arrivalTime": "01:15", "departureTime": "01:18", "routeNumber": "1", "haltTime": "03:00", "distance": "1124", "dayCount": "2", "stnSerialNumber": "14", "boardingDisabled": "false"}, {"stationCode": "BVI", "stationName": "BORIVALI", "arrivalTime": "03:26", "departureTime": "03:28", "routeNumber": "1", "haltTime": "02:00", "distance": "1264", "dayCount": "2", "stnSerialNumber": "15", "boardingDisabled": "false"}, {"stationCode": "BDTS", "stationName": "BANDRA TERMINUS", "arrivalTime": "04:15", "departureTime": "--", "routeNumber": "1", "haltTime": "--", "distance": "1282", "dayCount": "2", "stnSerialNumber": "16", "boardingDisabled": "false"}]}