{"trainNumber": "09622", "trainName": "BDTS AII SF SPL", "stationFrom": "BDTS", "stationTo": "AII", "trainOwner": "0", "trainRunsOnMon": "Y", "trainRunsOnTue": "N", "trainRunsOnWed": "N", "trainRunsOnThu": "N", "trainRunsOnFri": "N", "trainRunsOnSat": "N", "trainRunsOnSun": "N", "timeStamp": "2023-06-19T15:31:00.171", "duration": "0", "stationList": [{"stationCode": "BDTS", "stationName": "BANDRA TERMINUS", "arrivalTime": "--", "departureTime": "11:15", "routeNumber": "1", "haltTime": "--", "distance": "0", "dayCount": "1", "stnSerialNumber": "1", "boardingDisabled": "false"}, {"stationCode": "BVI", "stationName": "BORIVALI", "arrivalTime": "11:45", "departureTime": "11:48", "routeNumber": "1", "haltTime": "03:00", "distance": "19", "dayCount": "1", "stnSerialNumber": "2", "boardingDisabled": "false"}, {"stationCode": "VAPI", "stationName": "VAPI", "arrivalTime": "13:22", "departureTime": "13:24", "routeNumber": "1", "haltTime": "02:00", "distance": "159", "dayCount": "1", "stnSerialNumber": "3", "boardingDisabled": "false"}, {"stationCode": "ST", "stationName": "SURAT", "arrivalTime": "14:40", "departureTime": "14:45", "routeNumber": "1", "haltTime": "05:00", "distance": "252", "dayCount": "1", "stnSerialNumber": "4", "boardingDisabled": "false"}, {"stationCode": "BRC", "stationName": "VADODARA JN", "arrivalTime": "16:30", "departureTime": "16:40", "routeNumber": "1", "haltTime": "10:00", "distance": "381", "dayCount": "1", "stnSerialNumber": "5", "boardingDisabled": "false"}, {"stationCode": "RTM", "stationName": "RATLAM JN", "arrivalTime": "21:30", "departureTime": "21:40", "routeNumber": "1", "haltTime": "10:00", "distance": "642", "dayCount": "1", "stnSerialNumber": "7", "boardingDisabled": "false"}, {"stationCode": "BWM", "stationName": "BHAWANI MANDI", "arrivalTime": "23:56", "departureTime": "23:58", "routeNumber": "1", "haltTime": "02:00", "distance": "808", "dayCount": "1", "stnSerialNumber": "9", "boardingDisabled": "false"}, {"stationCode": "RMA", "stationName": "RAMGANJ MANDI", "arrivalTime": "00:22", "departureTime": "00:24", "routeNumber": "1", "haltTime": "02:00", "distance": "836", "dayCount": "2", "stnSerialNumber": "10", "boardingDisabled": "false"}, {"stationCode": "KOTA", "stationName": "KOTA JN", "arrivalTime": "01:30", "departureTime": "01:35", "routeNumber": "1", "haltTime": "05:00", "distance": "909", "dayCount": "2", "stnSerialNumber": "11", "boardingDisabled": "false"}, {"stationCode": "SWM", "stationName": "SAWAI MADHOPUR", "arrivalTime": "03:35", "departureTime": "03:55", "routeNumber": "1", "haltTime": "20:00", "distance": "1017", "dayCount": "2", "stnSerialNumber": "12", "boardingDisabled": "false"}, {"stationCode": "JP", "stationName": "JAIPUR", "arrivalTime": "05:40", "departureTime": "05:50", "routeNumber": "1", "haltTime": "10:00", "distance": "1148", "dayCount": "2", "stnSerialNumber": "13", "boardingDisabled": "false"}, {"stationCode": "KSG", "stationName": "KISHANGARH", "arrivalTime": "08:19", "departureTime": "08:21", "routeNumber": "1", "haltTime": "02:00", "distance": "1257", "dayCount": "2", "stnSerialNumber": "14", "boardingDisabled": "false"}, {"stationCode": "AII", "stationName": "AJMER JN", "arrivalTime": "09:10", "departureTime": "--", "routeNumber": "1", "haltTime": "--", "distance": "1282", "dayCount": "2", "stnSerialNumber": "16", "boardingDisabled": "false"}]}