{"trainNumber": "09628", "trainName": "SUR AII SF SPL", "stationFrom": "SUR", "stationTo": "AII", "trainOwner": "0", "trainRunsOnMon": "N", "trainRunsOnTue": "N", "trainRunsOnWed": "N", "trainRunsOnThu": "Y", "trainRunsOnFri": "N", "trainRunsOnSat": "N", "trainRunsOnSun": "N", "timeStamp": "2023-06-19T15:31:00.116", "duration": "0", "stationList": [{"stationCode": "SUR", "stationName": "SOLAPUR JN", "arrivalTime": "--", "departureTime": "12:50", "routeNumber": "1", "haltTime": "--", "distance": "0", "dayCount": "1", "stnSerialNumber": "1", "boardingDisabled": "false"}, {"stationCode": "KWV", "stationName": "KURDUVADI", "arrivalTime": "13:43", "departureTime": "13:45", "routeNumber": "1", "haltTime": "02:00", "distance": "79", "dayCount": "1", "stnSerialNumber": "2", "boardingDisabled": "false"}, {"stationCode": "DD", "stationName": "DAUND JN", "arrivalTime": "15:23", "departureTime": "15:25", "routeNumber": "1", "haltTime": "02:00", "distance": "188", "dayCount": "1", "stnSerialNumber": "3", "boardingDisabled": "false"}, {"stationCode": "PUNE", "stationName": "PUNE JN", "arrivalTime": "16:35", "departureTime": "16:40", "routeNumber": "1", "haltTime": "05:00", "distance": "264", "dayCount": "1", "stnSerialNumber": "4", "boardingDisabled": "false"}, {"stationCode": "LNL", "stationName": "LONAVALA", "arrivalTime": "17:48", "departureTime": "17:50", "routeNumber": "1", "haltTime": "02:00", "distance": "328", "dayCount": "1", "stnSerialNumber": "5", "boardingDisabled": "false"}, {"stationCode": "KYN", "stationName": "KALYAN JN", "arrivalTime": "19:32", "departureTime": "19:35", "routeNumber": "1", "haltTime": "03:00", "distance": "402", "dayCount": "1", "stnSerialNumber": "6", "boardingDisabled": "false"}, {"stationCode": "BSR", "stationName": "VASAI ROAD", "arrivalTime": "20:35", "departureTime": "20:40", "routeNumber": "1", "haltTime": "05:00", "distance": "455", "dayCount": "1", "stnSerialNumber": "8", "boardingDisabled": "false"}, {"stationCode": "ST", "stationName": "SURAT", "arrivalTime": "00:08", "departureTime": "00:13", "routeNumber": "1", "haltTime": "05:00", "distance": "670", "dayCount": "2", "stnSerialNumber": "9", "boardingDisabled": "false"}, {"stationCode": "BRC", "stationName": "VADODARA JN", "arrivalTime": "01:53", "departureTime": "02:03", "routeNumber": "1", "haltTime": "10:00", "distance": "798", "dayCount": "2", "stnSerialNumber": "10", "boardingDisabled": "false"}, {"stationCode": "RTM", "stationName": "RATLAM JN", "arrivalTime": "05:55", "departureTime": "06:00", "routeNumber": "1", "haltTime": "05:00", "distance": "1060", "dayCount": "2", "stnSerialNumber": "12", "boardingDisabled": "false"}, {"stationCode": "NAD", "stationName": "NAGDA JN", "arrivalTime": "07:48", "departureTime": "07:50", "routeNumber": "1", "haltTime": "02:00", "distance": "1101", "dayCount": "2", "stnSerialNumber": "13", "boardingDisabled": "false"}, {"stationCode": "KOTA", "stationName": "KOTA JN", "arrivalTime": "10:30", "departureTime": "10:35", "routeNumber": "1", "haltTime": "05:00", "distance": "1326", "dayCount": "2", "stnSerialNumber": "14", "boardingDisabled": "false"}, {"stationCode": "SWM", "stationName": "SAWAI MADHOPUR", "arrivalTime": "12:15", "departureTime": "12:40", "routeNumber": "1", "haltTime": "25:00", "distance": "1434", "dayCount": "2", "stnSerialNumber": "15", "boardingDisabled": "false"}, {"stationCode": "JP", "stationName": "JAIPUR", "arrivalTime": "14:40", "departureTime": "14:50", "routeNumber": "1", "haltTime": "10:00", "distance": "1565", "dayCount": "2", "stnSerialNumber": "16", "boardingDisabled": "false"}, {"stationCode": "AII", "stationName": "AJMER JN", "arrivalTime": "17:05", "departureTime": "--", "routeNumber": "1", "haltTime": "--", "distance": "1700", "dayCount": "2", "stnSerialNumber": "18", "boardingDisabled": "false"}]}