{"trainNumber": "09716", "trainName": "TPTY HSR SF SPL", "stationFrom": "TPTY", "stationTo": "HSR", "trainOwner": "0", "trainRunsOnMon": "N", "trainRunsOnTue": "Y", "trainRunsOnWed": "N", "trainRunsOnThu": "N", "trainRunsOnFri": "N", "trainRunsOnSat": "N", "trainRunsOnSun": "N", "timeStamp": "2023-06-19T15:30:57.697", "duration": "0", "stationList": [{"stationCode": "TPTY", "stationName": "TIRUPATI", "arrivalTime": "--", "departureTime": "16:00", "routeNumber": "1", "haltTime": "--", "distance": "0", "dayCount": "1", "stnSerialNumber": "1", "boardingDisabled": "false"}, {"stationCode": "RU", "stationName": "RENIGUNTA JN", "arrivalTime": "16:25", "departureTime": "16:27", "routeNumber": "1", "haltTime": "02:00", "distance": "10", "dayCount": "1", "stnSerialNumber": "2", "boardingDisabled": "false"}, {"stationCode": "GDR", "stationName": "GUDUR JN", "arrivalTime": "17:48", "departureTime": "17:50", "routeNumber": "1", "haltTime": "02:00", "distance": "93", "dayCount": "1", "stnSerialNumber": "3", "boardingDisabled": "false"}, {"stationCode": "NLR", "stationName": "NELLORE", "arrivalTime": "18:19", "departureTime": "18:20", "routeNumber": "1", "haltTime": "01:00", "distance": "132", "dayCount": "1", "stnSerialNumber": "4", "boardingDisabled": "false"}, {"stationCode": "BZA", "stationName": "VIJAYAWADA JN", "arrivalTime": "21:55", "departureTime": "22:00", "routeNumber": "1", "haltTime": "05:00", "distance": "386", "dayCount": "1", "stnSerialNumber": "5", "boardingDisabled": "false"}, {"stationCode": "KMT", "stationName": "KHAMMAM", "arrivalTime": "23:40", "departureTime": "23:41", "routeNumber": "1", "haltTime": "01:00", "distance": "486", "dayCount": "1", "stnSerialNumber": "6", "boardingDisabled": "false"}, {"stationCode": "WL", "stationName": "WARANGAL", "arrivalTime": "01:18", "departureTime": "01:20", "routeNumber": "1", "haltTime": "02:00", "distance": "593", "dayCount": "2", "stnSerialNumber": "7", "boardingDisabled": "false"}, {"stationCode": "SKZR", "stationName": "SIRPUR KAGAZNGR", "arrivalTime": "03:50", "departureTime": "03:51", "routeNumber": "1", "haltTime": "01:00", "distance": "766", "dayCount": "2", "stnSerialNumber": "8", "boardingDisabled": "false"}, {"stationCode": "BPQ", "stationName": "BALHARSHAH", "arrivalTime": "06:25", "departureTime": "06:30", "routeNumber": "1", "haltTime": "05:00", "distance": "836", "dayCount": "2", "stnSerialNumber": "9", "boardingDisabled": "false"}, {"stationCode": "NGP", "stationName": "NAGPUR", "arrivalTime": "10:25", "departureTime": "10:30", "routeNumber": "1", "haltTime": "05:00", "distance": "1047", "dayCount": "2", "stnSerialNumber": "10", "boardingDisabled": "false"}, {"stationCode": "ET", "stationName": "ITARSI JN", "arrivalTime": "15:40", "departureTime": "15:45", "routeNumber": "1", "haltTime": "05:00", "distance": "1344", "dayCount": "2", "stnSerialNumber": "11", "boardingDisabled": "false"}, {"stationCode": "BPL", "stationName": "BHOPAL  JN", "arrivalTime": "17:30", "departureTime": "17:40", "routeNumber": "1", "haltTime": "10:00", "distance": "1442", "dayCount": "2", "stnSerialNumber": "12", "boardingDisabled": "false"}, {"stationCode": "SJP", "stationName": "SHUJALPUR", "arrivalTime": "19:05", "departureTime": "19:07", "routeNumber": "1", "haltTime": "02:00", "distance": "1523", "dayCount": "2", "stnSerialNumber": "13", "boardingDisabled": "false"}, {"stationCode": "UJN", "stationName": "UJJAIN JN", "arrivalTime": "21:00", "departureTime": "21:05", "routeNumber": "1", "haltTime": "05:00", "distance": "1626", "dayCount": "2", "stnSerialNumber": "14", "boardingDisabled": "false"}, {"stationCode": "NAD", "stationName": "NAGDA JN", "arrivalTime": "22:30", "departureTime": "22:45", "routeNumber": "1", "haltTime": "15:00", "distance": "1681", "dayCount": "2", "stnSerialNumber": "15", "boardingDisabled": "false"}, {"stationCode": "RMA", "stationName": "RAMGANJ MANDI", "arrivalTime": "00:21", "departureTime": "00:23", "routeNumber": "1", "haltTime": "02:00", "distance": "1833", "dayCount": "3", "stnSerialNumber": "16", "boardingDisabled": "false"}, {"stationCode": "KOTA", "stationName": "KOTA JN", "arrivalTime": "01:25", "departureTime": "01:30", "routeNumber": "1", "haltTime": "05:00", "distance": "1906", "dayCount": "3", "stnSerialNumber": "17", "boardingDisabled": "false"}, {"stationCode": "SWM", "stationName": "SAWAI MADHOPUR", "arrivalTime": "03:45", "departureTime": "04:05", "routeNumber": "1", "haltTime": "20:00", "distance": "2014", "dayCount": "3", "stnSerialNumber": "18", "boardingDisabled": "false"}, {"stationCode": "DPA", "stationName": "DURGAPURA", "arrivalTime": "05:25", "departureTime": "05:28", "routeNumber": "1", "haltTime": "03:00", "distance": "2138", "dayCount": "3", "stnSerialNumber": "19", "boardingDisabled": "false"}, {"stationCode": "JP", "stationName": "JAIPUR", "arrivalTime": "05:45", "departureTime": "05:55", "routeNumber": "1", "haltTime": "10:00", "distance": "2145", "dayCount": "3", "stnSerialNumber": "20", "boardingDisabled": "false"}, {"stationCode": "DKBJ", "stationName": "DAHAR KA BALAJI", "arrivalTime": "06:02", "departureTime": "06:05", "routeNumber": "1", "haltTime": "03:00", "distance": "2148", "dayCount": "3", "stnSerialNumber": "21", "boardingDisabled": "false"}, {"stationCode": "RGS", "stationName": "RINGAS JN", "arrivalTime": "06:45", "departureTime": "06:48", "routeNumber": "1", "haltTime": "03:00", "distance": "2205", "dayCount": "3", "stnSerialNumber": "22", "boardingDisabled": "false"}, {"stationCode": "SIKR", "stationName": "SIKAR JN", "arrivalTime": "07:50", "departureTime": "07:55", "routeNumber": "1", "haltTime": "05:00", "distance": "2255", "dayCount": "3", "stnSerialNumber": "23", "boardingDisabled": "false"}, {"stationCode": "NWH", "stationName": "NAWALGARH", "arrivalTime": "08:20", "departureTime": "08:22", "routeNumber": "1", "haltTime": "02:00", "distance": "2283", "dayCount": "3", "stnSerialNumber": "24", "boardingDisabled": "false"}, {"stationCode": "JJN", "stationName": "JHUNJHUNUN", "arrivalTime": "09:08", "departureTime": "09:10", "routeNumber": "1", "haltTime": "02:00", "distance": "2320", "dayCount": "3", "stnSerialNumber": "25", "boardingDisabled": "false"}, {"stationCode": "CRWA", "stationName": "CHIRAWA", "arrivalTime": "09:32", "departureTime": "09:34", "routeNumber": "1", "haltTime": "02:00", "distance": "2349", "dayCount": "3", "stnSerialNumber": "26", "boardingDisabled": "false"}, {"stationCode": "LHU", "stationName": "LOHARU", "arrivalTime": "10:20", "departureTime": "10:22", "routeNumber": "1", "haltTime": "02:00", "distance": "2377", "dayCount": "3", "stnSerialNumber": "27", "boardingDisabled": "false"}, {"stationCode": "SDLP", "stationName": "SADULPUR JN", "arrivalTime": "11:00", "departureTime": "11:30", "routeNumber": "1", "haltTime": "30:00", "distance": "2427", "dayCount": "3", "stnSerialNumber": "28", "boardingDisabled": "false"}, {"stationCode": "HSR", "stationName": "HISAR", "arrivalTime": "13:00", "departureTime": "--", "routeNumber": "1", "haltTime": "--", "distance": "2498", "dayCount": "3", "stnSerialNumber": "29", "boardingDisabled": "false"}]}