{"trainNumber": "09715", "trainName": "HSR TPTY SF SPL", "stationFrom": "HSR", "stationTo": "TPTY", "trainOwner": "0", "trainRunsOnMon": "N", "trainRunsOnTue": "N", "trainRunsOnWed": "N", "trainRunsOnThu": "N", "trainRunsOnFri": "N", "trainRunsOnSat": "Y", "trainRunsOnSun": "N", "timeStamp": "2023-06-19T15:31:09.885", "duration": "0", "stationList": [{"stationCode": "HSR", "stationName": "HISAR", "arrivalTime": "--", "departureTime": "14:10", "routeNumber": "1", "haltTime": "--", "distance": "0", "dayCount": "1", "stnSerialNumber": "1", "boardingDisabled": "false"}, {"stationCode": "SDLP", "stationName": "SADULPUR JN", "arrivalTime": "15:20", "departureTime": "15:50", "routeNumber": "1", "haltTime": "30:00", "distance": "71", "dayCount": "1", "stnSerialNumber": "2", "boardingDisabled": "false"}, {"stationCode": "LHU", "stationName": "LOHARU", "arrivalTime": "16:48", "departureTime": "16:50", "routeNumber": "1", "haltTime": "02:00", "distance": "121", "dayCount": "1", "stnSerialNumber": "3", "boardingDisabled": "false"}, {"stationCode": "CRWA", "stationName": "CHIRAWA", "arrivalTime": "17:17", "departureTime": "17:19", "routeNumber": "1", "haltTime": "02:00", "distance": "150", "dayCount": "1", "stnSerialNumber": "4", "boardingDisabled": "false"}, {"stationCode": "JJN", "stationName": "JHUNJHUNUN", "arrivalTime": "17:41", "departureTime": "17:43", "routeNumber": "1", "haltTime": "02:00", "distance": "179", "dayCount": "1", "stnSerialNumber": "5", "boardingDisabled": "false"}, {"stationCode": "NWH", "stationName": "NAWALGARH", "arrivalTime": "18:10", "departureTime": "18:12", "routeNumber": "1", "haltTime": "02:00", "distance": "216", "dayCount": "1", "stnSerialNumber": "6", "boardingDisabled": "false"}, {"stationCode": "SIKR", "stationName": "SIKAR JN", "arrivalTime": "18:40", "departureTime": "18:45", "routeNumber": "1", "haltTime": "05:00", "distance": "243", "dayCount": "1", "stnSerialNumber": "7", "boardingDisabled": "false"}, {"stationCode": "RGS", "stationName": "RINGAS JN", "arrivalTime": "19:30", "departureTime": "19:35", "routeNumber": "1", "haltTime": "05:00", "distance": "293", "dayCount": "1", "stnSerialNumber": "8", "boardingDisabled": "false"}, {"stationCode": "DKBJ", "stationName": "DAHAR KA BALAJI", "arrivalTime": "21:17", "departureTime": "21:20", "routeNumber": "1", "haltTime": "03:00", "distance": "350", "dayCount": "1", "stnSerialNumber": "9", "boardingDisabled": "false"}, {"stationCode": "JP", "stationName": "JAIPUR", "arrivalTime": "21:30", "departureTime": "21:40", "routeNumber": "1", "haltTime": "10:00", "distance": "354", "dayCount": "1", "stnSerialNumber": "10", "boardingDisabled": "false"}, {"stationCode": "DPA", "stationName": "DURGAPURA", "arrivalTime": "21:50", "departureTime": "21:53", "routeNumber": "1", "haltTime": "03:00", "distance": "361", "dayCount": "1", "stnSerialNumber": "11", "boardingDisabled": "false"}, {"stationCode": "SWM", "stationName": "SAWAI MADHOPUR", "arrivalTime": "23:30", "departureTime": "23:50", "routeNumber": "1", "haltTime": "20:00", "distance": "485", "dayCount": "1", "stnSerialNumber": "12", "boardingDisabled": "false"}, {"stationCode": "KOTA", "stationName": "KOTA JN", "arrivalTime": "01:10", "departureTime": "01:20", "routeNumber": "1", "haltTime": "10:00", "distance": "593", "dayCount": "2", "stnSerialNumber": "13", "boardingDisabled": "false"}, {"stationCode": "RMA", "stationName": "RAMGANJ MANDI", "arrivalTime": "02:15", "departureTime": "02:17", "routeNumber": "1", "haltTime": "02:00", "distance": "665", "dayCount": "2", "stnSerialNumber": "14", "boardingDisabled": "false"}, {"stationCode": "NAD", "stationName": "NAGDA JN", "arrivalTime": "04:30", "departureTime": "04:55", "routeNumber": "1", "haltTime": "25:00", "distance": "818", "dayCount": "2", "stnSerialNumber": "15", "boardingDisabled": "false"}, {"stationCode": "UJN", "stationName": "UJJAIN JN", "arrivalTime": "05:35", "departureTime": "05:40", "routeNumber": "1", "haltTime": "05:00", "distance": "873", "dayCount": "2", "stnSerialNumber": "16", "boardingDisabled": "false"}, {"stationCode": "SJP", "stationName": "SHUJALPUR", "arrivalTime": "07:02", "departureTime": "07:04", "routeNumber": "1", "haltTime": "02:00", "distance": "976", "dayCount": "2", "stnSerialNumber": "17", "boardingDisabled": "false"}, {"stationCode": "BPL", "stationName": "BHOPAL  JN", "arrivalTime": "09:05", "departureTime": "09:15", "routeNumber": "1", "haltTime": "10:00", "distance": "1056", "dayCount": "2", "stnSerialNumber": "19", "boardingDisabled": "false"}, {"stationCode": "ET", "stationName": "ITARSI JN", "arrivalTime": "10:45", "departureTime": "10:50", "routeNumber": "1", "haltTime": "05:00", "distance": "1148", "dayCount": "2", "stnSerialNumber": "20", "boardingDisabled": "false"}, {"stationCode": "NGP", "stationName": "NAGPUR", "arrivalTime": "15:30", "departureTime": "15:35", "routeNumber": "1", "haltTime": "05:00", "distance": "1445", "dayCount": "2", "stnSerialNumber": "21", "boardingDisabled": "false"}, {"stationCode": "BPQ", "stationName": "BALHARSHAH", "arrivalTime": "19:20", "departureTime": "19:25", "routeNumber": "1", "haltTime": "05:00", "distance": "1656", "dayCount": "2", "stnSerialNumber": "22", "boardingDisabled": "false"}, {"stationCode": "SKZR", "stationName": "SIRPUR KAGAZNGR", "arrivalTime": "20:25", "departureTime": "20:27", "routeNumber": "1", "haltTime": "02:00", "distance": "1726", "dayCount": "2", "stnSerialNumber": "23", "boardingDisabled": "false"}, {"stationCode": "WL", "stationName": "WARANGAL", "arrivalTime": "22:58", "departureTime": "23:00", "routeNumber": "1", "haltTime": "02:00", "distance": "1898", "dayCount": "2", "stnSerialNumber": "24", "boardingDisabled": "false"}, {"stationCode": "KMT", "stationName": "KHAMMAM", "arrivalTime": "00:30", "departureTime": "00:32", "routeNumber": "1", "haltTime": "02:00", "distance": "2006", "dayCount": "3", "stnSerialNumber": "25", "boardingDisabled": "false"}, {"stationCode": "BZA", "stationName": "VIJAYAWADA JN", "arrivalTime": "01:50", "departureTime": "02:00", "routeNumber": "1", "haltTime": "10:00", "distance": "2106", "dayCount": "3", "stnSerialNumber": "26", "boardingDisabled": "false"}, {"stationCode": "NLR", "stationName": "NELLORE", "arrivalTime": "05:50", "departureTime": "05:52", "routeNumber": "1", "haltTime": "02:00", "distance": "2360", "dayCount": "3", "stnSerialNumber": "27", "boardingDisabled": "false"}, {"stationCode": "GDR", "stationName": "GUDUR JN", "arrivalTime": "06:38", "departureTime": "06:40", "routeNumber": "1", "haltTime": "02:00", "distance": "2398", "dayCount": "3", "stnSerialNumber": "28", "boardingDisabled": "false"}, {"stationCode": "RU", "stationName": "RENIGUNTA JN", "arrivalTime": "08:00", "departureTime": "08:02", "routeNumber": "1", "haltTime": "02:00", "distance": "2482", "dayCount": "3", "stnSerialNumber": "29", "boardingDisabled": "false"}, {"stationCode": "TPTY", "stationName": "TIRUPATI", "arrivalTime": "09:00", "departureTime": "--", "routeNumber": "1", "haltTime": "--", "distance": "2491", "dayCount": "3", "stnSerialNumber": "30", "boardingDisabled": "false"}]}