{"trainNumber": "09723", "trainName": "JP BDTS HSPL", "stationFrom": "JP", "stationTo": "BDTS", "trainOwner": "0", "trainRunsOnMon": "N", "trainRunsOnTue": "N", "trainRunsOnWed": "Y", "trainRunsOnThu": "N", "trainRunsOnFri": "N", "trainRunsOnSat": "N", "trainRunsOnSun": "N", "timeStamp": "2023-06-19T15:31:07.002", "duration": "0", "stationList": [{"stationCode": "JP", "stationName": "JAIPUR", "arrivalTime": "--", "departureTime": "08:10", "routeNumber": "1", "haltTime": "--", "distance": "0", "dayCount": "1", "stnSerialNumber": "1", "boardingDisabled": "false"}, {"stationCode": "KSG", "stationName": "KISHANGARH", "arrivalTime": "09:47", "departureTime": "09:49", "routeNumber": "1", "haltTime": "02:00", "distance": "110", "dayCount": "1", "stnSerialNumber": "2", "boardingDisabled": "false"}, {"stationCode": "AII", "stationName": "AJMER JN", "arrivalTime": "10:20", "departureTime": "10:30", "routeNumber": "1", "haltTime": "10:00", "distance": "135", "dayCount": "1", "stnSerialNumber": "4", "boardingDisabled": "false"}, {"stationCode": "NSD", "stationName": "NASIRABAD", "arrivalTime": "11:05", "departureTime": "11:07", "routeNumber": "1", "haltTime": "02:00", "distance": "158", "dayCount": "1", "stnSerialNumber": "5", "boardingDisabled": "false"}, {"stationCode": "BJNR", "stationName": "BIJAINAGAR", "arrivalTime": "11:38", "departureTime": "11:40", "routeNumber": "1", "haltTime": "02:00", "distance": "200", "dayCount": "1", "stnSerialNumber": "6", "boardingDisabled": "false"}, {"stationCode": "MDL", "stationName": "MANDAL", "arrivalTime": "12:25", "departureTime": "12:27", "routeNumber": "1", "haltTime": "02:00", "distance": "256", "dayCount": "1", "stnSerialNumber": "7", "boardingDisabled": "false"}, {"stationCode": "BHL", "stationName": "BHILWARA", "arrivalTime": "12:45", "departureTime": "12:50", "routeNumber": "1", "haltTime": "05:00", "distance": "267", "dayCount": "1", "stnSerialNumber": "8", "boardingDisabled": "false"}, {"stationCode": "COR", "stationName": "CHITTAURGARH", "arrivalTime": "14:00", "departureTime": "14:05", "routeNumber": "1", "haltTime": "05:00", "distance": "321", "dayCount": "1", "stnSerialNumber": "10", "boardingDisabled": "false"}, {"stationCode": "NMH", "stationName": "NIMACH", "arrivalTime": "14:49", "departureTime": "14:51", "routeNumber": "1", "haltTime": "02:00", "distance": "377", "dayCount": "1", "stnSerialNumber": "11", "boardingDisabled": "false"}, {"stationCode": "MDS", "stationName": "MANDASOR", "arrivalTime": "15:29", "departureTime": "15:31", "routeNumber": "1", "haltTime": "02:00", "distance": "426", "dayCount": "1", "stnSerialNumber": "12", "boardingDisabled": "false"}, {"stationCode": "RTM", "stationName": "RATLAM JN", "arrivalTime": "17:30", "departureTime": "17:40", "routeNumber": "1", "haltTime": "10:00", "distance": "510", "dayCount": "1", "stnSerialNumber": "13", "boardingDisabled": "false"}, {"stationCode": "BRC", "stationName": "VADODARA JN", "arrivalTime": "21:45", "departureTime": "21:55", "routeNumber": "1", "haltTime": "10:00", "distance": "771", "dayCount": "1", "stnSerialNumber": "15", "boardingDisabled": "false"}, {"stationCode": "ST", "stationName": "SURAT", "arrivalTime": "01:12", "departureTime": "01:17", "routeNumber": "1", "haltTime": "05:00", "distance": "900", "dayCount": "2", "stnSerialNumber": "16", "boardingDisabled": "false"}, {"stationCode": "VAPI", "stationName": "VAPI", "arrivalTime": "02:39", "departureTime": "02:41", "routeNumber": "1", "haltTime": "02:00", "distance": "993", "dayCount": "2", "stnSerialNumber": "17", "boardingDisabled": "false"}, {"stationCode": "BVI", "stationName": "BORIVALI", "arrivalTime": "04:04", "departureTime": "04:06", "routeNumber": "1", "haltTime": "02:00", "distance": "1133", "dayCount": "2", "stnSerialNumber": "18", "boardingDisabled": "false"}, {"stationCode": "BDTS", "stationName": "BANDRA TERMINUS", "arrivalTime": "04:55", "departureTime": "--", "routeNumber": "1", "haltTime": "--", "distance": "1152", "dayCount": "2", "stnSerialNumber": "19", "boardingDisabled": "false"}]}