{"trainNumber": "09722", "trainName": "UDZ JP SF SPL", "stationFrom": "UDZ", "stationTo": "JP", "trainOwner": "0", "trainRunsOnMon": "Y", "trainRunsOnTue": "Y", "trainRunsOnWed": "Y", "trainRunsOnThu": "Y", "trainRunsOnFri": "Y", "trainRunsOnSat": "Y", "trainRunsOnSun": "Y", "timeStamp": "2023-06-19T15:31:07.011", "duration": "0", "stationList": [{"stationCode": "UDZ", "stationName": "UDAIPUR CITY", "arrivalTime": "--", "departureTime": "15:05", "routeNumber": "1", "haltTime": "--", "distance": "0", "dayCount": "1", "stnSerialNumber": "1", "boardingDisabled": "false"}, {"stationCode": "RPZ", "stationName": "RANAPRATAPNAGAR", "arrivalTime": "15:12", "departureTime": "15:14", "routeNumber": "1", "haltTime": "02:00", "distance": "5", "dayCount": "1", "stnSerialNumber": "2", "boardingDisabled": "false"}, {"stationCode": "MVJ", "stationName": "MAVLI JN", "arrivalTime": "15:44", "departureTime": "15:46", "routeNumber": "1", "haltTime": "02:00", "distance": "43", "dayCount": "1", "stnSerialNumber": "3", "boardingDisabled": "false"}, {"stationCode": "KIN", "stationName": "KAPASAN", "arrivalTime": "16:14", "departureTime": "16:15", "routeNumber": "1", "haltTime": "01:00", "distance": "79", "dayCount": "1", "stnSerialNumber": "4", "boardingDisabled": "false"}, {"stationCode": "CNA", "stationName": "CHANDERIYA", "arrivalTime": "16:58", "departureTime": "17:00", "routeNumber": "1", "haltTime": "02:00", "distance": "117", "dayCount": "1", "stnSerialNumber": "5", "boardingDisabled": "false"}, {"stationCode": "BHL", "stationName": "BHILWARA", "arrivalTime": "17:30", "departureTime": "17:35", "routeNumber": "1", "haltTime": "05:00", "distance": "163", "dayCount": "1", "stnSerialNumber": "6", "boardingDisabled": "false"}, {"stationCode": "BJNR", "stationName": "BIJAINAGAR", "arrivalTime": "18:36", "departureTime": "18:38", "routeNumber": "1", "haltTime": "02:00", "distance": "230", "dayCount": "1", "stnSerialNumber": "7", "boardingDisabled": "false"}, {"stationCode": "NSD", "stationName": "NASIRABAD", "arrivalTime": "19:07", "departureTime": "19:09", "routeNumber": "1", "haltTime": "02:00", "distance": "272", "dayCount": "1", "stnSerialNumber": "8", "boardingDisabled": "false"}, {"stationCode": "AII", "stationName": "AJMER JN", "arrivalTime": "19:50", "departureTime": "20:00", "routeNumber": "1", "haltTime": "10:00", "distance": "295", "dayCount": "1", "stnSerialNumber": "9", "boardingDisabled": "false"}, {"stationCode": "KSG", "stationName": "KISHANGARH", "arrivalTime": "20:25", "departureTime": "20:27", "routeNumber": "1", "haltTime": "02:00", "distance": "320", "dayCount": "1", "stnSerialNumber": "11", "boardingDisabled": "false"}, {"stationCode": "FL", "stationName": "PHULERA JN", "arrivalTime": "21:07", "departureTime": "21:09", "routeNumber": "1", "haltTime": "02:00", "distance": "375", "dayCount": "1", "stnSerialNumber": "12", "boardingDisabled": "false"}, {"stationCode": "JP", "stationName": "JAIPUR", "arrivalTime": "22:15", "departureTime": "--", "routeNumber": "1", "haltTime": "--", "distance": "430", "dayCount": "1", "stnSerialNumber": "13", "boardingDisabled": "false"}]}