{"trainNumber": "09724", "trainName": "BDTS JP SPL", "stationFrom": "BDTS", "stationTo": "JP", "trainOwner": "0", "trainRunsOnMon": "N", "trainRunsOnTue": "N", "trainRunsOnWed": "N", "trainRunsOnThu": "Y", "trainRunsOnFri": "N", "trainRunsOnSat": "N", "trainRunsOnSun": "N", "timeStamp": "2023-06-19T15:31:06.986", "duration": "0", "stationList": [{"stationCode": "BDTS", "stationName": "BANDRA TERMINUS", "arrivalTime": "--", "departureTime": "09:30", "routeNumber": "1", "haltTime": "--", "distance": "0", "dayCount": "1", "stnSerialNumber": "1", "boardingDisabled": "false"}, {"stationCode": "BVI", "stationName": "BORIVALI", "arrivalTime": "10:04", "departureTime": "10:07", "routeNumber": "1", "haltTime": "03:00", "distance": "19", "dayCount": "1", "stnSerialNumber": "2", "boardingDisabled": "false"}, {"stationCode": "VAPI", "stationName": "VAPI", "arrivalTime": "12:20", "departureTime": "12:22", "routeNumber": "1", "haltTime": "02:00", "distance": "159", "dayCount": "1", "stnSerialNumber": "3", "boardingDisabled": "false"}, {"stationCode": "ST", "stationName": "SURAT", "arrivalTime": "14:00", "departureTime": "14:05", "routeNumber": "1", "haltTime": "05:00", "distance": "252", "dayCount": "1", "stnSerialNumber": "4", "boardingDisabled": "false"}, {"stationCode": "BRC", "stationName": "VADODARA JN", "arrivalTime": "15:48", "departureTime": "15:58", "routeNumber": "1", "haltTime": "10:00", "distance": "381", "dayCount": "1", "stnSerialNumber": "5", "boardingDisabled": "false"}, {"stationCode": "RTM", "stationName": "RATLAM JN", "arrivalTime": "20:10", "departureTime": "20:20", "routeNumber": "1", "haltTime": "10:00", "distance": "642", "dayCount": "1", "stnSerialNumber": "7", "boardingDisabled": "false"}, {"stationCode": "MDS", "stationName": "MANDASOR", "arrivalTime": "21:33", "departureTime": "21:35", "routeNumber": "1", "haltTime": "02:00", "distance": "726", "dayCount": "1", "stnSerialNumber": "8", "boardingDisabled": "false"}, {"stationCode": "NMH", "stationName": "NIMACH", "arrivalTime": "22:25", "departureTime": "22:27", "routeNumber": "1", "haltTime": "02:00", "distance": "775", "dayCount": "1", "stnSerialNumber": "9", "boardingDisabled": "false"}, {"stationCode": "COR", "stationName": "CHITTAURGARH", "arrivalTime": "00:05", "departureTime": "00:15", "routeNumber": "1", "haltTime": "10:00", "distance": "831", "dayCount": "2", "stnSerialNumber": "10", "boardingDisabled": "false"}, {"stationCode": "BHL", "stationName": "BHILWARA", "arrivalTime": "01:04", "departureTime": "01:09", "routeNumber": "1", "haltTime": "05:00", "distance": "885", "dayCount": "2", "stnSerialNumber": "12", "boardingDisabled": "false"}, {"stationCode": "MDL", "stationName": "MANDAL", "arrivalTime": "01:18", "departureTime": "01:20", "routeNumber": "1", "haltTime": "02:00", "distance": "896", "dayCount": "2", "stnSerialNumber": "13", "boardingDisabled": "false"}, {"stationCode": "BJNR", "stationName": "BIJAINAGAR", "arrivalTime": "02:25", "departureTime": "02:27", "routeNumber": "1", "haltTime": "02:00", "distance": "952", "dayCount": "2", "stnSerialNumber": "14", "boardingDisabled": "false"}, {"stationCode": "NSD", "stationName": "NASIRABAD", "arrivalTime": "03:20", "departureTime": "03:22", "routeNumber": "1", "haltTime": "02:00", "distance": "994", "dayCount": "2", "stnSerialNumber": "15", "boardingDisabled": "false"}, {"stationCode": "AII", "stationName": "AJMER JN", "arrivalTime": "03:55", "departureTime": "04:10", "routeNumber": "1", "haltTime": "15:00", "distance": "1017", "dayCount": "2", "stnSerialNumber": "16", "boardingDisabled": "false"}, {"stationCode": "KSG", "stationName": "KISHANGARH", "arrivalTime": "04:43", "departureTime": "04:45", "routeNumber": "1", "haltTime": "02:00", "distance": "1042", "dayCount": "2", "stnSerialNumber": "18", "boardingDisabled": "false"}, {"stationCode": "JP", "stationName": "JAIPUR", "arrivalTime": "06:55", "departureTime": "--", "routeNumber": "1", "haltTime": "--", "distance": "1152", "dayCount": "2", "stnSerialNumber": "19", "boardingDisabled": "false"}]}