{"trainNumber": "09721", "trainName": "JP UDZ SF SPL", "stationFrom": "JP", "stationTo": "UDZ", "trainOwner": "0", "trainRunsOnMon": "Y", "trainRunsOnTue": "Y", "trainRunsOnWed": "Y", "trainRunsOnThu": "Y", "trainRunsOnFri": "Y", "trainRunsOnSat": "Y", "trainRunsOnSun": "Y", "timeStamp": "2023-06-19T15:31:07.041", "duration": "0", "stationList": [{"stationCode": "JP", "stationName": "JAIPUR", "arrivalTime": "--", "departureTime": "06:15", "routeNumber": "1", "haltTime": "--", "distance": "0", "dayCount": "1", "stnSerialNumber": "1", "boardingDisabled": "false"}, {"stationCode": "FL", "stationName": "PHULERA JN", "arrivalTime": "06:57", "departureTime": "06:59", "routeNumber": "1", "haltTime": "02:00", "distance": "55", "dayCount": "1", "stnSerialNumber": "2", "boardingDisabled": "false"}, {"stationCode": "KSG", "stationName": "KISHANGARH", "arrivalTime": "07:39", "departureTime": "07:41", "routeNumber": "1", "haltTime": "02:00", "distance": "110", "dayCount": "1", "stnSerialNumber": "3", "boardingDisabled": "false"}, {"stationCode": "AII", "stationName": "AJMER JN", "arrivalTime": "08:10", "departureTime": "08:15", "routeNumber": "1", "haltTime": "05:00", "distance": "135", "dayCount": "1", "stnSerialNumber": "5", "boardingDisabled": "false"}, {"stationCode": "NSD", "stationName": "NASIRABAD", "arrivalTime": "08:40", "departureTime": "08:42", "routeNumber": "1", "haltTime": "02:00", "distance": "158", "dayCount": "1", "stnSerialNumber": "6", "boardingDisabled": "false"}, {"stationCode": "BJNR", "stationName": "BIJAINAGAR", "arrivalTime": "09:10", "departureTime": "09:12", "routeNumber": "1", "haltTime": "02:00", "distance": "200", "dayCount": "1", "stnSerialNumber": "7", "boardingDisabled": "false"}, {"stationCode": "BHL", "stationName": "BHILWARA", "arrivalTime": "10:13", "departureTime": "10:15", "routeNumber": "1", "haltTime": "02:00", "distance": "267", "dayCount": "1", "stnSerialNumber": "8", "boardingDisabled": "false"}, {"stationCode": "CNA", "stationName": "CHANDERIYA", "arrivalTime": "11:10", "departureTime": "11:12", "routeNumber": "1", "haltTime": "02:00", "distance": "313", "dayCount": "1", "stnSerialNumber": "9", "boardingDisabled": "false"}, {"stationCode": "KIN", "stationName": "KAPASAN", "arrivalTime": "11:37", "departureTime": "11:38", "routeNumber": "1", "haltTime": "01:00", "distance": "351", "dayCount": "1", "stnSerialNumber": "10", "boardingDisabled": "false"}, {"stationCode": "MVJ", "stationName": "MAVLI JN", "arrivalTime": "12:05", "departureTime": "12:07", "routeNumber": "1", "haltTime": "02:00", "distance": "387", "dayCount": "1", "stnSerialNumber": "11", "boardingDisabled": "false"}, {"stationCode": "RPZ", "stationName": "RANAPRATAPNAGAR", "arrivalTime": "12:48", "departureTime": "12:50", "routeNumber": "1", "haltTime": "02:00", "distance": "426", "dayCount": "1", "stnSerialNumber": "12", "boardingDisabled": "false"}, {"stationCode": "UDZ", "stationName": "UDAIPUR CITY", "arrivalTime": "13:20", "departureTime": "--", "routeNumber": "1", "haltTime": "--", "distance": "430", "dayCount": "1", "stnSerialNumber": "13", "boardingDisabled": "false"}]}