{"trainNumber": "09739", "trainName": "DKBJ SNSI SF SPL", "stationFrom": "BKN", "stationTo": "SNSI", "trainOwner": "0", "trainRunsOnMon": "N", "trainRunsOnTue": "N", "trainRunsOnWed": "N", "trainRunsOnThu": "N", "trainRunsOnFri": "Y", "trainRunsOnSat": "N", "trainRunsOnSun": "N", "timeStamp": "2023-06-19T15:31:06.786", "duration": "0", "stationList": [{"stationCode": "BKN", "stationName": "BIKANER JN", "arrivalTime": "--", "departureTime": "13:40", "routeNumber": "1", "haltTime": "--", "distance": "0", "dayCount": "1", "stnSerialNumber": "1", "boardingDisabled": "false"}, {"stationCode": "SDGH", "stationName": "SRI DUNGARGARH", "arrivalTime": "14:31", "departureTime": "14:33", "routeNumber": "1", "haltTime": "02:00", "distance": "74", "dayCount": "1", "stnSerialNumber": "2", "boardingDisabled": "false"}, {"stationCode": "RJR", "stationName": "RAJALDESAR", "arrivalTime": "15:08", "departureTime": "15:10", "routeNumber": "1", "haltTime": "02:00", "distance": "121", "dayCount": "1", "stnSerialNumber": "3", "boardingDisabled": "false"}, {"stationCode": "RTGH", "stationName": "RATANGARH JN", "arrivalTime": "15:25", "departureTime": "15:30", "routeNumber": "1", "haltTime": "05:00", "distance": "138", "dayCount": "1", "stnSerialNumber": "4", "boardingDisabled": "false"}, {"stationCode": "CUR", "stationName": "CHURU", "arrivalTime": "16:30", "departureTime": "16:40", "routeNumber": "1", "haltTime": "10:00", "distance": "181", "dayCount": "1", "stnSerialNumber": "5", "boardingDisabled": "false"}, {"stationCode": "FPS", "stationName": "FATEHPUR SKHWTI", "arrivalTime": "17:21", "departureTime": "17:23", "routeNumber": "1", "haltTime": "02:00", "distance": "224", "dayCount": "1", "stnSerialNumber": "6", "boardingDisabled": "false"}, {"stationCode": "LNH", "stationName": "LACHHMANGARH SK", "arrivalTime": "17:39", "departureTime": "17:41", "routeNumber": "1", "haltTime": "02:00", "distance": "243", "dayCount": "1", "stnSerialNumber": "7", "boardingDisabled": "false"}, {"stationCode": "SIKR", "stationName": "SIKAR JN", "arrivalTime": "18:02", "departureTime": "18:05", "routeNumber": "1", "haltTime": "03:00", "distance": "271", "dayCount": "1", "stnSerialNumber": "8", "boardingDisabled": "false"}, {"stationCode": "RGS", "stationName": "RINGAS JN", "arrivalTime": "19:00", "departureTime": "19:05", "routeNumber": "1", "haltTime": "05:00", "distance": "321", "dayCount": "1", "stnSerialNumber": "9", "boardingDisabled": "false"}, {"stationCode": "DKBJ", "stationName": "DAHAR KA BALAJI", "arrivalTime": "21:17", "departureTime": "21:20", "routeNumber": "1", "haltTime": "03:00", "distance": "378", "dayCount": "1", "stnSerialNumber": "10", "boardingDisabled": "false"}, {"stationCode": "JP", "stationName": "JAIPUR", "arrivalTime": "21:30", "departureTime": "21:40", "routeNumber": "1", "haltTime": "10:00", "distance": "381", "dayCount": "1", "stnSerialNumber": "11", "boardingDisabled": "false"}, {"stationCode": "DPA", "stationName": "DURGAPURA", "arrivalTime": "21:50", "departureTime": "21:53", "routeNumber": "1", "haltTime": "03:00", "distance": "389", "dayCount": "1", "stnSerialNumber": "12", "boardingDisabled": "false"}, {"stationCode": "SWM", "stationName": "SAWAI MADHOPUR", "arrivalTime": "23:20", "departureTime": "23:40", "routeNumber": "1", "haltTime": "20:00", "distance": "513", "dayCount": "1", "stnSerialNumber": "13", "boardingDisabled": "false"}, {"stationCode": "KOTA", "stationName": "KOTA JN", "arrivalTime": "01:10", "departureTime": "01:15", "routeNumber": "1", "haltTime": "05:00", "distance": "620", "dayCount": "2", "stnSerialNumber": "14", "boardingDisabled": "false"}, {"stationCode": "RMA", "stationName": "RAMGANJ MANDI", "arrivalTime": "02:13", "departureTime": "02:15", "routeNumber": "1", "haltTime": "02:00", "distance": "693", "dayCount": "2", "stnSerialNumber": "15", "boardingDisabled": "false"}, {"stationCode": "NAD", "stationName": "NAGDA JN", "arrivalTime": "04:30", "departureTime": "04:45", "routeNumber": "1", "haltTime": "15:00", "distance": "845", "dayCount": "2", "stnSerialNumber": "16", "boardingDisabled": "false"}, {"stationCode": "UJN", "stationName": "UJJAIN JN", "arrivalTime": "05:35", "departureTime": "05:40", "routeNumber": "1", "haltTime": "05:00", "distance": "900", "dayCount": "2", "stnSerialNumber": "17", "boardingDisabled": "false"}, {"stationCode": "SJP", "stationName": "SHUJALPUR", "arrivalTime": "07:02", "departureTime": "07:04", "routeNumber": "1", "haltTime": "02:00", "distance": "1004", "dayCount": "2", "stnSerialNumber": "18", "boardingDisabled": "false"}, {"stationCode": "BPL", "stationName": "BHOPAL  JN", "arrivalTime": "09:05", "departureTime": "09:15", "routeNumber": "1", "haltTime": "10:00", "distance": "1084", "dayCount": "2", "stnSerialNumber": "20", "boardingDisabled": "false"}, {"stationCode": "ET", "stationName": "ITARSI JN", "arrivalTime": "10:45", "departureTime": "10:50", "routeNumber": "1", "haltTime": "05:00", "distance": "1176", "dayCount": "2", "stnSerialNumber": "21", "boardingDisabled": "false"}, {"stationCode": "HD", "stationName": "HARDA", "arrivalTime": "11:42", "departureTime": "11:44", "routeNumber": "1", "haltTime": "02:00", "distance": "1251", "dayCount": "2", "stnSerialNumber": "22", "boardingDisabled": "false"}, {"stationCode": "BSL", "stationName": "BHUSAVAL JN", "arrivalTime": "15:25", "departureTime": "15:30", "routeNumber": "1", "haltTime": "05:00", "distance": "1482", "dayCount": "2", "stnSerialNumber": "24", "boardingDisabled": "false"}, {"stationCode": "MMR", "stationName": "MANMAD JN", "arrivalTime": "18:15", "departureTime": "18:20", "routeNumber": "1", "haltTime": "05:00", "distance": "1666", "dayCount": "2", "stnSerialNumber": "25", "boardingDisabled": "false"}, {"stationCode": "KPG", "stationName": "KOPARGAON", "arrivalTime": "19:07", "departureTime": "19:10", "routeNumber": "1", "haltTime": "03:00", "distance": "1708", "dayCount": "2", "stnSerialNumber": "27", "boardingDisabled": "false"}, {"stationCode": "SNSI", "stationName": "SAINAGAR SHIRDI", "arrivalTime": "20:30", "departureTime": "--", "routeNumber": "1", "haltTime": "--", "distance": "1749", "dayCount": "2", "stnSerialNumber": "28", "boardingDisabled": "false"}]}