{"trainNumber": "09740", "trainName": "SNSI BKN SPL", "stationFrom": "SNSI", "stationTo": "BKN", "trainOwner": "0", "trainRunsOnMon": "N", "trainRunsOnTue": "N", "trainRunsOnWed": "N", "trainRunsOnThu": "N", "trainRunsOnFri": "N", "trainRunsOnSat": "N", "trainRunsOnSun": "Y", "timeStamp": "2023-06-19T15:31:07.146", "duration": "0", "stationList": [{"stationCode": "SNSI", "stationName": "SAINAGAR SHIRDI", "arrivalTime": "--", "departureTime": "07:25", "routeNumber": "1", "haltTime": "--", "distance": "0", "dayCount": "1", "stnSerialNumber": "1", "boardingDisabled": "false"}, {"stationCode": "KPG", "stationName": "KOPARGAON", "arrivalTime": "08:00", "departureTime": "08:03", "routeNumber": "1", "haltTime": "03:00", "distance": "41", "dayCount": "1", "stnSerialNumber": "2", "boardingDisabled": "false"}, {"stationCode": "MMR", "stationName": "MANMAD JN", "arrivalTime": "08:55", "departureTime": "09:00", "routeNumber": "1", "haltTime": "05:00", "distance": "83", "dayCount": "1", "stnSerialNumber": "4", "boardingDisabled": "false"}, {"stationCode": "BSL", "stationName": "BHUSAVAL JN", "arrivalTime": "12:00", "departureTime": "12:05", "routeNumber": "1", "haltTime": "05:00", "distance": "267", "dayCount": "1", "stnSerialNumber": "5", "boardingDisabled": "false"}, {"stationCode": "HD", "stationName": "HARDA", "arrivalTime": "15:51", "departureTime": "15:53", "routeNumber": "1", "haltTime": "02:00", "distance": "498", "dayCount": "1", "stnSerialNumber": "7", "boardingDisabled": "false"}, {"stationCode": "ET", "stationName": "ITARSI JN", "arrivalTime": "17:00", "departureTime": "17:05", "routeNumber": "1", "haltTime": "05:00", "distance": "574", "dayCount": "1", "stnSerialNumber": "8", "boardingDisabled": "false"}, {"stationCode": "BPL", "stationName": "BHOPAL  JN", "arrivalTime": "18:55", "departureTime": "19:05", "routeNumber": "1", "haltTime": "10:00", "distance": "672", "dayCount": "1", "stnSerialNumber": "9", "boardingDisabled": "false"}, {"stationCode": "SJP", "stationName": "SHUJALPUR", "arrivalTime": "20:47", "departureTime": "20:49", "routeNumber": "1", "haltTime": "02:00", "distance": "753", "dayCount": "1", "stnSerialNumber": "11", "boardingDisabled": "false"}, {"stationCode": "UJN", "stationName": "UJJAIN JN", "arrivalTime": "22:45", "departureTime": "22:50", "routeNumber": "1", "haltTime": "05:00", "distance": "856", "dayCount": "1", "stnSerialNumber": "12", "boardingDisabled": "false"}, {"stationCode": "NAD", "stationName": "NAGDA JN", "arrivalTime": "00:25", "departureTime": "00:40", "routeNumber": "1", "haltTime": "15:00", "distance": "911", "dayCount": "2", "stnSerialNumber": "13", "boardingDisabled": "false"}, {"stationCode": "RMA", "stationName": "RAMGANJ MANDI", "arrivalTime": "02:18", "departureTime": "02:20", "routeNumber": "1", "haltTime": "02:00", "distance": "1063", "dayCount": "2", "stnSerialNumber": "14", "boardingDisabled": "false"}, {"stationCode": "KOTA", "stationName": "KOTA JN", "arrivalTime": "03:35", "departureTime": "03:40", "routeNumber": "1", "haltTime": "05:00", "distance": "1136", "dayCount": "2", "stnSerialNumber": "15", "boardingDisabled": "false"}, {"stationCode": "SWM", "stationName": "SAWAI MADHOPUR", "arrivalTime": "05:15", "departureTime": "05:35", "routeNumber": "1", "haltTime": "20:00", "distance": "1243", "dayCount": "2", "stnSerialNumber": "16", "boardingDisabled": "false"}, {"stationCode": "DPA", "stationName": "DURGAPURA", "arrivalTime": "07:17", "departureTime": "07:20", "routeNumber": "1", "haltTime": "03:00", "distance": "1367", "dayCount": "2", "stnSerialNumber": "17", "boardingDisabled": "false"}, {"stationCode": "JP", "stationName": "JAIPUR", "arrivalTime": "07:40", "departureTime": "07:50", "routeNumber": "1", "haltTime": "10:00", "distance": "1375", "dayCount": "2", "stnSerialNumber": "18", "boardingDisabled": "false"}, {"stationCode": "DKBJ", "stationName": "DAHAR KA BALAJI", "arrivalTime": "07:57", "departureTime": "08:00", "routeNumber": "1", "haltTime": "03:00", "distance": "1378", "dayCount": "2", "stnSerialNumber": "19", "boardingDisabled": "false"}, {"stationCode": "RGS", "stationName": "RINGAS JN", "arrivalTime": "09:02", "departureTime": "09:05", "routeNumber": "1", "haltTime": "03:00", "distance": "1435", "dayCount": "2", "stnSerialNumber": "20", "boardingDisabled": "false"}, {"stationCode": "SIKR", "stationName": "SIKAR JN", "arrivalTime": "10:05", "departureTime": "10:10", "routeNumber": "1", "haltTime": "05:00", "distance": "1485", "dayCount": "2", "stnSerialNumber": "21", "boardingDisabled": "false"}, {"stationCode": "LNH", "stationName": "LACHHMANGARH SK", "arrivalTime": "10:34", "departureTime": "10:36", "routeNumber": "1", "haltTime": "02:00", "distance": "1513", "dayCount": "2", "stnSerialNumber": "22", "boardingDisabled": "false"}, {"stationCode": "FPS", "stationName": "FATEHPUR SKHWTI", "arrivalTime": "10:52", "departureTime": "10:54", "routeNumber": "1", "haltTime": "02:00", "distance": "1532", "dayCount": "2", "stnSerialNumber": "23", "boardingDisabled": "false"}, {"stationCode": "RTGH", "stationName": "RATANGARH JN", "arrivalTime": "12:55", "departureTime": "13:00", "routeNumber": "1", "haltTime": "05:00", "distance": "1618", "dayCount": "2", "stnSerialNumber": "24", "boardingDisabled": "false"}, {"stationCode": "RJR", "stationName": "RAJALDESAR", "arrivalTime": "13:16", "departureTime": "13:18", "routeNumber": "1", "haltTime": "02:00", "distance": "1636", "dayCount": "2", "stnSerialNumber": "25", "boardingDisabled": "false"}, {"stationCode": "SDGH", "stationName": "SRI DUNGARGARH", "arrivalTime": "13:51", "departureTime": "13:53", "routeNumber": "1", "haltTime": "02:00", "distance": "1683", "dayCount": "2", "stnSerialNumber": "26", "boardingDisabled": "false"}, {"stationCode": "BKN", "stationName": "BIKANER JN", "arrivalTime": "15:15", "departureTime": "--", "routeNumber": "1", "haltTime": "--", "distance": "1756", "dayCount": "2", "stnSerialNumber": "27", "boardingDisabled": "false"}]}