{"trainNumber": "10104", "trainName": "MANDOVI EXPRESS", "stationFrom": "MAO", "stationTo": "CSMT", "trainOwner": "0", "trainRunsOnMon": "Y", "trainRunsOnTue": "Y", "trainRunsOnWed": "Y", "trainRunsOnThu": "Y", "trainRunsOnFri": "Y", "trainRunsOnSat": "Y", "trainRunsOnSun": "Y", "timeStamp": "2023-06-19T15:31:19.476", "duration": "0", "stationList": [{"stationCode": "MAO", "stationName": "MADGAON", "arrivalTime": "--", "departureTime": "08:30", "routeNumber": "1", "haltTime": "--", "distance": "0", "dayCount": "1", "stnSerialNumber": "1", "boardingDisabled": "false"}, {"stationCode": "KRMI", "stationName": "KARMALI", "arrivalTime": "09:00", "departureTime": "09:02", "routeNumber": "1", "haltTime": "02:00", "distance": "41", "dayCount": "1", "stnSerialNumber": "2", "boardingDisabled": "false"}, {"stationCode": "THVM", "stationName": "THIVIM", "arrivalTime": "09:20", "departureTime": "09:22", "routeNumber": "1", "haltTime": "02:00", "distance": "65", "dayCount": "1", "stnSerialNumber": "3", "boardingDisabled": "false"}, {"stationCode": "PERN", "stationName": "PERNEM", "arrivalTime": "09:32", "departureTime": "09:34", "routeNumber": "1", "haltTime": "02:00", "distance": "80", "dayCount": "1", "stnSerialNumber": "4", "boardingDisabled": "false"}, {"stationCode": "SWV", "stationName": "SAWANTWADI ROAD", "arrivalTime": "10:02", "departureTime": "10:04", "routeNumber": "1", "haltTime": "02:00", "distance": "111", "dayCount": "1", "stnSerialNumber": "5", "boardingDisabled": "false"}, {"stationCode": "KUDL", "stationName": "KUDAL", "arrivalTime": "10:22", "departureTime": "10:24", "routeNumber": "1", "haltTime": "02:00", "distance": "140", "dayCount": "1", "stnSerialNumber": "6", "boardingDisabled": "false"}, {"stationCode": "SNDD", "stationName": "SINDHUDURG", "arrivalTime": "10:38", "departureTime": "10:40", "routeNumber": "1", "haltTime": "02:00", "distance": "154", "dayCount": "1", "stnSerialNumber": "7", "boardingDisabled": "false"}, {"stationCode": "KKW", "stationName": "KANKAVALI", "arrivalTime": "11:00", "departureTime": "11:02", "routeNumber": "1", "haltTime": "02:00", "distance": "179", "dayCount": "1", "stnSerialNumber": "8", "boardingDisabled": "false"}, {"stationCode": "VBW", "stationName": "VAIBHAVWADI RD", "arrivalTime": "11:30", "departureTime": "11:32", "routeNumber": "1", "haltTime": "02:00", "distance": "222", "dayCount": "1", "stnSerialNumber": "9", "boardingDisabled": "false"}, {"stationCode": "RAJP", "stationName": "RAJAPUR ROAD", "arrivalTime": "11:48", "departureTime": "11:50", "routeNumber": "1", "haltTime": "02:00", "distance": "246", "dayCount": "1", "stnSerialNumber": "10", "boardingDisabled": "false"}, {"stationCode": "ADVI", "stationName": "ADAVALI", "arrivalTime": "12:40", "departureTime": "12:42", "routeNumber": "1", "haltTime": "02:00", "distance": "291", "dayCount": "1", "stnSerialNumber": "11", "boardingDisabled": "false"}, {"stationCode": "RN", "stationName": "RATNAGIRI", "arrivalTime": "14:00", "departureTime": "14:05", "routeNumber": "1", "haltTime": "05:00", "distance": "335", "dayCount": "1", "stnSerialNumber": "12", "boardingDisabled": "false"}, {"stationCode": "SGR", "stationName": "SANGMESHWAR", "arrivalTime": "14:45", "departureTime": "14:47", "routeNumber": "1", "haltTime": "02:00", "distance": "382", "dayCount": "1", "stnSerialNumber": "13", "boardingDisabled": "false"}, {"stationCode": "CHI", "stationName": "CHIPLUN", "arrivalTime": "15:30", "departureTime": "15:32", "routeNumber": "1", "haltTime": "02:00", "distance": "441", "dayCount": "1", "stnSerialNumber": "14", "boardingDisabled": "false"}, {"stationCode": "KHED", "stationName": "KHED", "arrivalTime": "16:02", "departureTime": "16:04", "routeNumber": "1", "haltTime": "02:00", "distance": "482", "dayCount": "1", "stnSerialNumber": "15", "boardingDisabled": "false"}, {"stationCode": "MNI", "stationName": "MANGAON", "arrivalTime": "17:08", "departureTime": "17:10", "routeNumber": "1", "haltTime": "02:00", "distance": "578", "dayCount": "1", "stnSerialNumber": "16", "boardingDisabled": "false"}, {"stationCode": "PNVL", "stationName": "PANVEL", "arrivalTime": "19:10", "departureTime": "19:15", "routeNumber": "1", "haltTime": "05:00", "distance": "697", "dayCount": "1", "stnSerialNumber": "17", "boardingDisabled": "false"}, {"stationCode": "TNA", "stationName": "THANE", "arrivalTime": "20:37", "departureTime": "20:40", "routeNumber": "1", "haltTime": "03:00", "distance": "732", "dayCount": "1", "stnSerialNumber": "19", "boardingDisabled": "false"}, {"stationCode": "DR", "stationName": "DADAR", "arrivalTime": "21:07", "departureTime": "21:10", "routeNumber": "1", "haltTime": "03:00", "distance": "757", "dayCount": "1", "stnSerialNumber": "20", "boardingDisabled": "false"}, {"stationCode": "CSMT", "stationName": "C SHIVAJI MAH T", "arrivalTime": "21:45", "departureTime": "--", "routeNumber": "1", "haltTime": "--", "distance": "765", "dayCount": "1", "stnSerialNumber": "21", "boardingDisabled": "false"}]}