{"trainNumber": "10106", "trainName": "SWV DIVA EXPRESS", "stationFrom": "SWV", "stationTo": "DIVA", "trainOwner": "0", "trainRunsOnMon": "Y", "trainRunsOnTue": "Y", "trainRunsOnWed": "Y", "trainRunsOnThu": "Y", "trainRunsOnFri": "Y", "trainRunsOnSat": "Y", "trainRunsOnSun": "Y", "timeStamp": "2023-06-19T15:31:19.325", "duration": "0", "stationList": [{"stationCode": "SWV", "stationName": "SAWANTWADI ROAD", "arrivalTime": "--", "departureTime": "08:15", "routeNumber": "1", "haltTime": "--", "distance": "0", "dayCount": "1", "stnSerialNumber": "1", "boardingDisabled": "false"}, {"stationCode": "ZARP", "stationName": "ZARAP", "arrivalTime": "08:26", "departureTime": "08:27", "routeNumber": "1", "haltTime": "01:00", "distance": "15", "dayCount": "1", "stnSerialNumber": "2", "boardingDisabled": "false"}, {"stationCode": "KUDL", "stationName": "KUDAL", "arrivalTime": "08:38", "departureTime": "08:39", "routeNumber": "1", "haltTime": "01:00", "distance": "30", "dayCount": "1", "stnSerialNumber": "3", "boardingDisabled": "false"}, {"stationCode": "SNDD", "stationName": "SINDHUDURG", "arrivalTime": "08:50", "departureTime": "08:51", "routeNumber": "1", "haltTime": "01:00", "distance": "44", "dayCount": "1", "stnSerialNumber": "4", "boardingDisabled": "false"}, {"stationCode": "KKW", "stationName": "KANKAVALI", "arrivalTime": "09:10", "departureTime": "09:11", "routeNumber": "1", "haltTime": "01:00", "distance": "69", "dayCount": "1", "stnSerialNumber": "5", "boardingDisabled": "false"}, {"stationCode": "NAN", "stationName": "NANDGAON ROAD", "arrivalTime": "09:32", "departureTime": "09:33", "routeNumber": "1", "haltTime": "01:00", "distance": "91", "dayCount": "1", "stnSerialNumber": "6", "boardingDisabled": "false"}, {"stationCode": "ACRN", "stationName": "ACHIRNE", "arrivalTime": "09:43", "departureTime": "09:44", "routeNumber": "1", "haltTime": "01:00", "distance": "100", "dayCount": "1", "stnSerialNumber": "7", "boardingDisabled": "false"}, {"stationCode": "VBW", "stationName": "VAIBHAVWADI RD", "arrivalTime": "09:55", "departureTime": "09:56", "routeNumber": "1", "haltTime": "01:00", "distance": "112", "dayCount": "1", "stnSerialNumber": "8", "boardingDisabled": "false"}, {"stationCode": "KRPN", "stationName": "KHAREPATAN ROAD", "arrivalTime": "10:06", "departureTime": "10:07", "routeNumber": "1", "haltTime": "01:00", "distance": "124", "dayCount": "1", "stnSerialNumber": "9", "boardingDisabled": "false"}, {"stationCode": "RAJP", "stationName": "RAJAPUR ROAD", "arrivalTime": "10:18", "departureTime": "10:19", "routeNumber": "1", "haltTime": "01:00", "distance": "136", "dayCount": "1", "stnSerialNumber": "10", "boardingDisabled": "false"}, {"stationCode": "SUAL", "stationName": "SAUNDAL", "arrivalTime": "10:31", "departureTime": "10:32", "routeNumber": "1", "haltTime": "01:00", "distance": "145", "dayCount": "1", "stnSerialNumber": "11", "boardingDisabled": "false"}, {"stationCode": "VID", "stationName": "VILAVADE", "arrivalTime": "10:42", "departureTime": "10:43", "routeNumber": "1", "haltTime": "01:00", "distance": "159", "dayCount": "1", "stnSerialNumber": "12", "boardingDisabled": "false"}, {"stationCode": "VRLI", "stationName": "VERAVALI (H)", "arrivalTime": "10:58", "departureTime": "10:59", "routeNumber": "1", "haltTime": "01:00", "distance": "167", "dayCount": "1", "stnSerialNumber": "13", "boardingDisabled": "false"}, {"stationCode": "ADVI", "stationName": "ADAVALI", "arrivalTime": "11:18", "departureTime": "11:19", "routeNumber": "1", "haltTime": "01:00", "distance": "181", "dayCount": "1", "stnSerialNumber": "14", "boardingDisabled": "false"}, {"stationCode": "NIV", "stationName": "NIVASAR", "arrivalTime": "11:39", "departureTime": "11:40", "routeNumber": "1", "haltTime": "01:00", "distance": "203", "dayCount": "1", "stnSerialNumber": "15", "boardingDisabled": "false"}, {"stationCode": "RN", "stationName": "RATNAGIRI", "arrivalTime": "12:05", "departureTime": "12:10", "routeNumber": "1", "haltTime": "05:00", "distance": "225", "dayCount": "1", "stnSerialNumber": "16", "boardingDisabled": "false"}, {"stationCode": "SGR", "stationName": "SANGMESHWAR", "arrivalTime": "12:50", "departureTime": "12:51", "routeNumber": "1", "haltTime": "01:00", "distance": "272", "dayCount": "1", "stnSerialNumber": "17", "boardingDisabled": "false"}, {"stationCode": "AVRD", "stationName": "ARAVALI ROAD", "arrivalTime": "13:10", "departureTime": "13:11", "routeNumber": "1", "haltTime": "01:00", "distance": "291", "dayCount": "1", "stnSerialNumber": "18", "boardingDisabled": "false"}, {"stationCode": "SVX", "stationName": "SAVARDA", "arrivalTime": "13:24", "departureTime": "13:25", "routeNumber": "1", "haltTime": "01:00", "distance": "305", "dayCount": "1", "stnSerialNumber": "19", "boardingDisabled": "false"}, {"stationCode": "CHI", "stationName": "CHIPLUN", "arrivalTime": "13:45", "departureTime": "13:50", "routeNumber": "1", "haltTime": "05:00", "distance": "331", "dayCount": "1", "stnSerialNumber": "20", "boardingDisabled": "false"}, {"stationCode": "KHED", "stationName": "KHED", "arrivalTime": "14:21", "departureTime": "14:22", "routeNumber": "1", "haltTime": "01:00", "distance": "372", "dayCount": "1", "stnSerialNumber": "21", "boardingDisabled": "false"}, {"stationCode": "VINH", "stationName": "VINHERE", "arrivalTime": "14:50", "departureTime": "14:51", "routeNumber": "1", "haltTime": "01:00", "distance": "408", "dayCount": "1", "stnSerialNumber": "22", "boardingDisabled": "false"}, {"stationCode": "KFD", "stationName": "KARANJADI", "arrivalTime": "15:05", "departureTime": "15:06", "routeNumber": "1", "haltTime": "01:00", "distance": "422", "dayCount": "1", "stnSerialNumber": "23", "boardingDisabled": "false"}, {"stationCode": "SAPE", "stationName": "SAPE WAMNE", "arrivalTime": "15:17", "departureTime": "15:18", "routeNumber": "1", "haltTime": "01:00", "distance": "433", "dayCount": "1", "stnSerialNumber": "24", "boardingDisabled": "false"}, {"stationCode": "VEER", "stationName": "VEER", "arrivalTime": "15:30", "departureTime": "15:31", "routeNumber": "1", "haltTime": "01:00", "distance": "444", "dayCount": "1", "stnSerialNumber": "25", "boardingDisabled": "false"}, {"stationCode": "GNO", "stationName": "GOREGAON ROAD", "arrivalTime": "15:56", "departureTime": "15:57", "routeNumber": "1", "haltTime": "01:00", "distance": "453", "dayCount": "1", "stnSerialNumber": "26", "boardingDisabled": "false"}, {"stationCode": "MNI", "stationName": "MANGAON", "arrivalTime": "16:07", "departureTime": "16:08", "routeNumber": "1", "haltTime": "01:00", "distance": "468", "dayCount": "1", "stnSerialNumber": "27", "boardingDisabled": "false"}, {"stationCode": "JITE", "stationName": "JITE", "arrivalTime": "18:14", "departureTime": "18:15", "routeNumber": "1", "haltTime": "01:00", "distance": "562", "dayCount": "1", "stnSerialNumber": "29", "boardingDisabled": "false"}, {"stationCode": "APTA", "stationName": "APTA", "arrivalTime": "18:28", "departureTime": "18:29", "routeNumber": "1", "haltTime": "01:00", "distance": "572", "dayCount": "1", "stnSerialNumber": "30", "boardingDisabled": "false"}, {"stationCode": "PNVL", "stationName": "PANVEL", "arrivalTime": "18:52", "departureTime": "18:55", "routeNumber": "1", "haltTime": "03:00", "distance": "587", "dayCount": "1", "stnSerialNumber": "31", "boardingDisabled": "false"}, {"stationCode": "KLMC", "stationName": "KALAMBOLI", "arrivalTime": "19:09", "departureTime": "19:10", "routeNumber": "1", "haltTime": "01:00", "distance": "593", "dayCount": "1", "stnSerialNumber": "32", "boardingDisabled": "false"}, {"stationCode": "DIVA", "stationName": "DIVA", "arrivalTime": "20:10", "departureTime": "--", "routeNumber": "1", "haltTime": "--", "distance": "613", "dayCount": "1", "stnSerialNumber": "33", "boardingDisabled": "false"}]}