{"trainNumber": "10105", "trainName": "DIVA SWV EXPRESS", "stationFrom": "DIVA", "stationTo": "SWV", "trainOwner": "0", "trainRunsOnMon": "Y", "trainRunsOnTue": "Y", "trainRunsOnWed": "Y", "trainRunsOnThu": "Y", "trainRunsOnFri": "Y", "trainRunsOnSat": "Y", "trainRunsOnSun": "Y", "timeStamp": "2023-06-19T15:31:19.457", "duration": "0", "stationList": [{"stationCode": "DIVA", "stationName": "DIVA", "arrivalTime": "--", "departureTime": "06:25", "routeNumber": "1", "haltTime": "--", "distance": "0", "dayCount": "1", "stnSerialNumber": "1", "boardingDisabled": "false"}, {"stationCode": "KLMG", "stationName": "KALAMBOLI", "arrivalTime": "06:39", "departureTime": "06:40", "routeNumber": "1", "haltTime": "01:00", "distance": "20", "dayCount": "1", "stnSerialNumber": "2", "boardingDisabled": "false"}, {"stationCode": "PNVL", "stationName": "PANVEL", "arrivalTime": "06:53", "departureTime": "07:05", "routeNumber": "1", "haltTime": "12:00", "distance": "26", "dayCount": "1", "stnSerialNumber": "3", "boardingDisabled": "false"}, {"stationCode": "APTA", "stationName": "APTA", "arrivalTime": "07:17", "departureTime": "07:18", "routeNumber": "1", "haltTime": "01:00", "distance": "41", "dayCount": "1", "stnSerialNumber": "4", "boardingDisabled": "false"}, {"stationCode": "JITE", "stationName": "JITE", "arrivalTime": "07:27", "departureTime": "07:28", "routeNumber": "1", "haltTime": "01:00", "distance": "51", "dayCount": "1", "stnSerialNumber": "5", "boardingDisabled": "false"}, {"stationCode": "MNI", "stationName": "MANGAON", "arrivalTime": "09:27", "departureTime": "09:28", "routeNumber": "1", "haltTime": "01:00", "distance": "146", "dayCount": "1", "stnSerialNumber": "7", "boardingDisabled": "false"}, {"stationCode": "GNO", "stationName": "GOREGAON ROAD", "arrivalTime": "09:38", "departureTime": "09:39", "routeNumber": "1", "haltTime": "01:00", "distance": "161", "dayCount": "1", "stnSerialNumber": "8", "boardingDisabled": "false"}, {"stationCode": "VEER", "stationName": "VEER", "arrivalTime": "09:46", "departureTime": "09:47", "routeNumber": "1", "haltTime": "01:00", "distance": "169", "dayCount": "1", "stnSerialNumber": "9", "boardingDisabled": "false"}, {"stationCode": "SAPE", "stationName": "SAPE WAMNE", "arrivalTime": "10:00", "departureTime": "10:01", "routeNumber": "1", "haltTime": "01:00", "distance": "181", "dayCount": "1", "stnSerialNumber": "10", "boardingDisabled": "false"}, {"stationCode": "KFD", "stationName": "KARANJADI", "arrivalTime": "10:15", "departureTime": "10:16", "routeNumber": "1", "haltTime": "01:00", "distance": "191", "dayCount": "1", "stnSerialNumber": "11", "boardingDisabled": "false"}, {"stationCode": "VINH", "stationName": "VINHERE", "arrivalTime": "10:30", "departureTime": "10:31", "routeNumber": "1", "haltTime": "01:00", "distance": "205", "dayCount": "1", "stnSerialNumber": "12", "boardingDisabled": "false"}, {"stationCode": "KHED", "stationName": "KHED", "arrivalTime": "11:04", "departureTime": "11:05", "routeNumber": "1", "haltTime": "01:00", "distance": "241", "dayCount": "1", "stnSerialNumber": "13", "boardingDisabled": "false"}, {"stationCode": "CHI", "stationName": "CHIPLUN", "arrivalTime": "11:35", "departureTime": "11:40", "routeNumber": "1", "haltTime": "05:00", "distance": "283", "dayCount": "1", "stnSerialNumber": "14", "boardingDisabled": "false"}, {"stationCode": "SVX", "stationName": "SAVARDA", "arrivalTime": "12:01", "departureTime": "12:02", "routeNumber": "1", "haltTime": "01:00", "distance": "308", "dayCount": "1", "stnSerialNumber": "15", "boardingDisabled": "false"}, {"stationCode": "AVRD", "stationName": "ARAVALI ROAD", "arrivalTime": "12:14", "departureTime": "12:15", "routeNumber": "1", "haltTime": "01:00", "distance": "322", "dayCount": "1", "stnSerialNumber": "16", "boardingDisabled": "false"}, {"stationCode": "SGR", "stationName": "SANGMESHWAR", "arrivalTime": "12:37", "departureTime": "12:38", "routeNumber": "1", "haltTime": "01:00", "distance": "342", "dayCount": "1", "stnSerialNumber": "17", "boardingDisabled": "false"}, {"stationCode": "RN", "stationName": "RATNAGIRI", "arrivalTime": "14:00", "departureTime": "14:05", "routeNumber": "1", "haltTime": "05:00", "distance": "389", "dayCount": "1", "stnSerialNumber": "18", "boardingDisabled": "false"}, {"stationCode": "NIV", "stationName": "NIVASAR", "arrivalTime": "14:22", "departureTime": "14:23", "routeNumber": "1", "haltTime": "01:00", "distance": "410", "dayCount": "1", "stnSerialNumber": "19", "boardingDisabled": "false"}, {"stationCode": "ADVI", "stationName": "ADAVALI", "arrivalTime": "14:43", "departureTime": "14:44", "routeNumber": "1", "haltTime": "01:00", "distance": "433", "dayCount": "1", "stnSerialNumber": "20", "boardingDisabled": "false"}, {"stationCode": "VRLI", "stationName": "VERAVALI (H)", "arrivalTime": "14:58", "departureTime": "14:59", "routeNumber": "1", "haltTime": "01:00", "distance": "447", "dayCount": "1", "stnSerialNumber": "21", "boardingDisabled": "false"}, {"stationCode": "VID", "stationName": "VILAVADE", "arrivalTime": "15:09", "departureTime": "15:10", "routeNumber": "1", "haltTime": "01:00", "distance": "455", "dayCount": "1", "stnSerialNumber": "22", "boardingDisabled": "false"}, {"stationCode": "SUAL", "stationName": "SAUNDAL", "arrivalTime": "15:22", "departureTime": "15:23", "routeNumber": "1", "haltTime": "01:00", "distance": "468", "dayCount": "1", "stnSerialNumber": "23", "boardingDisabled": "false"}, {"stationCode": "RAJP", "stationName": "RAJAPUR ROAD", "arrivalTime": "15:35", "departureTime": "15:36", "routeNumber": "1", "haltTime": "01:00", "distance": "478", "dayCount": "1", "stnSerialNumber": "24", "boardingDisabled": "false"}, {"stationCode": "KRPN", "stationName": "KHAREPATAN ROAD", "arrivalTime": "15:45", "departureTime": "15:46", "routeNumber": "1", "haltTime": "01:00", "distance": "489", "dayCount": "1", "stnSerialNumber": "25", "boardingDisabled": "false"}, {"stationCode": "VBW", "stationName": "VAIBHAVWADI RD", "arrivalTime": "15:54", "departureTime": "15:55", "routeNumber": "1", "haltTime": "01:00", "distance": "501", "dayCount": "1", "stnSerialNumber": "26", "boardingDisabled": "false"}, {"stationCode": "ACRN", "stationName": "ACHIRNE", "arrivalTime": "16:06", "departureTime": "16:07", "routeNumber": "1", "haltTime": "01:00", "distance": "513", "dayCount": "1", "stnSerialNumber": "27", "boardingDisabled": "false"}, {"stationCode": "NAN", "stationName": "NANDGAON ROAD", "arrivalTime": "16:16", "departureTime": "16:17", "routeNumber": "1", "haltTime": "01:00", "distance": "523", "dayCount": "1", "stnSerialNumber": "28", "boardingDisabled": "false"}, {"stationCode": "KKW", "stationName": "KANKAVALI", "arrivalTime": "16:33", "departureTime": "16:34", "routeNumber": "1", "haltTime": "01:00", "distance": "544", "dayCount": "1", "stnSerialNumber": "29", "boardingDisabled": "false"}, {"stationCode": "SNDD", "stationName": "SINDHUDURG", "arrivalTime": "16:50", "departureTime": "16:51", "routeNumber": "1", "haltTime": "01:00", "distance": "569", "dayCount": "1", "stnSerialNumber": "30", "boardingDisabled": "false"}, {"stationCode": "KUDL", "stationName": "KUDAL", "arrivalTime": "17:10", "departureTime": "17:11", "routeNumber": "1", "haltTime": "01:00", "distance": "584", "dayCount": "1", "stnSerialNumber": "31", "boardingDisabled": "false"}, {"stationCode": "ZARP", "stationName": "ZARAP", "arrivalTime": "17:31", "departureTime": "17:32", "routeNumber": "1", "haltTime": "01:00", "distance": "598", "dayCount": "1", "stnSerialNumber": "32", "boardingDisabled": "false"}, {"stationCode": "SWV", "stationName": "SAWANTWADI ROAD", "arrivalTime": "18:30", "departureTime": "--", "routeNumber": "1", "haltTime": "--", "distance": "613", "dayCount": "1", "stnSerialNumber": "33", "boardingDisabled": "false"}]}