{"trainNumber": "10103", "trainName": "MANDOVI EXPRESS", "stationFrom": "CSMT", "stationTo": "MAO", "trainOwner": "0", "trainRunsOnMon": "Y", "trainRunsOnTue": "Y", "trainRunsOnWed": "Y", "trainRunsOnThu": "Y", "trainRunsOnFri": "Y", "trainRunsOnSat": "Y", "trainRunsOnSun": "Y", "timeStamp": "2023-06-19T15:31:19.444", "duration": "0", "stationList": [{"stationCode": "CSMT", "stationName": "C SHIVAJI MAH T", "arrivalTime": "--", "departureTime": "07:10", "routeNumber": "1", "haltTime": "--", "distance": "0", "dayCount": "1", "stnSerialNumber": "1", "boardingDisabled": "false"}, {"stationCode": "DR", "stationName": "DADAR", "arrivalTime": "07:22", "departureTime": "07:25", "routeNumber": "1", "haltTime": "03:00", "distance": "9", "dayCount": "1", "stnSerialNumber": "2", "boardingDisabled": "false"}, {"stationCode": "TNA", "stationName": "THANE", "arrivalTime": "07:51", "departureTime": "07:55", "routeNumber": "1", "haltTime": "04:00", "distance": "34", "dayCount": "1", "stnSerialNumber": "3", "boardingDisabled": "false"}, {"stationCode": "PNVL", "stationName": "PANVEL", "arrivalTime": "08:30", "departureTime": "08:35", "routeNumber": "1", "haltTime": "05:00", "distance": "69", "dayCount": "1", "stnSerialNumber": "5", "boardingDisabled": "false"}, {"stationCode": "MNI", "stationName": "MANGAON", "arrivalTime": "10:18", "departureTime": "10:20", "routeNumber": "1", "haltTime": "02:00", "distance": "188", "dayCount": "1", "stnSerialNumber": "7", "boardingDisabled": "false"}, {"stationCode": "KHED", "stationName": "KHED", "arrivalTime": "11:48", "departureTime": "11:50", "routeNumber": "1", "haltTime": "02:00", "distance": "284", "dayCount": "1", "stnSerialNumber": "8", "boardingDisabled": "false"}, {"stationCode": "CHI", "stationName": "CHIPLUN", "arrivalTime": "12:28", "departureTime": "12:30", "routeNumber": "1", "haltTime": "02:00", "distance": "325", "dayCount": "1", "stnSerialNumber": "9", "boardingDisabled": "false"}, {"stationCode": "SGR", "stationName": "SANGMESHWAR", "arrivalTime": "13:30", "departureTime": "13:32", "routeNumber": "1", "haltTime": "02:00", "distance": "384", "dayCount": "1", "stnSerialNumber": "10", "boardingDisabled": "false"}, {"stationCode": "RN", "stationName": "RATNAGIRI", "arrivalTime": "14:35", "departureTime": "14:40", "routeNumber": "1", "haltTime": "05:00", "distance": "431", "dayCount": "1", "stnSerialNumber": "11", "boardingDisabled": "false"}, {"stationCode": "ADVI", "stationName": "ADAVALI", "arrivalTime": "15:20", "departureTime": "15:22", "routeNumber": "1", "haltTime": "02:00", "distance": "475", "dayCount": "1", "stnSerialNumber": "12", "boardingDisabled": "false"}, {"stationCode": "RAJP", "stationName": "RAJAPUR ROAD", "arrivalTime": "16:30", "departureTime": "16:32", "routeNumber": "1", "haltTime": "02:00", "distance": "520", "dayCount": "1", "stnSerialNumber": "13", "boardingDisabled": "false"}, {"stationCode": "VBW", "stationName": "VAIBHAVWADI RD", "arrivalTime": "16:56", "departureTime": "16:58", "routeNumber": "1", "haltTime": "02:00", "distance": "543", "dayCount": "1", "stnSerialNumber": "14", "boardingDisabled": "false"}, {"stationCode": "KKW", "stationName": "KANKAVALI", "arrivalTime": "17:30", "departureTime": "17:32", "routeNumber": "1", "haltTime": "02:00", "distance": "587", "dayCount": "1", "stnSerialNumber": "15", "boardingDisabled": "false"}, {"stationCode": "SNDD", "stationName": "SINDHUDURG", "arrivalTime": "18:00", "departureTime": "18:02", "routeNumber": "1", "haltTime": "02:00", "distance": "612", "dayCount": "1", "stnSerialNumber": "16", "boardingDisabled": "false"}, {"stationCode": "KUDL", "stationName": "KUDAL", "arrivalTime": "18:14", "departureTime": "18:16", "routeNumber": "1", "haltTime": "02:00", "distance": "626", "dayCount": "1", "stnSerialNumber": "17", "boardingDisabled": "false"}, {"stationCode": "SWV", "stationName": "SAWANTWADI ROAD", "arrivalTime": "19:00", "departureTime": "19:02", "routeNumber": "1", "haltTime": "02:00", "distance": "655", "dayCount": "1", "stnSerialNumber": "18", "boardingDisabled": "false"}, {"stationCode": "PERN", "stationName": "PERNEM", "arrivalTime": "19:32", "departureTime": "19:34", "routeNumber": "1", "haltTime": "02:00", "distance": "686", "dayCount": "1", "stnSerialNumber": "19", "boardingDisabled": "false"}, {"stationCode": "THVM", "stationName": "THIVIM", "arrivalTime": "19:46", "departureTime": "19:48", "routeNumber": "1", "haltTime": "02:00", "distance": "701", "dayCount": "1", "stnSerialNumber": "20", "boardingDisabled": "false"}, {"stationCode": "KRMI", "stationName": "KARMALI", "arrivalTime": "20:20", "departureTime": "20:22", "routeNumber": "1", "haltTime": "02:00", "distance": "725", "dayCount": "1", "stnSerialNumber": "21", "boardingDisabled": "false"}, {"stationCode": "MAO", "stationName": "MADGAON", "arrivalTime": "21:45", "departureTime": "--", "routeNumber": "1", "haltTime": "--", "distance": "765", "dayCount": "1", "stnSerialNumber": "23", "boardingDisabled": "false"}]}