{"trainNumber": "10215", "trainName": "MADGAON ERS EXP", "stationFrom": "MAO", "stationTo": "ERS", "trainOwner": "0", "trainRunsOnMon": "N", "trainRunsOnTue": "N", "trainRunsOnWed": "N", "trainRunsOnThu": "N", "trainRunsOnFri": "N", "trainRunsOnSat": "N", "trainRunsOnSun": "Y", "timeStamp": "2023-06-19T15:31:25.747", "duration": "0", "stationList": [{"stationCode": "MAO", "stationName": "MADGAON", "arrivalTime": "--", "departureTime": "21:00", "routeNumber": "1", "haltTime": "--", "distance": "0", "dayCount": "1", "stnSerialNumber": "1", "boardingDisabled": "false"}, {"stationCode": "KAWR", "stationName": "KARWAR", "arrivalTime": "21:58", "departureTime": "22:00", "routeNumber": "1", "haltTime": "02:00", "distance": "82", "dayCount": "1", "stnSerialNumber": "2", "boardingDisabled": "false"}, {"stationCode": "BTJL", "stationName": "BHATKAL", "arrivalTime": "23:56", "departureTime": "23:58", "routeNumber": "1", "haltTime": "02:00", "distance": "236", "dayCount": "1", "stnSerialNumber": "3", "boardingDisabled": "false"}, {"stationCode": "UD", "stationName": "UDUPI", "arrivalTime": "01:02", "departureTime": "01:04", "routeNumber": "1", "haltTime": "02:00", "distance": "350", "dayCount": "2", "stnSerialNumber": "4", "boardingDisabled": "false"}, {"stationCode": "MAJN", "stationName": "MANGALURU JN", "arrivalTime": "03:00", "departureTime": "03:05", "routeNumber": "1", "haltTime": "05:00", "distance": "431", "dayCount": "2", "stnSerialNumber": "6", "boardingDisabled": "false"}, {"stationCode": "KGQ", "stationName": "KASARAGOD", "arrivalTime": "03:44", "departureTime": "03:45", "routeNumber": "1", "haltTime": "01:00", "distance": "482", "dayCount": "2", "stnSerialNumber": "7", "boardingDisabled": "false"}, {"stationCode": "CAN", "stationName": "KANNUR", "arrivalTime": "04:52", "departureTime": "04:55", "routeNumber": "1", "haltTime": "03:00", "distance": "568", "dayCount": "2", "stnSerialNumber": "8", "boardingDisabled": "false"}, {"stationCode": "CLT", "stationName": "KOZHIKKODE", "arrivalTime": "06:07", "departureTime": "06:10", "routeNumber": "1", "haltTime": "03:00", "distance": "657", "dayCount": "2", "stnSerialNumber": "9", "boardingDisabled": "false"}, {"stationCode": "TIR", "stationName": "TIRUR", "arrivalTime": "06:49", "departureTime": "06:50", "routeNumber": "1", "haltTime": "01:00", "distance": "698", "dayCount": "2", "stnSerialNumber": "10", "boardingDisabled": "false"}, {"stationCode": "SRR", "stationName": "SHORANUR JN", "arrivalTime": "07:47", "departureTime": "07:50", "routeNumber": "1", "haltTime": "03:00", "distance": "743", "dayCount": "2", "stnSerialNumber": "11", "boardingDisabled": "false"}, {"stationCode": "TCR", "stationName": "THRISUR", "arrivalTime": "08:25", "departureTime": "08:28", "routeNumber": "1", "haltTime": "03:00", "distance": "776", "dayCount": "2", "stnSerialNumber": "12", "boardingDisabled": "false"}, {"stationCode": "AWY", "stationName": "ALUVA", "arrivalTime": "09:20", "departureTime": "09:22", "routeNumber": "1", "haltTime": "02:00", "distance": "831", "dayCount": "2", "stnSerialNumber": "13", "boardingDisabled": "false"}, {"stationCode": "ERS", "stationName": "ERNAKULAM JN", "arrivalTime": "11:00", "departureTime": "--", "routeNumber": "1", "haltTime": "--", "distance": "850", "dayCount": "2", "stnSerialNumber": "14", "boardingDisabled": "false"}]}