{"trainNumber": "11007", "trainName": "DECCAN EXPRESS", "stationFrom": "CSMT", "stationTo": "PUNE", "trainOwner": "0", "trainRunsOnMon": "Y", "trainRunsOnTue": "Y", "trainRunsOnWed": "Y", "trainRunsOnThu": "Y", "trainRunsOnFri": "Y", "trainRunsOnSat": "Y", "trainRunsOnSun": "Y", "timeStamp": "2023-06-19T15:31:04.057", "duration": "0", "stationList": [{"stationCode": "CSMT", "stationName": "C SHIVAJI MAH T", "arrivalTime": "--", "departureTime": "07:00", "routeNumber": "1", "haltTime": "--", "distance": "0", "dayCount": "1", "stnSerialNumber": "1", "boardingDisabled": "false"}, {"stationCode": "DR", "stationName": "DADAR", "arrivalTime": "07:11", "departureTime": "07:13", "routeNumber": "1", "haltTime": "02:00", "distance": "9", "dayCount": "1", "stnSerialNumber": "2", "boardingDisabled": "false"}, {"stationCode": "TNA", "stationName": "THANE", "arrivalTime": "07:33", "departureTime": "07:35", "routeNumber": "1", "haltTime": "02:00", "distance": "34", "dayCount": "1", "stnSerialNumber": "3", "boardingDisabled": "false"}, {"stationCode": "KYN", "stationName": "KALYAN JN", "arrivalTime": "07:53", "departureTime": "07:55", "routeNumber": "1", "haltTime": "02:00", "distance": "54", "dayCount": "1", "stnSerialNumber": "4", "boardingDisabled": "false"}, {"stationCode": "NRL", "stationName": "NERAL", "arrivalTime": "08:24", "departureTime": "08:25", "routeNumber": "1", "haltTime": "01:00", "distance": "87", "dayCount": "1", "stnSerialNumber": "5", "boardingDisabled": "false"}, {"stationCode": "LNL", "stationName": "LONAVALA", "arrivalTime": "09:38", "departureTime": "09:40", "routeNumber": "1", "haltTime": "02:00", "distance": "128", "dayCount": "1", "stnSerialNumber": "8", "boardingDisabled": "false"}, {"stationCode": "TGN", "stationName": "TALEGAON", "arrivalTime": "10:09", "departureTime": "10:10", "routeNumber": "1", "haltTime": "01:00", "distance": "158", "dayCount": "1", "stnSerialNumber": "9", "boardingDisabled": "false"}, {"stationCode": "KK", "stationName": "KHADKI", "arrivalTime": "10:34", "departureTime": "10:35", "routeNumber": "1", "haltTime": "01:00", "distance": "186", "dayCount": "1", "stnSerialNumber": "10", "boardingDisabled": "false"}, {"stationCode": "SVJR", "stationName": "SHIVAJINAGAR", "arrivalTime": "10:44", "departureTime": "10:45", "routeNumber": "1", "haltTime": "01:00", "distance": "190", "dayCount": "1", "stnSerialNumber": "11", "boardingDisabled": "false"}, {"stationCode": "PUNE", "stationName": "PUNE JN", "arrivalTime": "11:05", "departureTime": "--", "routeNumber": "1", "haltTime": "--", "distance": "192", "dayCount": "1", "stnSerialNumber": "12", "boardingDisabled": "false"}]}