{"trainNumber": "11006", "trainName": "CHALUKYA EXP", "stationFrom": "PDY", "stationTo": "DR", "trainOwner": "0", "trainRunsOnMon": "N", "trainRunsOnTue": "Y", "trainRunsOnWed": "Y", "trainRunsOnThu": "N", "trainRunsOnFri": "N", "trainRunsOnSat": "N", "trainRunsOnSun": "Y", "timeStamp": "2023-06-19T15:30:18.750", "duration": "0", "stationList": [{"stationCode": "PDY", "stationName": "PUDUCHERRY", "arrivalTime": "--", "departureTime": "21:25", "routeNumber": "1", "haltTime": "--", "distance": "0", "dayCount": "1", "stnSerialNumber": "1", "boardingDisabled": "false"}, {"stationCode": "VM", "stationName": "VILLUPURAM JN", "arrivalTime": "22:05", "departureTime": "22:10", "routeNumber": "1", "haltTime": "05:00", "distance": "38", "dayCount": "1", "stnSerialNumber": "2", "boardingDisabled": "false"}, {"stationCode": "TRK", "stationName": "TIRUKOILUR", "arrivalTime": "22:44", "departureTime": "22:45", "routeNumber": "1", "haltTime": "01:00", "distance": "72", "dayCount": "1", "stnSerialNumber": "3", "boardingDisabled": "false"}, {"stationCode": "TNM", "stationName": "TIRUVANNAMALAI", "arrivalTime": "23:13", "departureTime": "23:15", "routeNumber": "1", "haltTime": "02:00", "distance": "106", "dayCount": "1", "stnSerialNumber": "4", "boardingDisabled": "false"}, {"stationCode": "PRL", "stationName": "POLUR", "arrivalTime": "23:39", "departureTime": "23:40", "routeNumber": "1", "haltTime": "01:00", "distance": "137", "dayCount": "1", "stnSerialNumber": "5", "boardingDisabled": "false"}, {"stationCode": "VLR", "stationName": "VELLORE CANT", "arrivalTime": "00:28", "departureTime": "00:30", "routeNumber": "1", "haltTime": "02:00", "distance": "188", "dayCount": "2", "stnSerialNumber": "6", "boardingDisabled": "false"}, {"stationCode": "KPD", "stationName": "KATPADI JN", "arrivalTime": "01:15", "departureTime": "01:30", "routeNumber": "1", "haltTime": "15:00", "distance": "198", "dayCount": "2", "stnSerialNumber": "7", "boardingDisabled": "false"}, {"stationCode": "JTJ", "stationName": "JOLARPETTAI", "arrivalTime": "02:43", "departureTime": "02:45", "routeNumber": "1", "haltTime": "02:00", "distance": "282", "dayCount": "2", "stnSerialNumber": "8", "boardingDisabled": "false"}, {"stationCode": "BWT", "stationName": "BANGARAPET", "arrivalTime": "03:52", "departureTime": "03:53", "routeNumber": "1", "haltTime": "01:00", "distance": "360", "dayCount": "2", "stnSerialNumber": "9", "boardingDisabled": "false"}, {"stationCode": "KJM", "stationName": "KRISHNARAJAPURM", "arrivalTime": "04:41", "departureTime": "04:43", "routeNumber": "1", "haltTime": "02:00", "distance": "416", "dayCount": "2", "stnSerialNumber": "10", "boardingDisabled": "false"}, {"stationCode": "BAND", "stationName": "BANASWADI", "arrivalTime": "05:06", "departureTime": "05:08", "routeNumber": "1", "haltTime": "02:00", "distance": "423", "dayCount": "2", "stnSerialNumber": "11", "boardingDisabled": "false"}, {"stationCode": "YPR", "stationName": "YESVANTPUR JN", "arrivalTime": "06:00", "departureTime": "06:30", "routeNumber": "1", "haltTime": "30:00", "distance": "438", "dayCount": "2", "stnSerialNumber": "12", "boardingDisabled": "false"}, {"stationCode": "TK", "stationName": "TUMAKURU", "arrivalTime": "07:18", "departureTime": "07:20", "routeNumber": "1", "haltTime": "02:00", "distance": "502", "dayCount": "2", "stnSerialNumber": "13", "boardingDisabled": "false"}, {"stationCode": "TTR", "stationName": "TIPTUR", "arrivalTime": "08:28", "departureTime": "08:30", "routeNumber": "1", "haltTime": "02:00", "distance": "572", "dayCount": "2", "stnSerialNumber": "14", "boardingDisabled": "false"}, {"stationCode": "ASK", "stationName": "ARSIKERE JN", "arrivalTime": "09:10", "departureTime": "09:15", "routeNumber": "1", "haltTime": "05:00", "distance": "598", "dayCount": "2", "stnSerialNumber": "15", "boardingDisabled": "false"}, {"stationCode": "DRU", "stationName": "KADUR", "arrivalTime": "09:45", "departureTime": "09:47", "routeNumber": "1", "haltTime": "02:00", "distance": "637", "dayCount": "2", "stnSerialNumber": "16", "boardingDisabled": "false"}, {"stationCode": "RRB", "stationName": "BIRUR JN", "arrivalTime": "09:56", "departureTime": "09:58", "routeNumber": "1", "haltTime": "02:00", "distance": "643", "dayCount": "2", "stnSerialNumber": "17", "boardingDisabled": "false"}, {"stationCode": "DVG", "stationName": "DAVANGERE", "arrivalTime": "11:18", "departureTime": "11:20", "routeNumber": "1", "haltTime": "02:00", "distance": "757", "dayCount": "2", "stnSerialNumber": "18", "boardingDisabled": "false"}, {"stationCode": "HRR", "stationName": "HARIHAR", "arrivalTime": "11:35", "departureTime": "11:37", "routeNumber": "1", "haltTime": "02:00", "distance": "771", "dayCount": "2", "stnSerialNumber": "19", "boardingDisabled": "false"}, {"stationCode": "RNR", "stationName": "RANIBENNUR", "arrivalTime": "11:58", "departureTime": "12:00", "routeNumber": "1", "haltTime": "02:00", "distance": "794", "dayCount": "2", "stnSerialNumber": "20", "boardingDisabled": "false"}, {"stationCode": "HVR", "stationName": "MMAILARA HAVERI", "arrivalTime": "12:28", "departureTime": "12:30", "routeNumber": "1", "haltTime": "02:00", "distance": "826", "dayCount": "2", "stnSerialNumber": "21", "boardingDisabled": "false"}, {"stationCode": "UBL", "stationName": "SSS HUBBALLI JN", "arrivalTime": "14:05", "departureTime": "14:15", "routeNumber": "1", "haltTime": "10:00", "distance": "901", "dayCount": "2", "stnSerialNumber": "22", "boardingDisabled": "false"}, {"stationCode": "DWR", "stationName": "DHARWAR", "arrivalTime": "14:43", "departureTime": "14:45", "routeNumber": "1", "haltTime": "02:00", "distance": "921", "dayCount": "2", "stnSerialNumber": "23", "boardingDisabled": "false"}, {"stationCode": "LWR", "stationName": "ALNAVAR JN", "arrivalTime": "15:23", "departureTime": "15:24", "routeNumber": "1", "haltTime": "01:00", "distance": "958", "dayCount": "2", "stnSerialNumber": "24", "boardingDisabled": "false"}, {"stationCode": "LD", "stationName": "LONDA JN", "arrivalTime": "16:08", "departureTime": "16:10", "routeNumber": "1", "haltTime": "02:00", "distance": "992", "dayCount": "2", "stnSerialNumber": "25", "boardingDisabled": "false"}, {"stationCode": "KNP", "stationName": "KHANAPUR", "arrivalTime": "16:39", "departureTime": "16:40", "routeNumber": "1", "haltTime": "01:00", "distance": "1017", "dayCount": "2", "stnSerialNumber": "26", "boardingDisabled": "false"}, {"stationCode": "BGM", "stationName": "BELAGAVI", "arrivalTime": "17:15", "departureTime": "17:20", "routeNumber": "1", "haltTime": "05:00", "distance": "1043", "dayCount": "2", "stnSerialNumber": "27", "boardingDisabled": "false"}, {"stationCode": "GPB", "stationName": "GHATPRABHA", "arrivalTime": "18:23", "departureTime": "18:25", "routeNumber": "1", "haltTime": "02:00", "distance": "1101", "dayCount": "2", "stnSerialNumber": "28", "boardingDisabled": "false"}, {"stationCode": "KUD", "stationName": "KUDACHI", "arrivalTime": "19:01", "departureTime": "19:02", "routeNumber": "1", "haltTime": "01:00", "distance": "1147", "dayCount": "2", "stnSerialNumber": "29", "boardingDisabled": "false"}, {"stationCode": "MRJ", "stationName": "MIRAJ JN", "arrivalTime": "20:40", "departureTime": "20:50", "routeNumber": "1", "haltTime": "10:00", "distance": "1180", "dayCount": "2", "stnSerialNumber": "30", "boardingDisabled": "false"}, {"stationCode": "SLI", "stationName": "SANGLI", "arrivalTime": "21:02", "departureTime": "21:05", "routeNumber": "1", "haltTime": "03:00", "distance": "1187", "dayCount": "2", "stnSerialNumber": "31", "boardingDisabled": "false"}, {"stationCode": "KRD", "stationName": "KARAD", "arrivalTime": "22:02", "departureTime": "22:05", "routeNumber": "1", "haltTime": "03:00", "distance": "1255", "dayCount": "2", "stnSerialNumber": "32", "boardingDisabled": "false"}, {"stationCode": "STR", "stationName": "SATARA", "arrivalTime": "23:07", "departureTime": "23:10", "routeNumber": "1", "haltTime": "03:00", "distance": "1314", "dayCount": "2", "stnSerialNumber": "33", "boardingDisabled": "false"}, {"stationCode": "PUNE", "stationName": "PUNE JN", "arrivalTime": "02:05", "departureTime": "02:10", "routeNumber": "1", "haltTime": "05:00", "distance": "1459", "dayCount": "3", "stnSerialNumber": "34", "boardingDisabled": "false"}, {"stationCode": "KYN", "stationName": "KALYAN JN", "arrivalTime": "04:37", "departureTime": "04:40", "routeNumber": "1", "haltTime": "03:00", "distance": "1597", "dayCount": "3", "stnSerialNumber": "35", "boardingDisabled": "false"}, {"stationCode": "DR", "stationName": "DADAR", "arrivalTime": "05:35", "departureTime": "--", "routeNumber": "1", "haltTime": "--", "distance": "1642", "dayCount": "3", "stnSerialNumber": "36", "boardingDisabled": "false"}]}