{"trainNumber": "11003", "trainName": "TUTARI EXPRESS", "stationFrom": "DR", "stationTo": "SWV", "trainOwner": "0", "trainRunsOnMon": "Y", "trainRunsOnTue": "Y", "trainRunsOnWed": "Y", "trainRunsOnThu": "Y", "trainRunsOnFri": "Y", "trainRunsOnSat": "Y", "trainRunsOnSun": "Y", "timeStamp": "2023-06-19T15:31:04.008", "duration": "0", "stationList": [{"stationCode": "DR", "stationName": "DADAR", "arrivalTime": "--", "departureTime": "00:05", "routeNumber": "1", "haltTime": "--", "distance": "0", "dayCount": "1", "stnSerialNumber": "1", "boardingDisabled": "false"}, {"stationCode": "TNA", "stationName": "THANE", "arrivalTime": "00:32", "departureTime": "00:35", "routeNumber": "1", "haltTime": "03:00", "distance": "25", "dayCount": "1", "stnSerialNumber": "2", "boardingDisabled": "false"}, {"stationCode": "PNVL", "stationName": "PANVEL", "arrivalTime": "01:10", "departureTime": "01:15", "routeNumber": "1", "haltTime": "05:00", "distance": "60", "dayCount": "1", "stnSerialNumber": "4", "boardingDisabled": "false"}, {"stationCode": "MNI", "stationName": "MANGAON", "arrivalTime": "03:02", "departureTime": "03:04", "routeNumber": "1", "haltTime": "02:00", "distance": "180", "dayCount": "1", "stnSerialNumber": "6", "boardingDisabled": "false"}, {"stationCode": "VEER", "stationName": "VEER", "arrivalTime": "03:20", "departureTime": "03:22", "routeNumber": "1", "haltTime": "02:00", "distance": "203", "dayCount": "1", "stnSerialNumber": "7", "boardingDisabled": "false"}, {"stationCode": "KHED", "stationName": "KHED", "arrivalTime": "04:22", "departureTime": "04:24", "routeNumber": "1", "haltTime": "02:00", "distance": "275", "dayCount": "1", "stnSerialNumber": "8", "boardingDisabled": "false"}, {"stationCode": "CHI", "stationName": "CHIPLUN", "arrivalTime": "05:18", "departureTime": "05:20", "routeNumber": "1", "haltTime": "02:00", "distance": "316", "dayCount": "1", "stnSerialNumber": "9", "boardingDisabled": "false"}, {"stationCode": "SVX", "stationName": "SAVARDA", "arrivalTime": "05:40", "departureTime": "05:42", "routeNumber": "1", "haltTime": "02:00", "distance": "342", "dayCount": "1", "stnSerialNumber": "10", "boardingDisabled": "false"}, {"stationCode": "AVRD", "stationName": "ARAVALI ROAD", "arrivalTime": "05:52", "departureTime": "05:54", "routeNumber": "1", "haltTime": "02:00", "distance": "356", "dayCount": "1", "stnSerialNumber": "11", "boardingDisabled": "false"}, {"stationCode": "SGR", "stationName": "SANGMESHWAR", "arrivalTime": "06:14", "departureTime": "06:16", "routeNumber": "1", "haltTime": "02:00", "distance": "376", "dayCount": "1", "stnSerialNumber": "12", "boardingDisabled": "false"}, {"stationCode": "RN", "stationName": "RATNAGIRI", "arrivalTime": "07:45", "departureTime": "07:50", "routeNumber": "1", "haltTime": "05:00", "distance": "422", "dayCount": "1", "stnSerialNumber": "13", "boardingDisabled": "false"}, {"stationCode": "ADVI", "stationName": "ADAVALI", "arrivalTime": "08:22", "departureTime": "08:24", "routeNumber": "1", "haltTime": "02:00", "distance": "467", "dayCount": "1", "stnSerialNumber": "14", "boardingDisabled": "false"}, {"stationCode": "VID", "stationName": "VILAVADE", "arrivalTime": "08:48", "departureTime": "08:50", "routeNumber": "1", "haltTime": "02:00", "distance": "488", "dayCount": "1", "stnSerialNumber": "15", "boardingDisabled": "false"}, {"stationCode": "RAJP", "stationName": "RAJAPUR ROAD", "arrivalTime": "09:10", "departureTime": "09:12", "routeNumber": "1", "haltTime": "02:00", "distance": "511", "dayCount": "1", "stnSerialNumber": "16", "boardingDisabled": "false"}, {"stationCode": "VBW", "stationName": "VAIBHAVWADI RD", "arrivalTime": "09:28", "departureTime": "09:30", "routeNumber": "1", "haltTime": "02:00", "distance": "535", "dayCount": "1", "stnSerialNumber": "17", "boardingDisabled": "false"}, {"stationCode": "KKW", "stationName": "KANKAVALI", "arrivalTime": "10:14", "departureTime": "10:16", "routeNumber": "1", "haltTime": "02:00", "distance": "578", "dayCount": "1", "stnSerialNumber": "19", "boardingDisabled": "false"}, {"stationCode": "SNDD", "stationName": "SINDHUDURG", "arrivalTime": "10:36", "departureTime": "10:38", "routeNumber": "1", "haltTime": "02:00", "distance": "603", "dayCount": "1", "stnSerialNumber": "20", "boardingDisabled": "false"}, {"stationCode": "KUDL", "stationName": "KUDAL", "arrivalTime": "10:50", "departureTime": "10:52", "routeNumber": "1", "haltTime": "02:00", "distance": "617", "dayCount": "1", "stnSerialNumber": "21", "boardingDisabled": "false"}, {"stationCode": "SWV", "stationName": "SAWANTWADI ROAD", "arrivalTime": "11:30", "departureTime": "--", "routeNumber": "1", "haltTime": "--", "distance": "647", "dayCount": "1", "stnSerialNumber": "22", "boardingDisabled": "false"}]}