{"trainNumber": "11009", "trainName": "SINHAGAD EXP", "stationFrom": "CSMT", "stationTo": "PUNE", "trainOwner": "0", "trainRunsOnMon": "Y", "trainRunsOnTue": "Y", "trainRunsOnWed": "Y", "trainRunsOnThu": "Y", "trainRunsOnFri": "Y", "trainRunsOnSat": "Y", "trainRunsOnSun": "Y", "timeStamp": "2023-06-19T15:31:03.980", "duration": "0", "stationList": [{"stationCode": "CSMT", "stationName": "C SHIVAJI MAH T", "arrivalTime": "--", "departureTime": "17:50", "routeNumber": "1", "haltTime": "--", "distance": "0", "dayCount": "1", "stnSerialNumber": "1", "boardingDisabled": "false"}, {"stationCode": "DR", "stationName": "DADAR", "arrivalTime": "18:02", "departureTime": "18:04", "routeNumber": "1", "haltTime": "02:00", "distance": "9", "dayCount": "1", "stnSerialNumber": "2", "boardingDisabled": "false"}, {"stationCode": "TNA", "stationName": "THANE", "arrivalTime": "18:28", "departureTime": "18:30", "routeNumber": "1", "haltTime": "02:00", "distance": "34", "dayCount": "1", "stnSerialNumber": "3", "boardingDisabled": "false"}, {"stationCode": "KYN", "stationName": "KALYAN JN", "arrivalTime": "18:47", "departureTime": "18:50", "routeNumber": "1", "haltTime": "03:00", "distance": "54", "dayCount": "1", "stnSerialNumber": "4", "boardingDisabled": "false"}, {"stationCode": "KJT", "stationName": "KARJAT", "arrivalTime": "19:28", "departureTime": "19:30", "routeNumber": "1", "haltTime": "02:00", "distance": "100", "dayCount": "1", "stnSerialNumber": "5", "boardingDisabled": "false"}, {"stationCode": "LNL", "stationName": "LONAVALA", "arrivalTime": "20:18", "departureTime": "20:20", "routeNumber": "1", "haltTime": "02:00", "distance": "128", "dayCount": "1", "stnSerialNumber": "6", "boardingDisabled": "false"}, {"stationCode": "CCH", "stationName": "CHINCHVAD", "arrivalTime": "20:54", "departureTime": "20:55", "routeNumber": "1", "haltTime": "01:00", "distance": "176", "dayCount": "1", "stnSerialNumber": "7", "boardingDisabled": "false"}, {"stationCode": "PMP", "stationName": "PIMPRI", "arrivalTime": "20:59", "departureTime": "21:00", "routeNumber": "1", "haltTime": "01:00", "distance": "178", "dayCount": "1", "stnSerialNumber": "8", "boardingDisabled": "false"}, {"stationCode": "KK", "stationName": "KHADKI", "arrivalTime": "21:09", "departureTime": "21:10", "routeNumber": "1", "haltTime": "01:00", "distance": "186", "dayCount": "1", "stnSerialNumber": "9", "boardingDisabled": "false"}, {"stationCode": "SVJR", "stationName": "SHIVAJINAGAR", "arrivalTime": "21:24", "departureTime": "21:25", "routeNumber": "1", "haltTime": "01:00", "distance": "190", "dayCount": "1", "stnSerialNumber": "10", "boardingDisabled": "false"}, {"stationCode": "PUNE", "stationName": "PUNE JN", "arrivalTime": "21:50", "departureTime": "--", "routeNumber": "1", "haltTime": "--", "distance": "192", "dayCount": "1", "stnSerialNumber": "11", "boardingDisabled": "false"}]}