{"trainNumber": "11004", "trainName": "TUTARI EXPRESS", "stationFrom": "SWV", "stationTo": "DR", "trainOwner": "0", "trainRunsOnMon": "Y", "trainRunsOnTue": "Y", "trainRunsOnWed": "Y", "trainRunsOnThu": "Y", "trainRunsOnFri": "Y", "trainRunsOnSat": "Y", "trainRunsOnSun": "Y", "timeStamp": "2023-06-19T15:30:18.697", "duration": "0", "stationList": [{"stationCode": "SWV", "stationName": "SAWANTWADI ROAD", "arrivalTime": "--", "departureTime": "17:55", "routeNumber": "1", "haltTime": "--", "distance": "0", "dayCount": "1", "stnSerialNumber": "1", "boardingDisabled": "false"}, {"stationCode": "KUDL", "stationName": "KUDAL", "arrivalTime": "18:14", "departureTime": "18:16", "routeNumber": "1", "haltTime": "02:00", "distance": "30", "dayCount": "1", "stnSerialNumber": "2", "boardingDisabled": "false"}, {"stationCode": "SNDD", "stationName": "SINDHUDURG", "arrivalTime": "18:26", "departureTime": "18:28", "routeNumber": "1", "haltTime": "02:00", "distance": "44", "dayCount": "1", "stnSerialNumber": "3", "boardingDisabled": "false"}, {"stationCode": "KKW", "stationName": "KANKAVALI", "arrivalTime": "18:46", "departureTime": "18:48", "routeNumber": "1", "haltTime": "02:00", "distance": "69", "dayCount": "1", "stnSerialNumber": "4", "boardingDisabled": "false"}, {"stationCode": "VBW", "stationName": "VAIBHAVWADI RD", "arrivalTime": "19:20", "departureTime": "19:22", "routeNumber": "1", "haltTime": "02:00", "distance": "112", "dayCount": "1", "stnSerialNumber": "6", "boardingDisabled": "false"}, {"stationCode": "RAJP", "stationName": "RAJAPUR ROAD", "arrivalTime": "19:40", "departureTime": "19:42", "routeNumber": "1", "haltTime": "02:00", "distance": "136", "dayCount": "1", "stnSerialNumber": "7", "boardingDisabled": "false"}, {"stationCode": "VID", "stationName": "VILAVADE", "arrivalTime": "20:08", "departureTime": "20:10", "routeNumber": "1", "haltTime": "02:00", "distance": "159", "dayCount": "1", "stnSerialNumber": "8", "boardingDisabled": "false"}, {"stationCode": "ADVI", "stationName": "ADAVALI", "arrivalTime": "20:30", "departureTime": "20:32", "routeNumber": "1", "haltTime": "02:00", "distance": "181", "dayCount": "1", "stnSerialNumber": "9", "boardingDisabled": "false"}, {"stationCode": "RN", "stationName": "RATNAGIRI", "arrivalTime": "21:35", "departureTime": "21:40", "routeNumber": "1", "haltTime": "05:00", "distance": "225", "dayCount": "1", "stnSerialNumber": "10", "boardingDisabled": "false"}, {"stationCode": "SGR", "stationName": "SANGMESHWAR", "arrivalTime": "22:18", "departureTime": "22:20", "routeNumber": "1", "haltTime": "02:00", "distance": "272", "dayCount": "1", "stnSerialNumber": "11", "boardingDisabled": "false"}, {"stationCode": "AVRD", "stationName": "ARAVALI ROAD", "arrivalTime": "22:36", "departureTime": "22:38", "routeNumber": "1", "haltTime": "02:00", "distance": "291", "dayCount": "1", "stnSerialNumber": "12", "boardingDisabled": "false"}, {"stationCode": "SVX", "stationName": "SAVARDA", "arrivalTime": "22:50", "departureTime": "22:52", "routeNumber": "1", "haltTime": "02:00", "distance": "305", "dayCount": "1", "stnSerialNumber": "13", "boardingDisabled": "false"}, {"stationCode": "CHI", "stationName": "CHIPLUN", "arrivalTime": "23:10", "departureTime": "23:12", "routeNumber": "1", "haltTime": "02:00", "distance": "331", "dayCount": "1", "stnSerialNumber": "14", "boardingDisabled": "false"}, {"stationCode": "KHED", "stationName": "KHED", "arrivalTime": "23:40", "departureTime": "23:42", "routeNumber": "1", "haltTime": "02:00", "distance": "372", "dayCount": "1", "stnSerialNumber": "15", "boardingDisabled": "false"}, {"stationCode": "VEER", "stationName": "VEER", "arrivalTime": "01:16", "departureTime": "01:18", "routeNumber": "1", "haltTime": "02:00", "distance": "444", "dayCount": "2", "stnSerialNumber": "16", "boardingDisabled": "false"}, {"stationCode": "MNI", "stationName": "MANGAON", "arrivalTime": "01:36", "departureTime": "01:38", "routeNumber": "1", "haltTime": "02:00", "distance": "468", "dayCount": "2", "stnSerialNumber": "17", "boardingDisabled": "false"}, {"stationCode": "PNVL", "stationName": "PANVEL", "arrivalTime": "04:45", "departureTime": "04:50", "routeNumber": "1", "haltTime": "05:00", "distance": "587", "dayCount": "2", "stnSerialNumber": "19", "boardingDisabled": "false"}, {"stationCode": "TNA", "stationName": "THANE", "arrivalTime": "05:48", "departureTime": "05:50", "routeNumber": "1", "haltTime": "02:00", "distance": "622", "dayCount": "2", "stnSerialNumber": "21", "boardingDisabled": "false"}, {"stationCode": "DR", "stationName": "DADAR", "arrivalTime": "06:40", "departureTime": "--", "routeNumber": "1", "haltTime": "--", "distance": "647", "dayCount": "2", "stnSerialNumber": "22", "boardingDisabled": "false"}]}