{"trainNumber": "11008", "trainName": "DECCAN EXPRESS", "stationFrom": "PUNE", "stationTo": "CSMT", "trainOwner": "0", "trainRunsOnMon": "Y", "trainRunsOnTue": "Y", "trainRunsOnWed": "Y", "trainRunsOnThu": "Y", "trainRunsOnFri": "Y", "trainRunsOnSat": "Y", "trainRunsOnSun": "Y", "timeStamp": "2023-06-19T15:31:03.987", "duration": "0", "stationList": [{"stationCode": "PUNE", "stationName": "PUNE JN", "arrivalTime": "--", "departureTime": "15:15", "routeNumber": "1", "haltTime": "--", "distance": "0", "dayCount": "1", "stnSerialNumber": "1", "boardingDisabled": "false"}, {"stationCode": "SVJR", "stationName": "SHIVAJINAGAR", "arrivalTime": "15:21", "departureTime": "15:23", "routeNumber": "1", "haltTime": "02:00", "distance": "3", "dayCount": "1", "stnSerialNumber": "2", "boardingDisabled": "false"}, {"stationCode": "KK", "stationName": "KHADKI", "arrivalTime": "15:28", "departureTime": "15:30", "routeNumber": "1", "haltTime": "02:00", "distance": "7", "dayCount": "1", "stnSerialNumber": "3", "boardingDisabled": "false"}, {"stationCode": "TGN", "stationName": "TALEGAON", "arrivalTime": "15:55", "departureTime": "15:57", "routeNumber": "1", "haltTime": "02:00", "distance": "35", "dayCount": "1", "stnSerialNumber": "4", "boardingDisabled": "false"}, {"stationCode": "LNL", "stationName": "LONAVALA", "arrivalTime": "16:23", "departureTime": "16:25", "routeNumber": "1", "haltTime": "02:00", "distance": "64", "dayCount": "1", "stnSerialNumber": "5", "boardingDisabled": "false"}, {"stationCode": "KYN", "stationName": "KALYAN JN", "arrivalTime": "17:47", "departureTime": "17:50", "routeNumber": "1", "haltTime": "03:00", "distance": "139", "dayCount": "1", "stnSerialNumber": "9", "boardingDisabled": "false"}, {"stationCode": "TNA", "stationName": "THANE", "arrivalTime": "18:08", "departureTime": "18:10", "routeNumber": "1", "haltTime": "02:00", "distance": "159", "dayCount": "1", "stnSerialNumber": "10", "boardingDisabled": "false"}, {"stationCode": "DR", "stationName": "DADAR", "arrivalTime": "18:38", "departureTime": "18:40", "routeNumber": "1", "haltTime": "02:00", "distance": "183", "dayCount": "1", "stnSerialNumber": "11", "boardingDisabled": "false"}, {"stationCode": "CSMT", "stationName": "C SHIVAJI MAH T", "arrivalTime": "19:05", "departureTime": "--", "routeNumber": "1", "haltTime": "--", "distance": "192", "dayCount": "1", "stnSerialNumber": "12", "boardingDisabled": "false"}]}