{"trainNumber": "11010", "trainName": "SINHAGAD EXP", "stationFrom": "PUNE", "stationTo": "CSMT", "trainOwner": "0", "trainRunsOnMon": "Y", "trainRunsOnTue": "Y", "trainRunsOnWed": "Y", "trainRunsOnThu": "Y", "trainRunsOnFri": "Y", "trainRunsOnSat": "Y", "trainRunsOnSun": "Y", "timeStamp": "2023-06-19T15:31:04.117", "duration": "0", "stationList": [{"stationCode": "PUNE", "stationName": "PUNE JN", "arrivalTime": "--", "departureTime": "06:05", "routeNumber": "1", "haltTime": "--", "distance": "0", "dayCount": "1", "stnSerialNumber": "1", "boardingDisabled": "false"}, {"stationCode": "SVJR", "stationName": "SHIVAJINAGAR", "arrivalTime": "06:11", "departureTime": "06:13", "routeNumber": "1", "haltTime": "02:00", "distance": "3", "dayCount": "1", "stnSerialNumber": "2", "boardingDisabled": "false"}, {"stationCode": "KK", "stationName": "KHADKI", "arrivalTime": "06:19", "departureTime": "06:20", "routeNumber": "1", "haltTime": "01:00", "distance": "7", "dayCount": "1", "stnSerialNumber": "3", "boardingDisabled": "false"}, {"stationCode": "PMP", "stationName": "PIMPRI", "arrivalTime": "06:29", "departureTime": "06:30", "routeNumber": "1", "haltTime": "01:00", "distance": "15", "dayCount": "1", "stnSerialNumber": "4", "boardingDisabled": "false"}, {"stationCode": "CCH", "stationName": "CHINCHVAD", "arrivalTime": "06:34", "departureTime": "06:35", "routeNumber": "1", "haltTime": "01:00", "distance": "17", "dayCount": "1", "stnSerialNumber": "5", "boardingDisabled": "false"}, {"stationCode": "LNL", "stationName": "LONAVALA", "arrivalTime": "07:13", "departureTime": "07:15", "routeNumber": "1", "haltTime": "02:00", "distance": "64", "dayCount": "1", "stnSerialNumber": "6", "boardingDisabled": "false"}, {"stationCode": "KJT", "stationName": "KARJAT", "arrivalTime": "08:01", "departureTime": "08:03", "routeNumber": "1", "haltTime": "02:00", "distance": "92", "dayCount": "1", "stnSerialNumber": "7", "boardingDisabled": "false"}, {"stationCode": "KYN", "stationName": "KALYAN JN", "arrivalTime": "08:46", "departureTime": "08:48", "routeNumber": "1", "haltTime": "02:00", "distance": "139", "dayCount": "1", "stnSerialNumber": "8", "boardingDisabled": "false"}, {"stationCode": "DR", "stationName": "DADAR", "arrivalTime": "09:33", "departureTime": "09:35", "routeNumber": "1", "haltTime": "02:00", "distance": "183", "dayCount": "1", "stnSerialNumber": "10", "boardingDisabled": "false"}, {"stationCode": "CSMT", "stationName": "C SHIVAJI MAH T", "arrivalTime": "09:55", "departureTime": "--", "routeNumber": "1", "haltTime": "--", "distance": "192", "dayCount": "1", "stnSerialNumber": "11", "boardingDisabled": "false"}]}