{"trainNumber": "11013", "trainName": "COIMBTORE EXP", "stationFrom": "LTT", "stationTo": "CBE", "trainOwner": "0", "trainRunsOnMon": "Y", "trainRunsOnTue": "Y", "trainRunsOnWed": "Y", "trainRunsOnThu": "Y", "trainRunsOnFri": "Y", "trainRunsOnSat": "Y", "trainRunsOnSun": "Y", "timeStamp": "2023-06-19T15:31:04.193", "duration": "0", "stationList": [{"stationCode": "LTT", "stationName": "LOKMANYATILAK T", "arrivalTime": "--", "departureTime": "22:35", "routeNumber": "1", "haltTime": "--", "distance": "0", "dayCount": "1", "stnSerialNumber": "1", "boardingDisabled": "false"}, {"stationCode": "TNA", "stationName": "THANE", "arrivalTime": "22:53", "departureTime": "22:55", "routeNumber": "1", "haltTime": "02:00", "distance": "18", "dayCount": "1", "stnSerialNumber": "2", "boardingDisabled": "false"}, {"stationCode": "KYN", "stationName": "KALYAN JN", "arrivalTime": "23:17", "departureTime": "23:20", "routeNumber": "1", "haltTime": "03:00", "distance": "38", "dayCount": "1", "stnSerialNumber": "3", "boardingDisabled": "false"}, {"stationCode": "PUNE", "stationName": "PUNE JN", "arrivalTime": "01:50", "departureTime": "01:55", "routeNumber": "1", "haltTime": "05:00", "distance": "176", "dayCount": "2", "stnSerialNumber": "4", "boardingDisabled": "false"}, {"stationCode": "KWV", "stationName": "KURDUVADI", "arrivalTime": "04:33", "departureTime": "04:35", "routeNumber": "1", "haltTime": "02:00", "distance": "361", "dayCount": "2", "stnSerialNumber": "5", "boardingDisabled": "false"}, {"stationCode": "SUR", "stationName": "SOLAPUR JN", "arrivalTime": "06:00", "departureTime": "06:05", "routeNumber": "1", "haltTime": "05:00", "distance": "440", "dayCount": "2", "stnSerialNumber": "6", "boardingDisabled": "false"}, {"stationCode": "DUD", "stationName": "DUDHANI", "arrivalTime": "07:00", "departureTime": "07:02", "routeNumber": "1", "haltTime": "02:00", "distance": "503", "dayCount": "2", "stnSerialNumber": "7", "boardingDisabled": "false"}, {"stationCode": "GUR", "stationName": "GANAGAPUR ROAD", "arrivalTime": "07:22", "departureTime": "07:24", "routeNumber": "1", "haltTime": "02:00", "distance": "526", "dayCount": "2", "stnSerialNumber": "8", "boardingDisabled": "false"}, {"stationCode": "KLBG", "stationName": "KALABURAGI", "arrivalTime": "07:55", "departureTime": "07:58", "routeNumber": "1", "haltTime": "03:00", "distance": "553", "dayCount": "2", "stnSerialNumber": "9", "boardingDisabled": "false"}, {"stationCode": "SDB", "stationName": "SHAHABAD", "arrivalTime": "08:25", "departureTime": "08:27", "routeNumber": "1", "haltTime": "02:00", "distance": "579", "dayCount": "2", "stnSerialNumber": "10", "boardingDisabled": "false"}, {"stationCode": "WADI", "stationName": "WADI", "arrivalTime": "09:05", "departureTime": "09:10", "routeNumber": "1", "haltTime": "05:00", "distance": "589", "dayCount": "2", "stnSerialNumber": "11", "boardingDisabled": "false"}, {"stationCode": "YG", "stationName": "YADGIR", "arrivalTime": "09:54", "departureTime": "09:55", "routeNumber": "1", "haltTime": "01:00", "distance": "628", "dayCount": "2", "stnSerialNumber": "13", "boardingDisabled": "false"}, {"stationCode": "KSN", "stationName": "KRISHNA", "arrivalTime": "10:24", "departureTime": "10:25", "routeNumber": "1", "haltTime": "01:00", "distance": "672", "dayCount": "2", "stnSerialNumber": "14", "boardingDisabled": "false"}, {"stationCode": "RC", "stationName": "RAICHUR", "arrivalTime": "11:03", "departureTime": "11:05", "routeNumber": "1", "haltTime": "02:00", "distance": "697", "dayCount": "2", "stnSerialNumber": "15", "boardingDisabled": "false"}, {"stationCode": "MALM", "stationName": "MANTHRALAYAM RD", "arrivalTime": "11:29", "departureTime": "11:30", "routeNumber": "1", "haltTime": "01:00", "distance": "725", "dayCount": "2", "stnSerialNumber": "16", "boardingDisabled": "false"}, {"stationCode": "AD", "stationName": "ADONI", "arrivalTime": "12:09", "departureTime": "12:10", "routeNumber": "1", "haltTime": "01:00", "distance": "766", "dayCount": "2", "stnSerialNumber": "17", "boardingDisabled": "false"}, {"stationCode": "GTL", "stationName": "GUNTAKAL JN", "arrivalTime": "13:05", "departureTime": "13:10", "routeNumber": "1", "haltTime": "05:00", "distance": "818", "dayCount": "2", "stnSerialNumber": "18", "boardingDisabled": "false"}, {"stationCode": "ATP", "stationName": "ANANTAPUR", "arrivalTime": "14:28", "departureTime": "14:30", "routeNumber": "1", "haltTime": "02:00", "distance": "885", "dayCount": "2", "stnSerialNumber": "22", "boardingDisabled": "false"}, {"stationCode": "DMM", "stationName": "DHARMAVARAM JN", "arrivalTime": "15:28", "departureTime": "15:30", "routeNumber": "1", "haltTime": "02:00", "distance": "919", "dayCount": "2", "stnSerialNumber": "23", "boardingDisabled": "false"}, {"stationCode": "SSPN", "stationName": "SAI P NILAYAM", "arrivalTime": "16:00", "departureTime": "16:02", "routeNumber": "1", "haltTime": "02:00", "distance": "952", "dayCount": "2", "stnSerialNumber": "24", "boardingDisabled": "false"}, {"stationCode": "HUP", "stationName": "HINDUPUR", "arrivalTime": "17:00", "departureTime": "17:02", "routeNumber": "1", "haltTime": "02:00", "distance": "1010", "dayCount": "2", "stnSerialNumber": "25", "boardingDisabled": "false"}, {"stationCode": "GBD", "stationName": "GAURIBIDANUR", "arrivalTime": "17:26", "departureTime": "17:27", "routeNumber": "1", "haltTime": "01:00", "distance": "1033", "dayCount": "2", "stnSerialNumber": "26", "boardingDisabled": "false"}, {"stationCode": "BNCE", "stationName": "BENGALURU EAST", "arrivalTime": "20:17", "departureTime": "20:18", "routeNumber": "1", "haltTime": "01:00", "distance": "1113", "dayCount": "2", "stnSerialNumber": "27", "boardingDisabled": "false"}, {"stationCode": "SBC", "stationName": "KSR BENGALURU", "arrivalTime": "21:05", "departureTime": "21:50", "routeNumber": "1", "haltTime": "45:00", "distance": "1120", "dayCount": "2", "stnSerialNumber": "28", "boardingDisabled": "false"}, {"stationCode": "BNC", "stationName": "BENGALURU CANT", "arrivalTime": "22:00", "departureTime": "22:02", "routeNumber": "1", "haltTime": "02:00", "distance": "1124", "dayCount": "2", "stnSerialNumber": "29", "boardingDisabled": "false"}, {"stationCode": "HSRA", "stationName": "HOSUR", "arrivalTime": "23:09", "departureTime": "23:10", "routeNumber": "1", "haltTime": "01:00", "distance": "1179", "dayCount": "2", "stnSerialNumber": "30", "boardingDisabled": "false"}, {"stationCode": "DPJ", "stationName": "DHARMAPURI", "arrivalTime": "00:43", "departureTime": "00:45", "routeNumber": "1", "haltTime": "02:00", "distance": "1271", "dayCount": "3", "stnSerialNumber": "31", "boardingDisabled": "false"}, {"stationCode": "SA", "stationName": "SALEM JN", "arrivalTime": "03:37", "departureTime": "03:40", "routeNumber": "1", "haltTime": "03:00", "distance": "1337", "dayCount": "3", "stnSerialNumber": "33", "boardingDisabled": "false"}, {"stationCode": "ED", "stationName": "ERODE JN", "arrivalTime": "04:35", "departureTime": "04:40", "routeNumber": "1", "haltTime": "05:00", "distance": "1400", "dayCount": "3", "stnSerialNumber": "34", "boardingDisabled": "false"}, {"stationCode": "TUP", "stationName": "TIRUPPUR", "arrivalTime": "05:28", "departureTime": "05:30", "routeNumber": "1", "haltTime": "02:00", "distance": "1450", "dayCount": "3", "stnSerialNumber": "35", "boardingDisabled": "false"}, {"stationCode": "CBE", "stationName": "COIMBATORE JN", "arrivalTime": "06:50", "departureTime": "--", "routeNumber": "1", "haltTime": "--", "distance": "1501", "dayCount": "3", "stnSerialNumber": "37", "boardingDisabled": "false"}]}