{"trainNumber": "11017", "trainName": "LTT KARAIKAL EXP", "stationFrom": "LTT", "stationTo": "KIK", "trainOwner": "0", "trainRunsOnMon": "N", "trainRunsOnTue": "N", "trainRunsOnWed": "N", "trainRunsOnThu": "N", "trainRunsOnFri": "N", "trainRunsOnSat": "Y", "trainRunsOnSun": "N", "timeStamp": "2023-06-19T15:31:04.252", "duration": "0", "stationList": [{"stationCode": "LTT", "stationName": "LOKMANYATILAK T", "arrivalTime": "--", "departureTime": "13:15", "routeNumber": "1", "haltTime": "--", "distance": "0", "dayCount": "1", "stnSerialNumber": "1", "boardingDisabled": "false"}, {"stationCode": "TNA", "stationName": "THANE", "arrivalTime": "13:36", "departureTime": "13:38", "routeNumber": "1", "haltTime": "02:00", "distance": "18", "dayCount": "1", "stnSerialNumber": "2", "boardingDisabled": "false"}, {"stationCode": "KYN", "stationName": "KALYAN JN", "arrivalTime": "14:02", "departureTime": "14:05", "routeNumber": "1", "haltTime": "03:00", "distance": "38", "dayCount": "1", "stnSerialNumber": "3", "boardingDisabled": "false"}, {"stationCode": "LNL", "stationName": "LONAVALA", "arrivalTime": "15:28", "departureTime": "15:30", "routeNumber": "1", "haltTime": "02:00", "distance": "112", "dayCount": "1", "stnSerialNumber": "4", "boardingDisabled": "false"}, {"stationCode": "PUNE", "stationName": "PUNE JN", "arrivalTime": "16:35", "departureTime": "16:40", "routeNumber": "1", "haltTime": "05:00", "distance": "176", "dayCount": "1", "stnSerialNumber": "5", "boardingDisabled": "false"}, {"stationCode": "SUR", "stationName": "SOLAPUR JN", "arrivalTime": "20:35", "departureTime": "20:40", "routeNumber": "1", "haltTime": "05:00", "distance": "440", "dayCount": "1", "stnSerialNumber": "6", "boardingDisabled": "false"}, {"stationCode": "KLBG", "stationName": "KALABURAGI", "arrivalTime": "22:10", "departureTime": "22:13", "routeNumber": "1", "haltTime": "03:00", "distance": "553", "dayCount": "1", "stnSerialNumber": "7", "boardingDisabled": "false"}, {"stationCode": "WADI", "stationName": "WADI", "arrivalTime": "23:10", "departureTime": "23:15", "routeNumber": "1", "haltTime": "05:00", "distance": "589", "dayCount": "1", "stnSerialNumber": "8", "boardingDisabled": "false"}, {"stationCode": "YG", "stationName": "YADGIR", "arrivalTime": "23:49", "departureTime": "23:50", "routeNumber": "1", "haltTime": "01:00", "distance": "628", "dayCount": "1", "stnSerialNumber": "9", "boardingDisabled": "false"}, {"stationCode": "RC", "stationName": "RAICHUR", "arrivalTime": "00:43", "departureTime": "00:45", "routeNumber": "1", "haltTime": "02:00", "distance": "697", "dayCount": "2", "stnSerialNumber": "10", "boardingDisabled": "false"}, {"stationCode": "MALM", "stationName": "MANTHRALAYAM RD", "arrivalTime": "01:09", "departureTime": "01:10", "routeNumber": "1", "haltTime": "01:00", "distance": "725", "dayCount": "2", "stnSerialNumber": "11", "boardingDisabled": "false"}, {"stationCode": "GTL", "stationName": "GUNTAKAL JN", "arrivalTime": "02:45", "departureTime": "02:50", "routeNumber": "1", "haltTime": "05:00", "distance": "818", "dayCount": "2", "stnSerialNumber": "12", "boardingDisabled": "false"}, {"stationCode": "YA", "stationName": "YERRAGUNTLA", "arrivalTime": "04:59", "departureTime": "05:00", "routeNumber": "1", "haltTime": "01:00", "distance": "963", "dayCount": "2", "stnSerialNumber": "15", "boardingDisabled": "false"}, {"stationCode": "HX", "stationName": "CUDDAPAH", "arrivalTime": "05:43", "departureTime": "05:45", "routeNumber": "1", "haltTime": "02:00", "distance": "1002", "dayCount": "2", "stnSerialNumber": "16", "boardingDisabled": "false"}, {"stationCode": "RJP", "stationName": "RAZAMPETA", "arrivalTime": "06:14", "departureTime": "06:15", "routeNumber": "1", "haltTime": "01:00", "distance": "1053", "dayCount": "2", "stnSerialNumber": "17", "boardingDisabled": "false"}, {"stationCode": "RU", "stationName": "RENIGUNTA JN", "arrivalTime": "08:08", "departureTime": "08:10", "routeNumber": "1", "haltTime": "02:00", "distance": "1127", "dayCount": "2", "stnSerialNumber": "18", "boardingDisabled": "false"}, {"stationCode": "AJJ", "stationName": "ARAKKONAM JN", "arrivalTime": "09:23", "departureTime": "09:25", "routeNumber": "1", "haltTime": "02:00", "distance": "1200", "dayCount": "2", "stnSerialNumber": "19", "boardingDisabled": "false"}, {"stationCode": "PER", "stationName": "PERAMBUR", "arrivalTime": "10:13", "departureTime": "10:15", "routeNumber": "1", "haltTime": "02:00", "distance": "1263", "dayCount": "2", "stnSerialNumber": "20", "boardingDisabled": "false"}, {"stationCode": "MS", "stationName": "CHENNAI EGMORE", "arrivalTime": "11:00", "departureTime": "11:20", "routeNumber": "1", "haltTime": "20:00", "distance": "1274", "dayCount": "2", "stnSerialNumber": "22", "boardingDisabled": "false"}, {"stationCode": "TBM", "stationName": "TAMBARAM", "arrivalTime": "11:48", "departureTime": "11:50", "routeNumber": "1", "haltTime": "02:00", "distance": "1299", "dayCount": "2", "stnSerialNumber": "23", "boardingDisabled": "false"}, {"stationCode": "CGL", "stationName": "CHENGALPATTU", "arrivalTime": "12:18", "departureTime": "12:20", "routeNumber": "1", "haltTime": "02:00", "distance": "1330", "dayCount": "2", "stnSerialNumber": "24", "boardingDisabled": "false"}, {"stationCode": "VM", "stationName": "VILLUPURAM JN", "arrivalTime": "13:55", "departureTime": "14:00", "routeNumber": "1", "haltTime": "05:00", "distance": "1432", "dayCount": "2", "stnSerialNumber": "26", "boardingDisabled": "false"}, {"stationCode": "TDPR", "stationName": "TIRUPADRIPULYUR", "arrivalTime": "14:43", "departureTime": "14:44", "routeNumber": "1", "haltTime": "01:00", "distance": "1475", "dayCount": "2", "stnSerialNumber": "27", "boardingDisabled": "false"}, {"stationCode": "CDM", "stationName": "CHIDAMBARAM", "arrivalTime": "15:23", "departureTime": "15:25", "routeNumber": "1", "haltTime": "02:00", "distance": "1517", "dayCount": "2", "stnSerialNumber": "28", "boardingDisabled": "false"}, {"stationCode": "SY", "stationName": "SIRKAZHI", "arrivalTime": "15:41", "departureTime": "15:42", "routeNumber": "1", "haltTime": "01:00", "distance": "1534", "dayCount": "2", "stnSerialNumber": "29", "boardingDisabled": "false"}, {"stationCode": "MV", "stationName": "MAYILADUTURAI J", "arrivalTime": "16:05", "departureTime": "16:07", "routeNumber": "1", "haltTime": "02:00", "distance": "1554", "dayCount": "2", "stnSerialNumber": "30", "boardingDisabled": "false"}, {"stationCode": "TVR", "stationName": "THIRUVARUR JN", "arrivalTime": "17:00", "departureTime": "17:10", "routeNumber": "1", "haltTime": "10:00", "distance": "1593", "dayCount": "2", "stnSerialNumber": "31", "boardingDisabled": "false"}, {"stationCode": "NGT", "stationName": "NAGAPPATTINAM", "arrivalTime": "17:43", "departureTime": "17:45", "routeNumber": "1", "haltTime": "02:00", "distance": "1616", "dayCount": "2", "stnSerialNumber": "32", "boardingDisabled": "false"}, {"stationCode": "NCR", "stationName": "NAGORE", "arrivalTime": "17:58", "departureTime": "18:00", "routeNumber": "1", "haltTime": "02:00", "distance": "1623", "dayCount": "2", "stnSerialNumber": "33", "boardingDisabled": "false"}, {"stationCode": "KIK", "stationName": "KARAIKAL", "arrivalTime": "18:55", "departureTime": "--", "routeNumber": "1", "haltTime": "--", "distance": "1634", "dayCount": "2", "stnSerialNumber": "34", "boardingDisabled": "false"}]}