{"trainNumber": "11014", "trainName": "CBE LTT EXP", "stationFrom": "CBE", "stationTo": "LTT", "trainOwner": "0", "trainRunsOnMon": "Y", "trainRunsOnTue": "Y", "trainRunsOnWed": "Y", "trainRunsOnThu": "Y", "trainRunsOnFri": "Y", "trainRunsOnSat": "Y", "trainRunsOnSun": "Y", "timeStamp": "2023-06-19T15:31:04.188", "duration": "0", "stationList": [{"stationCode": "CBE", "stationName": "COIMBATORE JN", "arrivalTime": "--", "departureTime": "08:50", "routeNumber": "1", "haltTime": "--", "distance": "0", "dayCount": "1", "stnSerialNumber": "1", "boardingDisabled": "false"}, {"stationCode": "TUP", "stationName": "TIRUPPUR", "arrivalTime": "09:33", "departureTime": "09:35", "routeNumber": "1", "haltTime": "02:00", "distance": "51", "dayCount": "1", "stnSerialNumber": "3", "boardingDisabled": "false"}, {"stationCode": "ED", "stationName": "ERODE JN", "arrivalTime": "10:20", "departureTime": "10:25", "routeNumber": "1", "haltTime": "05:00", "distance": "101", "dayCount": "1", "stnSerialNumber": "4", "boardingDisabled": "false"}, {"stationCode": "SA", "stationName": "SALEM JN", "arrivalTime": "11:20", "departureTime": "11:25", "routeNumber": "1", "haltTime": "05:00", "distance": "164", "dayCount": "1", "stnSerialNumber": "5", "boardingDisabled": "false"}, {"stationCode": "DPJ", "stationName": "DHARMAPURI", "arrivalTime": "12:43", "departureTime": "12:45", "routeNumber": "1", "haltTime": "02:00", "distance": "230", "dayCount": "1", "stnSerialNumber": "7", "boardingDisabled": "false"}, {"stationCode": "HSRA", "stationName": "HOSUR", "arrivalTime": "14:03", "departureTime": "14:05", "routeNumber": "1", "haltTime": "02:00", "distance": "322", "dayCount": "1", "stnSerialNumber": "8", "boardingDisabled": "false"}, {"stationCode": "BNC", "stationName": "BENGALURU CANT", "arrivalTime": "15:13", "departureTime": "15:15", "routeNumber": "1", "haltTime": "02:00", "distance": "377", "dayCount": "1", "stnSerialNumber": "9", "boardingDisabled": "false"}, {"stationCode": "SBC", "stationName": "KSR BENGALURU", "arrivalTime": "15:45", "departureTime": "16:00", "routeNumber": "1", "haltTime": "15:00", "distance": "381", "dayCount": "1", "stnSerialNumber": "10", "boardingDisabled": "false"}, {"stationCode": "GBD", "stationName": "GAURIBIDANUR", "arrivalTime": "17:29", "departureTime": "17:30", "routeNumber": "1", "haltTime": "01:00", "distance": "468", "dayCount": "1", "stnSerialNumber": "12", "boardingDisabled": "false"}, {"stationCode": "HUP", "stationName": "HINDUPUR", "arrivalTime": "18:00", "departureTime": "18:01", "routeNumber": "1", "haltTime": "01:00", "distance": "491", "dayCount": "1", "stnSerialNumber": "13", "boardingDisabled": "false"}, {"stationCode": "SSPN", "stationName": "SAI P NILAYAM", "arrivalTime": "19:16", "departureTime": "19:18", "routeNumber": "1", "haltTime": "02:00", "distance": "549", "dayCount": "1", "stnSerialNumber": "14", "boardingDisabled": "false"}, {"stationCode": "DMM", "stationName": "DHARMAVARAM JN", "arrivalTime": "20:23", "departureTime": "20:25", "routeNumber": "1", "haltTime": "02:00", "distance": "582", "dayCount": "1", "stnSerialNumber": "15", "boardingDisabled": "false"}, {"stationCode": "ATP", "stationName": "ANANTAPUR", "arrivalTime": "20:58", "departureTime": "21:00", "routeNumber": "1", "haltTime": "02:00", "distance": "616", "dayCount": "1", "stnSerialNumber": "16", "boardingDisabled": "false"}, {"stationCode": "GTL", "stationName": "GUNTAKAL JN", "arrivalTime": "22:50", "departureTime": "22:55", "routeNumber": "1", "haltTime": "05:00", "distance": "683", "dayCount": "1", "stnSerialNumber": "20", "boardingDisabled": "false"}, {"stationCode": "AD", "stationName": "ADONI", "arrivalTime": "23:39", "departureTime": "23:40", "routeNumber": "1", "haltTime": "01:00", "distance": "735", "dayCount": "1", "stnSerialNumber": "21", "boardingDisabled": "false"}, {"stationCode": "MALM", "stationName": "MANTHRALAYAM RD", "arrivalTime": "00:19", "departureTime": "00:20", "routeNumber": "1", "haltTime": "01:00", "distance": "776", "dayCount": "2", "stnSerialNumber": "22", "boardingDisabled": "false"}, {"stationCode": "RC", "stationName": "RAICHUR", "arrivalTime": "00:48", "departureTime": "00:50", "routeNumber": "1", "haltTime": "02:00", "distance": "804", "dayCount": "2", "stnSerialNumber": "23", "boardingDisabled": "false"}, {"stationCode": "YG", "stationName": "YADGIR", "arrivalTime": "01:47", "departureTime": "01:48", "routeNumber": "1", "haltTime": "01:00", "distance": "873", "dayCount": "2", "stnSerialNumber": "24", "boardingDisabled": "false"}, {"stationCode": "WADI", "stationName": "WADI", "arrivalTime": "02:50", "departureTime": "02:55", "routeNumber": "1", "haltTime": "05:00", "distance": "912", "dayCount": "2", "stnSerialNumber": "25", "boardingDisabled": "false"}, {"stationCode": "SDB", "stationName": "SHAHABAD", "arrivalTime": "03:12", "departureTime": "03:14", "routeNumber": "1", "haltTime": "02:00", "distance": "922", "dayCount": "2", "stnSerialNumber": "26", "boardingDisabled": "false"}, {"stationCode": "KLBG", "stationName": "KALABURAGI", "arrivalTime": "03:37", "departureTime": "03:40", "routeNumber": "1", "haltTime": "03:00", "distance": "948", "dayCount": "2", "stnSerialNumber": "27", "boardingDisabled": "false"}, {"stationCode": "GUR", "stationName": "GANAGAPUR ROAD", "arrivalTime": "04:04", "departureTime": "04:05", "routeNumber": "1", "haltTime": "01:00", "distance": "975", "dayCount": "2", "stnSerialNumber": "28", "boardingDisabled": "false"}, {"stationCode": "DUD", "stationName": "DUDHANI", "arrivalTime": "04:23", "departureTime": "04:25", "routeNumber": "1", "haltTime": "02:00", "distance": "998", "dayCount": "2", "stnSerialNumber": "29", "boardingDisabled": "false"}, {"stationCode": "SUR", "stationName": "SOLAPUR JN", "arrivalTime": "05:40", "departureTime": "05:45", "routeNumber": "1", "haltTime": "05:00", "distance": "1061", "dayCount": "2", "stnSerialNumber": "30", "boardingDisabled": "false"}, {"stationCode": "KWV", "stationName": "KURDUVADI", "arrivalTime": "06:45", "departureTime": "06:47", "routeNumber": "1", "haltTime": "02:00", "distance": "1140", "dayCount": "2", "stnSerialNumber": "31", "boardingDisabled": "false"}, {"stationCode": "DD", "stationName": "DAUND JN", "arrivalTime": "08:50", "departureTime": "08:55", "routeNumber": "1", "haltTime": "05:00", "distance": "1249", "dayCount": "2", "stnSerialNumber": "32", "boardingDisabled": "false"}, {"stationCode": "PUNE", "stationName": "PUNE JN", "arrivalTime": "10:15", "departureTime": "10:20", "routeNumber": "1", "haltTime": "05:00", "distance": "1325", "dayCount": "2", "stnSerialNumber": "33", "boardingDisabled": "false"}, {"stationCode": "KYN", "stationName": "KALYAN JN", "arrivalTime": "12:47", "departureTime": "12:50", "routeNumber": "1", "haltTime": "03:00", "distance": "1463", "dayCount": "2", "stnSerialNumber": "34", "boardingDisabled": "false"}, {"stationCode": "TNA", "stationName": "THANE", "arrivalTime": "13:08", "departureTime": "13:10", "routeNumber": "1", "haltTime": "02:00", "distance": "1483", "dayCount": "2", "stnSerialNumber": "35", "boardingDisabled": "false"}, {"stationCode": "LTT", "stationName": "LOKMANYATILAK T", "arrivalTime": "13:45", "departureTime": "--", "routeNumber": "1", "haltTime": "--", "distance": "1501", "dayCount": "2", "stnSerialNumber": "36", "boardingDisabled": "false"}]}