{"trainNumber": "11019", "trainName": "KONARK EXPRESS", "stationFrom": "CSMT", "stationTo": "BBS", "trainOwner": "0", "trainRunsOnMon": "Y", "trainRunsOnTue": "Y", "trainRunsOnWed": "Y", "trainRunsOnThu": "Y", "trainRunsOnFri": "Y", "trainRunsOnSat": "Y", "trainRunsOnSun": "Y", "timeStamp": "2023-06-19T15:31:04.181", "duration": "0", "stationList": [{"stationCode": "CSMT", "stationName": "C SHIVAJI MAH T", "arrivalTime": "--", "departureTime": "14:00", "routeNumber": "1", "haltTime": "--", "distance": "0", "dayCount": "1", "stnSerialNumber": "1", "boardingDisabled": "false"}, {"stationCode": "DR", "stationName": "DADAR", "arrivalTime": "14:12", "departureTime": "14:15", "routeNumber": "1", "haltTime": "03:00", "distance": "9", "dayCount": "1", "stnSerialNumber": "2", "boardingDisabled": "false"}, {"stationCode": "TNA", "stationName": "THANE", "arrivalTime": "14:33", "departureTime": "14:35", "routeNumber": "1", "haltTime": "02:00", "distance": "34", "dayCount": "1", "stnSerialNumber": "3", "boardingDisabled": "false"}, {"stationCode": "KYN", "stationName": "KALYAN JN", "arrivalTime": "14:55", "departureTime": "14:58", "routeNumber": "1", "haltTime": "03:00", "distance": "54", "dayCount": "1", "stnSerialNumber": "4", "boardingDisabled": "false"}, {"stationCode": "LNL", "stationName": "LONAVALA", "arrivalTime": "16:27", "departureTime": "16:30", "routeNumber": "1", "haltTime": "03:00", "distance": "128", "dayCount": "1", "stnSerialNumber": "5", "boardingDisabled": "false"}, {"stationCode": "PUNE", "stationName": "PUNE JN", "arrivalTime": "17:55", "departureTime": "18:00", "routeNumber": "1", "haltTime": "05:00", "distance": "192", "dayCount": "1", "stnSerialNumber": "6", "boardingDisabled": "false"}, {"stationCode": "DD", "stationName": "DAUND JN", "arrivalTime": "19:10", "departureTime": "19:12", "routeNumber": "1", "haltTime": "02:00", "distance": "268", "dayCount": "1", "stnSerialNumber": "7", "boardingDisabled": "false"}, {"stationCode": "SUR", "stationName": "SOLAPUR JN", "arrivalTime": "21:50", "departureTime": "21:55", "routeNumber": "1", "haltTime": "05:00", "distance": "455", "dayCount": "1", "stnSerialNumber": "8", "boardingDisabled": "false"}, {"stationCode": "KLBG", "stationName": "KALABURAGI", "arrivalTime": "23:15", "departureTime": "23:18", "routeNumber": "1", "haltTime": "03:00", "distance": "568", "dayCount": "1", "stnSerialNumber": "9", "boardingDisabled": "false"}, {"stationCode": "WADI", "stationName": "WADI", "arrivalTime": "00:20", "departureTime": "00:25", "routeNumber": "1", "haltTime": "05:00", "distance": "605", "dayCount": "2", "stnSerialNumber": "10", "boardingDisabled": "false"}, {"stationCode": "SEM", "stationName": "SERAM", "arrivalTime": "00:59", "departureTime": "01:00", "routeNumber": "1", "haltTime": "01:00", "distance": "642", "dayCount": "2", "stnSerialNumber": "11", "boardingDisabled": "false"}, {"stationCode": "TDU", "stationName": "TANDUR", "arrivalTime": "01:29", "departureTime": "01:30", "routeNumber": "1", "haltTime": "01:00", "distance": "676", "dayCount": "2", "stnSerialNumber": "12", "boardingDisabled": "false"}, {"stationCode": "LPI", "stationName": "LINGAMPALLI", "arrivalTime": "02:29", "departureTime": "02:30", "routeNumber": "1", "haltTime": "01:00", "distance": "766", "dayCount": "2", "stnSerialNumber": "14", "boardingDisabled": "false"}, {"stationCode": "BMT", "stationName": "BEGAMPET", "arrivalTime": "02:54", "departureTime": "02:55", "routeNumber": "1", "haltTime": "01:00", "distance": "784", "dayCount": "2", "stnSerialNumber": "15", "boardingDisabled": "false"}, {"stationCode": "SC", "stationName": "SECUNDERABAD JN", "arrivalTime": "03:20", "departureTime": "03:30", "routeNumber": "1", "haltTime": "10:00", "distance": "788", "dayCount": "2", "stnSerialNumber": "16", "boardingDisabled": "false"}, {"stationCode": "KZJ", "stationName": "KAZIPET JN", "arrivalTime": "05:28", "departureTime": "05:30", "routeNumber": "1", "haltTime": "02:00", "distance": "920", "dayCount": "2", "stnSerialNumber": "17", "boardingDisabled": "false"}, {"stationCode": "WL", "stationName": "WARANGAL", "arrivalTime": "05:42", "departureTime": "05:44", "routeNumber": "1", "haltTime": "02:00", "distance": "930", "dayCount": "2", "stnSerialNumber": "18", "boardingDisabled": "false"}, {"stationCode": "MABD", "stationName": "MAHBUBABAD", "arrivalTime": "06:31", "departureTime": "06:32", "routeNumber": "1", "haltTime": "01:00", "distance": "991", "dayCount": "2", "stnSerialNumber": "19", "boardingDisabled": "false"}, {"stationCode": "KMT", "stationName": "KHAMMAM", "arrivalTime": "07:19", "departureTime": "07:20", "routeNumber": "1", "haltTime": "01:00", "distance": "1038", "dayCount": "2", "stnSerialNumber": "20", "boardingDisabled": "false"}, {"stationCode": "MDR", "stationName": "MADHIRA", "arrivalTime": "07:59", "departureTime": "08:00", "routeNumber": "1", "haltTime": "01:00", "distance": "1082", "dayCount": "2", "stnSerialNumber": "21", "boardingDisabled": "false"}, {"stationCode": "BZA", "stationName": "VIJAYAWADA JN", "arrivalTime": "09:25", "departureTime": "09:35", "routeNumber": "1", "haltTime": "10:00", "distance": "1138", "dayCount": "2", "stnSerialNumber": "22", "boardingDisabled": "false"}, {"stationCode": "EE", "stationName": "ELURU", "arrivalTime": "10:18", "departureTime": "10:20", "routeNumber": "1", "haltTime": "02:00", "distance": "1197", "dayCount": "2", "stnSerialNumber": "23", "boardingDisabled": "false"}, {"stationCode": "TDD", "stationName": "TADEPALLIGUDEM", "arrivalTime": "10:53", "departureTime": "10:55", "routeNumber": "1", "haltTime": "02:00", "distance": "1245", "dayCount": "2", "stnSerialNumber": "24", "boardingDisabled": "false"}, {"stationCode": "NDD", "stationName": "NIDADAVOLU JN", "arrivalTime": "11:08", "departureTime": "11:10", "routeNumber": "1", "haltTime": "02:00", "distance": "1264", "dayCount": "2", "stnSerialNumber": "25", "boardingDisabled": "false"}, {"stationCode": "RJY", "stationName": "RAJAHMUNDRY", "arrivalTime": "11:33", "departureTime": "11:35", "routeNumber": "1", "haltTime": "02:00", "distance": "1287", "dayCount": "2", "stnSerialNumber": "26", "boardingDisabled": "false"}, {"stationCode": "SLO", "stationName": "SAMALKOT JN", "arrivalTime": "12:23", "departureTime": "12:25", "routeNumber": "1", "haltTime": "02:00", "distance": "1337", "dayCount": "2", "stnSerialNumber": "27", "boardingDisabled": "false"}, {"stationCode": "PAP", "stationName": "PITHAPURAM", "arrivalTime": "12:33", "departureTime": "12:35", "routeNumber": "1", "haltTime": "02:00", "distance": "1349", "dayCount": "2", "stnSerialNumber": "28", "boardingDisabled": "false"}, {"stationCode": "TUNI", "stationName": "TUNI", "arrivalTime": "13:08", "departureTime": "13:10", "routeNumber": "1", "haltTime": "02:00", "distance": "1391", "dayCount": "2", "stnSerialNumber": "29", "boardingDisabled": "false"}, {"stationCode": "AKP", "stationName": "ANAKAPALLE", "arrivalTime": "14:18", "departureTime": "14:20", "routeNumber": "1", "haltTime": "02:00", "distance": "1454", "dayCount": "2", "stnSerialNumber": "30", "boardingDisabled": "false"}, {"stationCode": "VSKP", "stationName": "VISAKHAPATNAM", "arrivalTime": "15:40", "departureTime": "16:00", "routeNumber": "1", "haltTime": "20:00", "distance": "1487", "dayCount": "2", "stnSerialNumber": "31", "boardingDisabled": "false"}, {"stationCode": "VZM", "stationName": "VIZIANAGRAM JN", "arrivalTime": "16:55", "departureTime": "17:00", "routeNumber": "1", "haltTime": "05:00", "distance": "1548", "dayCount": "2", "stnSerialNumber": "32", "boardingDisabled": "false"}, {"stationCode": "CHE", "stationName": "SRIKAKULAM ROAD", "arrivalTime": "17:48", "departureTime": "17:50", "routeNumber": "1", "haltTime": "02:00", "distance": "1617", "dayCount": "2", "stnSerialNumber": "33", "boardingDisabled": "false"}, {"stationCode": "PSA", "stationName": "PALASA", "arrivalTime": "18:58", "departureTime": "19:00", "routeNumber": "1", "haltTime": "02:00", "distance": "1690", "dayCount": "2", "stnSerialNumber": "34", "boardingDisabled": "false"}, {"stationCode": "SPT", "stationName": "SOMPETA", "arrivalTime": "19:41", "departureTime": "19:43", "routeNumber": "1", "haltTime": "02:00", "distance": "1722", "dayCount": "2", "stnSerialNumber": "35", "boardingDisabled": "false"}, {"stationCode": "IPM", "stationName": "ICHCHPURAM", "arrivalTime": "19:56", "departureTime": "19:58", "routeNumber": "1", "haltTime": "02:00", "distance": "1740", "dayCount": "2", "stnSerialNumber": "36", "boardingDisabled": "false"}, {"stationCode": "BAM", "stationName": "BRAHMAPUR", "arrivalTime": "20:20", "departureTime": "20:30", "routeNumber": "1", "haltTime": "10:00", "distance": "1764", "dayCount": "2", "stnSerialNumber": "37", "boardingDisabled": "false"}, {"stationCode": "CAP", "stationName": "CHATRAPUR", "arrivalTime": "20:55", "departureTime": "20:57", "routeNumber": "1", "haltTime": "02:00", "distance": "1786", "dayCount": "2", "stnSerialNumber": "38", "boardingDisabled": "false"}, {"stationCode": "BALU", "stationName": "BALUGAON", "arrivalTime": "21:43", "departureTime": "21:45", "routeNumber": "1", "haltTime": "02:00", "distance": "1840", "dayCount": "2", "stnSerialNumber": "39", "boardingDisabled": "false"}, {"stationCode": "KUR", "stationName": "KHURDA ROAD JN", "arrivalTime": "22:25", "departureTime": "22:30", "routeNumber": "1", "haltTime": "05:00", "distance": "1911", "dayCount": "2", "stnSerialNumber": "40", "boardingDisabled": "false"}, {"stationCode": "BBS", "stationName": "BHUBANESWAR", "arrivalTime": "23:20", "departureTime": "--", "routeNumber": "1", "haltTime": "--", "distance": "1930", "dayCount": "2", "stnSerialNumber": "41", "boardingDisabled": "false"}]}