{"trainNumber": "11018", "trainName": "KIK LTT EXPRESS", "stationFrom": "KIK", "stationTo": "LTT", "trainOwner": "0", "trainRunsOnMon": "Y", "trainRunsOnTue": "N", "trainRunsOnWed": "N", "trainRunsOnThu": "N", "trainRunsOnFri": "N", "trainRunsOnSat": "N", "trainRunsOnSun": "N", "timeStamp": "2023-06-19T15:30:19.005", "duration": "0", "stationList": [{"stationCode": "KIK", "stationName": "KARAIKAL", "arrivalTime": "--", "departureTime": "14:20", "routeNumber": "1", "haltTime": "--", "distance": "0", "dayCount": "1", "stnSerialNumber": "1", "boardingDisabled": "false"}, {"stationCode": "NCR", "stationName": "NAGORE", "arrivalTime": "14:38", "departureTime": "14:40", "routeNumber": "1", "haltTime": "02:00", "distance": "11", "dayCount": "1", "stnSerialNumber": "2", "boardingDisabled": "false"}, {"stationCode": "NGT", "stationName": "NAGAPPATTINAM", "arrivalTime": "14:53", "departureTime": "14:55", "routeNumber": "1", "haltTime": "02:00", "distance": "19", "dayCount": "1", "stnSerialNumber": "3", "boardingDisabled": "false"}, {"stationCode": "TVR", "stationName": "THIRUVARUR JN", "arrivalTime": "15:25", "departureTime": "15:35", "routeNumber": "1", "haltTime": "10:00", "distance": "42", "dayCount": "1", "stnSerialNumber": "4", "boardingDisabled": "false"}, {"stationCode": "MV", "stationName": "MAYILADUTURAI J", "arrivalTime": "16:05", "departureTime": "16:07", "routeNumber": "1", "haltTime": "02:00", "distance": "81", "dayCount": "1", "stnSerialNumber": "5", "boardingDisabled": "false"}, {"stationCode": "SY", "stationName": "SIRKAZHI", "arrivalTime": "16:26", "departureTime": "16:27", "routeNumber": "1", "haltTime": "01:00", "distance": "101", "dayCount": "1", "stnSerialNumber": "6", "boardingDisabled": "false"}, {"stationCode": "CDM", "stationName": "CHIDAMBARAM", "arrivalTime": "16:43", "departureTime": "16:45", "routeNumber": "1", "haltTime": "02:00", "distance": "117", "dayCount": "1", "stnSerialNumber": "7", "boardingDisabled": "false"}, {"stationCode": "TDPR", "stationName": "TIRUPADRIPULYUR", "arrivalTime": "17:18", "departureTime": "17:20", "routeNumber": "1", "haltTime": "02:00", "distance": "160", "dayCount": "1", "stnSerialNumber": "8", "boardingDisabled": "false"}, {"stationCode": "VM", "stationName": "VILLUPURAM JN", "arrivalTime": "19:20", "departureTime": "19:25", "routeNumber": "1", "haltTime": "05:00", "distance": "202", "dayCount": "1", "stnSerialNumber": "9", "boardingDisabled": "false"}, {"stationCode": "CGL", "stationName": "CHENGALPATTU", "arrivalTime": "20:43", "departureTime": "20:45", "routeNumber": "1", "haltTime": "02:00", "distance": "305", "dayCount": "1", "stnSerialNumber": "11", "boardingDisabled": "false"}, {"stationCode": "TBM", "stationName": "TAMBARAM", "arrivalTime": "21:13", "departureTime": "21:15", "routeNumber": "1", "haltTime": "02:00", "distance": "336", "dayCount": "1", "stnSerialNumber": "12", "boardingDisabled": "false"}, {"stationCode": "MS", "stationName": "CHENNAI EGMORE", "arrivalTime": "21:50", "departureTime": "22:10", "routeNumber": "1", "haltTime": "20:00", "distance": "361", "dayCount": "1", "stnSerialNumber": "13", "boardingDisabled": "false"}, {"stationCode": "AJJ", "stationName": "ARAKKONAM JN", "arrivalTime": "23:40", "departureTime": "23:45", "routeNumber": "1", "haltTime": "05:00", "distance": "435", "dayCount": "1", "stnSerialNumber": "16", "boardingDisabled": "false"}, {"stationCode": "RU", "stationName": "RENIGUNTA JN", "arrivalTime": "01:18", "departureTime": "01:20", "routeNumber": "1", "haltTime": "02:00", "distance": "507", "dayCount": "2", "stnSerialNumber": "17", "boardingDisabled": "false"}, {"stationCode": "RJP", "stationName": "RAZAMPETA", "arrivalTime": "02:14", "departureTime": "02:15", "routeNumber": "1", "haltTime": "01:00", "distance": "582", "dayCount": "2", "stnSerialNumber": "18", "boardingDisabled": "false"}, {"stationCode": "HX", "stationName": "CUDDAPAH", "arrivalTime": "03:08", "departureTime": "03:10", "routeNumber": "1", "haltTime": "02:00", "distance": "632", "dayCount": "2", "stnSerialNumber": "19", "boardingDisabled": "false"}, {"stationCode": "YA", "stationName": "YERRAGUNTLA", "arrivalTime": "03:44", "departureTime": "03:45", "routeNumber": "1", "haltTime": "01:00", "distance": "672", "dayCount": "2", "stnSerialNumber": "20", "boardingDisabled": "false"}, {"stationCode": "TU", "stationName": "TADIPATRI", "arrivalTime": "04:44", "departureTime": "04:45", "routeNumber": "1", "haltTime": "01:00", "distance": "741", "dayCount": "2", "stnSerialNumber": "21", "boardingDisabled": "false"}, {"stationCode": "GY", "stationName": "GOOTY", "arrivalTime": "05:39", "departureTime": "05:40", "routeNumber": "1", "haltTime": "01:00", "distance": "789", "dayCount": "2", "stnSerialNumber": "22", "boardingDisabled": "false"}, {"stationCode": "GTL", "stationName": "GUNTAKAL JN", "arrivalTime": "06:25", "departureTime": "06:30", "routeNumber": "1", "haltTime": "05:00", "distance": "817", "dayCount": "2", "stnSerialNumber": "23", "boardingDisabled": "false"}, {"stationCode": "MALM", "stationName": "MANTHRALAYAM RD", "arrivalTime": "07:54", "departureTime": "07:55", "routeNumber": "1", "haltTime": "01:00", "distance": "910", "dayCount": "2", "stnSerialNumber": "24", "boardingDisabled": "false"}, {"stationCode": "RC", "stationName": "RAICHUR", "arrivalTime": "08:18", "departureTime": "08:20", "routeNumber": "1", "haltTime": "02:00", "distance": "938", "dayCount": "2", "stnSerialNumber": "25", "boardingDisabled": "false"}, {"stationCode": "YG", "stationName": "YADGIR", "arrivalTime": "09:14", "departureTime": "09:15", "routeNumber": "1", "haltTime": "01:00", "distance": "1007", "dayCount": "2", "stnSerialNumber": "26", "boardingDisabled": "false"}, {"stationCode": "WADI", "stationName": "WADI", "arrivalTime": "10:10", "departureTime": "10:15", "routeNumber": "1", "haltTime": "05:00", "distance": "1046", "dayCount": "2", "stnSerialNumber": "27", "boardingDisabled": "false"}, {"stationCode": "KLBG", "stationName": "KALABURAGI", "arrivalTime": "10:52", "departureTime": "10:55", "routeNumber": "1", "haltTime": "03:00", "distance": "1082", "dayCount": "2", "stnSerialNumber": "28", "boardingDisabled": "false"}, {"stationCode": "SUR", "stationName": "SOLAPUR JN", "arrivalTime": "12:20", "departureTime": "12:25", "routeNumber": "1", "haltTime": "05:00", "distance": "1195", "dayCount": "2", "stnSerialNumber": "29", "boardingDisabled": "false"}, {"stationCode": "PUNE", "stationName": "PUNE JN", "arrivalTime": "16:25", "departureTime": "16:30", "routeNumber": "1", "haltTime": "05:00", "distance": "1459", "dayCount": "2", "stnSerialNumber": "30", "boardingDisabled": "false"}, {"stationCode": "LNL", "stationName": "LONAVALA", "arrivalTime": "17:53", "departureTime": "17:55", "routeNumber": "1", "haltTime": "02:00", "distance": "1522", "dayCount": "2", "stnSerialNumber": "31", "boardingDisabled": "false"}, {"stationCode": "KYN", "stationName": "KALYAN JN", "arrivalTime": "19:27", "departureTime": "19:30", "routeNumber": "1", "haltTime": "03:00", "distance": "1597", "dayCount": "2", "stnSerialNumber": "32", "boardingDisabled": "false"}, {"stationCode": "TNA", "stationName": "THANE", "arrivalTime": "19:53", "departureTime": "19:55", "routeNumber": "1", "haltTime": "02:00", "distance": "1617", "dayCount": "2", "stnSerialNumber": "33", "boardingDisabled": "false"}, {"stationCode": "LTT", "stationName": "LOKMANYATILAK T", "arrivalTime": "20:30", "departureTime": "--", "routeNumber": "1", "haltTime": "--", "distance": "1634", "dayCount": "2", "stnSerialNumber": "34", "boardingDisabled": "false"}]}