{"trainNumber": "11021", "trainName": "TIRUNELVELI EX", "stationFrom": "DR", "stationTo": "TEN", "trainOwner": "0", "trainRunsOnMon": "N", "trainRunsOnTue": "Y", "trainRunsOnWed": "Y", "trainRunsOnThu": "N", "trainRunsOnFri": "N", "trainRunsOnSat": "Y", "trainRunsOnSun": "N", "timeStamp": "2023-06-19T15:31:03.573", "duration": "0", "stationList": [{"stationCode": "DR", "stationName": "DADAR", "arrivalTime": "--", "departureTime": "21:30", "routeNumber": "1", "haltTime": "--", "distance": "0", "dayCount": "1", "stnSerialNumber": "1", "boardingDisabled": "false"}, {"stationCode": "KYN", "stationName": "KALYAN JN", "arrivalTime": "22:07", "departureTime": "22:10", "routeNumber": "1", "haltTime": "03:00", "distance": "45", "dayCount": "1", "stnSerialNumber": "2", "boardingDisabled": "false"}, {"stationCode": "KJT", "stationName": "KARJAT", "arrivalTime": "22:57", "departureTime": "23:00", "routeNumber": "1", "haltTime": "03:00", "distance": "91", "dayCount": "1", "stnSerialNumber": "3", "boardingDisabled": "false"}, {"stationCode": "PUNE", "stationName": "PUNE JN", "arrivalTime": "00:55", "departureTime": "01:00", "routeNumber": "1", "haltTime": "05:00", "distance": "183", "dayCount": "2", "stnSerialNumber": "4", "boardingDisabled": "false"}, {"stationCode": "STR", "stationName": "SATARA", "arrivalTime": "03:52", "departureTime": "03:55", "routeNumber": "1", "haltTime": "03:00", "distance": "328", "dayCount": "2", "stnSerialNumber": "5", "boardingDisabled": "false"}, {"stationCode": "KRD", "stationName": "KARAD", "arrivalTime": "04:47", "departureTime": "04:50", "routeNumber": "1", "haltTime": "03:00", "distance": "387", "dayCount": "2", "stnSerialNumber": "6", "boardingDisabled": "false"}, {"stationCode": "SLI", "stationName": "SANGLI", "arrivalTime": "05:57", "departureTime": "06:00", "routeNumber": "1", "haltTime": "03:00", "distance": "455", "dayCount": "2", "stnSerialNumber": "7", "boardingDisabled": "false"}, {"stationCode": "MRJ", "stationName": "MIRAJ JN", "arrivalTime": "06:40", "departureTime": "06:45", "routeNumber": "1", "haltTime": "05:00", "distance": "462", "dayCount": "2", "stnSerialNumber": "8", "boardingDisabled": "false"}, {"stationCode": "KUD", "stationName": "KUDACHI", "arrivalTime": "07:09", "departureTime": "07:10", "routeNumber": "1", "haltTime": "01:00", "distance": "495", "dayCount": "2", "stnSerialNumber": "10", "boardingDisabled": "false"}, {"stationCode": "GPB", "stationName": "GHATPRABHA", "arrivalTime": "07:53", "departureTime": "07:55", "routeNumber": "1", "haltTime": "02:00", "distance": "542", "dayCount": "2", "stnSerialNumber": "11", "boardingDisabled": "false"}, {"stationCode": "BGM", "stationName": "BELAGAVI", "arrivalTime": "09:00", "departureTime": "09:05", "routeNumber": "1", "haltTime": "05:00", "distance": "600", "dayCount": "2", "stnSerialNumber": "12", "boardingDisabled": "false"}, {"stationCode": "LD", "stationName": "LONDA JN", "arrivalTime": "10:10", "departureTime": "10:12", "routeNumber": "1", "haltTime": "02:00", "distance": "651", "dayCount": "2", "stnSerialNumber": "13", "boardingDisabled": "false"}, {"stationCode": "LWR", "stationName": "ALNAVAR JN", "arrivalTime": "10:52", "departureTime": "10:53", "routeNumber": "1", "haltTime": "01:00", "distance": "684", "dayCount": "2", "stnSerialNumber": "14", "boardingDisabled": "false"}, {"stationCode": "DWR", "stationName": "DHARWAR", "arrivalTime": "11:36", "departureTime": "11:38", "routeNumber": "1", "haltTime": "02:00", "distance": "721", "dayCount": "2", "stnSerialNumber": "15", "boardingDisabled": "false"}, {"stationCode": "UBL", "stationName": "SSS HUBBALLI JN", "arrivalTime": "12:35", "departureTime": "12:45", "routeNumber": "1", "haltTime": "10:00", "distance": "741", "dayCount": "2", "stnSerialNumber": "16", "boardingDisabled": "false"}, {"stationCode": "HVR", "stationName": "MMAILARA HAVERI", "arrivalTime": "13:43", "departureTime": "13:45", "routeNumber": "1", "haltTime": "02:00", "distance": "816", "dayCount": "2", "stnSerialNumber": "17", "boardingDisabled": "false"}, {"stationCode": "RNR", "stationName": "RANIBENNUR", "arrivalTime": "14:13", "departureTime": "14:15", "routeNumber": "1", "haltTime": "02:00", "distance": "849", "dayCount": "2", "stnSerialNumber": "18", "boardingDisabled": "false"}, {"stationCode": "HRR", "stationName": "HARIHAR", "arrivalTime": "14:35", "departureTime": "14:37", "routeNumber": "1", "haltTime": "02:00", "distance": "871", "dayCount": "2", "stnSerialNumber": "19", "boardingDisabled": "false"}, {"stationCode": "DVG", "stationName": "DAVANGERE", "arrivalTime": "14:53", "departureTime": "14:55", "routeNumber": "1", "haltTime": "02:00", "distance": "885", "dayCount": "2", "stnSerialNumber": "20", "boardingDisabled": "false"}, {"stationCode": "RRB", "stationName": "BIRUR JN", "arrivalTime": "16:13", "departureTime": "16:15", "routeNumber": "1", "haltTime": "02:00", "distance": "999", "dayCount": "2", "stnSerialNumber": "21", "boardingDisabled": "false"}, {"stationCode": "DRU", "stationName": "KADUR", "arrivalTime": "16:25", "departureTime": "16:27", "routeNumber": "1", "haltTime": "02:00", "distance": "1005", "dayCount": "2", "stnSerialNumber": "22", "boardingDisabled": "false"}, {"stationCode": "ASK", "stationName": "ARSIKERE JN", "arrivalTime": "17:05", "departureTime": "17:10", "routeNumber": "1", "haltTime": "05:00", "distance": "1045", "dayCount": "2", "stnSerialNumber": "23", "boardingDisabled": "false"}, {"stationCode": "TTR", "stationName": "TIPTUR", "arrivalTime": "17:30", "departureTime": "17:32", "routeNumber": "1", "haltTime": "02:00", "distance": "1070", "dayCount": "2", "stnSerialNumber": "24", "boardingDisabled": "false"}, {"stationCode": "TK", "stationName": "TUMAKURU", "arrivalTime": "19:25", "departureTime": "19:27", "routeNumber": "1", "haltTime": "02:00", "distance": "1141", "dayCount": "2", "stnSerialNumber": "25", "boardingDisabled": "false"}, {"stationCode": "YPR", "stationName": "YESVANTPUR JN", "arrivalTime": "21:20", "departureTime": "21:40", "routeNumber": "1", "haltTime": "20:00", "distance": "1205", "dayCount": "2", "stnSerialNumber": "26", "boardingDisabled": "false"}, {"stationCode": "BAND", "stationName": "BANASWADI", "arrivalTime": "22:06", "departureTime": "22:07", "routeNumber": "1", "haltTime": "01:00", "distance": "1219", "dayCount": "2", "stnSerialNumber": "27", "boardingDisabled": "false"}, {"stationCode": "HSRA", "stationName": "HOSUR", "arrivalTime": "22:50", "departureTime": "22:52", "routeNumber": "1", "haltTime": "02:00", "distance": "1271", "dayCount": "2", "stnSerialNumber": "28", "boardingDisabled": "false"}, {"stationCode": "DPJ", "stationName": "DHARMAPURI", "arrivalTime": "00:28", "departureTime": "00:30", "routeNumber": "1", "haltTime": "02:00", "distance": "1363", "dayCount": "3", "stnSerialNumber": "29", "boardingDisabled": "false"}, {"stationCode": "SA", "stationName": "SALEM JN", "arrivalTime": "03:20", "departureTime": "03:30", "routeNumber": "1", "haltTime": "10:00", "distance": "1429", "dayCount": "3", "stnSerialNumber": "30", "boardingDisabled": "false"}, {"stationCode": "NMKL", "stationName": "NAMAKKAL", "arrivalTime": "04:29", "departureTime": "04:30", "routeNumber": "1", "haltTime": "01:00", "distance": "1481", "dayCount": "3", "stnSerialNumber": "31", "boardingDisabled": "false"}, {"stationCode": "KRR", "stationName": "KARUR", "arrivalTime": "05:18", "departureTime": "05:20", "routeNumber": "1", "haltTime": "02:00", "distance": "1514", "dayCount": "3", "stnSerialNumber": "32", "boardingDisabled": "false"}, {"stationCode": "DG", "stationName": "DINDIGUL JN", "arrivalTime": "07:02", "departureTime": "07:05", "routeNumber": "1", "haltTime": "03:00", "distance": "1588", "dayCount": "3", "stnSerialNumber": "33", "boardingDisabled": "false"}, {"stationCode": "MDU", "stationName": "MADURAI JN", "arrivalTime": "08:10", "departureTime": "08:15", "routeNumber": "1", "haltTime": "05:00", "distance": "1654", "dayCount": "3", "stnSerialNumber": "34", "boardingDisabled": "false"}, {"stationCode": "VPT", "stationName": "VIRUDUNAGAR JN", "arrivalTime": "08:58", "departureTime": "09:00", "routeNumber": "1", "haltTime": "02:00", "distance": "1698", "dayCount": "3", "stnSerialNumber": "35", "boardingDisabled": "false"}, {"stationCode": "SRT", "stationName": "SATUR", "arrivalTime": "09:19", "departureTime": "09:20", "routeNumber": "1", "haltTime": "01:00", "distance": "1724", "dayCount": "3", "stnSerialNumber": "36", "boardingDisabled": "false"}, {"stationCode": "CVP", "stationName": "KOVILPATTI", "arrivalTime": "09:38", "departureTime": "09:40", "routeNumber": "1", "haltTime": "02:00", "distance": "1746", "dayCount": "3", "stnSerialNumber": "37", "boardingDisabled": "false"}, {"stationCode": "TEN", "stationName": "TIRUNELVELI", "arrivalTime": "11:50", "departureTime": "--", "routeNumber": "1", "haltTime": "--", "distance": "1811", "dayCount": "3", "stnSerialNumber": "38", "boardingDisabled": "false"}]}