{"trainNumber": "11022", "trainName": "TEN DR EXPRESS", "stationFrom": "TEN", "stationTo": "DR", "trainOwner": "0", "trainRunsOnMon": "Y", "trainRunsOnTue": "N", "trainRunsOnWed": "N", "trainRunsOnThu": "Y", "trainRunsOnFri": "Y", "trainRunsOnSat": "N", "trainRunsOnSun": "N", "timeStamp": "2023-06-19T15:31:03.604", "duration": "0", "stationList": [{"stationCode": "TEN", "stationName": "TIRUNELVELI", "arrivalTime": "--", "departureTime": "15:15", "routeNumber": "1", "haltTime": "--", "distance": "0", "dayCount": "1", "stnSerialNumber": "1", "boardingDisabled": "false"}, {"stationCode": "CVP", "stationName": "KOVILPATTI", "arrivalTime": "16:08", "departureTime": "16:10", "routeNumber": "1", "haltTime": "02:00", "distance": "66", "dayCount": "1", "stnSerialNumber": "2", "boardingDisabled": "false"}, {"stationCode": "SRT", "stationName": "SATUR", "arrivalTime": "16:28", "departureTime": "16:30", "routeNumber": "1", "haltTime": "02:00", "distance": "87", "dayCount": "1", "stnSerialNumber": "3", "boardingDisabled": "false"}, {"stationCode": "VPT", "stationName": "VIRUDUNAGAR JN", "arrivalTime": "16:53", "departureTime": "16:55", "routeNumber": "1", "haltTime": "02:00", "distance": "114", "dayCount": "1", "stnSerialNumber": "4", "boardingDisabled": "false"}, {"stationCode": "MDU", "stationName": "MADURAI JN", "arrivalTime": "17:35", "departureTime": "17:40", "routeNumber": "1", "haltTime": "05:00", "distance": "157", "dayCount": "1", "stnSerialNumber": "5", "boardingDisabled": "false"}, {"stationCode": "DG", "stationName": "DINDIGUL JN", "arrivalTime": "18:55", "departureTime": "19:00", "routeNumber": "1", "haltTime": "05:00", "distance": "223", "dayCount": "1", "stnSerialNumber": "6", "boardingDisabled": "false"}, {"stationCode": "KRR", "stationName": "KARUR", "arrivalTime": "20:08", "departureTime": "20:10", "routeNumber": "1", "haltTime": "02:00", "distance": "297", "dayCount": "1", "stnSerialNumber": "7", "boardingDisabled": "false"}, {"stationCode": "NMKL", "stationName": "NAMAKKAL", "arrivalTime": "20:44", "departureTime": "20:45", "routeNumber": "1", "haltTime": "01:00", "distance": "331", "dayCount": "1", "stnSerialNumber": "8", "boardingDisabled": "false"}, {"stationCode": "SA", "stationName": "SALEM JN", "arrivalTime": "22:05", "departureTime": "22:15", "routeNumber": "1", "haltTime": "10:00", "distance": "382", "dayCount": "1", "stnSerialNumber": "9", "boardingDisabled": "false"}, {"stationCode": "DPJ", "stationName": "DHARMAPURI", "arrivalTime": "00:34", "departureTime": "00:35", "routeNumber": "1", "haltTime": "01:00", "distance": "448", "dayCount": "2", "stnSerialNumber": "10", "boardingDisabled": "false"}, {"stationCode": "HSRA", "stationName": "HOSUR", "arrivalTime": "00:50", "departureTime": "00:52", "routeNumber": "1", "haltTime": "02:00", "distance": "541", "dayCount": "2", "stnSerialNumber": "11", "boardingDisabled": "false"}, {"stationCode": "BAND", "stationName": "BANASWADI", "arrivalTime": "03:18", "departureTime": "03:20", "routeNumber": "1", "haltTime": "02:00", "distance": "592", "dayCount": "2", "stnSerialNumber": "12", "boardingDisabled": "false"}, {"stationCode": "YPR", "stationName": "YESVANTPUR JN", "arrivalTime": "04:05", "departureTime": "06:30", "routeNumber": "1", "haltTime": "145:00", "distance": "607", "dayCount": "2", "stnSerialNumber": "13", "boardingDisabled": "false"}, {"stationCode": "TK", "stationName": "TUMAKURU", "arrivalTime": "07:18", "departureTime": "07:20", "routeNumber": "1", "haltTime": "02:00", "distance": "671", "dayCount": "2", "stnSerialNumber": "14", "boardingDisabled": "false"}, {"stationCode": "TTR", "stationName": "TIPTUR", "arrivalTime": "08:28", "departureTime": "08:30", "routeNumber": "1", "haltTime": "02:00", "distance": "741", "dayCount": "2", "stnSerialNumber": "15", "boardingDisabled": "false"}, {"stationCode": "ASK", "stationName": "ARSIKERE JN", "arrivalTime": "09:10", "departureTime": "09:15", "routeNumber": "1", "haltTime": "05:00", "distance": "767", "dayCount": "2", "stnSerialNumber": "16", "boardingDisabled": "false"}, {"stationCode": "DRU", "stationName": "KADUR", "arrivalTime": "09:45", "departureTime": "09:47", "routeNumber": "1", "haltTime": "02:00", "distance": "806", "dayCount": "2", "stnSerialNumber": "17", "boardingDisabled": "false"}, {"stationCode": "RRB", "stationName": "BIRUR JN", "arrivalTime": "09:56", "departureTime": "09:58", "routeNumber": "1", "haltTime": "02:00", "distance": "812", "dayCount": "2", "stnSerialNumber": "18", "boardingDisabled": "false"}, {"stationCode": "DVG", "stationName": "DAVANGERE", "arrivalTime": "11:18", "departureTime": "11:20", "routeNumber": "1", "haltTime": "02:00", "distance": "927", "dayCount": "2", "stnSerialNumber": "19", "boardingDisabled": "false"}, {"stationCode": "HRR", "stationName": "HARIHAR", "arrivalTime": "11:35", "departureTime": "11:37", "routeNumber": "1", "haltTime": "02:00", "distance": "940", "dayCount": "2", "stnSerialNumber": "20", "boardingDisabled": "false"}, {"stationCode": "RNR", "stationName": "RANIBENNUR", "arrivalTime": "11:58", "departureTime": "12:00", "routeNumber": "1", "haltTime": "02:00", "distance": "963", "dayCount": "2", "stnSerialNumber": "21", "boardingDisabled": "false"}, {"stationCode": "HVR", "stationName": "MMAILARA HAVERI", "arrivalTime": "12:28", "departureTime": "12:30", "routeNumber": "1", "haltTime": "02:00", "distance": "995", "dayCount": "2", "stnSerialNumber": "22", "boardingDisabled": "false"}, {"stationCode": "UBL", "stationName": "SSS HUBBALLI JN", "arrivalTime": "14:05", "departureTime": "14:15", "routeNumber": "1", "haltTime": "10:00", "distance": "1070", "dayCount": "2", "stnSerialNumber": "23", "boardingDisabled": "false"}, {"stationCode": "DWR", "stationName": "DHARWAR", "arrivalTime": "14:43", "departureTime": "14:45", "routeNumber": "1", "haltTime": "02:00", "distance": "1090", "dayCount": "2", "stnSerialNumber": "24", "boardingDisabled": "false"}, {"stationCode": "LWR", "stationName": "ALNAVAR JN", "arrivalTime": "15:23", "departureTime": "15:24", "routeNumber": "1", "haltTime": "01:00", "distance": "1127", "dayCount": "2", "stnSerialNumber": "25", "boardingDisabled": "false"}, {"stationCode": "LD", "stationName": "LONDA JN", "arrivalTime": "16:08", "departureTime": "16:10", "routeNumber": "1", "haltTime": "02:00", "distance": "1161", "dayCount": "2", "stnSerialNumber": "26", "boardingDisabled": "false"}, {"stationCode": "BGM", "stationName": "BELAGAVI", "arrivalTime": "17:15", "departureTime": "17:20", "routeNumber": "1", "haltTime": "05:00", "distance": "1212", "dayCount": "2", "stnSerialNumber": "27", "boardingDisabled": "false"}, {"stationCode": "GPB", "stationName": "GHATPRABHA", "arrivalTime": "18:23", "departureTime": "18:25", "routeNumber": "1", "haltTime": "02:00", "distance": "1270", "dayCount": "2", "stnSerialNumber": "28", "boardingDisabled": "false"}, {"stationCode": "KUD", "stationName": "KUDACHI", "arrivalTime": "19:01", "departureTime": "19:02", "routeNumber": "1", "haltTime": "01:00", "distance": "1316", "dayCount": "2", "stnSerialNumber": "29", "boardingDisabled": "false"}, {"stationCode": "MRJ", "stationName": "MIRAJ JN", "arrivalTime": "20:40", "departureTime": "20:50", "routeNumber": "1", "haltTime": "10:00", "distance": "1349", "dayCount": "2", "stnSerialNumber": "30", "boardingDisabled": "false"}, {"stationCode": "SLI", "stationName": "SANGLI", "arrivalTime": "21:02", "departureTime": "21:05", "routeNumber": "1", "haltTime": "03:00", "distance": "1356", "dayCount": "2", "stnSerialNumber": "31", "boardingDisabled": "false"}, {"stationCode": "KRD", "stationName": "KARAD", "arrivalTime": "22:02", "departureTime": "22:05", "routeNumber": "1", "haltTime": "03:00", "distance": "1424", "dayCount": "2", "stnSerialNumber": "32", "boardingDisabled": "false"}, {"stationCode": "STR", "stationName": "SATARA", "arrivalTime": "23:07", "departureTime": "23:10", "routeNumber": "1", "haltTime": "03:00", "distance": "1483", "dayCount": "2", "stnSerialNumber": "33", "boardingDisabled": "false"}, {"stationCode": "PUNE", "stationName": "PUNE JN", "arrivalTime": "02:05", "departureTime": "02:10", "routeNumber": "1", "haltTime": "05:00", "distance": "1628", "dayCount": "3", "stnSerialNumber": "34", "boardingDisabled": "false"}, {"stationCode": "KYN", "stationName": "KALYAN JN", "arrivalTime": "04:37", "departureTime": "04:40", "routeNumber": "1", "haltTime": "03:00", "distance": "1766", "dayCount": "3", "stnSerialNumber": "35", "boardingDisabled": "false"}, {"stationCode": "DR", "stationName": "DADAR", "arrivalTime": "05:35", "departureTime": "--", "routeNumber": "1", "haltTime": "--", "distance": "1811", "dayCount": "3", "stnSerialNumber": "36", "boardingDisabled": "false"}]}